Ordering,Experiment Name,Day of Experiment,TIFF Name,Link to Image,KP score,LW score,KC score,XP score,# of Graders Scored,4/4 Graders Agree?,3/4 graders agree,2/4 graders agree,50/50 Split,T/F if na of 50/50 Split,Final Score,Mode
1,Alt Prime Rd. 1,1,20220505mouse1_OD_R_2_0_0000002_Structure_0001D1,https://drive.google.com/file/d/16tNrWXMBbGIJLVTsPcJhp7jgVACRNegl/view?usp=sharing,2,2,2,2,4,TRUE,TRUE,TRUE,FALSE,FALSE,2,2
2,Alt Prime Rd. 1,1,20220505mouse1_OD_R_2_0_0000002_Structure_0002D1,https://drive.google.com/file/d/1E6yqvKyP7535UL_GEGFwMB_LsfavBr5p/view?usp=sharing,2,2,2,2,4,TRUE,TRUE,TRUE,FALSE,FALSE,2,2
3,Alt Prime Rd. 1,1,20220505mouse1_OD_R_2_0_0000002_Structure_0003D1,https://drive.google.com/file/d/1O76_BFFW5AhLFKfsdh3fRPvqEhQv1Vrg/view?usp=sharing,2,2,2,2,4,TRUE,TRUE,TRUE,FALSE,FALSE,2,2
4,Alt Prime Rd. 1,1,20220505mouse1_OD_R_2_0_0000002_Structure_0004D1,https://drive.google.com/file/d/17InvZsVYM3wxw1CQ68Jj7U-6UGwp2CEY/view?usp=sharing,2,2,2,2,4,TRUE,TRUE,TRUE,FALSE,FALSE,2,2
5,Alt Prime Rd. 1,1,20220505mouse1_OD_R_4_0_0000009_Structure_0001D1,https://drive.google.com/file/d/1oQHTMcFO_RZ4HjMNfRzamPrpeFFis1oU/view?usp=sharing,1,0.5,1,0.5,4,FALSE,FALSE,TRUE,TRUE,FALSE,1,1
6,Alt Prime Rd. 1,1,20220505mouse1_OD_R_4_0_0000009_Structure_0002D1,https://drive.google.com/file/d/1mtU3TLB5IODf-xBWLZ_mPu35HQvsjrlb/view?usp=drive_link,1,1,1,,3,FALSE,TRUE,TRUE,FALSE,FALSE,1,1
7,Alt Prime Rd. 1,1,20220505mouse1_OD_R_4_0_0000009_Structure_0003D1,https://drive.google.com/file/d/1w_pQSRD31zRuvz49ekXdmLEfLlikcpf5/view?usp=sharing,2,2,1,2,4,FALSE,TRUE,TRUE,FALSE,FALSE,2,2
8,Alt Prime Rd. 1,1,20220505mouse1_OD_R_4_0_0000009_Structure_0004D1,https://drive.google.com/file/d/1MDZSz-goWbY9afJAjOb3JEZkQHdHt6qy/view?usp=drive_link,2,2,0.5,,3,FALSE,FALSE,TRUE,FALSE,FALSE,2,2
9,Alt Prime Rd. 1,1,20220505mouse2_OD_R_2_0_0000009_Structure_0001,https://drive.google.com/file/d/1_6p84kHnBbg8dqBRDHkadbBYQlexQBqf/view?usp=sharing,2,2,3,2,4,FALSE,TRUE,TRUE,FALSE,FALSE,2,2
10,Alt Prime Rd. 1,1,20220505mouse2_OD_R_2_0_0000009_Structure_0002,https://drive.google.com/file/d/1r0qbYe1s1sX2BP6kMRo3wQGGt8SldcpJ/view?usp=drive_link,1,,2,2,3,FALSE,FALSE,TRUE,FALSE,FALSE,2,2
11,Alt Prime Rd. 1,1,20220505mouse2_OD_R_2_0_0000009_Structure_0003,https://drive.google.com/file/d/1OWwwytHPsVPefD4v4iH9zfFsDETkq9gI/view?usp=sharing,1,2,2,2,4,FALSE,TRUE,TRUE,FALSE,FALSE,2,2
12,Alt Prime Rd. 1,1,20220505mouse2_OD_R_2_0_0000009_Structure_0004,https://drive.google.com/file/d/1VS4YBP8KdMlY0qj8HFn4Xna0xnQI0R3y/view?usp=drive_link,1,,2,2,3,FALSE,FALSE,TRUE,FALSE,FALSE,2,2
13,Alt Prime Rd. 1,1,20220505mouse2_OD_R_4_0_0000002_Structure_0001,https://drive.google.com/file/d/1yZKIFNu1jW6bE0G39dtjcNpMuRffYG1A/view?usp=sharing,0.5,0,0.5,0.5,4,FALSE,TRUE,TRUE,FALSE,FALSE,0.5,0.5
14,Alt Prime Rd. 1,1,20220505mouse2_OD_R_4_0_0000002_Structure_0002,https://drive.google.com/file/d/1xpltJOeFc5d-wI86cZFAHn4_XqTl2tdK/view?usp=drive_link,1,1,1,,3,FALSE,TRUE,TRUE,FALSE,FALSE,1,1
15,Alt Prime Rd. 1,1,20220505mouse2_OD_R_4_0_0000002_Structure_0003,https://drive.google.com/file/d/1zdeadoelUN17JRsqFP3WcgzPbPA-AOnJ/view?usp=sharing,1,1,1,1,4,TRUE,TRUE,TRUE,FALSE,FALSE,1,1
16,Alt Prime Rd. 1,1,20220505mouse2_OD_R_4_0_0000002_Structure_0004,https://drive.google.com/file/d/1SKyPcx3GJzBANF7XPkkzidkibfsCks1W/view?usp=drive_link,1,,1,2,3,FALSE,FALSE,TRUE,FALSE,FALSE,1,1
17,Alt Prime Rd. 1,1,20220505mouse3_OD_R_2_0_0000002_Structure_0001,https://drive.google.com/file/d/1xTQrAM-b-r4NccJ0sNKKjPfbl3oSPM-N/view?usp=sharing,2,2,1,2,4,FALSE,TRUE,TRUE,FALSE,FALSE,2,2
18,Alt Prime Rd. 1,1,20220505mouse3_OD_R_2_0_0000002_Structure_0002,https://drive.google.com/file/d/1PiFtlbmr6yUVjL6qOP18Kmi6ce-Z_z4Y/view?usp=drive_link,4,,3,3,3,FALSE,FALSE,TRUE,FALSE,FALSE,3,3
19,Alt Prime Rd. 1,1,20220505mouse3_OD_R_2_0_0000002_Structure_0003,https://drive.google.com/file/d/1iXrzQfODwMyqlmgL_I7lga8mbWs9L_d0/view?usp=sharing,2,2,1,2,4,FALSE,TRUE,TRUE,FALSE,FALSE,2,2
20,Alt Prime Rd. 1,1,20220505mouse3_OD_R_2_0_0000002_Structure_0004,https://drive.google.com/file/d/1-SUEa-DZB3j8dbqdMaKucMKllGFa1EJD/view?usp=drive_link,3,,2,3,3,FALSE,FALSE,TRUE,FALSE,FALSE,3,3
21,Alt Prime Rd. 1,1,20220505mouse3_OD_R_4_0_0000009_Structure_0001,https://drive.google.com/file/d/17qjPgEcJ5e3gy5gPhmQej30X-msf63_a/view?usp=sharing,2,2,2,2,4,TRUE,TRUE,TRUE,FALSE,FALSE,2,2
22,Alt Prime Rd. 1,1,20220505mouse3_OD_R_4_0_0000009_Structure_0002,https://drive.google.com/file/d/16r-t7RfkxHRA8VcOgl6n525cAgbUh5x9/view?usp=drive_link,2,,2,1,3,FALSE,FALSE,TRUE,FALSE,FALSE,2,2
23,Alt Prime Rd. 1,1,20220505mouse3_OD_R_4_0_0000009_Structure_0003,https://drive.google.com/file/d/1raAMPnEV5Y5010X9vXV1zrJsjTsJ3gqZ/view?usp=sharing,2,2,2,2,4,TRUE,TRUE,TRUE,FALSE,FALSE,2,2
24,Alt Prime Rd. 1,1,20220505mouse3_OD_R_4_0_0000009_Structure_0004,https://drive.google.com/file/d/1gGaGeMaALafEadsBB7ASw3nJMeqYyuZg/view?usp=drive_link,2,2,0.5,,3,FALSE,FALSE,TRUE,FALSE,FALSE,2,2
25,Alt Prime Rd. 1,1,20220505mouse4_OD_R_2_0_0000009_Structure_0001,https://drive.google.com/file/d/1P56qzOyJXvtnb-RIhmIHnmCYf8yZdgyQ/view?usp=sharing,0.5,0.5,0.5,0.5,4,TRUE,TRUE,TRUE,FALSE,FALSE,0.5,0.5
26,Alt Prime Rd. 1,1,20220505mouse4_OD_R_2_0_0000009_Structure_0002,https://drive.google.com/file/d/1MJBCK8iS0Iyqsfg7oiI3yAEkwlGHARur/view?usp=drive_link,0.5,,0.5,1,3,FALSE,FALSE,TRUE,FALSE,FALSE,0.5,0.5
27,Alt Prime Rd. 1,1,20220505mouse4_OD_R_2_0_0000009_Structure_0003,https://drive.google.com/file/d/1cONLD-kqJLlZw_tp_yMt6hcis2lPilO3/view?usp=sharing,0.5,1,0.5,0.5,4,FALSE,TRUE,TRUE,FALSE,FALSE,0.5,0.5
28,Alt Prime Rd. 1,1,20220505mouse4_OD_R_2_0_0000009_Structure_0004,https://drive.google.com/file/d/1Dm2MybyuwzVyzW3gtJhbtwvsdPdwyEO8/view?usp=drive_link,0.5,0.5,0.5,,3,FALSE,TRUE,TRUE,FALSE,FALSE,0.5,0.5
29,Alt Prime Rd. 1,1,20220505mouse4_OD_R_4_0_0000002_Structure_0001,https://drive.google.com/file/d/1NBa14fqiKm74YTxYugCidmiQblCmQSrn/view?usp=sharing,1,1,2,1,4,FALSE,TRUE,TRUE,FALSE,FALSE,1,1
30,Alt Prime Rd. 1,1,20220505mouse4_OD_R_4_0_0000002_Structure_0002,https://drive.google.com/file/d/1gs5T1vAiQ2wlBQaCRI0Bi-RUmZXTNKrf/view?usp=sharing,2,,2,1,3,FALSE,FALSE,TRUE,FALSE,FALSE,2,2
31,Alt Prime Rd. 1,1,20220505mouse4_OD_R_4_0_0000002_Structure_0003,https://drive.google.com/file/d/1QZvxNDBSGquzVytQVLYHsWCX_yg3CBmH/view?usp=sharing,2,2,3,2,4,FALSE,TRUE,TRUE,FALSE,FALSE,2,2
32,Alt Prime Rd. 1,1,20220505mouse4_OD_R_4_0_0000002_Structure_0004,https://drive.google.com/file/d/1PwXC271yZP_Gr5QLJgGjX7U8kFrvStMF/view?usp=sharing,2,2,2,,3,FALSE,TRUE,TRUE,FALSE,FALSE,2,2
33,Alt Prime Rd. 1,1,20220505mouse5_OD_R_2_0_0000002_Structure_0001,https://drive.google.com/file/d/1faM5TBGGOymHJ2krVkMwj0-4hcMG7xPZ/view?usp=sharing,1,1,0.5,1,4,FALSE,TRUE,TRUE,FALSE,FALSE,1,1
34,Alt Prime Rd. 1,1,20220505mouse5_OD_R_2_0_0000002_Structure_0002,https://drive.google.com/file/d/11tWjKdLMWE0uB9_Z7lZA2jjgzhhBg9lt/view?usp=sharing,100,0.5,0.5,,3,FALSE,FALSE,TRUE,FALSE,FALSE,0.5,0.5
35,Alt Prime Rd. 1,1,20220505mouse5_OD_R_2_0_0000002_Structure_0003,https://drive.google.com/file/d/1tzli1BePGMAtDZKUrRc1wDNjrvVJ9-IY/view?usp=sharing,1,0.5,0.5,1,4,FALSE,FALSE,TRUE,TRUE,FALSE,1,1
36,Alt Prime Rd. 1,1,20220505mouse5_OD_R_2_0_0000002_Structure_0004,https://drive.google.com/file/d/1DhHk_GEzzhbb1PeEd4YklDXjE8LBMAg3/view?usp=sharing,100,,100,2,3,FALSE,FALSE,TRUE,FALSE,FALSE,100,100
37,Alt Prime Rd. 1,1,20220505mouse5_OD_R_4_0_0000009_Structure_0001,https://drive.google.com/file/d/1IqHg4-K-HFw_eHqbhcv_r7pqJAq18KpF/view?usp=sharing,2,3,3,3,4,FALSE,TRUE,TRUE,FALSE,FALSE,3,3
38,Alt Prime Rd. 1,1,20220505mouse5_OD_R_4_0_0000009_Structure_0002,https://drive.google.com/file/d/1wnEKnkopKHmO3uSZZ7osMFa1D3tyo5ae/view?usp=sharing,3,4,4,,3,FALSE,FALSE,TRUE,FALSE,FALSE,4,4
39,Alt Prime Rd. 1,1,20220505mouse5_OD_R_4_0_0000009_Structure_0003,https://drive.google.com/file/d/1tO8qH6QbOsOvCGZmyDQ6LaTJ6weEH-nE/view?usp=sharing,3,4,3,4,4,FALSE,FALSE,TRUE,TRUE,FALSE,3,3
40,Alt Prime Rd. 1,1,20220505mouse5_OD_R_4_0_0000009_Structure_0004,https://drive.google.com/file/d/1CC_vDjSWcBhrO97QqeNG8qAlFAeWPhe4/view?usp=sharing,4,,4,4,3,FALSE,TRUE,TRUE,FALSE,FALSE,4,4
41,Alt Prime Rd. 1,1,20220505mouse6_OD_R_2_0_0000009_Structure_0001,https://drive.google.com/file/d/1c5AP6Dj40BOKje3Kyn5tyVkDjlu6MEt0/view?usp=sharing,1,0.5,0.5,1,4,FALSE,FALSE,TRUE,TRUE,FALSE,1,1
42,Alt Prime Rd. 1,1,20220505mouse6_OD_R_2_0_0000009_Structure_0002,https://drive.google.com/file/d/1ojZtYukiXRknT1TR15FJAYLpzi4i7A6Z/view?usp=sharing,100,0.5,0.5,,3,FALSE,FALSE,TRUE,FALSE,FALSE,0.5,0.5
43,Alt Prime Rd. 1,1,20220505mouse6_OD_R_2_0_0000009_Structure_0003,https://drive.google.com/file/d/1B_KPsTdFnELXhHFqZ61CRaZQFHZCMbO8/view?usp=sharing,1,0.5,0.5,0.5,4,FALSE,TRUE,TRUE,FALSE,FALSE,0.5,0.5
44,Alt Prime Rd. 1,1,20220505mouse6_OD_R_2_0_0000009_Structure_0004,https://drive.google.com/file/d/1aVYHwZHPwPD7l2Gfkbx3zFtvVvg157k3/view?usp=sharing,100,,0.5,100,3,FALSE,FALSE,TRUE,FALSE,FALSE,100,100
45,Alt Prime Rd. 1,1,20220505mouse6_OD_R_4_0_0000002_Structure_0001,https://drive.google.com/file/d/17QMn2-njV4DLuX7DCEFW091dXRh5ZbAD/view?usp=sharing,2,2,2,2,4,TRUE,TRUE,TRUE,FALSE,FALSE,2,2
46,Alt Prime Rd. 1,1,20220505mouse6_OD_R_4_0_0000002_Structure_0002,https://drive.google.com/file/d/1fDzYLn7DK6n0FjZEcwFY4SdgbOVaqr3w/view?usp=sharing,3,,4,3,3,FALSE,FALSE,TRUE,FALSE,FALSE,3,3
47,Alt Prime Rd. 1,1,20220505mouse6_OD_R_4_0_0000002_Structure_0003,https://drive.google.com/file/d/13SFBNVMirzG1EzJv0lmwsBBShdHg0vy4/view?usp=sharing,2,2,2,2,4,TRUE,TRUE,TRUE,FALSE,FALSE,2,2
48,Alt Prime Rd. 1,1,20220505mouse6_OD_R_4_0_0000002_Structure_0004,https://drive.google.com/file/d/19Lbmp96cXZdmlp9Hvdq8nJTXMDjONLTk/view?usp=sharing,3,,3,3,3,FALSE,TRUE,TRUE,FALSE,FALSE,3,3
49,Alt Prime Rd. 1,1,20220505mouse7_OD_R_2_0_0000002_Structure_0001,https://drive.google.com/file/d/18prLJc7yp2syUQWDPDTMuns99kpOKphT/view?usp=sharing,1,0.5,1,1,4,FALSE,TRUE,TRUE,FALSE,FALSE,1,1
50,Alt Prime Rd. 1,1,20220505mouse7_OD_R_2_0_0000002_Structure_0002,https://drive.google.com/file/d/1LixBJvhuH38Hq_saCAgNrA9rm2I2UCjB/view?usp=sharing,1,1,1,,3,FALSE,TRUE,TRUE,FALSE,FALSE,1,1
51,Alt Prime Rd. 1,1,20220505mouse7_OD_R_2_0_0000002_Structure_0003,https://drive.google.com/file/d/12W8xssg55wfFpIePTMNekjoRYX-BDEbE/view?usp=sharing,1,1,1,1,4,TRUE,TRUE,TRUE,FALSE,FALSE,1,1
52,Alt Prime Rd. 1,1,20220505mouse7_OD_R_2_0_0000002_Structure_0004,https://drive.google.com/file/d/1CywdHZcJXuzxY1u-hOd1mCQpxn6WmbBY/view?usp=sharing,0.5,0.5,0.5,,3,FALSE,TRUE,TRUE,FALSE,FALSE,0.5,0.5
53,Alt Prime Rd. 1,1,20220505mouse7_OD_R_4_0_0000009_Structure_0001,https://drive.google.com/file/d/13OCWsSixMBz2qOkvTQRFvyCPgKdwKJF6/view?usp=sharing,0.5,0.5,0.5,0.5,4,TRUE,TRUE,TRUE,FALSE,FALSE,0.5,0.5
54,Alt Prime Rd. 1,1,20220505mouse7_OD_R_4_0_0000009_Structure_0002,https://drive.google.com/file/d/1G8GZqivAglHHUV_HkyOGQCZNwWoWjzDL/view?usp=sharing,2,,0.5,2,3,FALSE,FALSE,TRUE,FALSE,FALSE,2,2
55,Alt Prime Rd. 1,1,20220505mouse7_OD_R_4_0_0000009_Structure_0003,https://drive.google.com/file/d/19ufKLojAR-458KGvXpusOKCZJcNRNTvQ/view?usp=sharing,0,0.5,0.5,0.5,4,FALSE,TRUE,TRUE,FALSE,FALSE,0.5,0.5
56,Alt Prime Rd. 1,1,20220505mouse7_OD_R_4_0_0000009_Structure_0004,https://drive.google.com/file/d/15y-jTR-7wKlTcPe9buUx2M5xmU59EY0-/view?usp=sharing,0.5,0.5,0,,3,FALSE,FALSE,TRUE,FALSE,FALSE,0.5,0.5
57,Alt Prime Rd. 1,1,20220505mouse8_OD_R_2_0_0000009_Structure_0001,https://drive.google.com/file/d/1QeFIHug6GTx-tFX4K3s_lp9IgSjymROS/view?usp=sharing,4,4,3,4,4,FALSE,TRUE,TRUE,FALSE,FALSE,4,4
58,Alt Prime Rd. 1,1,20220505mouse8_OD_R_2_0_0000009_Structure_0002,https://drive.google.com/file/d/1cPvC6k3h7YUo7t4nLFi0jPxFKwGKDS6h/view?usp=sharing,4,4,4,,3,FALSE,TRUE,TRUE,FALSE,FALSE,4,4
59,Alt Prime Rd. 1,1,20220505mouse8_OD_R_2_0_0000009_Structure_0003,https://drive.google.com/file/d/1wZVLEn6e9KyGEmGEHSLoK_4jueTKjrU1/view?usp=sharing,4,4,4,4,4,TRUE,TRUE,TRUE,FALSE,FALSE,4,4
60,Alt Prime Rd. 1,1,20220505mouse8_OD_R_2_0_0000009_Structure_0004,https://drive.google.com/file/d/1vy7qr6zW0zmzk4-W9o76UiKpf7N7QEw3/view?usp=sharing,4,4,4,,3,FALSE,TRUE,TRUE,FALSE,FALSE,4,4
61,Alt Prime Rd. 1,1,20220505mouse8_OD_R_4_0_0000002_Structure_0001,https://drive.google.com/file/d/10EC5wFUhnN0QMAwdaXi5NnF9st7fVQMk/view?usp=sharing,1,1,1,1,4,TRUE,TRUE,TRUE,FALSE,FALSE,1,1
62,Alt Prime Rd. 1,1,20220505mouse8_OD_R_4_0_0000002_Structure_0002,https://drive.google.com/file/d/1NFOFkt9wZ9XteOc0oyJRUIPVaKrsXyKG/view?usp=sharing,1,1,1,,3,FALSE,TRUE,TRUE,FALSE,FALSE,1,1
63,Alt Prime Rd. 1,1,20220505mouse8_OD_R_4_0_0000002_Structure_0003,https://drive.google.com/file/d/1yr7CUBnf0lwWJXTpBAR4FvYaIjTEelVi/view?usp=sharing,0.5,1,1,1,4,FALSE,TRUE,TRUE,FALSE,FALSE,1,1
64,Alt Prime Rd. 1,1,20220505mouse8_OD_R_4_0_0000002_Structure_0004,https://drive.google.com/file/d/1r2KfLtK437XF8-iMvduuqevasjz6qQCd/view?usp=sharing,1,,1,1,3,FALSE,TRUE,TRUE,FALSE,FALSE,1,1
65,Alt Prime Rd. 1,1,20220505mouse10_OD_R_2_0_0000002_Structure_0001,https://drive.google.com/file/d/10kThsFPQSdsCz3Y3mAlEFWcY5FsaU4Sc/view?usp=sharing,3,3,3,3,4,TRUE,TRUE,TRUE,FALSE,FALSE,3,3
66,Alt Prime Rd. 1,1,20220505mouse10_OD_R_2_0_0000002_Structure_0002,https://drive.google.com/file/d/1FMuipabtx-_VfoosDh2iqMb2I8toC4tB/view?usp=sharing,3,,3,3,3,FALSE,TRUE,TRUE,FALSE,FALSE,3,3
67,Alt Prime Rd. 1,1,20220505mouse10_OD_R_2_0_0000002_Structure_0003,https://drive.google.com/file/d/1bN02RIOeRUexcdLr-GSHev1mk6yVJeBx/view?usp=sharing,3,3,1,3,4,FALSE,TRUE,TRUE,FALSE,FALSE,3,3
68,Alt Prime Rd. 1,1,20220505mouse10_OD_R_2_0_0000002_Structure_0004,https://drive.google.com/file/d/1hww0lZ3G9h-XmDjPrGFKbXhHEE3tg4zP/view?usp=sharing,2,,3,2,3,FALSE,FALSE,TRUE,FALSE,FALSE,2,2
69,Alt Prime Rd. 1,1,20220505mouse10_OD_R_4_0_0000009_Structure_0001,https://drive.google.com/file/d/1mrFKWarBdMcLhVBr33ATlm3mi3kxkWZG/view?usp=sharing,0,0,0.5,0,4,FALSE,TRUE,TRUE,FALSE,FALSE,0,0
70,Alt Prime Rd. 1,1,20220505mouse10_OD_R_4_0_0000009_Structure_0002,https://drive.google.com/file/d/1FFLbdu5ujuPVI7npzV2ntdznteTR5dxy/view?usp=sharing,0,0,0,,3,FALSE,TRUE,TRUE,FALSE,FALSE,0,0
71,Alt Prime Rd. 1,1,20220505mouse10_OD_R_4_0_0000009_Structure_0003,https://drive.google.com/file/d/1Sc-wJfsz_eTUAtgr-K-iRmKu8pVtlfmM/view?usp=sharing,0,0,0,0,4,TRUE,TRUE,TRUE,FALSE,FALSE,0,0
72,Alt Prime Rd. 1,1,20220505mouse10_OD_R_4_0_0000009_Structure_0004,https://drive.google.com/file/d/11Vgf1BW4zMHtpyGvVVc_ju2ffHnWo4BM/view?usp=sharing,0,0,0,,3,FALSE,TRUE,TRUE,FALSE,FALSE,0,0
73,Alt Prime Rd. 1,2,20220505mouse1_OD_R_2_0_0000002_Structure_0001,https://drive.google.com/file/d/10IvJRRKi3ynlcOBI5Lve3VzTsVaXpCqi/view?usp=sharing,2,2,1,2,4,FALSE,TRUE,TRUE,FALSE,FALSE,2,2
74,Alt Prime Rd. 1,2,20220505mouse1_OD_R_2_0_0000002_Structure_0004,https://drive.google.com/file/d/1JQFzcoxG5u9B-cr9oXmw1SiOHu7RyI0P/view?usp=sharing,3,3,4,3,4,FALSE,TRUE,TRUE,FALSE,FALSE,3,3
75,Alt Prime Rd. 1,2,20220505mouse1_OD_R_4_0_0000012_Structure_0001,https://drive.google.com/file/d/1mh5xFSu1h5Hv2RgIPd0EZUjP6U0giEd7/view?usp=sharing,0.5,0.5,0,,3,FALSE,FALSE,TRUE,FALSE,FALSE,0.5,0.5
76,Alt Prime Rd. 1,2,20220505mouse1_OD_R_4_0_0000012_Structure_0004,https://drive.google.com/file/d/1GA8hp9H-5nhGuRAC8AQ2YA1kqeYjHCF2/view?usp=sharing,2,1,2,2,4,FALSE,TRUE,TRUE,FALSE,FALSE,2,2
77,Alt Prime Rd. 1,2,20220505mouse2_OD_R_2_0_0000026_Structure_0001,https://drive.google.com/file/d/1Ie6Sr2WLiPfXLLYckzZRPWL9twi1XSwG/view?usp=sharing,1,2,1,2,4,FALSE,FALSE,TRUE,TRUE,FALSE,1,1
78,Alt Prime Rd. 1,2,20220505mouse2_OD_R_2_0_0000026_Structure_0004,https://drive.google.com/file/d/1Mntywa3hqmik8miCPGM6WVZIOgAo8aqk/view?usp=sharing,2,2,2,,3,FALSE,TRUE,TRUE,FALSE,FALSE,2,2
79,Alt Prime Rd. 1,2,20220505mouse2_OD_R_4_0_0000016_Structure_0001,https://drive.google.com/file/d/1NB9nq8WDlFlzXPKKT_4RZ4amlDgn05W2/view?usp=sharing,0,0.5,0,,3,FALSE,TRUE,TRUE,FALSE,FALSE,0,0
80,Alt Prime Rd. 1,2,20220505mouse2_OD_R_4_0_0000016_Structure_0004,https://drive.google.com/file/d/1XwyLlFnBKHBZaIqf0yVCOJhPiGZaIwQp/view?usp=sharing,0.5,0.5,0.5,,3,FALSE,TRUE,TRUE,FALSE,FALSE,0.5,0.5
81,Alt Prime Rd. 1,2,20220505mouse3_OD_R_2_0_0000026_Structure_0001,https://drive.google.com/file/d/1bOjPUuNgELHgmjRZBQdv8yoLi_d8cGPd/view?usp=sharing,100,100,100,100,4,TRUE,TRUE,TRUE,FALSE,FALSE,100,100
82,Alt Prime Rd. 1,2,20220505mouse3_OD_R_2_0_0000026_Structure_0004,https://drive.google.com/file/d/1aQ7R7iuSaeZmAAiNL_hcsp6xQgokdF-J/view?usp=sharing,100,100,100,,3,FALSE,TRUE,TRUE,FALSE,FALSE,100,100
83,Alt Prime Rd. 1,2,20220505mouse3_OD_R_4_0_0000016_Structure_0001,https://drive.google.com/file/d/1XBWiU_NRhmPloqXKBHwWE-DxjTVIIXW9/view?usp=sharing,2,2,0.5,,3,FALSE,FALSE,TRUE,FALSE,FALSE,2,2
84,Alt Prime Rd. 1,2,20220505mouse3_OD_R_4_0_0000016_Structure_0004,https://drive.google.com/file/d/1n-M1nFcIc7yQyVV29aSQ0zASsluVXIBn/view?usp=sharing,2,2,2,,3,FALSE,TRUE,TRUE,FALSE,FALSE,2,2
85,Alt Prime Rd. 1,2,20220505mouse4_OD_R_2_0_0000016_Structure_0001,https://drive.google.com/file/d/1uMzj51JoNDwmOmm69tDXcWXV2mAHVnWr/view?usp=sharing,0.5,0.5,100,,3,FALSE,FALSE,TRUE,FALSE,FALSE,0.5,0.5
86,Alt Prime Rd. 1,2,20220505mouse4_OD_R_2_0_0000016_Structure_0004,https://drive.google.com/file/d/1erb9BcxBV_Au-9qnYk7g4xcwVqlf7Fy6/view?usp=sharing,100,1,1,100,4,FALSE,FALSE,TRUE,TRUE,TRUE,100,100
87,Alt Prime Rd. 1,2,20220505mouse4_OD_R_4_0_0000026_Structure_0001,https://drive.google.com/file/d/1KqpfKSWm2FE5mDVRAkAn-qXBtY5yGC9j/view?usp=sharing,100,0.5,100,0.5,4,FALSE,FALSE,TRUE,TRUE,TRUE,100,100
88,Alt Prime Rd. 1,2,20220505mouse4_OD_R_4_0_0000026_Structure_0004,https://drive.google.com/file/d/1WeHax89bxh3x6Q30h5f7N7hbOPMvVnDd/view?usp=sharing,2,2,2,,3,FALSE,TRUE,TRUE,FALSE,FALSE,2,2
89,Alt Prime Rd. 1,2,20220505mouse5_OD_R_2_0_0000026_Structure_0001,https://drive.google.com/file/d/1yDNchWcVg48eFmasVDu5x0sdGCTxjlom/view?usp=sharing,100,100,100,,3,FALSE,TRUE,TRUE,FALSE,FALSE,100,100
90,Alt Prime Rd. 1,2,20220505mouse5_OD_R_2_0_0000026_Structure_0004,https://drive.google.com/file/d/1gWY2YLgMLWa1sy2L1ElKigkBpjQ37gmh/view?usp=sharing,100,100,100,,3,FALSE,TRUE,TRUE,FALSE,FALSE,100,100
91,Alt Prime Rd. 1,2,20220505mouse5_OD_R_4_0_0000016_Structure_0001,https://drive.google.com/file/d/1Of4iw2GXQJLfRXhs4A_1MVEIm7jrclCZ/view?usp=sharing,100,100,100,,3,FALSE,TRUE,TRUE,FALSE,FALSE,100,100
92,Alt Prime Rd. 1,2,20220505mouse5_OD_R_4_0_0000016_Structure_0004,https://drive.google.com/file/d/1lP85Wpu7gnsNajtL7gI6Wp-miP3mfio5/view?usp=sharing,100,100,100,,3,FALSE,TRUE,TRUE,FALSE,FALSE,100,100
93,Alt Prime Rd. 1,2,20220505mouse6_OD_R_2_0_0000016_Structure_0001,https://drive.google.com/file/d/1W_qqCrd6Z6iKKqEusVg7qf-9oT6YTQhm/view?usp=sharing,100,100,100,,3,FALSE,TRUE,TRUE,FALSE,FALSE,100,100
94,Alt Prime Rd. 1,2,20220505mouse6_OD_R_2_0_0000016_Structure_0004,https://drive.google.com/file/d/1Bxt0avF18ZRT0R1zy0DR-yy4xJvO3-ZF/view?usp=sharing,100,100,100,100,4,TRUE,TRUE,TRUE,FALSE,FALSE,100,100
95,Alt Prime Rd. 1,2,20220505mouse6_OD_R_4_0_0000026_Structure_0001,https://drive.google.com/file/d/1b50lxtUHLlEtuXkE1JoY9G3AHGPWrXHn/view?usp=sharing,4,4,4,,3,FALSE,TRUE,TRUE,FALSE,FALSE,4,4
96,Alt Prime Rd. 1,2,20220505mouse6_OD_R_4_0_0000026_Structure_0004,https://drive.google.com/file/d/1D88G8-qfIGVvqSoIeGmw1g6hNfX7Alzw/view?usp=sharing,4,3,3,,3,FALSE,FALSE,TRUE,FALSE,FALSE,3,3
97,Alt Prime Rd. 1,2,20220505mouse7_OD_R_2_0_0000026_Structure_0001,https://drive.google.com/file/d/1Yu2_rJcFQ0T0IFWzhISwzUL9iCujWCvB/view?usp=sharing,0.5,0.5,0.5,,3,FALSE,TRUE,TRUE,FALSE,FALSE,0.5,0.5
98,Alt Prime Rd. 1,2,20220505mouse7_OD_R_2_0_0000026_Structure_0004,https://drive.google.com/file/d/1DTSpV9IBg9f1a5Rapy5GlF3fgfZs1nPX/view?usp=sharing,0.5,0.5,0.5,0.5,4,TRUE,TRUE,TRUE,FALSE,FALSE,0.5,0.5
99,Alt Prime Rd. 1,2,20220505mouse7_OD_R_4_0_0000016_Structure_0001,https://drive.google.com/file/d/1InliM0CMYNzOydwZCfyv4yvAFOjSEf6m/view?usp=sharing,2,0.5,0.5,2,4,FALSE,FALSE,TRUE,TRUE,FALSE,2,2
100,Alt Prime Rd. 1,2,20220505mouse7_OD_R_4_0_0000016_Structure_0004,https://drive.google.com/file/d/1HpOY-909xfXrLGYa5GINCvk_OyQ6gRmc/view?usp=sharing,2,0.5,2,2,4,FALSE,TRUE,TRUE,FALSE,FALSE,2,2
101,Alt Prime Rd. 1,2,20220505mouse8_OD_R_2_0_0000039_Structure_0001,https://drive.google.com/file/d/10mddwjSqUKEZB9fgRIfCArqafFWdY4kL/view?usp=sharing,2,2,1,2,4,FALSE,TRUE,TRUE,FALSE,FALSE,2,2
102,Alt Prime Rd. 1,2,20220505mouse8_OD_R_2_0_0000039_Structure_0004,https://drive.google.com/file/d/1mrFFFyJLUupGIGqU3NGQjbmBAD6e35zc/view?usp=sharing,4,3,4,,3,FALSE,FALSE,TRUE,FALSE,FALSE,4,4
103,Alt Prime Rd. 1,2,20220505mouse8_OD_R_4_0_0000029_Structure_0001,https://drive.google.com/file/d/13YsxEbMoL5v2Tg7-Sy4IlKqKEaWLYxIp/view?usp=sharing,2,2,2,2,4,TRUE,TRUE,TRUE,FALSE,FALSE,2,2
104,Alt Prime Rd. 1,2,20220505mouse8_OD_R_4_0_0000029_Structure_0004,https://drive.google.com/file/d/1U_Kfc5pjXnykhkYoAzRDatBESjWvI416/view?usp=sharing,3,3,2,3,4,FALSE,TRUE,TRUE,FALSE,FALSE,3,3
105,Alt Prime Rd. 1,2,20220505mouse10_OD_R_2_0_0000026_Structure_0001,https://drive.google.com/file/d/1CbUNtFO7VVzKyCsKah4NlRJDZF92FiID/view?usp=sharing,1,2,3,2,4,FALSE,FALSE,TRUE,FALSE,FALSE,2,2
106,Alt Prime Rd. 1,2,20220505mouse10_OD_R_2_0_0000026_Structure_0004,https://drive.google.com/file/d/1pWQcIpl3ID7hwUY1QKvYUg57Psq51YAz/view?usp=sharing,3,3,3,3,4,TRUE,TRUE,TRUE,FALSE,FALSE,3,3
107,Alt Prime Rd. 1,2,20220505mouse10_OD_R_4_0_0000016_Structure_0001,https://drive.google.com/file/d/1MsmfwByPR3F3fQRGG_-t5OLnOiSofWfP/view?usp=sharing,0.5,0.5,0.5,,3,FALSE,TRUE,TRUE,FALSE,FALSE,0.5,0.5
108,Alt Prime Rd. 1,2,20220505mouse10_OD_R_4_0_0000016_Structure_0004,https://drive.google.com/file/d/1TxReeu4fITJFnTwgtu0ayeB-TM8DBnGE/view?usp=sharing,0.5,0.5,0,,3,FALSE,FALSE,TRUE,FALSE,FALSE,0.5,0.5
109,Alt Prime Rd. 1,7,20220505mouse1_OD_R_2_0_0000028_Structure_0001,https://drive.google.com/file/d/19403ecpXbfV1ISVvvBLrvD3yj_DE9sms/view?usp=sharing,1,1,1,2,4,FALSE,TRUE,TRUE,FALSE,FALSE,1,1
110,Alt Prime Rd. 1,7,20220505mouse1_OD_R_2_0_0000028_Structure_0004,https://drive.google.com/file/d/1JGiUicO9svdC5JZiaM2WZfa56DutX2hU/view?usp=sharing,1,1,1,1,4,TRUE,TRUE,TRUE,FALSE,FALSE,1,1
111,Alt Prime Rd. 1,7,20220505mouse1_OD_R_4_0_0000041_Structure_0001,https://drive.google.com/file/d/1dlAiyzZu2EmD5oaefDv09AohQVJVrxOZ/view?usp=sharing,0,0.5,0,0.5,4,FALSE,FALSE,TRUE,TRUE,FALSE,0,0
112,Alt Prime Rd. 1,7,20220505mouse1_OD_R_4_0_0000041_Structure_0004,https://drive.google.com/file/d/1jWpsw3w8WJOgO1UWKqFAaEa6h5Wrpns2/view?usp=sharing,0.5,0,0,0.5,4,FALSE,FALSE,TRUE,TRUE,FALSE,0.5,0.5
113,Alt Prime Rd. 1,7,20220505mouse2_OD_R_2_0_0000055_Structure_0001,https://drive.google.com/file/d/1vglrUP8ipPbEKlq71jve7qcoj1kNcTwa/view?usp=sharing,0.5,0.5,0.5,0.5,4,TRUE,TRUE,TRUE,FALSE,FALSE,0.5,0.5
114,Alt Prime Rd. 1,7,20220505mouse2_OD_R_2_0_0000055_Structure_0004,https://drive.google.com/file/d/1cHAiprdMBrrwMHeNpjqA6173gZw-eu9K/view?usp=sharing,1,1,1,1,4,TRUE,TRUE,TRUE,FALSE,FALSE,1,1
115,Alt Prime Rd. 1,7,20220505mouse2_OD_R_4_0_0000042_Structure_0001,https://drive.google.com/file/d/1e7MwbEaSohAYeq0Z0vyHksLlDIhCdBGC/view?usp=sharing,0,0,0,0,4,TRUE,TRUE,TRUE,FALSE,FALSE,0,0
116,Alt Prime Rd. 1,7,20220505mouse2_OD_R_4_0_0000042_Structure_0004,https://drive.google.com/file/d/1eeiVw4YqwG-k2nrDvxYI7y9rNbkFRb8y/view?usp=sharing,0,0,0,0,4,TRUE,TRUE,TRUE,FALSE,FALSE,0,0
117,Alt Prime Rd. 1,7,20220505mouse3_OD_R_2_0_0000042_Structure_0001,https://drive.google.com/file/d/1VGkch2b-3HjevMkiS8im1Gv_EgkxATT0/view?usp=sharing,0.5,0.5,0.5,,3,FALSE,TRUE,TRUE,FALSE,FALSE,0.5,0.5
118,Alt Prime Rd. 1,7,20220505mouse3_OD_R_2_0_0000042_Structure_0004,https://drive.google.com/file/d/1EH8GnKkWsAjYrTYkWO_f8O6EoJmCyMn8/view?usp=sharing,0.5,0.5,0.5,,3,FALSE,TRUE,TRUE,FALSE,FALSE,0.5,0.5
119,Alt Prime Rd. 1,7,20220505mouse3_OD_R_4_0_0000055_Structure_0001,https://drive.google.com/file/d/1fjIJBVDvOZK0Pq52SSle0NSgHz-BeB57/view?usp=sharing,0,0,0,,3,FALSE,TRUE,TRUE,FALSE,FALSE,0,0
120,Alt Prime Rd. 1,7,20220505mouse3_OD_R_4_0_0000055_Structure_0004,https://drive.google.com/file/d/1cXPhDKT1IG47OwRgx3EMYmq2-P32p_jn/view?usp=sharing,0,0,0,,3,FALSE,TRUE,TRUE,FALSE,FALSE,0,0
121,Alt Prime Rd. 1,7,20220505mouse4_OD_R_2_0_0000055_Structure_0001,https://drive.google.com/file/d/1dTS2iKOcU_Ri1JVEHlahyaoowHKRvlGc/view?usp=sharing,100,100,100,100,4,TRUE,TRUE,TRUE,FALSE,FALSE,100,100
122,Alt Prime Rd. 1,7,20220505mouse4_OD_R_2_0_0000055_Structure_0004,https://drive.google.com/file/d/1UVxxBtkyJ_c6H13SpF-6eCyxHpjIeW5Y/view?usp=sharing,100,100,100,,3,FALSE,TRUE,TRUE,FALSE,FALSE,100,100
123,Alt Prime Rd. 1,7,20220505mouse4_OD_R_4_0_0000042_Structure_0001,https://drive.google.com/file/d/1r6FJ7M1Ypc0Bo5QtsBV8eF8WOXdFcQt9/view?usp=sharing,100,100,100,,3,FALSE,TRUE,TRUE,FALSE,FALSE,100,100
124,Alt Prime Rd. 1,7,20220505mouse4_OD_R_4_0_0000042_Structure_0004,https://drive.google.com/file/d/1h3LrhcAyS38A2ZQ2HokO92mqy0plAaWn/view?usp=sharing,100,100,100,2,4,FALSE,TRUE,TRUE,FALSE,FALSE,100,100
125,Alt Prime Rd. 1,7,20220505mouse5_OD_R_2_0_0000042_Structure_0001,https://drive.google.com/file/d/1Te1HJ2aG_LQhXsLbL_iACzFuppsVq4g1/view?usp=sharing,100,100,100,,3,FALSE,TRUE,TRUE,FALSE,FALSE,100,100
126,Alt Prime Rd. 1,7,20220505mouse5_OD_R_2_0_0000042_Structure_0004,https://drive.google.com/file/d/1W-xQ2TTBam2Uk-RUGqoMtG6gSF8dbwZ0/view?usp=sharing,100,100,100,,3,FALSE,TRUE,TRUE,FALSE,FALSE,100,100
127,Alt Prime Rd. 1,7,20220505mouse5_OD_R_4_0_0000055_Structure_0001,https://drive.google.com/file/d/1xTNRhBLfxd191frbTeGlXbVzhHnwnaJw/view?usp=sharing,100,100,100,,3,FALSE,TRUE,TRUE,FALSE,FALSE,100,100
128,Alt Prime Rd. 1,7,20220505mouse5_OD_R_4_0_0000055_Structure_0004,https://drive.google.com/file/d/19I2I5XxxO0Zeiwh9jYTIpNQtyb4IYOWl/view?usp=sharing,100,100,100,,3,FALSE,TRUE,TRUE,FALSE,FALSE,100,100
129,Alt Prime Rd. 1,7,20220505mouse6_OD_R_2_0_0000055_Structure_0001,https://drive.google.com/file/d/1N2KYFhiyVl9OUmJ-L7pRYgsMhmWAR-3o/view?usp=sharing,100,100,100,,3,FALSE,TRUE,TRUE,FALSE,FALSE,100,100
130,Alt Prime Rd. 1,7,20220505mouse6_OD_R_2_0_0000055_Structure_0004,https://drive.google.com/file/d/1vAWISySVYBLVsJO7GTEvL0tIVGuwsfZy/view?usp=sharing,100,100,100,,3,FALSE,TRUE,TRUE,FALSE,FALSE,100,100
131,Alt Prime Rd. 1,7,20220505mouse6_OD_R_4_0_0000042_Structure_0001,https://drive.google.com/file/d/1X8ONgOw4xvADzBdBTr7u9zdAVXubl5x_/view?usp=sharing,100,100,100,,3,FALSE,TRUE,TRUE,FALSE,FALSE,100,100
132,Alt Prime Rd. 1,7,20220505mouse6_OD_R_4_0_0000042_Structure_0004,https://drive.google.com/file/d/1nnXh5KHm-vncrV-ZComr9JO2j9pBpVJ-/view?usp=sharing,4,100,100,,3,FALSE,FALSE,TRUE,FALSE,FALSE,100,100
133,Alt Prime Rd. 1,7,20220505mouse7_OD_R_2_0_0000042_Structure_0001,https://drive.google.com/file/d/1XdSCdqeJEhlkBt96Jj8ZWH6COuxzZggU/view?usp=sharing,0,0,0,0.5,4,FALSE,TRUE,TRUE,FALSE,FALSE,0,0
134,Alt Prime Rd. 1,7,20220505mouse7_OD_R_2_0_0000042_Structure_0004,https://drive.google.com/file/d/1itnmCERj8YKztTMgkZGbns_CeukHQ_Hk/view?usp=sharing,0.5,0.5,0.5,1,4,FALSE,TRUE,TRUE,FALSE,FALSE,0.5,0.5
135,Alt Prime Rd. 1,7,20220505mouse7_OD_R_4_0_0000052_Structure_0001,https://drive.google.com/file/d/1pI8nwRrhdLx5pdjn6QaTplpeF80eW7cT/view?usp=sharing,0,0,0,0,4,TRUE,TRUE,TRUE,FALSE,FALSE,0,0
136,Alt Prime Rd. 1,7,20220505mouse7_OD_R_4_0_0000052_Structure_0004,https://drive.google.com/file/d/1vN1dBGi298FSi4mh_S-6r3Pd2bjOxtVQ/view?usp=sharing,0,0,0,0,4,TRUE,TRUE,TRUE,FALSE,FALSE,0,0
137,Alt Prime Rd. 1,7,20220505mouse8_OD_R_2_0_0000062_Structure_0001,https://drive.google.com/file/d/1ADJPRXoiv5OSFAuYjQcGB5JaN6cHnDcQ/view?usp=sharing,100,3,2,2,4,FALSE,FALSE,TRUE,FALSE,FALSE,2,2
138,Alt Prime Rd. 1,7,20220505mouse8_OD_R_2_0_0000062_Structure_0004,https://drive.google.com/file/d/1U41yhG3vRS9vQG3R2qMW0ggmY_xnKNGm/view?usp=sharing,2,2,2,,3,FALSE,TRUE,TRUE,FALSE,FALSE,2,2
139,Alt Prime Rd. 1,7,20220505mouse8_OD_R_4_0_0000049_Structure_0001,https://drive.google.com/file/d/1F-57x4QuglnYARTGuCbOzHHAPsW6jpZL/view?usp=sharing,0.5,0.5,0.5,0.5,4,TRUE,TRUE,TRUE,FALSE,FALSE,0.5,0.5
140,Alt Prime Rd. 1,7,20220505mouse8_OD_R_4_0_0000049_Structure_0004,https://drive.google.com/file/d/1GQfSKCLT4MAJqzqMyB2HdunHDzDOXgJX/view?usp=sharing,0.5,0.5,0.5,0.5,4,TRUE,TRUE,TRUE,FALSE,FALSE,0.5,0.5
141,Alt Prime Rd. 1,7,20220505mouse10_OD_R_2_0_0000042_Structure_0001,https://drive.google.com/file/d/1R-glucByFjp0UZ5faMhYESmEdNsgRtLN/view?usp=sharing,0.5,1,0.5,0.5,4,FALSE,TRUE,TRUE,FALSE,FALSE,0.5,0.5
142,Alt Prime Rd. 1,7,20220505mouse10_OD_R_2_0_0000042_Structure_0004,https://drive.google.com/file/d/1VA7jwCX3dK5TOE93PwQroG5atcPLej18/view?usp=sharing,1,1,0.5,0.5,4,FALSE,FALSE,TRUE,TRUE,FALSE,1,1
143,Alt Prime Rd. 1,7,20220505mouse10_OD_R_4_0_0000055_Structure_0001,https://drive.google.com/file/d/1nHcvRbNkZMx3LJxo0t_4PYoZr4CrggSY/view?usp=sharing,0,0,0,0,4,TRUE,TRUE,TRUE,FALSE,FALSE,0,0
144,Alt Prime Rd. 1,7,20220505mouse10_OD_R_4_0_0000055_Structure_0004,https://drive.google.com/file/d/1c2v4xmAM0FbqJJusDv4jI9kMiK7mtbT9/view?usp=sharing,0,0,0,0,4,TRUE,TRUE,TRUE,FALSE,FALSE,0,0
145,Alt Prime Rd. 1,14,20220505mouse1_OD_R_2_0_0000067_Structure_0001,https://drive.google.com/file/d/1B_N45KZ5_lu_pBDXxq5JcMR7JLBFfBYg/view?usp=sharing,1,2,1,1,4,FALSE,TRUE,TRUE,FALSE,FALSE,1,1
146,Alt Prime Rd. 1,14,20220505mouse1_OD_R_2_0_0000067_Structure_0004,https://drive.google.com/file/d/1lDOGUomiuyDHA9jVAF2thGKqnnMzq70w/view?usp=sharing,2,1,1,,3,FALSE,FALSE,TRUE,FALSE,FALSE,1,1
147,Alt Prime Rd. 1,14,20220505mouse1_OD_R_4_0_0000054_Structure_0001,https://drive.google.com/file/d/1UvaGpXEKoj7GUCd41DqxsZBbysioVqGQ/view?usp=sharing,0,0,0,,3,FALSE,TRUE,TRUE,FALSE,FALSE,0,0
148,Alt Prime Rd. 1,14,20220505mouse1_OD_R_4_0_0000054_Structure_0004,https://drive.google.com/file/d/1EJmVXTDki3koNdlbUEOu9ntkoPi7hhA5/view?usp=sharing,0,0,0,0.5,4,FALSE,TRUE,TRUE,FALSE,FALSE,0,0
149,Alt Prime Rd. 1,14,20220505mouse2_OD_R_2_0_0000068_Structure_0001,https://drive.google.com/file/d/1piXlTr8qgqZGTbSXGJyMgRri8cqyYWBr/view?usp=sharing,1,1,1,,3,FALSE,TRUE,TRUE,FALSE,FALSE,1,1
150,Alt Prime Rd. 1,14,20220505mouse2_OD_R_2_0_0000068_Structure_0004,https://drive.google.com/file/d/1veGcsEJWo9piiB4cNdSIWae5pxP-C9Ch/view?usp=sharing,2,2,2,,3,FALSE,TRUE,TRUE,FALSE,FALSE,2,2
151,Alt Prime Rd. 1,14,20220505mouse2_OD_R_4_0_0000081_Structure_0001,https://drive.google.com/file/d/1nU62Jh2prbiGmhyTm5279NO51Ft32qoM/view?usp=sharing,0,0,0.5,,3,FALSE,TRUE,TRUE,FALSE,FALSE,0,0
152,Alt Prime Rd. 1,14,20220505mouse2_OD_R_4_0_0000081_Structure_0004,https://drive.google.com/file/d/1KzQN29eV52arERnvGmr9w_47_mnERqCh/view?usp=sharing,0,0,0,0,4,TRUE,TRUE,TRUE,FALSE,FALSE,0,0
153,Alt Prime Rd. 1,14,20220505mouse3_OD_R_2_0_0000081_Structure_0001,https://drive.google.com/file/d/1Fa0ItA_iEOxdiwYBOE8proM7JP8ohAQi/view?usp=sharing,100,0.5,0.5,,3,FALSE,FALSE,TRUE,FALSE,FALSE,0.5,0.5
154,Alt Prime Rd. 1,14,20220505mouse3_OD_R_2_0_0000081_Structure_0004,https://drive.google.com/file/d/1-l1cAAMt9C1_c0Xr1IU4AyxSfEhiIEMW/view?usp=sharing,0.5,0.5,0.5,,3,FALSE,TRUE,TRUE,FALSE,FALSE,0.5,0.5
155,Alt Prime Rd. 1,14,20220505mouse3_OD_R_4_0_0000068_Structure_0001,https://drive.google.com/file/d/1U2C1eva6wO394GkTSoEFX2FxubWLI_Hc/view?usp=sharing,100,100,100,,3,FALSE,TRUE,TRUE,FALSE,FALSE,100,100
156,Alt Prime Rd. 1,14,20220505mouse3_OD_R_4_0_0000068_Structure_0004,https://drive.google.com/file/d/1tLA1Iw1CR59XVA4QsuuFOJAJMRx5R7qc/view?usp=sharing,100,100,100,,3,FALSE,TRUE,TRUE,FALSE,FALSE,100,100
157,Alt Prime Rd. 1,14,20220505mouse4_OD_R_2_0_0000068_Structure_0001,https://drive.google.com/file/d/1Ip1AMrUmrra0sRN2qTwFcjNi8osAIj-N/view?usp=sharing,0,0,0,0,4,TRUE,TRUE,TRUE,FALSE,FALSE,0,0
158,Alt Prime Rd. 1,14,20220505mouse4_OD_R_2_0_0000068_Structure_0004,https://drive.google.com/file/d/14HKKyP2RhIsBdVb3j_n_VSAH4p_GJY9g/view?usp=sharing,0.5,0.5,0.5,0.5,4,TRUE,TRUE,TRUE,FALSE,FALSE,0.5,0.5
159,Alt Prime Rd. 1,14,20220505mouse4_OD_R_4_0_0000081_Structure_0001,https://drive.google.com/file/d/16PDRx88UrxW_bZZoxjibHcTembcfh5JL/view?usp=sharing,0,0,0,0,4,TRUE,TRUE,TRUE,FALSE,FALSE,0,0
160,Alt Prime Rd. 1,14,20220505mouse4_OD_R_4_0_0000081_Structure_0004,https://drive.google.com/file/d/119bhURBL-0OidpDdQKA2xJHQnPAAspCb/view?usp=sharing,0,0,0,0,4,TRUE,TRUE,TRUE,FALSE,FALSE,0,0
161,Alt Prime Rd. 1,14,20220505mouse5_OD_R_2_0_0000081_Structure_0001,https://drive.google.com/file/d/1pOLu2YyRL1oeEdnKu6ZnzW1OegR0sRJw/view?usp=sharing,100,100,100,,3,FALSE,TRUE,TRUE,FALSE,FALSE,100,100
162,Alt Prime Rd. 1,14,20220505mouse5_OD_R_2_0_0000081_Structure_0004,https://drive.google.com/file/d/17ixQGB5WC0qyF-GkfefReowgNajyptUA/view?usp=sharing,100,100,100,,3,FALSE,TRUE,TRUE,FALSE,FALSE,100,100
163,Alt Prime Rd. 1,14,20220505mouse5_OD_R_4_0_0000068_Structure_0001,https://drive.google.com/file/d/17GNhC87bSw2qz1_PTI0MWjy-udzY98oO/view?usp=sharing,100,100,100,,3,FALSE,TRUE,TRUE,FALSE,FALSE,100,100
164,Alt Prime Rd. 1,14,20220505mouse5_OD_R_4_0_0000068_Structure_0004,https://drive.google.com/file/d/1iqOUw1yezOIfOje8U-ZFSSNegKR5xdZ7/view?usp=sharing,100,100,100,,3,FALSE,TRUE,TRUE,FALSE,FALSE,100,100
165,Alt Prime Rd. 1,14,20220505mouse6_OD_R_2_0_0000078_Structure_0001,https://drive.google.com/file/d/14Lg-DaM_1MRBCLs57DPX0A5PH8jsR0Er/view?usp=sharing,100,100,100,,3,FALSE,TRUE,TRUE,FALSE,FALSE,100,100
166,Alt Prime Rd. 1,14,20220505mouse6_OD_R_2_0_0000078_Structure_0004,https://drive.google.com/file/d/1QeI2BaH5xVB82dxOeOhTOXZsy6C851iJ/view?usp=sharing,100,100,100,,3,FALSE,TRUE,TRUE,FALSE,FALSE,100,100
167,Alt Prime Rd. 1,14,20220505mouse6_OD_R_4_0_0000068_Structure_0001,https://drive.google.com/file/d/13UrmPygF-ScrJz5kWdAxzDqs9jxy2swT/view?usp=sharing,100,100,100,,3,FALSE,TRUE,TRUE,FALSE,FALSE,100,100
168,Alt Prime Rd. 1,14,20220505mouse6_OD_R_4_0_0000068_Structure_0004,https://drive.google.com/file/d/1EhPXj51T3SEQTOljB3pYTEIJ-fV3ftMX/view?usp=sharing,100,100,100,,3,FALSE,TRUE,TRUE,FALSE,FALSE,100,100
169,Alt Prime Rd. 1,14,20220505mouse7_OD_R_2_0_0000068_Structure_0001,https://drive.google.com/file/d/1JwcABrE22mbL26H87lHS8RpbEHuy_ICE/view?usp=sharing,0,0,0,0,4,TRUE,TRUE,TRUE,FALSE,FALSE,0,0
170,Alt Prime Rd. 1,14,20220505mouse7_OD_R_2_0_0000068_Structure_0004,https://drive.google.com/file/d/16l1vEmg8a0-ooCmAqD_JFvWZ4498WrtV/view?usp=sharing,0,0.5,0,0.5,4,FALSE,FALSE,TRUE,TRUE,FALSE,0,0
171,Alt Prime Rd. 1,14,20220505mouse7_OD_R_4_0_0000081_Structure_0001,https://drive.google.com/file/d/14IT9FWOd9F5O1z3gDU8nvTQDjkdJCZaH/view?usp=sharing,0,0,0,0,4,TRUE,TRUE,TRUE,FALSE,FALSE,0,0
172,Alt Prime Rd. 1,14,20220505mouse7_OD_R_4_0_0000081_Structure_0004,https://drive.google.com/file/d/1sYlb3LhW14_GrdGOfkE5Zgk4I0pZN8vG/view?usp=sharing,0,0,0,,3,FALSE,TRUE,TRUE,FALSE,FALSE,0,0
173,Alt Prime Rd. 1,14,20220505mouse8_OD_R_2_0_0000085_Structure_0001,https://drive.google.com/file/d/1OxGaqtfBxjVzyVVJbI1i7ILeO8EeNqer/view?usp=sharing,3,3,2,,3,FALSE,FALSE,TRUE,FALSE,FALSE,3,3
174,Alt Prime Rd. 1,14,20220505mouse8_OD_R_2_0_0000085_Structure_0004,https://drive.google.com/file/d/1-cS2EunHlD3SqDmRDKAUSg2_-N2vtxpa/view?usp=sharing,2,3,2,2,4,FALSE,TRUE,TRUE,FALSE,FALSE,2,2
175,Alt Prime Rd. 1,14,20220505mouse8_OD_R_4_0_0000075_Structure_0001,https://drive.google.com/file/d/1L8oPOHDCoD5CxUYPvIpfz0LMoTF-LV1k/view?usp=sharing,0.5,0.5,0.5,,3,FALSE,TRUE,TRUE,FALSE,FALSE,0.5,0.5
176,Alt Prime Rd. 1,14,20220505mouse8_OD_R_4_0_0000075_Structure_0004,https://drive.google.com/file/d/1H_bnvDwd8PakBwTMrRx6KCzyX0UCRuex/view?usp=sharing,2,0.5,0.5,2,4,FALSE,FALSE,TRUE,TRUE,FALSE,2,2
177,Alt Prime Rd. 1,14,20220505mouse10_OD_R_2_0_0000068_Structure_0001,https://drive.google.com/file/d/1suqin9vCrmGzu61FaNRWjzmOchF0OZXq/view?usp=sharing,0.5,1,1,,3,FALSE,FALSE,TRUE,FALSE,FALSE,1,1
178,Alt Prime Rd. 1,14,20220505mouse10_OD_R_2_0_0000068_Structure_0004,https://drive.google.com/file/d/1SH-HwxTA5iW8x9E2PtLKDzNSW5HdR77Z/view?usp=sharing,2,2,2,,3,FALSE,TRUE,TRUE,FALSE,FALSE,2,2
179,Alt Prime Rd. 1,14,20220505mouse10_OD_R_4_0_0000081_Structure_0001,https://drive.google.com/file/d/1I7yNMoyIDvaN5qedF6q3gr2UVncHcIpc/view?usp=sharing,0,0,0,0,4,TRUE,TRUE,TRUE,FALSE,FALSE,0,0
180,Alt Prime Rd. 1,14,20220505mouse10_OD_R_4_0_0000081_Structure_0004,https://drive.google.com/file/d/1qDM4-ej-kJzKrT7yinyD_fh31f5OfTXF/view?usp=sharing,0,0,0,,3,FALSE,TRUE,TRUE,FALSE,FALSE,0,0
181,Alt Prime Rd. 1,21,20220505mouse1_OD_R_2_0_0000093_Structure_0001,https://drive.google.com/file/d/1F-1j1TwRtOEpuN5L3spTZI2Stnp-wQCh/view?usp=sharing,1,2,1,2,4,FALSE,FALSE,TRUE,TRUE,FALSE,1,1
182,Alt Prime Rd. 1,21,20220505mouse1_OD_R_2_0_0000093_Structure_0004,https://drive.google.com/file/d/1JIICJ3pHKSyTDGO_4YoSFhTusAOiERJl/view?usp=sharing,2,2,2,2,4,TRUE,TRUE,TRUE,FALSE,FALSE,2,2
183,Alt Prime Rd. 1,21,20220505mouse1_OD_R_4_0_0000080_Structure_0001,https://drive.google.com/file/d/1jW5uKHz3mb75HZkaERtxv9smnGhmz5U9/view?usp=sharing,0.5,0.5,0.5,0.5,4,TRUE,TRUE,TRUE,FALSE,FALSE,0.5,0.5
184,Alt Prime Rd. 1,21,20220505mouse1_OD_R_4_0_0000080_Structure_0004,https://drive.google.com/file/d/1vovrf7nOoc2BNK6e4Zr6nZvk3W-UAfwY/view?usp=sharing,0,0,0,,3,FALSE,TRUE,TRUE,FALSE,FALSE,0,0
185,Alt Prime Rd. 1,21,20220505mouse2_OD_R_2_0_0000094_Structure_0001,https://drive.google.com/file/d/1gAJaxkc7jTm6YWRLdwiecl-V3l-pK74x/view?usp=sharing,1,1,1,1,4,TRUE,TRUE,TRUE,FALSE,FALSE,1,1
186,Alt Prime Rd. 1,21,20220505mouse2_OD_R_2_0_0000094_Structure_0004,https://drive.google.com/file/d/1exYk9N9T52S3c4O3_p0TEt5c438WilMP/view?usp=sharing,2,2,2,2,4,TRUE,TRUE,TRUE,FALSE,FALSE,2,2
187,Alt Prime Rd. 1,21,20220505mouse2_OD_R_4_0_0000107_Structure_0001,https://drive.google.com/file/d/1uBbgOXelK1KrzcRh7Fv7wOkmlbU7OB7E/view?usp=sharing,0.5,0,0,,3,FALSE,TRUE,TRUE,FALSE,FALSE,0,0
188,Alt Prime Rd. 1,21,20220505mouse2_OD_R_4_0_0000107_Structure_0004,https://drive.google.com/file/d/1nu2F1QNyHJ-C5qAe3-_JWB34A3-BI7b-/view?usp=sharing,0,0,0,,3,FALSE,TRUE,TRUE,FALSE,FALSE,0,0
189,Alt Prime Rd. 1,21,20220505mouse4_OD_R_2_0_0000094_Structure_0001,https://drive.google.com/file/d/1I-ZuCNBBPc-uwW2-jfjBqsah-5JAdRsO/view?usp=sharing,0.5,0.5,0.5,0.5,4,TRUE,TRUE,TRUE,FALSE,FALSE,0.5,0.5
190,Alt Prime Rd. 1,21,20220505mouse4_OD_R_2_0_0000094_Structure_0004,https://drive.google.com/file/d/1-cu1tPxMrCmIQhFNsYosSF-5tAJhLGgk/view?usp=sharing,0.5,0.5,0.5,0.5,4,TRUE,TRUE,TRUE,FALSE,FALSE,0.5,0.5
191,Alt Prime Rd. 1,21,20220505mouse4_OD_R_4_0_0000107_Structure_0001,https://drive.google.com/file/d/1cNbiEQO-60UD7K23iaN1sDSMAg_hf4CJ/view?usp=sharing,0,0,0,0,4,TRUE,TRUE,TRUE,FALSE,FALSE,0,0
192,Alt Prime Rd. 1,21,20220505mouse4_OD_R_4_0_0000107_Structure_0004,https://drive.google.com/file/d/1JvUvM0tyLWCiYV-N_dYdRAoqwwTj4Tr5/view?usp=sharing,0,0,0,0,4,TRUE,TRUE,TRUE,FALSE,FALSE,0,0
193,Alt Prime Rd. 1,21,20220505mouse7_OD_R_2_0_0000107_Structure_0001,https://drive.google.com/file/d/17ULpuS97TnKeJpPUMx8KMVvUvRqHruGb/view?usp=sharing,0,0,0.5,0,4,FALSE,TRUE,TRUE,FALSE,FALSE,0,0
194,Alt Prime Rd. 1,21,20220505mouse7_OD_R_2_0_0000107_Structure_0004,https://drive.google.com/file/d/1CIAeu5TdjxzNKegKF-cmJowtc-mFzC4_/view?usp=sharing,0,0,0,0.5,4,FALSE,TRUE,TRUE,FALSE,FALSE,0,0
195,Alt Prime Rd. 1,21,20220505mouse7_OD_R_4_0_0000094_Structure_0001,https://drive.google.com/file/d/1yMCV4vouFukVT8Z1hjcH-IYuKA_WGqpH/view?usp=sharing,0,0,0,,3,FALSE,TRUE,TRUE,FALSE,FALSE,0,0
196,Alt Prime Rd. 1,21,20220505mouse7_OD_R_4_0_0000094_Structure_0004,https://drive.google.com/file/d/1aLY9XkB1kgzKx0Hs4IUR3CgI0tLiFSfK/view?usp=sharing,0,0,0,0,4,TRUE,TRUE,TRUE,FALSE,FALSE,0,0
197,Alt Prime Rd. 1,21,20220505mouse8_OD_R_2_0_0000101_Structure_0001,https://drive.google.com/file/d/1Pp1Y6XZAtVsye7ltp-pVQZBSFbLzZcBL/view?usp=sharing,2,2,2,,3,FALSE,TRUE,TRUE,FALSE,FALSE,2,2
198,Alt Prime Rd. 1,21,20220505mouse8_OD_R_2_0_0000101_Structure_0004,https://drive.google.com/file/d/1uRPqfmzYUCqPuFXQZGaAankZ8xs89gsy/view?usp=sharing,1,1,1,,3,FALSE,TRUE,TRUE,FALSE,FALSE,1,1
199,Alt Prime Rd. 1,21,20220505mouse8_OD_R_4_0_0000114_Structure_0001,https://drive.google.com/file/d/1F4ZyyQ8IHNPMjds1qYJLgukyVq5dGbSq/view?usp=sharing,1,1,1,1,4,TRUE,TRUE,TRUE,FALSE,FALSE,1,1
200,Alt Prime Rd. 1,21,20220505mouse8_OD_R_4_0_0000114_Structure_0004,https://drive.google.com/file/d/1kmp25kEa7XJRpF8TFhj_XmF2qp2D7EZJ/view?usp=sharing,0.5,0.5,0.5,2,4,FALSE,TRUE,TRUE,FALSE,FALSE,0.5,0.5
201,Alt Prime Rd. 1,21,20220505mouse10_OD_R_2_0_0000104_Structure_0001,https://drive.google.com/file/d/15VP2mMjSgjcdolz3wquwDTYlUOwseZst/view?usp=sharing,1,1,1,1,4,TRUE,TRUE,TRUE,FALSE,FALSE,1,1
202,Alt Prime Rd. 1,21,20220505mouse10_OD_R_2_0_0000104_Structure_0004,https://drive.google.com/file/d/1j43k3DO-g_QNuaCU3aHY-81H2eHZKO2E/view?usp=sharing,1,1,3,1,4,FALSE,TRUE,TRUE,FALSE,FALSE,1,1
203,Alt Prime Rd. 1,21,20220505mouse10_OD_R_4_0_0000094_Structure_0001,https://drive.google.com/file/d/1WNVfau-uBe0MLjfWewmwWxwTRZXy6LAL/view?usp=sharing,0,0,0,,3,FALSE,TRUE,TRUE,FALSE,FALSE,0,0
204,Alt Prime Rd. 1,21,20220505mouse10_OD_R_4_0_0000094_Structure_0004,https://drive.google.com/file/d/1khLxqZ3lxl-VW4qgsmiqe8WhcXSVzPyK/view?usp=sharing,0,0,0,0,4,TRUE,TRUE,TRUE,FALSE,FALSE,0,0
205,Alt Prime Rd. 1,28,20220505mouse1_OD_R_2_0_0000113_Structure_0001,https://drive.google.com/file/d/1yuEIVvby64829Ejch6a_TFRwNykMqlK_/view?usp=sharing,2,2,2,,3,FALSE,TRUE,TRUE,FALSE,FALSE,2,2
206,Alt Prime Rd. 1,28,20220505mouse1_OD_R_2_0_0000113_Structure_0002,https://drive.google.com/file/d/13tvlO7YnZuKXKFLUmHRm_P3rtMV9ETKC/view?usp=drive_link,1,,2,1,3,FALSE,FALSE,TRUE,FALSE,FALSE,1,1
207,Alt Prime Rd. 1,28,20220505mouse1_OD_R_2_0_0000113_Structure_0003,https://drive.google.com/file/d/1Sz_-yNloCxtDQnYd5y6gqOUEW4KOgCbH/view?usp=sharing,2,2,2,,3,FALSE,TRUE,TRUE,FALSE,FALSE,2,2
208,Alt Prime Rd. 1,28,20220505mouse1_OD_R_2_0_0000113_Structure_0004,https://drive.google.com/file/d/1t9LUmxptmfx7hKCSAjXeoPefWhH4bqAP/view?usp=drive_link,1,,1,1,3,FALSE,TRUE,TRUE,FALSE,FALSE,1,1
209,Alt Prime Rd. 1,28,20220505mouse1_OD_R_4_0_0000106_Structure_0001,https://drive.google.com/file/d/129D7y5-erXcnXBXA_V6fhLqqr8P1TcW9/view?usp=sharing,0,0,0,0,4,TRUE,TRUE,TRUE,FALSE,FALSE,0,0
210,Alt Prime Rd. 1,28,20220505mouse1_OD_R_4_0_0000106_Structure_0002,https://drive.google.com/file/d/1zNTKISXMLRqxtY0mRGffgo78391hHkzK/view?usp=drive_link,0.5,,0,0,3,FALSE,TRUE,TRUE,FALSE,FALSE,0,0
211,Alt Prime Rd. 1,28,20220505mouse1_OD_R_4_0_0000106_Structure_0003,https://drive.google.com/file/d/18BMQET2tmMnRSfsKJNfIXkCgCJbWJaxn/view?usp=sharing,0,0,0,0,4,TRUE,TRUE,TRUE,FALSE,FALSE,0,0
212,Alt Prime Rd. 1,28,20220505mouse1_OD_R_4_0_0000106_Structure_0004,https://drive.google.com/file/d/1PnxdI3p_QGhNywH3_mQF0Yg-3G_Xk8Bs/view?usp=drive_link,0.5,0.5,0,,3,FALSE,FALSE,TRUE,FALSE,FALSE,0.5,0.5
213,Alt Prime Rd. 1,28,20220505mouse2_OD_R_2_0_0000120_Structure_0001,https://drive.google.com/file/d/1adeuVRQMH4hvT3GQYNKFjXp9_xDzAcyw/view?usp=sharing,0.5,0.5,0.5,0.5,4,TRUE,TRUE,TRUE,FALSE,FALSE,0.5,0.5
214,Alt Prime Rd. 1,28,20220505mouse2_OD_R_2_0_0000120_Structure_0002,https://drive.google.com/file/d/1SiRRoQr3Q2FVgD7rg6BP3p7JPx2T0WP9/view?usp=drive_link,1,,1,1,3,FALSE,TRUE,TRUE,FALSE,FALSE,1,1
215,Alt Prime Rd. 1,28,20220505mouse2_OD_R_2_0_0000120_Structure_0003,https://drive.google.com/file/d/110JOkINVq_Wx5OUo9O_N9Kyc2HdYPbh2/view?usp=sharing,1,1,1,1,4,TRUE,TRUE,TRUE,FALSE,FALSE,1,1
216,Alt Prime Rd. 1,28,20220505mouse2_OD_R_2_0_0000120_Structure_0004,https://drive.google.com/file/d/145HYKhuwBbKUdsBGFKdzdT8JGCB-SS--/view?usp=drive_link,1,1,1,,3,FALSE,TRUE,TRUE,FALSE,FALSE,1,1
217,Alt Prime Rd. 1,28,20220505mouse2_OD_R_4_0_0000127_Structure_0001,https://drive.google.com/file/d/1DZ8CiLRwNFde_NgBP1ISd8aOqD3veqUT/view?usp=sharing,0,0,0,0,4,TRUE,TRUE,TRUE,FALSE,FALSE,0,0
218,Alt Prime Rd. 1,28,20220505mouse2_OD_R_4_0_0000127_Structure_0002,https://drive.google.com/file/d/1axRGHLqcdrx96g7LCWket70XWkvrMsJt/view?usp=drive_link,0,,0,0,3,FALSE,TRUE,TRUE,FALSE,FALSE,0,0
219,Alt Prime Rd. 1,28,20220505mouse2_OD_R_4_0_0000127_Structure_0003,https://drive.google.com/file/d/1rCs8xH6NwCTYjZoMaEC2jDAv__oKx7DB/view?usp=sharing,0,0,0,,3,FALSE,TRUE,TRUE,FALSE,FALSE,0,0
220,Alt Prime Rd. 1,28,20220505mouse2_OD_R_4_0_0000127_Structure_0004,https://drive.google.com/file/d/1GIocQ0HSWieQmeMwVj5cceQKdMq0mJUM/view?usp=drive_link,0,,0,0,3,FALSE,TRUE,TRUE,FALSE,FALSE,0,0
221,Alt Prime Rd. 1,28,20220505mouse4_OD_R_2_0_0000127_Structure_0001,https://drive.google.com/file/d/1mlJzbonviuepMj69z91ab4Wb3oLFWGSa/view?usp=sharing,0,0,2,,3,FALSE,TRUE,TRUE,FALSE,FALSE,0,0
222,Alt Prime Rd. 1,28,20220505mouse4_OD_R_2_0_0000127_Structure_0002,https://drive.google.com/file/d/1rHN2x-NNi69VxdDoTVW1Cl3qmlKMreM0/view?usp=drive_link,0,,0,0,3,FALSE,TRUE,TRUE,FALSE,FALSE,0,0
223,Alt Prime Rd. 1,28,20220505mouse4_OD_R_2_0_0000127_Structure_0003,https://drive.google.com/file/d/19YBcIohKAqlm7E2Ep-ud0Rvb5_NuKOfd/view?usp=sharing,0.5,0,0,0,4,FALSE,TRUE,TRUE,FALSE,FALSE,0,0
224,Alt Prime Rd. 1,28,20220505mouse4_OD_R_2_0_0000127_Structure_0004,https://drive.google.com/file/d/1uyVK7N6K69rekk0HMRIgJkVdgSJIMJL_/view?usp=drive_link,0,0,0,,3,FALSE,TRUE,TRUE,FALSE,FALSE,0,0
225,Alt Prime Rd. 1,28,20220505mouse4_OD_R_4_0_0000120_Structure_0001,https://drive.google.com/file/d/15eIuhOuZux8xGCUb0F7ONnng5ZXny2Fi/view?usp=sharing,0,0,0,0,4,TRUE,TRUE,TRUE,FALSE,FALSE,0,0
226,Alt Prime Rd. 1,28,20220505mouse4_OD_R_4_0_0000120_Structure_0002,https://drive.google.com/file/d/1vDG-DMKhYkSdtD6bOjcDHGnMXdqnGHhB/view?usp=drive_link,0,0,0,,3,FALSE,TRUE,TRUE,FALSE,FALSE,0,0
227,Alt Prime Rd. 1,28,20220505mouse4_OD_R_4_0_0000120_Structure_0003,https://drive.google.com/file/d/1-0ctjddbue68ynesr_-9Ok6SJT6T0hA5/view?usp=sharing,0,0,0,0.5,4,FALSE,TRUE,TRUE,FALSE,FALSE,0,0
228,Alt Prime Rd. 1,28,20220505mouse4_OD_R_4_0_0000120_Structure_0004,https://drive.google.com/file/d/1sjwo_RX4DAuXi4_YF_aG1AqBVCbEMNEI/view?usp=drive_link,0,,0,0,3,FALSE,TRUE,TRUE,FALSE,FALSE,0,0
229,Alt Prime Rd. 1,28,20220505mouse7_OD_R_2_0_0000127_Structure_0001,https://drive.google.com/file/d/121qjpFJ8jI6wMTj_LCef20Q-1ccEU53E/view?usp=sharing,0,0,0,0,4,TRUE,TRUE,TRUE,FALSE,FALSE,0,0
230,Alt Prime Rd. 1,28,20220505mouse7_OD_R_2_0_0000127_Structure_0002,https://drive.google.com/file/d/1dA8MdI_b03f5n1P0zRqfjPe8lEVhSlMi/view?usp=drive_link,0,0.5,0,,3,FALSE,TRUE,TRUE,FALSE,FALSE,0,0
231,Alt Prime Rd. 1,28,20220505mouse7_OD_R_2_0_0000127_Structure_0003,https://drive.google.com/file/d/1c5ob0-QcUOkulXVcLjvXJ62p3Fyvf_oD/view?usp=sharing,0,0,0,0,4,TRUE,TRUE,TRUE,FALSE,FALSE,0,0
232,Alt Prime Rd. 1,28,20220505mouse7_OD_R_2_0_0000127_Structure_0004,https://drive.google.com/file/d/1iqniBCbUtc2yumi16O-VU9XxrsyeKdYJ/view?usp=drive_link,0,,0,0,3,FALSE,TRUE,TRUE,FALSE,FALSE,0,0
233,Alt Prime Rd. 1,28,20220505mouse7_OD_R_4_0_0000120_Structure_0001,https://drive.google.com/file/d/1c3q-D8bt-WaHKD-Z5BdhLuHRTRa9RGZS/view?usp=sharing,0,0,0,0,4,TRUE,TRUE,TRUE,FALSE,FALSE,0,0
234,Alt Prime Rd. 1,28,20220505mouse7_OD_R_4_0_0000120_Structure_0002,https://drive.google.com/file/d/1imzGMNXR9bf25eqYCbwHJVB_vb00IiT7/view?usp=drive_link,0,,0,0,3,FALSE,TRUE,TRUE,FALSE,FALSE,0,0
235,Alt Prime Rd. 1,28,20220505mouse7_OD_R_4_0_0000120_Structure_0003,https://drive.google.com/file/d/1Vw_lURohb4MAUGPKN_uuLznpNX10Dsvk/view?usp=sharing,0,0,0,,3,FALSE,TRUE,TRUE,FALSE,FALSE,0,0
236,Alt Prime Rd. 1,28,20220505mouse7_OD_R_4_0_0000120_Structure_0004,https://drive.google.com/file/d/124TJ2IoCG7mpabPtfLeQr9zALOZsKJny/view?usp=drive_link,0,0,0,,3,FALSE,TRUE,TRUE,FALSE,FALSE,0,0
237,Alt Prime Rd. 1,28,20220505mouse8_OD_R_2_0_0000127_Structure_0001,https://drive.google.com/file/d/1h-F2X7bexDaRpOqs6QYWYHn-Ay72s4cT/view?usp=sharing,2,2,1,2,4,FALSE,TRUE,TRUE,FALSE,FALSE,2,2
238,Alt Prime Rd. 1,28,20220505mouse8_OD_R_2_0_0000127_Structure_0002,https://drive.google.com/file/d/1vU5ZJrZtNhR40Q5XGeTjaw4_XQclmy-d/view?usp=drive_link,1,,0.5,1,3,FALSE,FALSE,TRUE,FALSE,FALSE,1,1
239,Alt Prime Rd. 1,28,20220505mouse8_OD_R_2_0_0000127_Structure_0003,https://drive.google.com/file/d/1WMc7__wXUOjIMrm37QSjrvJFhnQoMkU5/view?usp=sharing,0,0.5,0,,3,FALSE,TRUE,TRUE,FALSE,FALSE,0,0
240,Alt Prime Rd. 1,28,20220505mouse8_OD_R_2_0_0000127_Structure_0004,https://drive.google.com/file/d/1nZ6hZADVZ5RojTe5tUaGvjXpggZgCDIK/view?usp=drive_link,0.5,,0.5,0.5,3,FALSE,TRUE,TRUE,FALSE,FALSE,0.5,0.5
241,Alt Prime Rd. 1,28,20220505mouse8_OD_R_4_0_0000134_Structure_0001,https://drive.google.com/file/d/13XY710HT7x_cce_yjHnNznHrXEdj13eD/view?usp=sharing,0.5,0.5,0.5,0.5,4,TRUE,TRUE,TRUE,FALSE,FALSE,0.5,0.5
242,Alt Prime Rd. 1,28,20220505mouse8_OD_R_4_0_0000134_Structure_0002,https://drive.google.com/file/d/1Kvd_fxffkQTf20m7nxTuZajod65Yz5SU/view?usp=drive_link,1,0.5,0.5,,3,FALSE,FALSE,TRUE,FALSE,FALSE,0.5,0.5
243,Alt Prime Rd. 1,28,20220505mouse8_OD_R_4_0_0000134_Structure_0003,https://drive.google.com/file/d/1VK_mLKL-J0KRfmt33-ols2Y8d32fJnIU/view?usp=sharing,0.5,1,0.5,,3,FALSE,FALSE,TRUE,FALSE,FALSE,0.5,0.5
244,Alt Prime Rd. 1,28,20220505mouse8_OD_R_4_0_0000134_Structure_0004,https://drive.google.com/file/d/1AyrjCgdFWJoqpAR1eL-MyeMN_AhGRM8U/view?usp=drive_link,0.5,1,1,,3,FALSE,FALSE,TRUE,FALSE,FALSE,1,1
245,Alt Prime Rd. 1,28,20220505mouse10_OD_R_2_0_0000120_Structure_0001,https://drive.google.com/file/d/1VcyhyyHnm1uiStfPB6OvUPfYXfgnAPh-/view?usp=sharing,1,1,1,,3,FALSE,TRUE,TRUE,FALSE,FALSE,1,1
246,Alt Prime Rd. 1,28,20220505mouse10_OD_R_2_0_0000120_Structure_0002,https://drive.google.com/file/d/1LBuy52K-TFtyQE8UUnukX2SdV4optEkI/view?usp=drive_link,,2,1,1,3,FALSE,FALSE,TRUE,FALSE,FALSE,1,1
247,Alt Prime Rd. 1,28,20220505mouse10_OD_R_2_0_0000120_Structure_0003,https://drive.google.com/file/d/1Y2wMHj_UD8PoOXZ8QJyYQCLjHgJsHNNH/view?usp=sharing,2,2,1,,3,FALSE,FALSE,TRUE,FALSE,FALSE,2,2
248,Alt Prime Rd. 1,28,20220505mouse10_OD_R_2_0_0000120_Structure_0004,https://drive.google.com/file/d/1vYVzfIxUskMhSGqT_Pm4DNZ3MMDZrB2n/view?usp=drive_link,,2,1,1,3,FALSE,FALSE,TRUE,FALSE,FALSE,1,1
249,Alt Prime Rd. 1,28,20220505mouse10_OD_R_4_0_0000127_Structure_0001,https://drive.google.com/file/d/11x5QGsdiETn0TCFub6Ssq3TtyU6FhNbd/view?usp=sharing,0,0,0,0,4,TRUE,TRUE,TRUE,FALSE,FALSE,0,0
250,Alt Prime Rd. 1,28,20220505mouse10_OD_R_4_0_0000127_Structure_0002,https://drive.google.com/file/d/1voe6oeLmT1Cgtkded39xiqlQ74n6N8PG/view?usp=drive_link,,0,0,0,3,FALSE,TRUE,TRUE,FALSE,FALSE,0,0
251,Alt Prime Rd. 1,28,20220505mouse10_OD_R_4_0_0000127_Structure_0003,https://drive.google.com/file/d/1ASp7KyQykrp59vUdf2MycyunosMs7Cv4/view?usp=sharing,0,0,0,0,4,TRUE,TRUE,TRUE,FALSE,FALSE,0,0
252,Alt Prime Rd. 1,28,20220505mouse10_OD_R_4_0_0000127_Structure_0004,https://drive.google.com/file/d/1lyogz034sQ2GUh2C6liJhei7Vmj9AnB_/view?usp=drive_link,,0,0,0,3,FALSE,TRUE,TRUE,FALSE,FALSE,0,0
253,Alt Prime Rd. 2,1,20220706mouse1_OD_R_2_0_0000002_Structure_0001,https://drive.google.com/file/d/179We79l_XtqnlwUUoAo_Dh_gGtxnyZ8o/view?usp=sharing,100,0,0.5,0,4,FALSE,FALSE,TRUE,FALSE,FALSE,0,0
254,Alt Prime Rd. 2,1,20220706mouse1_OD_R_2_0_0000002_Structure_0002,https://drive.google.com/file/d/1zoiXthGrOhJ30q_qCDeUS5IfV6Tm9MRl/view?usp=drive_link,,0,0,0,3,FALSE,TRUE,TRUE,FALSE,FALSE,0,0
255,Alt Prime Rd. 2,1,20220706mouse1_OD_R_2_0_0000002_Structure_0003,https://drive.google.com/file/d/1320iVNaZ-aNs3vMBvY4W85gfBBuR-vku/view?usp=sharing,0.5,0,0.5,0.5,4,FALSE,TRUE,TRUE,FALSE,FALSE,0.5,0.5
256,Alt Prime Rd. 2,1,20220706mouse1_OD_R_2_0_0000002_Structure_0004,https://drive.google.com/file/d/1AnSwlAg6RvVT24KaBTPYmGVJz4zWDk_E/view?usp=drive_link,0.5,,0,0.5,3,FALSE,FALSE,TRUE,FALSE,FALSE,0.5,0.5
257,Alt Prime Rd. 2,1,20220706mouse1_OD_R_4_0_0000009_Structure_0001,https://drive.google.com/file/d/1a7qz8GzvvV9Q7l1Y14ozG6d5I0jGg8qG/view?usp=sharing,1,2,0.5,2,4,FALSE,FALSE,TRUE,FALSE,FALSE,2,2
258,Alt Prime Rd. 2,1,20220706mouse1_OD_R_4_0_0000009_Structure_0002,https://drive.google.com/file/d/1ekeBT16m0VRKRIkWlS1kNmJ1GV69ExsP/view?usp=drive_link,,2,2,2,3,FALSE,TRUE,TRUE,FALSE,FALSE,2,2
259,Alt Prime Rd. 2,1,20220706mouse1_OD_R_4_0_0000009_Structure_0003,https://drive.google.com/file/d/1ysosLxrlhVMYXBc-SEnRsvZMkQUkqhH_/view?usp=sharing,2,2,2,,3,FALSE,TRUE,TRUE,FALSE,FALSE,2,2
260,Alt Prime Rd. 2,1,20220706mouse1_OD_R_4_0_0000009_Structure_0004,https://drive.google.com/file/d/1gE9hqXtseNEn4zZXTUId8ipvZV88OtWE/view?usp=drive_link,,2,2,2,3,FALSE,TRUE,TRUE,FALSE,FALSE,2,2
261,Alt Prime Rd. 2,1,20220706mouse2_OD_R_2_0_0000009_Structure_0001,https://drive.google.com/file/d/166KGVdD3S2oiRoYmWc9d49AICm7D6eYQ/view?usp=sharing,1,1,0.5,1,4,FALSE,TRUE,TRUE,FALSE,FALSE,1,1
262,Alt Prime Rd. 2,1,20220706mouse2_OD_R_2_0_0000009_Structure_0002,https://drive.google.com/file/d/1noa1MMsnJJWPl5qa-4GxvdYUTP7I4ljW/view?usp=drive_link,,1,1,1,3,FALSE,TRUE,TRUE,FALSE,FALSE,1,1
263,Alt Prime Rd. 2,1,20220706mouse2_OD_R_2_0_0000009_Structure_0003,https://drive.google.com/file/d/1WzIQf0Kf1BJ0Rdo5XebrL9VlOCOZS4aw/view?usp=sharing,1,1,1,1,4,TRUE,TRUE,TRUE,FALSE,FALSE,1,1
264,Alt Prime Rd. 2,1,20220706mouse2_OD_R_2_0_0000009_Structure_0004,https://drive.google.com/file/d/141gg4VHUkKud-4kSDX-AhTXOrTuztdVK/view?usp=drive_link,1,,1,1,3,FALSE,TRUE,TRUE,FALSE,FALSE,1,1
265,Alt Prime Rd. 2,1,20220706mouse2_OD_R_4_0_0000002_Structure_0001,https://drive.google.com/file/d/1apPMQv1dSglERd79u3yznlOkXTWMGI7y/view?usp=sharing,0.5,0.5,0.5,0.5,4,TRUE,TRUE,TRUE,FALSE,FALSE,0.5,0.5
266,Alt Prime Rd. 2,1,20220706mouse2_OD_R_4_0_0000002_Structure_0002,https://drive.google.com/file/d/1Dj3OgsJLF-ouTCrp6d4s2RflHpQSE96U/view?usp=drive_link,,0.5,0,0,3,FALSE,TRUE,TRUE,FALSE,FALSE,0,0
267,Alt Prime Rd. 2,1,20220706mouse2_OD_R_4_0_0000002_Structure_0003,https://drive.google.com/file/d/11rxOfwNUvDz0DwEqjlVHYQgsphB_KJoJ/view?usp=sharing,0.5,1,0.5,2,4,FALSE,FALSE,TRUE,FALSE,FALSE,0.5,0.5
268,Alt Prime Rd. 2,1,20220706mouse2_OD_R_4_0_0000002_Structure_0004,https://drive.google.com/file/d/18_kg1vdqYtLEXlI4bTMjBlhTohSvTVrp/view?usp=drive_link,0.5,,0,0.5,3,FALSE,FALSE,TRUE,FALSE,FALSE,0.5,0.5
269,Alt Prime Rd. 2,1,20220706mouse3_OD_R_2_0_0000009_Structure_0001,https://drive.google.com/file/d/1uF8nSynoFARgXZE8_J9NKW-FObNgFy0D/view?usp=sharing,0,0,,0,3,FALSE,TRUE,TRUE,FALSE,FALSE,0,0
270,Alt Prime Rd. 2,1,20220706mouse3_OD_R_2_0_0000009_Structure_0002,https://drive.google.com/file/d/1Ee3C0Kgt2X482HqpLWyk_sKH3bY_PzL9/view?usp=drive_link,,0,0,0,3,FALSE,TRUE,TRUE,FALSE,FALSE,0,0
271,Alt Prime Rd. 2,1,20220706mouse3_OD_R_2_0_0000009_Structure_0003,https://drive.google.com/file/d/1cb90Ye4bpo6nCdY6xLfpyRgvPtyHzfIn/view?usp=sharing,0.5,0,0,0,4,FALSE,TRUE,TRUE,FALSE,FALSE,0,0
272,Alt Prime Rd. 2,1,20220706mouse3_OD_R_2_0_0000009_Structure_0004,https://drive.google.com/file/d/1uVIKlJiQ0kFXbQY_Enhi0V1ugC_Xi-qb/view?usp=drive_link,,0.5,0.5,0.5,3,FALSE,TRUE,TRUE,FALSE,FALSE,0.5,0.5
273,Alt Prime Rd. 2,1,20220706mouse3_OD_R_4_0_0000002_Structure_0001,https://drive.google.com/file/d/1OvRhNKr8fd5wVSfB7gZOO0U1ntrS1iXt/view?usp=sharing,0.5,0.5,,0.5,3,FALSE,TRUE,TRUE,FALSE,FALSE,0.5,0.5
274,Alt Prime Rd. 2,1,20220706mouse3_OD_R_4_0_0000002_Structure_0002,https://drive.google.com/file/d/1fUE3P_3PG2CFo5e8b3gACB0OQrLztuJr/view?usp=drive_link,,2,2,2,3,FALSE,TRUE,TRUE,FALSE,FALSE,2,2
275,Alt Prime Rd. 2,1,20220706mouse3_OD_R_4_0_0000002_Structure_0003,https://drive.google.com/file/d/1gj6XU3l2V5YfSK4_ppFOYy0bzCV-XpNJ/view?usp=sharing,100,100,100,100,4,TRUE,TRUE,TRUE,FALSE,FALSE,100,100
276,Alt Prime Rd. 2,1,20220706mouse3_OD_R_4_0_0000002_Structure_0004,https://drive.google.com/file/d/1lAX4tq-PVH2ea8cgbMDcFOh0MpaHMe54/view?usp=drive_link,,100,2,2,3,FALSE,FALSE,TRUE,FALSE,FALSE,2,2
277,Alt Prime Rd. 2,1,20220706mouse4_OD_R_2_0_0000002_Structure_0001,https://drive.google.com/file/d/1KI7DXKt4Jgk_Gtb-9D_zNWYZyfJe3_lJ/view?usp=sharing,3,3,3,3,4,TRUE,TRUE,TRUE,FALSE,FALSE,3,3
278,Alt Prime Rd. 2,1,20220706mouse4_OD_R_2_0_0000002_Structure_0002,https://drive.google.com/file/d/1jwp2z2YvjDb7HOz3y7wRzO5aLsO4xmCD/view?usp=drive_link,,2,3,2,3,FALSE,FALSE,TRUE,FALSE,FALSE,2,2
279,Alt Prime Rd. 2,1,20220706mouse4_OD_R_2_0_0000002_Structure_0003,https://drive.google.com/file/d/1H-rPED9SRhi2hgygb1wf68bgrtQeo3oC/view?usp=sharing,3,3,3,3,4,TRUE,TRUE,TRUE,FALSE,FALSE,3,3
280,Alt Prime Rd. 2,1,20220706mouse4_OD_R_2_0_0000002_Structure_0004,https://drive.google.com/file/d/1y-IhZPJtgaoBBRvRnX-PybZnbMbJnrBv/view?usp=drive_link,,2,2,2,3,FALSE,TRUE,TRUE,FALSE,FALSE,2,2
281,Alt Prime Rd. 2,1,20220706mouse4_OD_R_4_0_0000009_Structure_0001,https://drive.google.com/file/d/1fDvtveG2roixtKeszrossaAg3Yeim9Fl/view?usp=sharing,1,0.5,0.5,0.5,4,FALSE,TRUE,TRUE,FALSE,FALSE,0.5,0.5
282,Alt Prime Rd. 2,1,20220706mouse4_OD_R_4_0_0000009_Structure_0002,https://drive.google.com/file/d/1nk80dXA0GdjZlkmlfrheUGgL9J3m145i/view?usp=drive_link,,1,1,1,3,FALSE,TRUE,TRUE,FALSE,FALSE,1,1
283,Alt Prime Rd. 2,1,20220706mouse4_OD_R_4_0_0000009_Structure_0003,https://drive.google.com/file/d/1F1V9IelOwfX-tR0_gIDIweOQvj5pQQ-d/view?usp=sharing,2,2,2,2,4,TRUE,TRUE,TRUE,FALSE,FALSE,2,2
284,Alt Prime Rd. 2,1,20220706mouse4_OD_R_4_0_0000009_Structure_0004,https://drive.google.com/file/d/1qTCahOOfoFMBiANFH2BdBxzfUio36wKX/view?usp=drive_link,,1,2,2,3,FALSE,FALSE,TRUE,FALSE,FALSE,2,2
285,Alt Prime Rd. 2,1,20220706mouse5_OD_R_2_0_0000009_Structure_0001,https://drive.google.com/file/d/11jhjf76hg0wH62wGdHejc-QGDgapEGBz/view?usp=sharing,100,0.5,0.5,0.5,4,FALSE,TRUE,TRUE,FALSE,FALSE,0.5,0.5
286,Alt Prime Rd. 2,1,20220706mouse5_OD_R_2_0_0000009_Structure_0002,https://drive.google.com/file/d/1mEJdqKzJ7F2ENrbsybmJxS5SAKGEJE0j/view?usp=drive_link,,0.5,0,0.5,3,FALSE,FALSE,TRUE,FALSE,FALSE,0.5,0.5
287,Alt Prime Rd. 2,1,20220706mouse5_OD_R_2_0_0000009_Structure_0003,https://drive.google.com/file/d/1onyn15kols7MUP00X340FCSScaazY2lX/view?usp=sharing,100,100,,1,3,FALSE,FALSE,TRUE,FALSE,FALSE,100,100
288,Alt Prime Rd. 2,1,20220706mouse5_OD_R_2_0_0000009_Structure_0004,https://drive.google.com/file/d/1i1jW-mmM0ToIzTUV2nyEqLiE-7Ewuc24/view?usp=drive_link,,0.5,0.5,0.5,3,FALSE,TRUE,TRUE,FALSE,FALSE,0.5,0.5
289,Alt Prime Rd. 2,1,20220706mouse5_OD_R_4_0_0000002_Structure_0001,https://drive.google.com/file/d/1pJeLzKRmyeAdGO9oGaRLM8mFpaSZ2nLC/view?usp=sharing,0.5,0.5,,0.5,3,FALSE,TRUE,TRUE,FALSE,FALSE,0.5,0.5
290,Alt Prime Rd. 2,1,20220706mouse5_OD_R_4_0_0000002_Structure_0002,https://drive.google.com/file/d/1vNQYbV-6n4rnlcKkQoHbdSg9giUavxx2/view?usp=drive_link,,2,1,1,3,FALSE,FALSE,TRUE,FALSE,FALSE,1,1
291,Alt Prime Rd. 2,1,20220706mouse5_OD_R_4_0_0000002_Structure_0003,https://drive.google.com/file/d/1n9ycPn1VNo8_roMWC6NN_1sKuHCU3pxg/view?usp=sharing,2,2,,2,3,FALSE,TRUE,TRUE,FALSE,FALSE,2,2
292,Alt Prime Rd. 2,1,20220706mouse5_OD_R_4_0_0000002_Structure_0004,https://drive.google.com/file/d/1ROaMRy1yG_nA-syo6bi_fQNknD-bk1mg/view?usp=drive_link,,3,3,3,3,FALSE,TRUE,TRUE,FALSE,FALSE,3,3
293,Alt Prime Rd. 2,1,20220706mouse6_OD_R_2_0_0000002_Structure_0001,https://drive.google.com/file/d/17EuB1HOa0Wtw2p4sqdeTFlq1iYe3ZUQ5/view?usp=sharing,2,1,0.5,1,4,FALSE,FALSE,TRUE,FALSE,FALSE,1,1
294,Alt Prime Rd. 2,1,20220706mouse6_OD_R_2_0_0000002_Structure_0002,https://drive.google.com/file/d/1EMVeRYSnwTD7r-2CM5V0rfXdKrDxXrAN/view?usp=drive_link,,1,0.5,0.5,3,FALSE,FALSE,TRUE,FALSE,FALSE,0.5,0.5
295,Alt Prime Rd. 2,1,20220706mouse6_OD_R_2_0_0000002_Structure_0003,https://drive.google.com/file/d/1Qvvc9n4_1NTDgpDd0zqiibFGb3nnMl5J/view?usp=sharing,100,1,0.5,0.5,4,FALSE,FALSE,TRUE,FALSE,FALSE,0.5,0.5
296,Alt Prime Rd. 2,1,20220706mouse6_OD_R_2_0_0000002_Structure_0004,https://drive.google.com/file/d/1NBEr5ddM7RNZy14OiGWumFP2iUGGVnS0/view?usp=drive_link,,1,0.5,0.5,3,FALSE,FALSE,TRUE,FALSE,FALSE,0.5,0.5
297,Alt Prime Rd. 2,1,20220706mouse6_OD_R_4_0_0000009_Structure_0001,https://drive.google.com/file/d/1WMegU_zmBm1KApAqRpoFvD_24OYyAZ6r/view?usp=sharing,2,2,,2,3,FALSE,TRUE,TRUE,FALSE,FALSE,2,2
298,Alt Prime Rd. 2,1,20220706mouse6_OD_R_4_0_0000009_Structure_0002,https://drive.google.com/file/d/1d04q_LrggIgaoTEvh6B7ATA7YzFez5FH/view?usp=drive_link,,2,2,2,3,FALSE,TRUE,TRUE,FALSE,FALSE,2,2
299,Alt Prime Rd. 2,1,20220706mouse6_OD_R_4_0_0000009_Structure_0003,https://drive.google.com/file/d/16JDYz4gKTejKNUHt0ggsNW6wlaTiZvFj/view?usp=sharing,3,3,3,,3,FALSE,TRUE,TRUE,FALSE,FALSE,3,3
300,Alt Prime Rd. 2,1,20220706mouse6_OD_R_4_0_0000009_Structure_0004,https://drive.google.com/file/d/14R1sekEkp6dcdjfoHlYqXg89d9cqNtuD/view?usp=drive_link,3,,3,3,3,FALSE,TRUE,TRUE,FALSE,FALSE,3,3
301,Alt Prime Rd. 2,1,20220706mouse8_OD_R_2_0_0000009_Structure_0001,https://drive.google.com/file/d/1eC4O8LHdTG6JF5Tox1l1VlSlk1qYDBcO/view?usp=sharing,3,2,2,2,4,FALSE,TRUE,TRUE,FALSE,FALSE,2,2
302,Alt Prime Rd. 2,1,20220706mouse8_OD_R_2_0_0000009_Structure_0002,https://drive.google.com/file/d/1i7VHZLOuc71pSnR42ZdLNpOppQH2qXzh/view?usp=drive_link,,2,1,2,3,FALSE,FALSE,TRUE,FALSE,FALSE,2,2
303,Alt Prime Rd. 2,1,20220706mouse8_OD_R_2_0_0000009_Structure_0003,https://drive.google.com/file/d/1sEaM6sbcj-8oDxzF505E1Z63HjzLofyS/view?usp=sharing,3,2,,3,3,FALSE,FALSE,TRUE,FALSE,FALSE,3,3
304,Alt Prime Rd. 2,1,20220706mouse8_OD_R_2_0_0000009_Structure_0004,https://drive.google.com/file/d/10_1vitx4NzCpM1ay32ZImXYBi40jGDrm/view?usp=drive_link,1,1,1,,3,FALSE,TRUE,TRUE,FALSE,FALSE,1,1
305,Alt Prime Rd. 2,1,20220706mouse8_OD_R_4_0_0000002_Structure_0001,https://drive.google.com/file/d/1oBNiQfh7iq0PmESIqUj7O8TTiDPq8eOa/view?usp=sharing,0.5,0.5,,0.5,3,FALSE,TRUE,TRUE,FALSE,FALSE,0.5,0.5
306,Alt Prime Rd. 2,1,20220706mouse8_OD_R_4_0_0000002_Structure_0002,https://drive.google.com/file/d/1XKvmUCjSWU_avaG8jhGePf_8YvgqxLBq/view?usp=drive_link,,0,0,0,3,FALSE,TRUE,TRUE,FALSE,FALSE,0,0
307,Alt Prime Rd. 2,1,20220706mouse8_OD_R_4_0_0000002_Structure_0003,https://drive.google.com/file/d/1uK1zT-FSXpZSkXO5r253pYXrfpsfSggR/view?usp=sharing,0.5,0.5,,0.5,3,FALSE,TRUE,TRUE,FALSE,FALSE,0.5,0.5
308,Alt Prime Rd. 2,1,20220706mouse8_OD_R_4_0_0000002_Structure_0004,https://drive.google.com/file/d/19_blHg7jaKTh9A_hzplj28nK2evhDZlb/view?usp=drive_link,0.5,,0,0,3,FALSE,TRUE,TRUE,FALSE,FALSE,0,0
309,Alt Prime Rd. 2,1,20220706mouse9_OD_R_2_0_0000002_Structure_0001,https://drive.google.com/file/d/1tqWzMh6L2bXUHqyo-d45PX1gtCoa5-Le/view?usp=sharing,0.5,0,,0.5,3,FALSE,FALSE,TRUE,FALSE,FALSE,0.5,0.5
310,Alt Prime Rd. 2,1,20220706mouse9_OD_R_2_0_0000002_Structure_0002,https://drive.google.com/file/d/1S3ipBTlG02MZuVX8AQmIKWli5AOe32qS/view?usp=drive_link,,0,0,0,3,FALSE,TRUE,TRUE,FALSE,FALSE,0,0
311,Alt Prime Rd. 2,1,20220706mouse9_OD_R_2_0_0000002_Structure_0003,https://drive.google.com/file/d/195TOJjt6uznwcTYP8KzmRIMRdT1MYwe5/view?usp=sharing,0.5,0,0,0,4,FALSE,TRUE,TRUE,FALSE,FALSE,0,0
312,Alt Prime Rd. 2,1,20220706mouse9_OD_R_2_0_0000002_Structure_0004,https://drive.google.com/file/d/1GtYpXnsXTfeuSKgeLQ4JSCDySEXwypPc/view?usp=drive_link,,0,0,0,3,FALSE,TRUE,TRUE,FALSE,FALSE,0,0
313,Alt Prime Rd. 2,1,20220706mouse9_OD_R_4_0_0000009_Structure_0001,https://drive.google.com/file/d/1bIGnvNPes463lf18OK9PwArn4N5Eh3Xy/view?usp=sharing,1,2,1,,3,FALSE,FALSE,TRUE,FALSE,FALSE,1,1
314,Alt Prime Rd. 2,1,20220706mouse9_OD_R_4_0_0000009_Structure_0002,https://drive.google.com/file/d/14A2x1eWY6a_qEqSiseyvrhW8xWetlISd/view?usp=drive_link,1,,1,1,3,FALSE,TRUE,TRUE,FALSE,FALSE,1,1
315,Alt Prime Rd. 2,1,20220706mouse9_OD_R_4_0_0000009_Structure_0003,https://drive.google.com/file/d/1EsklXP4cvUL3V2mLWnh6hybizD2l5PS6/view?usp=sharing,2,1,2,2,4,FALSE,TRUE,TRUE,FALSE,FALSE,2,2
316,Alt Prime Rd. 2,1,20220706mouse9_OD_R_4_0_0000009_Structure_0004,https://drive.google.com/file/d/1RQ6TvFA56VskrqqKLul0pPlXVw3bnxag/view?usp=drive_link,,2,1,1,3,FALSE,FALSE,TRUE,FALSE,FALSE,1,1
317,Alt Prime Rd. 2,2,20220706mouse1_OD_R_2_0_0000023_Structure_0001,https://drive.google.com/file/d/1-rt5QOpNJgXCvMQDMQudsBhdgB7ShPnl/view?usp=sharing,0,0,0,0,4,TRUE,TRUE,TRUE,FALSE,FALSE,0,0
318,Alt Prime Rd. 2,2,20220706mouse1_OD_R_2_0_0000023_Structure_0002,https://drive.google.com/file/d/17RVDpP5OGCaIIFG2C4chIPc6mfjahd-J/view?usp=drive_link,0.5,,0.5,0.5,3,FALSE,TRUE,TRUE,FALSE,FALSE,0.5,0.5
319,Alt Prime Rd. 2,2,20220706mouse1_OD_R_2_0_0000023_Structure_0003,https://drive.google.com/file/d/1N3Y17rDlLEdI34wrW8RkJ8Q6UkrbG2rb/view?usp=sharing,0.5,0,0,,3,FALSE,TRUE,TRUE,FALSE,FALSE,0,0
320,Alt Prime Rd. 2,2,20220706mouse1_OD_R_2_0_0000023_Structure_0004,https://drive.google.com/file/d/1IjyHwm_cxI6k01xQIAyoVLzXqa93J4PR/view?usp=drive_link,,0.5,0.5,0.5,3,FALSE,TRUE,TRUE,FALSE,FALSE,0.5,0.5
321,Alt Prime Rd. 2,2,20220706mouse1_OD_R_4_0_0000016_Structure_0001,https://drive.google.com/file/d/1ddX_atuN62RR78LpZjiZiZr0MJAupzac/view?usp=sharing,2,2,1,2,4,FALSE,TRUE,TRUE,FALSE,FALSE,2,2
322,Alt Prime Rd. 2,2,20220706mouse1_OD_R_4_0_0000016_Structure_0002,https://drive.google.com/file/d/1CCg1Aw1LGQxinTYvgRBGUR710rwgbug6/view?usp=drive_link,2,,2,2,3,FALSE,TRUE,TRUE,FALSE,FALSE,2,2
323,Alt Prime Rd. 2,2,20220706mouse1_OD_R_4_0_0000016_Structure_0003,https://drive.google.com/file/d/1m1LRdxaGhiqn2A1oDjwGEs4jIKv4kUNe/view?usp=sharing,2,2,2,,3,FALSE,TRUE,TRUE,FALSE,FALSE,2,2
324,Alt Prime Rd. 2,2,20220706mouse1_OD_R_4_0_0000016_Structure_0004,https://drive.google.com/file/d/1ZN1jdgf6zQM5YYbOuI7lK0d1QhJXcuMh/view?usp=drive_link,3,3,2,,3,FALSE,FALSE,TRUE,FALSE,FALSE,3,3
325,Alt Prime Rd. 2,2,20220706mouse2_OD_R_2_0_0000016_Structure_0001,https://drive.google.com/file/d/1TJrLFFPYBG5mlYslhfWu2ug1AaQqZbyI/view?usp=sharing,100,100,100,,3,FALSE,TRUE,TRUE,FALSE,FALSE,100,100
326,Alt Prime Rd. 2,2,20220706mouse2_OD_R_2_0_0000016_Structure_0002,https://drive.google.com/file/d/1DrPJDoW-JZv7Y519Ud56QMGsRwJGx7a5/view?usp=drive_link,,100,100,100,3,FALSE,TRUE,TRUE,FALSE,FALSE,100,100
327,Alt Prime Rd. 2,2,20220706mouse2_OD_R_2_0_0000016_Structure_0003,https://drive.google.com/file/d/1zWTsIHOpY06cmVUoENYzfrj31T7lFEIq/view?usp=sharing,100,100,100,,3,FALSE,TRUE,TRUE,FALSE,FALSE,100,100
328,Alt Prime Rd. 2,2,20220706mouse2_OD_R_2_0_0000016_Structure_0004,https://drive.google.com/file/d/1H7d0wgwRbr869u91MLYOPtZyfSqvC2Wr/view?usp=drive_link,,100,100,100,3,FALSE,TRUE,TRUE,FALSE,FALSE,100,100
329,Alt Prime Rd. 2,2,20220706mouse2_OD_R_4_0_0000023_Structure_0001,https://drive.google.com/file/d/16RpnP2Z_mXq8tNz08TVkUNw7V2a4-uZp/view?usp=sharing,2,2,2,2,4,TRUE,TRUE,TRUE,FALSE,FALSE,2,2
330,Alt Prime Rd. 2,2,20220706mouse2_OD_R_4_0_0000023_Structure_0002,https://drive.google.com/file/d/1KbTqo-xXe78AfT14hD-XcJWreiXFOMOz/view?usp=sharing,2,2,2,,3,FALSE,TRUE,TRUE,FALSE,FALSE,2,2
331,Alt Prime Rd. 2,2,20220706mouse2_OD_R_4_0_0000023_Structure_0003,https://drive.google.com/file/d/1ziscuSuqbtqFoWbNF-HPbFfDlRbpLiWa/view?usp=sharing,2,2,2,,3,FALSE,TRUE,TRUE,FALSE,FALSE,2,2
332,Alt Prime Rd. 2,2,20220706mouse2_OD_R_4_0_0000023_Structure_0004,https://drive.google.com/file/d/1Zyovlz_vPp_00fOgBJAZTp6dO1hKosnG/view?usp=sharing,2,,2,2,3,FALSE,TRUE,TRUE,FALSE,FALSE,2,2
333,Alt Prime Rd. 2,2,20220706mouse3_OD_R_2_0_0000023_Structure_0001,https://drive.google.com/file/d/104COTFGWkJxd86RWRJLjF1l1q5UwYH1B/view?usp=sharing,0.5,0,0,0.5,4,FALSE,FALSE,TRUE,TRUE,FALSE,0.5,0.5
334,Alt Prime Rd. 2,2,20220706mouse3_OD_R_2_0_0000023_Structure_0002,https://drive.google.com/file/d/140eAQh3cpCKCGpfYTO9-rdivqQoV2DdD/view?usp=drive_link,100,,0.5,0.5,3,FALSE,FALSE,TRUE,FALSE,FALSE,0.5,0.5
335,Alt Prime Rd. 2,2,20220706mouse3_OD_R_2_0_0000023_Structure_0003,https://drive.google.com/file/d/1pkspinWlazXpMiAOmN3BrbOOmY46glbQ/view?usp=sharing,100,100,,100,3,FALSE,TRUE,TRUE,FALSE,FALSE,100,100
336,Alt Prime Rd. 2,2,20220706mouse3_OD_R_2_0_0000023_Structure_0004,https://drive.google.com/file/d/1b96i-nN_zivtaFWpPmx7OZbOPxkq25ig/view?usp=drive_link,1,,0.5,0.5,3,FALSE,FALSE,TRUE,FALSE,FALSE,0.5,0.5
337,Alt Prime Rd. 2,2,20220706mouse3_OD_R_4_0_0000016_Structure_0001,https://drive.google.com/file/d/1cqP5gK5CR26DhiuPJBIypt0WDfKh8ZbD/view?usp=sharing,1,2,1,2,4,FALSE,FALSE,TRUE,TRUE,FALSE,1,1
338,Alt Prime Rd. 2,2,20220706mouse3_OD_R_4_0_0000016_Structure_0002,https://drive.google.com/file/d/1cg0AMlN-Q7aqNmZlHrdJYJtXQS2WxKhn/view?usp=drive_link,,2,2,2,3,FALSE,TRUE,TRUE,FALSE,FALSE,2,2
339,Alt Prime Rd. 2,2,20220706mouse3_OD_R_4_0_0000016_Structure_0003,https://drive.google.com/file/d/1N9DcA-xRz3xV_rktJAEplI4A_9IOo-e9/view?usp=sharing,100,0.5,,0.5,3,FALSE,FALSE,TRUE,FALSE,FALSE,0.5,0.5
340,Alt Prime Rd. 2,2,20220706mouse3_OD_R_4_0_0000016_Structure_0004,https://drive.google.com/file/d/1hm1XeDkfB3FED-pCaiZTUT6-k4dykoK6/view?usp=drive_link,,2,2,2,3,FALSE,TRUE,TRUE,FALSE,FALSE,2,2
341,Alt Prime Rd. 2,2,20220706mouse4_OD_R_2_0_0000016_Structure_0001,https://drive.google.com/file/d/1Nv-gKRELR1HF8zGxTCU3piXIiI1w18gs/view?usp=sharing,100,100,,100,3,FALSE,TRUE,TRUE,FALSE,FALSE,100,100
342,Alt Prime Rd. 2,2,20220706mouse4_OD_R_2_0_0000016_Structure_0002,https://drive.google.com/file/d/14ZuG8S3BOA7rxMwgmtlQoZuYIfwiBOgu/view?usp=drive_link,100,,100,100,3,FALSE,TRUE,TRUE,FALSE,FALSE,100,100
343,Alt Prime Rd. 2,2,20220706mouse4_OD_R_2_0_0000016_Structure_0003,https://drive.google.com/file/d/1Gx7jr21AGldLbqnsofQPCuvpq6lrBtSS/view?usp=sharing,100,1,100,1,4,FALSE,FALSE,TRUE,TRUE,TRUE,100,100
344,Alt Prime Rd. 2,2,20220706mouse4_OD_R_2_0_0000016_Structure_0004,https://drive.google.com/file/d/1dDBVveqo7NXTtcAhD4R7w0ZOtBh2XYaN/view?usp=drive_link,,100,100,100,3,FALSE,TRUE,TRUE,FALSE,FALSE,100,100
345,Alt Prime Rd. 2,2,20220706mouse4_OD_R_4_0_0000023_Structure_0001,https://drive.google.com/file/d/1UUsUWcK_anL_KIAh0XOjUPm0TqOfIxYo/view?usp=sharing,1,1,,1,3,FALSE,TRUE,TRUE,FALSE,FALSE,1,1
346,Alt Prime Rd. 2,2,20220706mouse4_OD_R_4_0_0000023_Structure_0002,https://drive.google.com/file/d/1HCLyLEqVkQl9C4bd0O2kI2ZfG1dtOeiy/view?usp=drive_link,,1,1,1,3,FALSE,TRUE,TRUE,FALSE,FALSE,1,1
347,Alt Prime Rd. 2,2,20220706mouse4_OD_R_4_0_0000023_Structure_0003,https://drive.google.com/file/d/17RRaU2DxkVW9P__Vp30P6b29Y72XPbgQ/view?usp=sharing,4,3,3,3,4,FALSE,TRUE,TRUE,FALSE,FALSE,3,3
348,Alt Prime Rd. 2,2,20220706mouse4_OD_R_4_0_0000023_Structure_0004,https://drive.google.com/file/d/1tco5gyLli65Un1LuvMadQlJvINlRXIWs/view?usp=drive_link,,2,2,2,3,FALSE,TRUE,TRUE,FALSE,FALSE,2,2
349,Alt Prime Rd. 2,2,20220706mouse5_OD_R_2_0_0000024_Structure_0001,https://drive.google.com/file/d/1uXrxNZnjAtdevoyoba7-wITKxMHkxhGq/view?usp=sharing,100,100,,100,3,FALSE,TRUE,TRUE,FALSE,FALSE,100,100
350,Alt Prime Rd. 2,2,20220706mouse5_OD_R_2_0_0000024_Structure_0002,https://drive.google.com/file/d/1leMfFtznpNmJWeqrkobLXtfhBlH4SPJf/view?usp=drive_link,,100,100,100,3,FALSE,TRUE,TRUE,FALSE,FALSE,100,100
351,Alt Prime Rd. 2,2,20220706mouse5_OD_R_2_0_0000024_Structure_0003,https://drive.google.com/file/d/1IwO9P5zkDqkzeI3HpizrfdDIVcM1ZQN0/view?usp=sharing,100,100,100,100,4,TRUE,TRUE,TRUE,FALSE,FALSE,100,100
352,Alt Prime Rd. 2,2,20220706mouse5_OD_R_2_0_0000024_Structure_0004,https://drive.google.com/file/d/1DRotelt0I0rNpm3Hn6BxpqBIkEyGO0kF/view?usp=drive_link,,100,100,100,3,FALSE,TRUE,TRUE,FALSE,FALSE,100,100
353,Alt Prime Rd. 2,2,20220706mouse5_OD_R_4_0_0000016_Structure_0001,https://drive.google.com/file/d/189bA505QWSxaTqEG8-26-LGP5QTIqpdu/view?usp=sharing,100,0.5,2,2,4,FALSE,FALSE,TRUE,FALSE,FALSE,2,2
354,Alt Prime Rd. 2,2,20220706mouse5_OD_R_4_0_0000016_Structure_0002,https://drive.google.com/file/d/1tCdVLMmwFUiD--MP8-969lYpUfxIUGeM/view?usp=drive_link,,2,2,2,3,FALSE,TRUE,TRUE,FALSE,FALSE,2,2
355,Alt Prime Rd. 2,2,20220706mouse5_OD_R_4_0_0000016_Structure_0003,https://drive.google.com/file/d/1zKeGC7s5udMHfT_SFro4aMU63uifv_jb/view?usp=sharing,2,2,,2,3,FALSE,TRUE,TRUE,FALSE,FALSE,2,2
356,Alt Prime Rd. 2,2,20220706mouse5_OD_R_4_0_0000016_Structure_0004,https://drive.google.com/file/d/1hdhZquJW6GNZhI79LMpwI_4yby5dHHIx/view?usp=drive_link,,2,2,2,3,FALSE,TRUE,TRUE,FALSE,FALSE,2,2
357,Alt Prime Rd. 2,2,20220706mouse6_OD_R_2_0_0000016_Structure_0001,https://drive.google.com/file/d/14fb8sCUuCZjzaEGjJdaN01JyxhyNGCbg/view?usp=sharing,100,100,100,,3,FALSE,TRUE,TRUE,FALSE,FALSE,100,100
358,Alt Prime Rd. 2,2,20220706mouse6_OD_R_2_0_0000016_Structure_0002,https://drive.google.com/file/d/1Ak3u32e5E6yiPlhykAXuUjpjeGRM05G9/view?usp=drive_link,100,,100,100,3,FALSE,TRUE,TRUE,FALSE,FALSE,100,100
359,Alt Prime Rd. 2,2,20220706mouse6_OD_R_2_0_0000016_Structure_0003,https://drive.google.com/file/d/1OaV_DOqK_IWJA-rtLV7W_d5Nu3MVQnhy/view?usp=sharing,100,100,,100,3,FALSE,TRUE,TRUE,FALSE,FALSE,100,100
360,Alt Prime Rd. 2,2,20220706mouse6_OD_R_2_0_0000016_Structure_0004,https://drive.google.com/file/d/1vubeeTUulwRZNSCTm1GRB0lIDDDv8ILU/view?usp=drive_link,,100,100,100,3,FALSE,TRUE,TRUE,FALSE,FALSE,100,100
361,Alt Prime Rd. 2,2,20220706mouse6_OD_R_4_0_0000023_Structure_0001,https://drive.google.com/file/d/1IwdJrOxlCmknZY5s1aZ5llF8iVis-ePT/view?usp=sharing,2,3,2,,3,FALSE,FALSE,TRUE,FALSE,FALSE,2,2
362,Alt Prime Rd. 2,2,20220706mouse6_OD_R_4_0_0000023_Structure_0002,https://drive.google.com/file/d/1109u-NAoeUV2nHzA3TOhCjc84JlTUmwa/view?usp=drive_link,2,2,3,,3,FALSE,FALSE,TRUE,FALSE,FALSE,2,2
363,Alt Prime Rd. 2,2,20220706mouse6_OD_R_4_0_0000023_Structure_0003,https://drive.google.com/file/d/1l6KwdYSAorCIA_AiRdUwamubjfFGxlre/view?usp=sharing,3,2,,3,3,FALSE,FALSE,TRUE,FALSE,FALSE,3,3
364,Alt Prime Rd. 2,2,20220706mouse6_OD_R_4_0_0000023_Structure_0004,https://drive.google.com/file/d/1spsIDCN-QndHNE-JDEKjR_6lGPxEHFXe/view?usp=drive_link,,2,2,2,3,FALSE,TRUE,TRUE,FALSE,FALSE,2,2
365,Alt Prime Rd. 2,2,20220706mouse8_OD_R_2_0_0000023_Structure_0001,https://drive.google.com/file/d/1frNecX9pJPnIstoyBYq6y8LLiK4sVYDB/view?usp=sharing,1,1,1,1,4,TRUE,TRUE,TRUE,FALSE,FALSE,1,1
366,Alt Prime Rd. 2,2,20220706mouse8_OD_R_2_0_0000023_Structure_0002,https://drive.google.com/file/d/1xbNR0ZEAX3yS05acMNVS6o5MPx21akxu/view?usp=drive_link,,1,0.5,1,3,FALSE,FALSE,TRUE,FALSE,FALSE,1,1
367,Alt Prime Rd. 2,2,20220706mouse8_OD_R_2_0_0000023_Structure_0003,https://drive.google.com/file/d/17ZCNCzQZPqG4iSq4weddAu0FJHyrJzUM/view?usp=sharing,100,2,0.5,2,4,FALSE,FALSE,TRUE,FALSE,FALSE,2,2
368,Alt Prime Rd. 2,2,20220706mouse8_OD_R_2_0_0000023_Structure_0004,https://drive.google.com/file/d/1I-TexDfXKneOuMfxVNZt9Xdt7p7Cn_96/view?usp=drive_link,,2,1,1,3,FALSE,FALSE,TRUE,FALSE,FALSE,1,1
369,Alt Prime Rd. 2,2,20220706mouse8_OD_R_4_0_0000016_Structure_0001,https://drive.google.com/file/d/1L-lYj8QZhg0ceL9mn8IuVQD6mdhS7znc/view?usp=sharing,1,1,0.5,2,4,FALSE,FALSE,TRUE,FALSE,FALSE,1,1
370,Alt Prime Rd. 2,2,20220706mouse8_OD_R_4_0_0000016_Structure_0002,https://drive.google.com/file/d/1wDC3fniZcUUKFDQs98USmwkv_QFjeRid/view?usp=drive_link,,0.5,0.5,0.5,3,FALSE,TRUE,TRUE,FALSE,FALSE,0.5,0.5
371,Alt Prime Rd. 2,2,20220706mouse8_OD_R_4_0_0000016_Structure_0003,https://drive.google.com/file/d/1ptfkRfgAo4k8nr-x7M5XSeWlcmRwFb6H/view?usp=sharing,2,2,,2,3,FALSE,TRUE,TRUE,FALSE,FALSE,2,2
372,Alt Prime Rd. 2,2,20220706mouse8_OD_R_4_0_0000016_Structure_0004,https://drive.google.com/file/d/14T5ovDyXkOq8wzmzIm1QvfBLNMaOmy38/view?usp=drive_link,2,2,2,,3,FALSE,TRUE,TRUE,FALSE,FALSE,2,2
373,Alt Prime Rd. 2,2,20220706mouse9_OD_R_2_0_0000016_Structure_0001,https://drive.google.com/file/d/1RCLIy6-8WKaZrkMb55oKinHclrmSjvyR/view?usp=sharing,100,0,100,0.5,4,FALSE,FALSE,TRUE,FALSE,FALSE,100,100
374,Alt Prime Rd. 2,2,20220706mouse9_OD_R_2_0_0000016_Structure_0002,https://drive.google.com/file/d/1BQ5zFP8LFU0YjS9MZVHgFTb9toYO1vPX/view?usp=drive_link,100,100,100,,3,FALSE,TRUE,TRUE,FALSE,FALSE,100,100
375,Alt Prime Rd. 2,2,20220706mouse9_OD_R_2_0_0000016_Structure_0003,https://drive.google.com/file/d/1EwD_O_fJMqEKxAJTn18FT7xw3M3UGe5i/view?usp=sharing,100,0,0,0.5,4,FALSE,FALSE,TRUE,FALSE,FALSE,0,0
376,Alt Prime Rd. 2,2,20220706mouse9_OD_R_2_0_0000016_Structure_0004,https://drive.google.com/file/d/1EoHCew90PAk89oVv63orALXn5XaMPyoh/view?usp=drive_link,,100,100,100,3,FALSE,TRUE,TRUE,FALSE,FALSE,100,100
377,Alt Prime Rd. 2,2,20220706mouse9_OD_R_4_0_0000023_Structure_0001,https://drive.google.com/file/d/10LY4Bn13uCntLrGcQt59PUY498z7HHJU/view?usp=sharing,0.5,0.5,0.5,2,4,FALSE,TRUE,TRUE,FALSE,FALSE,0.5,0.5
378,Alt Prime Rd. 2,2,20220706mouse9_OD_R_4_0_0000023_Structure_0002,https://drive.google.com/file/d/1HQE1j9BRRIF7x9FJC3vtYNOigWh36MfX/view?usp=drive_link,,2,2,2,3,FALSE,TRUE,TRUE,FALSE,FALSE,2,2
379,Alt Prime Rd. 2,2,20220706mouse9_OD_R_4_0_0000023_Structure_0003,https://drive.google.com/file/d/19CkPgts9YnOgmGMIAO864pndK9RdSa9F/view?usp=sharing,0.5,1,0.5,2,4,FALSE,FALSE,TRUE,FALSE,FALSE,0.5,0.5
380,Alt Prime Rd. 2,2,20220706mouse9_OD_R_4_0_0000023_Structure_0004,https://drive.google.com/file/d/1Ct-QekTR8oD0SmH8Z5WnMon39WmsLNGH/view?usp=drive_link,,2,2,2,3,FALSE,TRUE,TRUE,FALSE,FALSE,2,2
381,Alt Prime Rd. 2,7,20220706mouse1_OD_R_2_0_0000037_Structure_0001,https://drive.google.com/file/d/1ATnjqC66jcsEfYZHtQDPno566Aaceqon/view?usp=sharing,100,0,100,0,4,FALSE,FALSE,TRUE,TRUE,TRUE,100,100
382,Alt Prime Rd. 2,7,20220706mouse1_OD_R_2_0_0000037_Structure_0002,https://drive.google.com/file/d/1zfhhm0Vfcplb_O4Nra_jGj2La_LBP1l3/view?usp=drive_link,,0,0,0,3,FALSE,TRUE,TRUE,FALSE,FALSE,0,0
383,Alt Prime Rd. 2,7,20220706mouse1_OD_R_2_0_0000037_Structure_0003,https://drive.google.com/file/d/1z7PJXlJuHOxrM62nbUthDhTLVM_2zjv8/view?usp=sharing,100,100,100,,3,FALSE,TRUE,TRUE,FALSE,FALSE,100,100
384,Alt Prime Rd. 2,7,20220706mouse1_OD_R_2_0_0000037_Structure_0004,https://drive.google.com/file/d/1RYGmH8vXy5p4wZEJKclgInn7BuO52ffK/view?usp=drive_link,,100,0,0,3,FALSE,TRUE,TRUE,FALSE,FALSE,0,0
385,Alt Prime Rd. 2,7,20220706mouse1_OD_R_4_0_0000030_Structure_0001,https://drive.google.com/file/d/1mO_gyTbYTVyD1m9kSY8EtUDFiGb7OgGE/view?usp=sharing,0.5,0.5,0.5,,3,FALSE,TRUE,TRUE,FALSE,FALSE,0.5,0.5
386,Alt Prime Rd. 2,7,20220706mouse1_OD_R_4_0_0000030_Structure_0002,https://drive.google.com/file/d/1TdMDEZ5rKNR6DsL4ZFpx4CXsmZ50C5an/view?usp=drive_link,,0.5,0.5,0.5,3,FALSE,TRUE,TRUE,FALSE,FALSE,0.5,0.5
387,Alt Prime Rd. 2,7,20220706mouse1_OD_R_4_0_0000030_Structure_0003,https://drive.google.com/file/d/1dIDUkhhywXRSPP-_g2zAvUE8aA4GV6UA/view?usp=sharing,0,0.5,0.5,2,4,FALSE,FALSE,TRUE,FALSE,FALSE,0.5,0.5
388,Alt Prime Rd. 2,7,20220706mouse1_OD_R_4_0_0000030_Structure_0004,https://drive.google.com/file/d/1EwyP-2Sdd3J4EiD6gH7xzZAAv-25aU8K/view?usp=drive_link,,0.5,0.5,0.5,3,FALSE,TRUE,TRUE,FALSE,FALSE,0.5,0.5
389,Alt Prime Rd. 2,7,20220706mouse2_OD_R_2_0_0000030_Structure_0001,https://drive.google.com/file/d/1RTHR5l8ig18gQHR5kyrRjo4rhyflDQUj/view?usp=sharing,0.5,100,100,,3,FALSE,FALSE,TRUE,FALSE,FALSE,100,100
390,Alt Prime Rd. 2,7,20220706mouse2_OD_R_2_0_0000030_Structure_0002,https://drive.google.com/file/d/11z3M6a7YjUSTcXM-F05V6JDs7Y3S1qzY/view?usp=drive_link,100,100,100,,3,FALSE,TRUE,TRUE,FALSE,FALSE,100,100
391,Alt Prime Rd. 2,7,20220706mouse2_OD_R_2_0_0000030_Structure_0003,https://drive.google.com/file/d/1QljEitmG0doPWtem_pibCKBrEvRcF5IP/view?usp=sharing,100,100,100,,3,FALSE,TRUE,TRUE,FALSE,FALSE,100,100
392,Alt Prime Rd. 2,7,20220706mouse2_OD_R_2_0_0000030_Structure_0004,https://drive.google.com/file/d/1grDStSVf0CbOobZ6eolLHVp1PITymj5I/view?usp=drive_link,,100,0,100,3,FALSE,FALSE,TRUE,FALSE,FALSE,100,100
393,Alt Prime Rd. 2,7,20220706mouse2_OD_R_4_0_0000037_Structure_0001,https://drive.google.com/file/d/12PKYHjeX24B3qUTyJX98BpqmETWGoklt/view?usp=sharing,2,1,0.5,1,4,FALSE,FALSE,TRUE,FALSE,FALSE,1,1
394,Alt Prime Rd. 2,7,20220706mouse2_OD_R_4_0_0000037_Structure_0002,https://drive.google.com/file/d/1Yewzfo3Rw5H9mrVT52vIFuKNEBB08g3i/view?usp=drive_link,,0.5,0.5,0.5,3,FALSE,TRUE,TRUE,FALSE,FALSE,0.5,0.5
395,Alt Prime Rd. 2,7,20220706mouse2_OD_R_4_0_0000037_Structure_0003,https://drive.google.com/file/d/1kN4Ia549WjdZ6rEMiCJVvgnaSlmUNTa2/view?usp=sharing,0.5,0.5,0.5,1,4,FALSE,TRUE,TRUE,FALSE,FALSE,0.5,0.5
396,Alt Prime Rd. 2,7,20220706mouse2_OD_R_4_0_0000037_Structure_0004,https://drive.google.com/file/d/1f-Y7YQ4BE-VGJtuKju85k8Vv7Rxt8Uwe/view?usp=drive_link,,0.5,0.5,0.5,3,FALSE,TRUE,TRUE,FALSE,FALSE,0.5,0.5
397,Alt Prime Rd. 2,7,20220706mouse3_OD_R_2_0_0000030_Structure_0001,https://drive.google.com/file/d/1-LudZPdRIrHHvE8FdffojZYdfsW73KKv/view?usp=sharing,1,0.5,2,1,4,FALSE,FALSE,TRUE,FALSE,FALSE,1,1
398,Alt Prime Rd. 2,7,20220706mouse3_OD_R_2_0_0000030_Structure_0002,https://drive.google.com/file/d/18SduCxx6Bet-HFK7nSa2OhQA2wSTQYrZ/view?usp=drive_link,0.5,0.5,0.5,,3,FALSE,TRUE,TRUE,FALSE,FALSE,0.5,0.5
399,Alt Prime Rd. 2,7,20220706mouse3_OD_R_2_0_0000030_Structure_0003,https://drive.google.com/file/d/1oKc9qyB8XTprPRwZfIiKYnf4VGl23fax/view?usp=sharing,0.5,0.5,0.5,,3,FALSE,TRUE,TRUE,FALSE,FALSE,0.5,0.5
400,Alt Prime Rd. 2,7,20220706mouse3_OD_R_2_0_0000030_Structure_0004,https://drive.google.com/file/d/1qfm7tz01zOK6o6KfjCJRcXp4PDFYQvTB/view?usp=drive_link,,1,0.5,1,3,FALSE,FALSE,TRUE,FALSE,FALSE,1,1
401,Alt Prime Rd. 2,7,20220706mouse3_OD_R_4_0_0000037_Structure_0001,https://drive.google.com/file/d/1i2Dlg9r3kV5Pp-iKMhyBsfKWDxQ7raUg/view?usp=sharing,1,0.5,0.5,0.5,4,FALSE,TRUE,TRUE,FALSE,FALSE,0.5,0.5
402,Alt Prime Rd. 2,7,20220706mouse3_OD_R_4_0_0000037_Structure_0002,https://drive.google.com/file/d/1sq3HB4fEWvYV0h0TimKJaf8qseZyciEd/view?usp=drive_link,,0.5,0.5,0.5,3,FALSE,TRUE,TRUE,FALSE,FALSE,0.5,0.5
403,Alt Prime Rd. 2,7,20220706mouse3_OD_R_4_0_0000037_Structure_0003,https://drive.google.com/file/d/10QeD1SGQW9IzZ-1873qPhdQnp_BxN_a8/view?usp=sharing,0.5,0.5,0.5,0.5,4,TRUE,TRUE,TRUE,FALSE,FALSE,0.5,0.5
404,Alt Prime Rd. 2,7,20220706mouse3_OD_R_4_0_0000037_Structure_0004,https://drive.google.com/file/d/1PR9z9MSHC6poZuQOWXQOHghU32KhYSfO/view?usp=drive_link,,1,0.5,1,3,FALSE,FALSE,TRUE,FALSE,FALSE,1,1
405,Alt Prime Rd. 2,7,20220706mouse4_OD_R_2_0_0000038_Structure_0001,https://drive.google.com/file/d/11uYa0ccoe21WqqXP9muxpYNDTxwq9ZpZ/view?usp=sharing,1,1,1,1,4,TRUE,TRUE,TRUE,FALSE,FALSE,1,1
406,Alt Prime Rd. 2,7,20220706mouse4_OD_R_2_0_0000038_Structure_0002,https://drive.google.com/file/d/1OdfD1JqiD6rKh0_H8TRE-E3eakBgvKWq/view?usp=drive_link,,1,1,1,3,FALSE,TRUE,TRUE,FALSE,FALSE,1,1
407,Alt Prime Rd. 2,7,20220706mouse4_OD_R_2_0_0000038_Structure_0003,https://drive.google.com/file/d/1mf7N_UNr5AZ2gI3yN8mJYeJM7_w0aXaV/view?usp=sharing,2,1,1,,3,FALSE,FALSE,TRUE,FALSE,FALSE,1,1
408,Alt Prime Rd. 2,7,20220706mouse4_OD_R_2_0_0000038_Structure_0004,https://drive.google.com/file/d/1Qcyt8-Fht2S62meWKXfJhEl8ciFOhQo9/view?usp=drive_link,,1,1,1,3,FALSE,TRUE,TRUE,FALSE,FALSE,1,1
409,Alt Prime Rd. 2,7,20220706mouse4_OD_R_4_0_0000031_Structure_0001,https://drive.google.com/file/d/1l8sy3ogZhlU4VTkGkoB0dYCV6J3TVgUd/view?usp=sharing,0.5,0.5,0,0.5,4,FALSE,TRUE,TRUE,FALSE,FALSE,0.5,0.5
410,Alt Prime Rd. 2,7,20220706mouse4_OD_R_4_0_0000031_Structure_0002,https://drive.google.com/file/d/1-LB7s8Gofb7TOhTrSkD3e_Htrko_GTKF/view?usp=drive_link,0.5,0.5,0,,3,FALSE,FALSE,TRUE,FALSE,FALSE,0.5,0.5
411,Alt Prime Rd. 2,7,20220706mouse4_OD_R_4_0_0000031_Structure_0003,https://drive.google.com/file/d/1jIrhaZrLIYTLaSMOagqkDiStHDTYOEv8/view?usp=sharing,0.5,1,0.5,0.5,4,FALSE,TRUE,TRUE,FALSE,FALSE,0.5,0.5
412,Alt Prime Rd. 2,7,20220706mouse4_OD_R_4_0_0000031_Structure_0004,https://drive.google.com/file/d/1IaOOuqpVVevz6cGQPIAlQKm_sfB0Z4ww/view?usp=drive_link,,2,2,2,3,FALSE,TRUE,TRUE,FALSE,FALSE,2,2
413,Alt Prime Rd. 2,7,20220706mouse5_OD_R_2_0_0000038_Structure_0001,https://drive.google.com/file/d/1U-URcoKVYrWhrLG6cGTwf_FaoLSF8YV2/view?usp=sharing,0.5,0,,0.5,3,FALSE,FALSE,TRUE,FALSE,FALSE,0.5,0.5
414,Alt Prime Rd. 2,7,20220706mouse5_OD_R_2_0_0000038_Structure_0002,https://drive.google.com/file/d/1IRb6nif0rLAl_ZNKjTNtMW5tKFz5WpU3/view?usp=drive_link,,0,0,0,3,FALSE,TRUE,TRUE,FALSE,FALSE,0,0
415,Alt Prime Rd. 2,7,20220706mouse5_OD_R_2_0_0000038_Structure_0003,https://drive.google.com/file/d/1C9pM7Mj6ouW8-dMr84r64vyoUXtdhODS/view?usp=sharing,100,1,0.5,0.5,4,FALSE,FALSE,TRUE,FALSE,FALSE,0.5,0.5
416,Alt Prime Rd. 2,7,20220706mouse5_OD_R_2_0_0000038_Structure_0004,https://drive.google.com/file/d/1IC6rjJKFzEOurohrEn4DpW051d59Y30b/view?usp=drive_link,,0.5,0.5,0.5,3,FALSE,TRUE,TRUE,FALSE,FALSE,0.5,0.5
417,Alt Prime Rd. 2,7,20220706mouse5_OD_R_4_0_0000031_Structure_0001,https://drive.google.com/file/d/10yAFqBwFZAG0sroUlcfDZnKEmycxR3jH/view?usp=sharing,0.5,0.5,0.5,0.5,4,TRUE,TRUE,TRUE,FALSE,FALSE,0.5,0.5
418,Alt Prime Rd. 2,7,20220706mouse5_OD_R_4_0_0000031_Structure_0002,https://drive.google.com/file/d/1FgZTSIKvffueD7EinGqIsF4HGN9EBrhr/view?usp=drive_link,,0.5,0.5,0.5,3,FALSE,TRUE,TRUE,FALSE,FALSE,0.5,0.5
419,Alt Prime Rd. 2,7,20220706mouse5_OD_R_4_0_0000031_Structure_0003,https://drive.google.com/file/d/1XV5vnAzd_MSquWwUa7SYap57fDSkHlp7/view?usp=sharing,0.5,0.5,,0.5,3,FALSE,TRUE,TRUE,FALSE,FALSE,0.5,0.5
420,Alt Prime Rd. 2,7,20220706mouse5_OD_R_4_0_0000031_Structure_0004,https://drive.google.com/file/d/1ycSR0MURu3Mjma0yHqT4jwOf6YRegaLL/view?usp=drive_link,,0.5,0.5,0.5,3,FALSE,TRUE,TRUE,FALSE,FALSE,0.5,0.5
421,Alt Prime Rd. 2,7,20220706mouse6_OD_R_2_0_0000030_Structure_0001,https://drive.google.com/file/d/1sJlUEa31SV7Fa_8-lP07gPfZPyl-Gc5r/view?usp=sharing,0,0,,0,3,FALSE,TRUE,TRUE,FALSE,FALSE,0,0
422,Alt Prime Rd. 2,7,20220706mouse6_OD_R_2_0_0000030_Structure_0002,https://drive.google.com/file/d/1Q1jS-lilfTYu8y5GO5qlPS6qvm1WGFgD/view?usp=drive_link,,0,0,0,3,FALSE,TRUE,TRUE,FALSE,FALSE,0,0
423,Alt Prime Rd. 2,7,20220706mouse6_OD_R_2_0_0000030_Structure_0003,https://drive.google.com/file/d/1taJKijh0gjs4Kzl3MgwgEOYE4K1ICyMy/view?usp=sharing,0,0,,0,3,FALSE,TRUE,TRUE,FALSE,FALSE,0,0
424,Alt Prime Rd. 2,7,20220706mouse6_OD_R_2_0_0000030_Structure_0004,https://drive.google.com/file/d/1wlZb92Dj3pVpGpOX7Zx8zmAUC0BFu6zc/view?usp=drive_link,,0,0,0,3,FALSE,TRUE,TRUE,FALSE,FALSE,0,0
425,Alt Prime Rd. 2,7,20220706mouse6_OD_R_4_0_0000037_Structure_0001,https://drive.google.com/file/d/1f2Vx1F0FWuafxGdAoTzVEYibXsrZp8WM/view?usp=sharing,100,100,0.5,,3,FALSE,FALSE,TRUE,FALSE,FALSE,100,100
426,Alt Prime Rd. 2,7,20220706mouse6_OD_R_4_0_0000037_Structure_0002,https://drive.google.com/file/d/1evesux9CzZC9EmAa3Lhuoxzl7Y-QgfFf/view?usp=drive_link,,0.5,0.5,0.5,3,FALSE,TRUE,TRUE,FALSE,FALSE,0.5,0.5
427,Alt Prime Rd. 2,7,20220706mouse6_OD_R_4_0_0000037_Structure_0003,https://drive.google.com/file/d/1i1deH8Nxp24g5cK5RJr2nLqV-j2vcS11/view?usp=sharing,100,0.5,0.5,,3,FALSE,FALSE,TRUE,FALSE,FALSE,0.5,0.5
428,Alt Prime Rd. 2,7,20220706mouse6_OD_R_4_0_0000037_Structure_0004,https://drive.google.com/file/d/1i_E7RWZ0hueuZA1SDAr0s_hQqu3Zx1Wk/view?usp=drive_link,,0.5,0.5,0.5,3,FALSE,TRUE,TRUE,FALSE,FALSE,0.5,0.5
429,Alt Prime Rd. 2,7,20220706mouse8_OD_R_2_0_0000037_Structure_0001,https://drive.google.com/file/d/1rwcgMhbLHSdNITkFdTyGTowxBYsA1v5u/view?usp=sharing,1,1,1,1,4,TRUE,TRUE,TRUE,FALSE,FALSE,1,1
430,Alt Prime Rd. 2,7,20220706mouse8_OD_R_2_0_0000037_Structure_0002,https://drive.google.com/file/d/137V10AQDBNRvzjYe9Aboljks6SH-fYgC/view?usp=drive_link,1,,1,1,3,FALSE,TRUE,TRUE,FALSE,FALSE,1,1
431,Alt Prime Rd. 2,7,20220706mouse8_OD_R_2_0_0000037_Structure_0003,https://drive.google.com/file/d/1DYCw7GNgmVywjCEhjU3dvqqOOjUyMdKl/view?usp=sharing,1,1,0.5,1,4,FALSE,TRUE,TRUE,FALSE,FALSE,1,1
432,Alt Prime Rd. 2,7,20220706mouse8_OD_R_2_0_0000037_Structure_0004,https://drive.google.com/file/d/1y4WmAWtDLK0fjMkb5aCNOHtAfTj5uy1I/view?usp=drive_link,,1,1,1,3,FALSE,TRUE,TRUE,FALSE,FALSE,1,1
433,Alt Prime Rd. 2,7,20220706mouse8_OD_R_4_0_0000030_Structure_0001,https://drive.google.com/file/d/1cfe6uWQrjrTvBL49_xY6cUhX6kLRSlbx/view?usp=sharing,0,0.5,0.5,0.5,4,FALSE,TRUE,TRUE,FALSE,FALSE,0.5,0.5
434,Alt Prime Rd. 2,7,20220706mouse8_OD_R_4_0_0000030_Structure_0002,https://drive.google.com/file/d/1mZECM4armZyxFMxVqrT77QohZ5SKCvk0/view?usp=drive_link,,0,0,0,3,FALSE,TRUE,TRUE,FALSE,FALSE,0,0
435,Alt Prime Rd. 2,7,20220706mouse8_OD_R_4_0_0000030_Structure_0003,https://drive.google.com/file/d/1xBc8ZhepSGqTHWZ9HZmvESaN9jGB9cc7/view?usp=sharing,0.5,0.5,0.5,0.5,4,TRUE,TRUE,TRUE,FALSE,FALSE,0.5,0.5
436,Alt Prime Rd. 2,7,20220706mouse8_OD_R_4_0_0000030_Structure_0004,https://drive.google.com/file/d/1E7l7j6FIfgJ-1Xq74UZANHRpiByubZ35/view?usp=drive_link,,0.5,0.5,0.5,3,FALSE,TRUE,TRUE,FALSE,FALSE,0.5,0.5
437,Alt Prime Rd. 2,7,20220706mouse9_OD_R_2_0_0000030_Structure_0001,https://drive.google.com/file/d/1QQk8OhOtCQX8bMNh2x7pKUWC4xol1Xrn/view?usp=sharing,100,100,,100,3,FALSE,TRUE,TRUE,FALSE,FALSE,100,100
438,Alt Prime Rd. 2,7,20220706mouse9_OD_R_2_0_0000030_Structure_0002,https://drive.google.com/file/d/12UEmbHCDOHOPpcrYu7V83t7C2lUPpnCG/view?usp=drive_link,100,100,100,,3,FALSE,TRUE,TRUE,FALSE,FALSE,100,100
439,Alt Prime Rd. 2,7,20220706mouse9_OD_R_2_0_0000030_Structure_0003,https://drive.google.com/file/d/1CedasButUve9u5l2em4h2xdAyiHT-VpF/view?usp=sharing,100,100,100,100,4,TRUE,TRUE,TRUE,FALSE,FALSE,100,100
440,Alt Prime Rd. 2,7,20220706mouse9_OD_R_2_0_0000030_Structure_0004,https://drive.google.com/file/d/1h0RDtoYtSwlyCyV24JV8dyPKGhjc5XvM/view?usp=drive_link,,100,100,100,3,FALSE,TRUE,TRUE,FALSE,FALSE,100,100
441,Alt Prime Rd. 2,7,20220706mouse9_OD_R_4_0_0000037_Structure_0001,https://drive.google.com/file/d/1gb85LkP2DQoqg-_jAclDT8q-KTInpRiE/view?usp=sharing,0.5,0.5,0,0.5,4,FALSE,TRUE,TRUE,FALSE,FALSE,0.5,0.5
442,Alt Prime Rd. 2,7,20220706mouse9_OD_R_4_0_0000037_Structure_0002,https://drive.google.com/file/d/1D6CsK8i9cx5NJ2LgowRTyMG9MT0mjDA6/view?usp=drive_link,,0.5,0.5,0.5,3,FALSE,TRUE,TRUE,FALSE,FALSE,0.5,0.5
443,Alt Prime Rd. 2,7,20220706mouse9_OD_R_4_0_0000037_Structure_0003,https://drive.google.com/file/d/1UnP3R52cio9sKTdOplYMTiNu-kI0oVJm/view?usp=sharing,0,0.5,0,0.5,4,FALSE,FALSE,TRUE,TRUE,FALSE,0,0
444,Alt Prime Rd. 2,7,20220706mouse9_OD_R_4_0_0000037_Structure_0004,https://drive.google.com/file/d/1uJk9Ukp3bj3s8MBSXs63WD4MawvL0oX1/view?usp=drive_link,,0.5,0.5,0.5,3,FALSE,TRUE,TRUE,FALSE,FALSE,0.5,0.5
445,Alt Prime Rd. 2,14,20220706mouse1_OD_R_2_0_0000044_Structure_0001,https://drive.google.com/file/d/1rF3ztEr_KiaXH8QgB508CDh30pZa08Dv/view?usp=sharing,0,0,0,0,4,TRUE,TRUE,TRUE,FALSE,FALSE,0,0
446,Alt Prime Rd. 2,14,20220706mouse1_OD_R_2_0_0000044_Structure_0002,https://drive.google.com/file/d/1K6px8RZNIOsV1wEmDYUMeYEbQxfRIOI_/view?usp=drive_link,,0,0,0,3,FALSE,TRUE,TRUE,FALSE,FALSE,0,0
447,Alt Prime Rd. 2,14,20220706mouse1_OD_R_2_0_0000044_Structure_0003,https://drive.google.com/file/d/1PpmITEJt7MpLTpmC3Ju10YpPQVKqeO71/view?usp=sharing,0,0,0,0,4,TRUE,TRUE,TRUE,FALSE,FALSE,0,0
448,Alt Prime Rd. 2,14,20220706mouse1_OD_R_2_0_0000044_Structure_0004,https://drive.google.com/file/d/1PiGRX3fqiTdNofSnVebYUIlZhtW1ksHP/view?usp=drive_link,,0.5,0,0,3,FALSE,TRUE,TRUE,FALSE,FALSE,0,0
449,Alt Prime Rd. 2,14,20220706mouse1_OD_R_4_0_0000051_Structure_0001,https://drive.google.com/file/d/1ZLX7q_GUJUj5EjN2SvjDRvCCpwfpNlub/view?usp=sharing,0.5,0.5,0.5,,3,FALSE,TRUE,TRUE,FALSE,FALSE,0.5,0.5
450,Alt Prime Rd. 2,14,20220706mouse1_OD_R_4_0_0000051_Structure_0002,https://drive.google.com/file/d/1zqE2uBHb6PJc9jCQV5cH8Q6fFuhIGB1i/view?usp=drive_link,,0.5,0.5,0.5,3,FALSE,TRUE,TRUE,FALSE,FALSE,0.5,0.5
451,Alt Prime Rd. 2,14,20220706mouse1_OD_R_4_0_0000051_Structure_0003,https://drive.google.com/file/d/1WUu7yplggPXQONPmmQzZgpgX13BqZMrj/view?usp=sharing,0.5,0.5,0.5,,3,FALSE,TRUE,TRUE,FALSE,FALSE,0.5,0.5
452,Alt Prime Rd. 2,14,20220706mouse1_OD_R_4_0_0000051_Structure_0004,https://drive.google.com/file/d/1Tauj7UldOiNtEp8PRF4tGxnsbB0OkJ0y/view?usp=drive_link,,0.5,0.5,0.5,3,FALSE,TRUE,TRUE,FALSE,FALSE,0.5,0.5
453,Alt Prime Rd. 2,14,20220706mouse2_OD_R_2_0_0000051_Structure_0001,https://drive.google.com/file/d/1zpkLYzoFe0PFx1Rctse6s68piUyKKv2N/view?usp=sharing,0,0,0,,3,FALSE,TRUE,TRUE,FALSE,FALSE,0,0
454,Alt Prime Rd. 2,14,20220706mouse2_OD_R_2_0_0000051_Structure_0002,https://drive.google.com/file/d/1Fv7alRnPGkfQyZB6FFHXojhKj1qGxjq7/view?usp=drive_link,,1,0.5,1,3,FALSE,FALSE,TRUE,FALSE,FALSE,1,1
455,Alt Prime Rd. 2,14,20220706mouse2_OD_R_2_0_0000051_Structure_0003,https://drive.google.com/file/d/11L9JhEQVHxzYWzKKMTs9iIz1hBL23MNk/view?usp=sharing,0,0,0,0,4,TRUE,TRUE,TRUE,FALSE,FALSE,0,0
456,Alt Prime Rd. 2,14,20220706mouse2_OD_R_2_0_0000051_Structure_0004,https://drive.google.com/file/d/1PEIMLtD-hYDIO_KqE5vNu24gMFNBTUw1/view?usp=drive_link,,100,0.5,0.5,3,FALSE,FALSE,TRUE,FALSE,FALSE,0.5,0.5
457,Alt Prime Rd. 2,14,20220706mouse2_OD_R_4_0_0000044_Structure_0001,https://drive.google.com/file/d/1BnFAfBTlcOYJHlDlmnKd8ryUq-8caz-Z/view?usp=sharing,0.5,0.5,0.5,0.5,4,TRUE,TRUE,TRUE,FALSE,FALSE,0.5,0.5
458,Alt Prime Rd. 2,14,20220706mouse2_OD_R_4_0_0000044_Structure_0002,https://drive.google.com/file/d/1qXz71arnUNP5u8-IO0p9wRcydlF6skX7/view?usp=drive_link,,0.5,0,0.5,3,FALSE,FALSE,TRUE,FALSE,FALSE,0.5,0.5
459,Alt Prime Rd. 2,14,20220706mouse2_OD_R_4_0_0000044_Structure_0003,https://drive.google.com/file/d/1R7KY3h_lKxOUmPMZ8aVGdRZxCM1TzhAb/view?usp=sharing,0,0,0.5,,3,FALSE,TRUE,TRUE,FALSE,FALSE,0,0
460,Alt Prime Rd. 2,14,20220706mouse2_OD_R_4_0_0000044_Structure_0004,https://drive.google.com/file/d/1WA00pMmB5esy0HeGfCFAbXBgyc1V0ORr/view?usp=drive_link,,2,2,2,3,FALSE,TRUE,TRUE,FALSE,FALSE,2,2
461,Alt Prime Rd. 2,14,20220706mouse3_OD_R_2_0_0000051_Structure_0001,https://drive.google.com/file/d/1WsXP3JQJRvTzKHlBhsI8vMdGNbQDwSki/view?usp=sharing,0.5,0.5,,0.5,3,FALSE,TRUE,TRUE,FALSE,FALSE,0.5,0.5
462,Alt Prime Rd. 2,14,20220706mouse3_OD_R_2_0_0000051_Structure_0002,https://drive.google.com/file/d/1PHA4agyyIpwnXCXtSPx7p7Zr2bfmMuOS/view?usp=drive_link,,0.5,0.5,0.5,3,FALSE,TRUE,TRUE,FALSE,FALSE,0.5,0.5
463,Alt Prime Rd. 2,14,20220706mouse3_OD_R_2_0_0000051_Structure_0003,https://drive.google.com/file/d/16yS-FwyGKWGRlici-MspUvVGhvOL69hD/view?usp=sharing,1,0.5,0.5,0.5,4,FALSE,TRUE,TRUE,FALSE,FALSE,0.5,0.5
464,Alt Prime Rd. 2,14,20220706mouse3_OD_R_2_0_0000051_Structure_0004,https://drive.google.com/file/d/1n0P0fs3Egh56jzKeV76GhfzPNao-Johj/view?usp=drive_link,,1,0.5,0.5,3,FALSE,FALSE,TRUE,FALSE,FALSE,0.5,0.5
465,Alt Prime Rd. 2,14,20220706mouse3_OD_R_4_0_0000044_Structure_0001,https://drive.google.com/file/d/13tm-ka_Dcjh6EHMfZ09KtE9gLHj9GO3p/view?usp=sharing,0.5,1,0.5,0.5,4,FALSE,TRUE,TRUE,FALSE,FALSE,0.5,0.5
466,Alt Prime Rd. 2,14,20220706mouse3_OD_R_4_0_0000044_Structure_0002,https://drive.google.com/file/d/1xjioA81Kq2nB73Z6FEF2FUS2z9YNothz/view?usp=drive_link,,0,0,0,3,FALSE,TRUE,TRUE,FALSE,FALSE,0,0
467,Alt Prime Rd. 2,14,20220706mouse3_OD_R_4_0_0000044_Structure_0003,https://drive.google.com/file/d/1PocnWd10wAIJW9ovj2a4QTCPZCptH4Dc/view?usp=sharing,0,0,,0,3,FALSE,TRUE,TRUE,FALSE,FALSE,0,0
468,Alt Prime Rd. 2,14,20220706mouse3_OD_R_4_0_0000044_Structure_0004,https://drive.google.com/file/d/1Pze1Jm4LJHwivaUwUcd7f3iWxV7EaXPl/view?usp=drive_link,,0.5,0,0.5,3,FALSE,FALSE,TRUE,FALSE,FALSE,0.5,0.5
469,Alt Prime Rd. 2,14,20220706mouse4_OD_R_2_0_0000045_Structure_0001,https://drive.google.com/file/d/1YPId_m0D3sRWfaurjAPPEtV4G_JfdMtL/view?usp=sharing,3,3,,3,3,FALSE,TRUE,TRUE,FALSE,FALSE,3,3
470,Alt Prime Rd. 2,14,20220706mouse4_OD_R_2_0_0000045_Structure_0002,https://drive.google.com/file/d/12tlx04nLx2V7BniZlv8NPAJDlBUYDTox/view?usp=drive_link,2,2,2,,3,FALSE,TRUE,TRUE,FALSE,FALSE,2,2
471,Alt Prime Rd. 2,14,20220706mouse4_OD_R_2_0_0000045_Structure_0003,https://drive.google.com/file/d/1ykPiFPtWvvgvzQyvmP7Or2xIkfDskVze/view?usp=sharing,2,2,,2,3,FALSE,TRUE,TRUE,FALSE,FALSE,2,2
472,Alt Prime Rd. 2,14,20220706mouse4_OD_R_2_0_0000045_Structure_0004,https://drive.google.com/file/d/10fUIvDwGeffnIm67R5SMs8-gqoqX6UF4/view?usp=drive_link,1,2,1,,3,FALSE,FALSE,TRUE,FALSE,FALSE,1,1
473,Alt Prime Rd. 2,14,20220706mouse4_OD_R_4_0_0000052_Structure_0001,https://drive.google.com/file/d/1dA8GGY7AMucgb_AZ-DLauepxrzbDCIKn/view?usp=sharing,0.5,1,1,1,4,FALSE,TRUE,TRUE,FALSE,FALSE,1,1
474,Alt Prime Rd. 2,14,20220706mouse4_OD_R_4_0_0000052_Structure_0002,https://drive.google.com/file/d/1OnYDJoVd_02oY3lUeqkJuFKzIOiHV0GF/view?usp=drive_link,,1,1,1,3,FALSE,TRUE,TRUE,FALSE,FALSE,1,1
475,Alt Prime Rd. 2,14,20220706mouse4_OD_R_4_0_0000052_Structure_0003,https://drive.google.com/file/d/1UITXVxg_yvxo1EVXETV8Nd0hqsXlpTrP/view?usp=sharing,1,1,,2,3,FALSE,FALSE,TRUE,FALSE,FALSE,1,1
476,Alt Prime Rd. 2,14,20220706mouse4_OD_R_4_0_0000052_Structure_0004,https://drive.google.com/file/d/1vboWg75mwE8daP4YjHF9KwiQVTSYpjur/view?usp=drive_link,,1,2,2,3,FALSE,FALSE,TRUE,FALSE,FALSE,2,2
477,Alt Prime Rd. 2,14,20220706mouse5_OD_R_2_0_0000052_Structure_0001,https://drive.google.com/file/d/13Ybo4a6MBjeJdHn-m5mHVDDDRMpovHw_/view?usp=sharing,100,0,0,0,4,FALSE,TRUE,TRUE,FALSE,FALSE,0,0
478,Alt Prime Rd. 2,14,20220706mouse5_OD_R_2_0_0000052_Structure_0002,https://drive.google.com/file/d/1gxpKMvzfYZfB09D71rR36fpRrwngWDTy/view?usp=drive_link,,0.5,0.5,0.5,3,FALSE,TRUE,TRUE,FALSE,FALSE,0.5,0.5
479,Alt Prime Rd. 2,14,20220706mouse5_OD_R_2_0_0000052_Structure_0003,https://drive.google.com/file/d/1UQ9OLebw22F2xwSZoqT5KuacLq6PimZ8/view?usp=sharing,0,0,,0,3,FALSE,TRUE,TRUE,FALSE,FALSE,0,0
480,Alt Prime Rd. 2,14,20220706mouse5_OD_R_2_0_0000052_Structure_0004,https://drive.google.com/file/d/1AFAm9tLdBblAmYpshkLYe9KTxA1d1f6h/view?usp=drive_link,0,0,0,,3,FALSE,TRUE,TRUE,FALSE,FALSE,0,0
481,Alt Prime Rd. 2,14,20220706mouse5_OD_R_4_0_0000045_Structure_0001,https://drive.google.com/file/d/1i_JXZ3cCKyW-CxKAxA1tblfTTx9w2R1S/view?usp=sharing,0.5,0.5,0,0.5,4,FALSE,TRUE,TRUE,FALSE,FALSE,0.5,0.5
482,Alt Prime Rd. 2,14,20220706mouse5_OD_R_4_0_0000045_Structure_0002,https://drive.google.com/file/d/1XGI5z36Up8kKN-B7rSPTDDzQugxwprxc/view?usp=drive_link,,0,0,0,3,FALSE,TRUE,TRUE,FALSE,FALSE,0,0
483,Alt Prime Rd. 2,14,20220706mouse5_OD_R_4_0_0000045_Structure_0003,https://drive.google.com/file/d/1BE1WZOGkOfeAgl56PoZnNd7XPqP7CNq-/view?usp=sharing,2,2,2,2,4,TRUE,TRUE,TRUE,FALSE,FALSE,2,2
484,Alt Prime Rd. 2,14,20220706mouse5_OD_R_4_0_0000045_Structure_0004,https://drive.google.com/file/d/1Wmy_0Rb77iOcEOQ_8vJPAa09b-eaIDj2/view?usp=drive_link,,0.5,0.5,0.5,3,FALSE,TRUE,TRUE,FALSE,FALSE,0.5,0.5
485,Alt Prime Rd. 2,14,20220706mouse6_OD_R_2_0_0000051_Structure_0001,https://drive.google.com/file/d/1FaY7X5n4GkFKEblm1FlKHp96pmriWkA-/view?usp=sharing,100,100,100,,3,FALSE,TRUE,TRUE,FALSE,FALSE,100,100
486,Alt Prime Rd. 2,14,20220706mouse6_OD_R_2_0_0000051_Structure_0002,https://drive.google.com/file/d/15Mn7OVOBJFP76oBCnNAWC79vT8JV4u2e/view?usp=drive_link,100,100,100,,3,FALSE,TRUE,TRUE,FALSE,FALSE,100,100
487,Alt Prime Rd. 2,14,20220706mouse6_OD_R_2_0_0000051_Structure_0003,https://drive.google.com/file/d/1MW4abaXNsecR-eYoruh5q2MoSbvY7w9x/view?usp=sharing,100,100,,100,3,FALSE,TRUE,TRUE,FALSE,FALSE,100,100
488,Alt Prime Rd. 2,14,20220706mouse6_OD_R_2_0_0000051_Structure_0004,https://drive.google.com/file/d/18IejR3lUYf07x8aOao86i3sNxuxX0pQz/view?usp=drive_link,100,100,100,,3,FALSE,TRUE,TRUE,FALSE,FALSE,100,100
489,Alt Prime Rd. 2,14,20220706mouse6_OD_R_4_0_0000044_Structure_0001,https://drive.google.com/file/d/1TdS9bprnP7IFfmI674BcQQcbpj3YLlsa/view?usp=sharing,100,100,,100,3,FALSE,TRUE,TRUE,FALSE,FALSE,100,100
490,Alt Prime Rd. 2,14,20220706mouse6_OD_R_4_0_0000044_Structure_0002,https://drive.google.com/file/d/1bbCDh-whU6xxG3NU3HjtJWQkaR41qZ4h/view?usp=drive_link,100,100,100,,3,FALSE,TRUE,TRUE,FALSE,FALSE,100,100
491,Alt Prime Rd. 2,14,20220706mouse6_OD_R_4_0_0000044_Structure_0003,https://drive.google.com/file/d/1RwYKxjjJPwkiKP9Yr7n7r-0a26XtKmL-/view?usp=sharing,100,100,,100,3,FALSE,TRUE,TRUE,FALSE,FALSE,100,100
492,Alt Prime Rd. 2,14,20220706mouse6_OD_R_4_0_0000044_Structure_0004,https://drive.google.com/file/d/1AKYnlZohX5cBpEIhSIS6kgy2w-7BXail/view?usp=drive_link,100,100,100,,3,FALSE,TRUE,TRUE,FALSE,FALSE,100,100
493,Alt Prime Rd. 2,14,20220706mouse8_OD_R_2_0_0000044_Structure_0001,https://drive.google.com/file/d/1DF4dzFve3sPtN45lPugKLrKou9Z4YzlB/view?usp=sharing,1,1,1,1,4,TRUE,TRUE,TRUE,FALSE,FALSE,1,1
494,Alt Prime Rd. 2,14,20220706mouse8_OD_R_2_0_0000044_Structure_0002,https://drive.google.com/file/d/1XobT2Hu_QFgWOrwi-kcN1u3NRwqliS01/view?usp=drive_link,,0.5,0.5,0.5,3,FALSE,TRUE,TRUE,FALSE,FALSE,0.5,0.5
495,Alt Prime Rd. 2,14,20220706mouse8_OD_R_2_0_0000044_Structure_0003,https://drive.google.com/file/d/1Gjupxd_eK2bIM_jaIa7jZszzuannGDa6/view?usp=sharing,0.5,0.5,0.5,0.5,4,TRUE,TRUE,TRUE,FALSE,FALSE,0.5,0.5
496,Alt Prime Rd. 2,14,20220706mouse8_OD_R_2_0_0000044_Structure_0004,https://drive.google.com/file/d/1h7X62EBDDZZOSrEVnTYykg8Wx67njBLR/view?usp=drive_link,,1,0.5,1,3,FALSE,FALSE,TRUE,FALSE,FALSE,1,1
497,Alt Prime Rd. 2,14,20220706mouse8_OD_R_4_0_0000051_Structure_0001,https://drive.google.com/file/d/1U5YU0QKVwedv70VibRiaeEMYxYm6y4xX/view?usp=sharing,0.5,0.5,0,0.5,4,FALSE,TRUE,TRUE,FALSE,FALSE,0.5,0.5
498,Alt Prime Rd. 2,14,20220706mouse8_OD_R_4_0_0000051_Structure_0002,https://drive.google.com/file/d/1hrBnwHj9wpVs6ielZm8ei3aAuqbGzjdJ/view?usp=drive_link,,1,0.5,1,3,FALSE,FALSE,TRUE,FALSE,FALSE,1,1
499,Alt Prime Rd. 2,14,20220706mouse8_OD_R_4_0_0000051_Structure_0003,https://drive.google.com/file/d/1-h1pJC5XXV9fh28fxkmpIQ-ChhVWmv6L/view?usp=sharing,0,0.5,0,0.5,4,FALSE,FALSE,TRUE,TRUE,FALSE,0,0
500,Alt Prime Rd. 2,14,20220706mouse8_OD_R_4_0_0000051_Structure_0004,https://drive.google.com/file/d/1jVFESfLT4UJuh0KJ-0L66kwZsZ3jGfi2/view?usp=drive_link,,0.5,0,0.5,3,FALSE,FALSE,TRUE,FALSE,FALSE,0.5,0.5
501,Alt Prime Rd. 2,14,20220706mouse9_OD_R_2_0_0000044_Structure_0001,https://drive.google.com/file/d/13XOrwzLGOygcBycWTx250uLH2FdBQAIv/view?usp=sharing,0,0,0,0,4,TRUE,TRUE,TRUE,FALSE,FALSE,0,0
502,Alt Prime Rd. 2,14,20220706mouse9_OD_R_2_0_0000044_Structure_0002,https://drive.google.com/file/d/1uP_skivdDqWHUckax3aOKvlq2qwWYZiE/view?usp=drive_link,,0.5,0,0.5,3,FALSE,FALSE,TRUE,FALSE,FALSE,0.5,0.5
503,Alt Prime Rd. 2,14,20220706mouse9_OD_R_2_0_0000044_Structure_0003,https://drive.google.com/file/d/1nCBaH_1yrNuDOnC1gVUvQiKxIp2Qp-71/view?usp=sharing,0.5,0,0,0.5,4,FALSE,FALSE,TRUE,TRUE,FALSE,0.5,0.5
504,Alt Prime Rd. 2,14,20220706mouse9_OD_R_2_0_0000044_Structure_0004,https://drive.google.com/file/d/1BZ9fl7m6thBUBePn09HUAvKa6louwl3z/view?usp=drive_link,0,0,0,,3,FALSE,TRUE,TRUE,FALSE,FALSE,0,0
505,Alt Prime Rd. 2,14,20220706mouse9_OD_R_4_0_0000051_Structure_0001,https://drive.google.com/file/d/1nx5jHo4kCY7LK3WRlKEbnjwb1FUrCy68/view?usp=sharing,0,0,0,0,4,TRUE,TRUE,TRUE,FALSE,FALSE,0,0
506,Alt Prime Rd. 2,14,20220706mouse9_OD_R_4_0_0000051_Structure_0002,https://drive.google.com/file/d/1JU1y84_TLkKwN3a1uwLR067J3YNLA19K/view?usp=drive_link,,0,0,0,3,FALSE,TRUE,TRUE,FALSE,FALSE,0,0
507,Alt Prime Rd. 2,14,20220706mouse9_OD_R_4_0_0000051_Structure_0003,https://drive.google.com/file/d/1T1oUkVPX-nIQcRvYNV1htNP34XKYuESY/view?usp=sharing,0.5,0,0,0,4,FALSE,TRUE,TRUE,FALSE,FALSE,0,0
508,Alt Prime Rd. 2,14,20220706mouse9_OD_R_4_0_0000051_Structure_0004,https://drive.google.com/file/d/1zGGM3uMTSecYOzKf-xRwqsWJvVl_mPu8/view?usp=drive_link,,0,0,0,3,FALSE,TRUE,TRUE,FALSE,FALSE,0,0
509,Alt Prime Rd. 2,21,20220706mouse1_OD_R_2_0_0000058_Structure_0001,https://drive.google.com/file/d/1XEOQfL5S-I9fpYzYfAMcvBoYJ5i4qHab/view?usp=sharing,0,0,0,,3,FALSE,TRUE,TRUE,FALSE,FALSE,0,0
510,Alt Prime Rd. 2,21,20220706mouse1_OD_R_2_0_0000058_Structure_0002,https://drive.google.com/file/d/1Jb6T3smtQAxW0tOSRtyu7Zqjb8k2DEWA/view?usp=drive_link,,0,0,0,3,FALSE,TRUE,TRUE,FALSE,FALSE,0,0
511,Alt Prime Rd. 2,21,20220706mouse1_OD_R_2_0_0000058_Structure_0003,https://drive.google.com/file/d/10F-sWa3kmOBjLV5Y8j6dmFnX7Bepd9oZ/view?usp=sharing,0,0,0,0,4,TRUE,TRUE,TRUE,FALSE,FALSE,0,0
512,Alt Prime Rd. 2,21,20220706mouse1_OD_R_2_0_0000058_Structure_0004,https://drive.google.com/file/d/1ijDAOlzj2hF3S5ioedlOhXm7kMQuYogy/view?usp=drive_link,,0,0,0,3,FALSE,TRUE,TRUE,FALSE,FALSE,0,0
513,Alt Prime Rd. 2,21,20220706mouse1_OD_R_4_0_0000065_Structure_0001,https://drive.google.com/file/d/1no4_FZrle00jz-1COb1Zgxt2aK9j6PW4/view?usp=sharing,100,1,0.5,0.5,4,FALSE,FALSE,TRUE,FALSE,FALSE,0.5,0.5
514,Alt Prime Rd. 2,21,20220706mouse1_OD_R_4_0_0000065_Structure_0002,https://drive.google.com/file/d/18lR14sqrRENkhFqoKQVnBhhzc0dB6AV0/view?usp=drive_link,100,0,0,,3,FALSE,TRUE,TRUE,FALSE,FALSE,0,0
515,Alt Prime Rd. 2,21,20220706mouse1_OD_R_4_0_0000065_Structure_0003,https://drive.google.com/file/d/1YTZbU32-IlrOSOLomb3_v3ZjJXzWawO4/view?usp=sharing,0,0,0,,3,FALSE,TRUE,TRUE,FALSE,FALSE,0,0
516,Alt Prime Rd. 2,21,20220706mouse1_OD_R_4_0_0000065_Structure_0004,https://drive.google.com/file/d/1BnfSto_KmNHOKVSL8Euhr1I48PntMBam/view?usp=drive_link,0.5,0.5,0,,3,FALSE,FALSE,TRUE,FALSE,FALSE,0.5,0.5
517,Alt Prime Rd. 2,21,20220706mouse2_OD_R_2_0_0000065_Structure_0001,https://drive.google.com/file/d/11WlKeM8VBZ1t_ono4sOXcaMcVIEh-Jrj/view?usp=sharing,0,0,0,0,4,TRUE,TRUE,TRUE,FALSE,FALSE,0,0
518,Alt Prime Rd. 2,21,20220706mouse2_OD_R_2_0_0000065_Structure_0002,https://drive.google.com/file/d/1pcuhdAcFHIdI74xDe8BXl7lellvFNr6-/view?usp=drive_link,,1,0.5,1,3,FALSE,FALSE,TRUE,FALSE,FALSE,1,1
519,Alt Prime Rd. 2,21,20220706mouse2_OD_R_2_0_0000065_Structure_0003,https://drive.google.com/file/d/1x1GSvx3q_ir6OVrCfpCxd2ljw8xuvdrf/view?usp=sharing,0,0,0.5,,3,FALSE,TRUE,TRUE,FALSE,FALSE,0,0
520,Alt Prime Rd. 2,21,20220706mouse2_OD_R_2_0_0000065_Structure_0004,https://drive.google.com/file/d/1PkjKw-Yzjuf2m_cInx5rdWXjtBpeMwlO/view?usp=drive_link,,0.5,0.5,0.5,3,FALSE,TRUE,TRUE,FALSE,FALSE,0.5,0.5
521,Alt Prime Rd. 2,21,20220706mouse2_OD_R_4_0_0000058_Structure_0001,https://drive.google.com/file/d/1M50-AEyrpwA3-USXJMiYsLQtnibvKzG6/view?usp=sharing,0,0.5,0,,3,FALSE,TRUE,TRUE,FALSE,FALSE,0,0
522,Alt Prime Rd. 2,21,20220706mouse2_OD_R_4_0_0000058_Structure_0002,https://drive.google.com/file/d/1Zt8j-9cPvqnSs-sO35EVpxrkG8mpHbJQ/view?usp=drive_link,,0.5,0.5,0.5,3,FALSE,TRUE,TRUE,FALSE,FALSE,0.5,0.5
523,Alt Prime Rd. 2,21,20220706mouse2_OD_R_4_0_0000058_Structure_0003,https://drive.google.com/file/d/1EYY-2MU1BpEDyPrML2YWMLqCUZV_sL58/view?usp=sharing,0,0.5,0,0.5,4,FALSE,FALSE,TRUE,TRUE,FALSE,0,0
524,Alt Prime Rd. 2,21,20220706mouse2_OD_R_4_0_0000058_Structure_0004,https://drive.google.com/file/d/1puWFfeq1GP1-nW2komvbQULTcz0ARjkH/view?usp=drive_link,,0.5,0.5,0.5,3,FALSE,TRUE,TRUE,FALSE,FALSE,0.5,0.5
525,Alt Prime Rd. 2,21,20220706mouse3_OD_R_2_0_0000058_Structure_0001,https://drive.google.com/file/d/16yRVAQ1cKU6lE4pQQZlpb6IFsM0zXm1N/view?usp=sharing,0.5,0,0,0,4,FALSE,TRUE,TRUE,FALSE,FALSE,0,0
526,Alt Prime Rd. 2,21,20220706mouse3_OD_R_2_0_0000058_Structure_0002,https://drive.google.com/file/d/1BKrMcbw06wqLHPZA6j-w3YloJfXPjJAe/view?usp=drive_link,0.5,0.5,0.5,,3,FALSE,TRUE,TRUE,FALSE,FALSE,0.5,0.5
527,Alt Prime Rd. 2,21,20220706mouse3_OD_R_2_0_0000058_Structure_0003,https://drive.google.com/file/d/1ShIAX8Vo3LGTgsQtWYKoIr_FvmmzPcgB/view?usp=sharing,0.5,0.5,,0.5,3,FALSE,TRUE,TRUE,FALSE,FALSE,0.5,0.5
528,Alt Prime Rd. 2,21,20220706mouse3_OD_R_2_0_0000058_Structure_0004,https://drive.google.com/file/d/1jJVbqd-XfZgA0QKAfJUd4j6xRv2iTDJs/view?usp=drive_link,,0.5,0.5,0.5,3,FALSE,TRUE,TRUE,FALSE,FALSE,0.5,0.5
529,Alt Prime Rd. 2,21,20220706mouse3_OD_R_4_0_0000065_Structure_0001,https://drive.google.com/file/d/1PxfNry2xReAY6ePxVXEbLQkSIX2OLWRM/view?usp=sharing,0.5,0.5,,0.5,3,FALSE,TRUE,TRUE,FALSE,FALSE,0.5,0.5
530,Alt Prime Rd. 2,21,20220706mouse3_OD_R_4_0_0000065_Structure_0002,https://drive.google.com/file/d/1lXab0Ugc2fhqC6V7sNqhun_Gc2wmF8Fj/view?usp=drive_link,,0.5,0.5,0.5,3,FALSE,TRUE,TRUE,FALSE,FALSE,0.5,0.5
531,Alt Prime Rd. 2,21,20220706mouse3_OD_R_4_0_0000065_Structure_0003,https://drive.google.com/file/d/1J3EpARFYla40UrsmT3kbsrSagwP1NDKj/view?usp=sharing,0.5,0.5,0.5,0.5,4,TRUE,TRUE,TRUE,FALSE,FALSE,0.5,0.5
532,Alt Prime Rd. 2,21,20220706mouse3_OD_R_4_0_0000065_Structure_0004,https://drive.google.com/file/d/1_xzZqRRfSV9bH8rbdU2kgWCe03SxWSgy/view?usp=drive_link,100,0.5,0.5,,3,FALSE,FALSE,TRUE,FALSE,FALSE,0.5,0.5
533,Alt Prime Rd. 2,21,20220706mouse4_OD_R_2_0_0000066_Structure_0001,https://drive.google.com/file/d/1QoHKzqaJaNFZkVOIl1vQfVlMahnQqdeg/view?usp=sharing,1,1,,1,3,FALSE,TRUE,TRUE,FALSE,FALSE,1,1
534,Alt Prime Rd. 2,21,20220706mouse4_OD_R_2_0_0000066_Structure_0002,https://drive.google.com/file/d/169hIYMMFPqSKNSwz0niNjOVUnHgfCab-/view?usp=drive_link,2,2,1,,3,FALSE,FALSE,TRUE,FALSE,FALSE,2,2
535,Alt Prime Rd. 2,21,20220706mouse4_OD_R_2_0_0000066_Structure_0003,https://drive.google.com/file/d/1VRBIOXLfwUc7dOU0Mk1MimuMwHF0Z3Ym/view?usp=sharing,2,2,,2,3,FALSE,TRUE,TRUE,FALSE,FALSE,2,2
536,Alt Prime Rd. 2,21,20220706mouse4_OD_R_2_0_0000066_Structure_0004,https://drive.google.com/file/d/1oWQJfsmdHQvyFRPrRzvDV4aAqLKX4EEM/view?usp=drive_link,,2,2,2,3,FALSE,TRUE,TRUE,FALSE,FALSE,2,2
537,Alt Prime Rd. 2,21,20220706mouse4_OD_R_4_0_0000059_Structure_0001,https://drive.google.com/file/d/1S_LGCojiP3fmu9ZPmHgEftKwiBRFr5P5/view?usp=sharing,0.5,0.5,0.5,,3,FALSE,TRUE,TRUE,FALSE,FALSE,0.5,0.5
538,Alt Prime Rd. 2,21,20220706mouse4_OD_R_4_0_0000059_Structure_0002,https://drive.google.com/file/d/1FhAvriMYLpxhmARFQNNWgZkzJd50Z3IO/view?usp=drive_link,,1,2,1,3,FALSE,FALSE,TRUE,FALSE,FALSE,1,1
539,Alt Prime Rd. 2,21,20220706mouse4_OD_R_4_0_0000059_Structure_0003,https://drive.google.com/file/d/181NU7RSoNM5zpMLURDwm7lkRy-tqKxXl/view?usp=sharing,1,2,2,2,4,FALSE,TRUE,TRUE,FALSE,FALSE,2,2
540,Alt Prime Rd. 2,21,20220706mouse4_OD_R_4_0_0000059_Structure_0004,https://drive.google.com/file/d/1oClPXsSYtjN3UdniOps8FF3enYL4_c1f/view?usp=drive_link,,2,2,2,3,FALSE,TRUE,TRUE,FALSE,FALSE,2,2
541,Alt Prime Rd. 2,21,20220706mouse5_OD_R_2_0_0000059_Structure_0001,https://drive.google.com/file/d/1j9gPt4ZJn9YGVPkoLNbJ1rXlfznBmT37/view?usp=sharing,100,0,0,0,4,FALSE,TRUE,TRUE,FALSE,FALSE,0,0
542,Alt Prime Rd. 2,21,20220706mouse5_OD_R_2_0_0000059_Structure_0002,https://drive.google.com/file/d/1pciHjPgr96M2fuR8y0vjsu3sBa68NIhR/view?usp=drive_link,,100,0,0,3,FALSE,TRUE,TRUE,FALSE,FALSE,0,0
543,Alt Prime Rd. 2,21,20220706mouse5_OD_R_2_0_0000059_Structure_0003,https://drive.google.com/file/d/1mGj1Xth-IBqE0QjGSInCx-9fD8OQx150/view?usp=sharing,100,0,,0,3,FALSE,TRUE,TRUE,FALSE,FALSE,0,0
544,Alt Prime Rd. 2,21,20220706mouse5_OD_R_2_0_0000059_Structure_0004,https://drive.google.com/file/d/1BYn_yDh7AQUZcguW4EaGZPZF_pN6Eyko/view?usp=drive_link,0.5,0.5,0.5,,3,FALSE,TRUE,TRUE,FALSE,FALSE,0.5,0.5
545,Alt Prime Rd. 2,21,20220706mouse5_OD_R_4_0_0000066_Structure_0001,https://drive.google.com/file/d/1PWxbJZh5CXhwE8RiTS3cPVc0j-TC1kq-/view?usp=sharing,0,0,,0,3,FALSE,TRUE,TRUE,FALSE,FALSE,0,0
546,Alt Prime Rd. 2,21,20220706mouse5_OD_R_4_0_0000066_Structure_0002,https://drive.google.com/file/d/1WJT3dSssMq_pEkntmRFoShRMXGwdFhdx/view?usp=drive_link,,0,0,0,3,FALSE,TRUE,TRUE,FALSE,FALSE,0,0
547,Alt Prime Rd. 2,21,20220706mouse5_OD_R_4_0_0000066_Structure_0003,https://drive.google.com/file/d/1T8oPK8Cpp0ZIxfh4it56WYfw3QlH0i8V/view?usp=sharing,2,0,,2,3,FALSE,FALSE,TRUE,FALSE,FALSE,2,2
548,Alt Prime Rd. 2,21,20220706mouse5_OD_R_4_0_0000066_Structure_0004,https://drive.google.com/file/d/1WY8ReIp7KJ1Qpnb_BxUlBYcA7TEAC6Ax/view?usp=drive_link,,0,0.5,0.5,3,FALSE,FALSE,TRUE,FALSE,FALSE,0.5,0.5
549,Alt Prime Rd. 2,21,20220706mouse8_OD_R_2_0_0000058_Structure_0001,https://drive.google.com/file/d/1VHkaeSg8siJguu67GqiBZ74yr9gqJBgO/view?usp=sharing,0.5,0.5,,0.5,3,FALSE,TRUE,TRUE,FALSE,FALSE,0.5,0.5
550,Alt Prime Rd. 2,21,20220706mouse8_OD_R_2_0_0000058_Structure_0002,https://drive.google.com/file/d/1cG-kK8y_KXsIg7RQ-492RmFt2rEOahER/view?usp=drive_link,0.5,0.5,0,,3,FALSE,FALSE,TRUE,FALSE,FALSE,0.5,0.5
551,Alt Prime Rd. 2,21,20220706mouse8_OD_R_2_0_0000058_Structure_0003,https://drive.google.com/file/d/1GP39XjfGqg5xXNoyNpJvbQKDfRIGZ_Iq/view?usp=sharing,0.5,0.5,0.5,0.5,4,TRUE,TRUE,TRUE,FALSE,FALSE,0.5,0.5
552,Alt Prime Rd. 2,21,20220706mouse8_OD_R_2_0_0000058_Structure_0004,https://drive.google.com/file/d/1rAFp6TFI-2Aq3la2UbPfTQdh2cEIT97R/view?usp=drive_link,,0.5,0.5,0.5,3,FALSE,TRUE,TRUE,FALSE,FALSE,0.5,0.5
553,Alt Prime Rd. 2,21,20220706mouse8_OD_R_4_0_0000065_Structure_0001,https://drive.google.com/file/d/1MetS5L40U6fXxkMXzulH0iYiaf3Ff3Oz/view?usp=sharing,100,0.5,,0.5,3,FALSE,FALSE,TRUE,FALSE,FALSE,0.5,0.5
554,Alt Prime Rd. 2,21,20220706mouse8_OD_R_4_0_0000065_Structure_0002,https://drive.google.com/file/d/1SwUJ51-qlnUZGLiL8tm6HIzxVxc1d3mJ/view?usp=drive_link,,0.5,0.5,0.5,3,FALSE,TRUE,TRUE,FALSE,FALSE,0.5,0.5
555,Alt Prime Rd. 2,21,20220706mouse8_OD_R_4_0_0000065_Structure_0003,https://drive.google.com/file/d/196n428juujHypQKz1jhx0xCpPnpVArL0/view?usp=sharing,100,0.5,0.5,0.5,4,FALSE,TRUE,TRUE,FALSE,FALSE,0.5,0.5
556,Alt Prime Rd. 2,21,20220706mouse8_OD_R_4_0_0000065_Structure_0004,https://drive.google.com/file/d/12YexQlsgt-TYXBSSvh_zKdsGIEsMf8lY/view?usp=drive_link,100,100,100,,3,FALSE,TRUE,TRUE,FALSE,FALSE,100,100
557,Alt Prime Rd. 2,21,20220706mouse9_OD_R_2_0_0000065_Structure_0001,https://drive.google.com/file/d/1hnJzTKIuntcVG1M0JfXS8mxhiQqSrGFI/view?usp=sharing,0,0,0,0,4,TRUE,TRUE,TRUE,FALSE,FALSE,0,0
558,Alt Prime Rd. 2,21,20220706mouse9_OD_R_2_0_0000065_Structure_0002,https://drive.google.com/file/d/1XAqoccsUWs-KzyjryGuDx8sPf_B9INcg/view?usp=drive_link,,0,0,0,3,FALSE,TRUE,TRUE,FALSE,FALSE,0,0
559,Alt Prime Rd. 2,21,20220706mouse9_OD_R_2_0_0000065_Structure_0003,https://drive.google.com/file/d/1diWSkTiW4AM6ZS15YBfVxtCtTRXmEFr_/view?usp=sharing,0,0,0,0,4,TRUE,TRUE,TRUE,FALSE,FALSE,0,0
560,Alt Prime Rd. 2,21,20220706mouse9_OD_R_2_0_0000065_Structure_0004,https://drive.google.com/file/d/1M1DVviCKG44JugLogT4Y25GT-6H8BzZT/view?usp=drive_link,,0.5,0.5,0.5,3,FALSE,TRUE,TRUE,FALSE,FALSE,0.5,0.5
561,Alt Prime Rd. 2,21,20220706mouse9_OD_R_4_0_0000058_Structure_0001,https://drive.google.com/file/d/1lhgcXXxknU2hXCvPVTb8EqAYdvximZ1k/view?usp=sharing,0,0,,0,3,FALSE,TRUE,TRUE,FALSE,FALSE,0,0
562,Alt Prime Rd. 2,21,20220706mouse9_OD_R_4_0_0000058_Structure_0002,https://drive.google.com/file/d/16KN-biT3zu7FBSa-ztPLghpfpUs4npK7/view?usp=drive_link,0.5,0.5,0.5,,3,FALSE,TRUE,TRUE,FALSE,FALSE,0.5,0.5
563,Alt Prime Rd. 2,21,20220706mouse9_OD_R_4_0_0000058_Structure_0003,https://drive.google.com/file/d/1tAaPeybMrGNMqXfAJj_Hvz1jXbFjbVcF/view?usp=sharing,0,0,,0,3,FALSE,TRUE,TRUE,FALSE,FALSE,0,0
564,Alt Prime Rd. 2,21,20220706mouse9_OD_R_4_0_0000058_Structure_0004,https://drive.google.com/file/d/1_BxDjkbbxuxBx7G4DpvJXITxF4TR1kKX/view?usp=drive_link,100,0.5,0.5,,3,FALSE,FALSE,TRUE,FALSE,FALSE,0.5,0.5
565,Alt Prime Rd. 2,28,20220706mouse1_OD_R_2_0_0000079_Structure_0001,https://drive.google.com/file/d/1uVC5v7rVDnbvx-v_NQ6X6OKg8hlW02UO/view?usp=sharing,0,0,0,,3,FALSE,TRUE,TRUE,FALSE,FALSE,0,0
566,Alt Prime Rd. 2,28,20220706mouse1_OD_R_2_0_0000079_Structure_0002,https://drive.google.com/file/d/1T5l3YR0AeWxF0WdtX-OlVCTlrf1uPmI9/view?usp=drive_link,,0,0,0,3,FALSE,TRUE,TRUE,FALSE,FALSE,0,0
567,Alt Prime Rd. 2,28,20220706mouse1_OD_R_2_0_0000079_Structure_0003,https://drive.google.com/file/d/1rxz1nVjo7szJMZ_zud_8hcxGPL7ngE75/view?usp=sharing,0,0,0,,3,FALSE,TRUE,TRUE,FALSE,FALSE,0,0
568,Alt Prime Rd. 2,28,20220706mouse1_OD_R_2_0_0000079_Structure_0004,https://drive.google.com/file/d/14XMlS5Mx8NqtFNbOr6tANtGJeih0pV4m/view?usp=drive_link,0.5,0.5,0,,3,FALSE,FALSE,TRUE,FALSE,FALSE,0.5,0.5
569,Alt Prime Rd. 2,28,20220706mouse1_OD_R_4_0_0000072_Structure_0001,https://drive.google.com/file/d/1Zcp9sDj2gq4Bdl6ut8N2IUb2Nxv3EzWQ/view?usp=sharing,0.5,0.5,0.5,,3,FALSE,TRUE,TRUE,FALSE,FALSE,0.5,0.5
570,Alt Prime Rd. 2,28,20220706mouse1_OD_R_4_0_0000072_Structure_0002,https://drive.google.com/file/d/1VCIUTR-W4O9X3BNWtpvBMlRwy8x2sfRt/view?usp=drive_link,,0.5,0.5,0.5,3,FALSE,TRUE,TRUE,FALSE,FALSE,0.5,0.5
571,Alt Prime Rd. 2,28,20220706mouse1_OD_R_4_0_0000072_Structure_0003,https://drive.google.com/file/d/1EyOl5uDo1CiGFbxsp_Uw3Fz9Xt-0OZ7V/view?usp=sharing,0.5,0.5,0.5,0.5,4,TRUE,TRUE,TRUE,FALSE,FALSE,0.5,0.5
572,Alt Prime Rd. 2,28,20220706mouse1_OD_R_4_0_0000072_Structure_0004,https://drive.google.com/file/d/1Q4xsC_VuufpuaV4AtiYB_ik_yMau2wQy/view?usp=drive_link,,0.5,0.5,0.5,3,FALSE,TRUE,TRUE,FALSE,FALSE,0.5,0.5
573,Alt Prime Rd. 2,28,20220706mouse2_OD_R_2_0_0000072_Structure_0001,https://drive.google.com/file/d/1ECS4B5Xu-pve0bQwcD4czUPkWvYfOSXT/view?usp=sharing,0.5,0,0,0,4,FALSE,TRUE,TRUE,FALSE,FALSE,0,0
574,Alt Prime Rd. 2,28,20220706mouse2_OD_R_2_0_0000072_Structure_0002,https://drive.google.com/file/d/1GiRsbZggkO1OIRbznTBRnovypIBMhMGn/view?usp=drive_link,,0,0,0,3,FALSE,TRUE,TRUE,FALSE,FALSE,0,0
575,Alt Prime Rd. 2,28,20220706mouse2_OD_R_2_0_0000072_Structure_0003,https://drive.google.com/file/d/1AhdcTfGZ1nGcQaBN1BseEkVU_ndsS1ul/view?usp=sharing,100,0,0,0,4,FALSE,TRUE,TRUE,FALSE,FALSE,0,0
576,Alt Prime Rd. 2,28,20220706mouse2_OD_R_2_0_0000072_Structure_0004,https://drive.google.com/file/d/1yLayJhbRF-Fq9qghW_16kfSfx3tRnBY9/view?usp=drive_link,,100,0,0,3,FALSE,TRUE,TRUE,FALSE,FALSE,0,0
577,Alt Prime Rd. 2,28,20220706mouse2_OD_R_4_0_0000079_Structure_0001,https://drive.google.com/file/d/1zJin-fwVk6_YV36ZW98-urmubcsAEOft/view?usp=sharing,0,0,0.5,,3,FALSE,TRUE,TRUE,FALSE,FALSE,0,0
578,Alt Prime Rd. 2,28,20220706mouse2_OD_R_4_0_0000079_Structure_0002,https://drive.google.com/file/d/1WU9UzFbEcd7m8SUXJia48UQ6YvcepeKR/view?usp=drive_link,,0,0,0,3,FALSE,TRUE,TRUE,FALSE,FALSE,0,0
579,Alt Prime Rd. 2,28,20220706mouse2_OD_R_4_0_0000079_Structure_0003,https://drive.google.com/file/d/1mz3qczNdl3t5zFJfv6roPerbkZPgEpv7/view?usp=sharing,0,0.5,0,,3,FALSE,TRUE,TRUE,FALSE,FALSE,0,0
580,Alt Prime Rd. 2,28,20220706mouse2_OD_R_4_0_0000079_Structure_0004,https://drive.google.com/file/d/1f-6aX7HvQgQHqQldoLJBcvaYocOUXmco/view?usp=drive_link,,0.5,0.5,0.5,3,FALSE,TRUE,TRUE,FALSE,FALSE,0.5,0.5
581,Alt Prime Rd. 2,28,20220706mouse3_OD_R_2_0_0000079_Structure_0001,https://drive.google.com/file/d/1t4eul6K5ZUzBtaErd_8stLyZEyYFch7V/view?usp=sharing,100,0,,0,3,FALSE,TRUE,TRUE,FALSE,FALSE,0,0
582,Alt Prime Rd. 2,28,20220706mouse3_OD_R_2_0_0000079_Structure_0002,https://drive.google.com/file/d/1MRmIc_h7GqpCwAk6SvXnkUs-JPJAsZzM/view?usp=drive_link,,0,0,0,3,FALSE,TRUE,TRUE,FALSE,FALSE,0,0
583,Alt Prime Rd. 2,28,20220706mouse3_OD_R_2_0_0000079_Structure_0003,https://drive.google.com/file/d/1gsSzwhbWNt_EotyzpdIWtAd8SPKx8hzq/view?usp=sharing,0,0,0,0,4,TRUE,TRUE,TRUE,FALSE,FALSE,0,0
584,Alt Prime Rd. 2,28,20220706mouse3_OD_R_2_0_0000079_Structure_0004,https://drive.google.com/file/d/1FJXb-7vj0HWYehMa6RNEbLXlzhTtnpmq/view?usp=drive_link,,0,0,0,3,FALSE,TRUE,TRUE,FALSE,FALSE,0,0
585,Alt Prime Rd. 2,28,20220706mouse3_OD_R_4_0_0000072_Structure_0001,https://drive.google.com/file/d/1qLnNnNrW6JxnMoquNpOiu1oiWuQSZS6K/view?usp=sharing,0.5,0.5,,0.5,3,FALSE,TRUE,TRUE,FALSE,FALSE,0.5,0.5
586,Alt Prime Rd. 2,28,20220706mouse3_OD_R_4_0_0000072_Structure_0002,https://drive.google.com/file/d/19N168Z5uTDa0yUEYMUMNYd1Syi_QXoyB/view?usp=drive_link,1,1,0.5,,3,FALSE,FALSE,TRUE,FALSE,FALSE,1,1
587,Alt Prime Rd. 2,28,20220706mouse3_OD_R_4_0_0000072_Structure_0003,https://drive.google.com/file/d/1-TTOcKobqpTejFjhR2Gl2nlR67Rbna4P/view?usp=sharing,0.5,0.5,0.5,0.5,4,TRUE,TRUE,TRUE,FALSE,FALSE,0.5,0.5
588,Alt Prime Rd. 2,28,20220706mouse3_OD_R_4_0_0000072_Structure_0004,https://drive.google.com/file/d/1RkaDWcdd9C6H0V3Kuur39xYNH9AQ4oJH/view?usp=drive_link,,0.5,0.5,0.5,3,FALSE,TRUE,TRUE,FALSE,FALSE,0.5,0.5
589,Alt Prime Rd. 2,28,20220706mouse4_OD_R_2_0_0000073_Structure_0001,https://drive.google.com/file/d/1VTQiqsMyZmwm9VJts56RzqI2cuEV9L0u/view?usp=sharing,2,2,,2,3,FALSE,TRUE,TRUE,FALSE,FALSE,2,2
590,Alt Prime Rd. 2,28,20220706mouse4_OD_R_2_0_0000073_Structure_0002,https://drive.google.com/file/d/1vGZdrOcihVmtN74uIR3wbUDDpdyYCJ-I/view?usp=drive_link,,2,1,2,3,FALSE,FALSE,TRUE,FALSE,FALSE,2,2
591,Alt Prime Rd. 2,28,20220706mouse4_OD_R_2_0_0000073_Structure_0003,https://drive.google.com/file/d/1s77XjJNM8Ak-PSLWwXruSFm5bZ_VIpzL/view?usp=sharing,2,2,1,,3,FALSE,FALSE,TRUE,FALSE,FALSE,2,2
592,Alt Prime Rd. 2,28,20220706mouse4_OD_R_2_0_0000073_Structure_0004,https://drive.google.com/file/d/13DpJ5hSffhx3WCblF65rLkfpuJ7R-oon/view?usp=drive_link,2,2,1,,3,FALSE,FALSE,TRUE,FALSE,FALSE,2,2
593,Alt Prime Rd. 2,28,20220706mouse4_OD_R_4_0_0000080_Structure_0001,https://drive.google.com/file/d/1cqONJHrGyAm7KAC5a4KY--kReb0ZjryL/view?usp=sharing,0.5,0.5,0.5,0.5,4,TRUE,TRUE,TRUE,FALSE,FALSE,0.5,0.5
594,Alt Prime Rd. 2,28,20220706mouse4_OD_R_4_0_0000080_Structure_0002,https://drive.google.com/file/d/1u7v4Ltk9mRIAr9CMGWTZPmx700kC5b0W/view?usp=drive_link,,0.5,0.5,0.5,3,FALSE,TRUE,TRUE,FALSE,FALSE,0.5,0.5
595,Alt Prime Rd. 2,28,20220706mouse4_OD_R_4_0_0000080_Structure_0003,https://drive.google.com/file/d/1ucKaRpoEXCX5NX83f2MZsFXI9JANV3r5/view?usp=sharing,0.5,0.5,,0.5,3,FALSE,TRUE,TRUE,FALSE,FALSE,0.5,0.5
596,Alt Prime Rd. 2,28,20220706mouse4_OD_R_4_0_0000080_Structure_0004,https://drive.google.com/file/d/1Pb33ghhu2_rDYsH-6O0G_bBnZkC3mxG7/view?usp=drive_link,,1,1,1,3,FALSE,TRUE,TRUE,FALSE,FALSE,1,1
597,Alt Prime Rd. 2,28,20220706mouse5_OD_R_2_0_0000080_Structure_0001,https://drive.google.com/file/d/1AloQwtDe7C5c16HFGKiBQLbMBdMQ2dxR/view?usp=sharing,100,0,100,0,4,FALSE,FALSE,TRUE,TRUE,TRUE,100,100
598,Alt Prime Rd. 2,28,20220706mouse5_OD_R_2_0_0000080_Structure_0002,https://drive.google.com/file/d/1iFe84_8UMOfSVbsdCDmAw_V9mRDP0sJ_/view?usp=drive_link,,0,0,0,3,FALSE,TRUE,TRUE,FALSE,FALSE,0,0
599,Alt Prime Rd. 2,28,20220706mouse5_OD_R_2_0_0000080_Structure_0003,https://drive.google.com/file/d/1FOg71lE7d4Rr3gUS4jv2-Uoo0ScZNgl3/view?usp=sharing,100,0,0,0,4,FALSE,TRUE,TRUE,FALSE,FALSE,0,0
600,Alt Prime Rd. 2,28,20220706mouse5_OD_R_2_0_0000080_Structure_0004,https://drive.google.com/file/d/1tsZiKAbdlmEFU3BzdRH5WupBTuBLw4mn/view?usp=drive_link,,100,0,0,3,FALSE,TRUE,TRUE,FALSE,FALSE,0,0
601,Alt Prime Rd. 2,28,20220706mouse5_OD_R_4_0_0000073_Structure_0001,https://drive.google.com/file/d/183M7zVv1su8xDt2m_Kr5LGpQo4SQufO-/view?usp=sharing,0.5,0,0,0,4,FALSE,TRUE,TRUE,FALSE,FALSE,0,0
602,Alt Prime Rd. 2,28,20220706mouse5_OD_R_4_0_0000073_Structure_0002,https://drive.google.com/file/d/1Sf4tOBtJ5vpTQVgqPo7PB1oO_MrJ0m9U/view?usp=drive_link,,0,0,0,3,FALSE,TRUE,TRUE,FALSE,FALSE,0,0
603,Alt Prime Rd. 2,28,20220706mouse5_OD_R_4_0_0000073_Structure_0003,https://drive.google.com/file/d/1wKXViFwy0Nk495VrdPwvO05fFHfYxGDH/view?usp=sharing,0,0,,0,3,FALSE,TRUE,TRUE,FALSE,FALSE,0,0
604,Alt Prime Rd. 2,28,20220706mouse5_OD_R_4_0_0000073_Structure_0004,https://drive.google.com/file/d/1Qo4rntvyAxhhEn6OyAxIxeYFYg_t-9bM/view?usp=drive_link,,2,0.5,2,3,FALSE,FALSE,TRUE,FALSE,FALSE,2,2
605,Alt Prime Rd. 2,28,20220706mouse8_OD_R_2_0_0000079_Structure_0001,https://drive.google.com/file/d/1xByF-iiW_H-3M7jtVY69nZwNeivR6UD6/view?usp=sharing,0.5,0.5,,0.5,3,FALSE,TRUE,TRUE,FALSE,FALSE,0.5,0.5
606,Alt Prime Rd. 2,28,20220706mouse8_OD_R_2_0_0000079_Structure_0002,https://drive.google.com/file/d/1SfIDzDixlDsWjqcpmX7QGTsQ2NshlMal/view?usp=drive_link,,0.5,0,0.5,3,FALSE,FALSE,TRUE,FALSE,FALSE,0.5,0.5
607,Alt Prime Rd. 2,28,20220706mouse8_OD_R_2_0_0000079_Structure_0003,https://drive.google.com/file/d/1SMt9mZwI5gQ6ZqFBbGQDrIadwk373dP4/view?usp=sharing,0.5,0,,0.5,3,FALSE,FALSE,TRUE,FALSE,FALSE,0.5,0.5
608,Alt Prime Rd. 2,28,20220706mouse8_OD_R_2_0_0000079_Structure_0004,https://drive.google.com/file/d/11Dn-WQYZ4TdAD348fN0rhBh4FLezJBtK/view?usp=drive_link,0.5,0.5,0.5,,3,FALSE,TRUE,TRUE,FALSE,FALSE,0.5,0.5
609,Alt Prime Rd. 2,28,20220706mouse8_OD_R_4_0_0000072_Structure_0001,https://drive.google.com/file/d/1kMVhSdY2Y9rjvmFKefBuOZ-szpujts3R/view?usp=sharing,0.5,0.5,0,0.5,4,FALSE,TRUE,TRUE,FALSE,FALSE,0.5,0.5
610,Alt Prime Rd. 2,28,20220706mouse8_OD_R_4_0_0000072_Structure_0002,https://drive.google.com/file/d/1Ppemw5c091JtrrZLxsB-CPxI12MK0TO8/view?usp=drive_link,,1,2,1,3,FALSE,FALSE,TRUE,FALSE,FALSE,1,1
611,Alt Prime Rd. 2,28,20220706mouse8_OD_R_4_0_0000072_Structure_0003,https://drive.google.com/file/d/1DCDGLOg1K68cEuo2YeA4L-iY-6wWBvMx/view?usp=sharing,0.5,0.5,0.5,0.5,4,TRUE,TRUE,TRUE,FALSE,FALSE,0.5,0.5
612,Alt Prime Rd. 2,28,20220706mouse8_OD_R_4_0_0000072_Structure_0004,https://drive.google.com/file/d/1mwPW55dQwOofnzZa4d1cuA-JmWE6QWLZ/view?usp=drive_link,,0.5,0.5,0.5,3,FALSE,TRUE,TRUE,FALSE,FALSE,0.5,0.5
613,Alt Prime Rd. 2,28,20220706mouse9_OD_R_2_0_0000072_Structure_0001,https://drive.google.com/file/d/18-QmlsM4tMPkx1D29N1iwDAXYUYfhLT0/view?usp=sharing,100,0,0,0,4,FALSE,TRUE,TRUE,FALSE,FALSE,0,0
614,Alt Prime Rd. 2,28,20220706mouse9_OD_R_2_0_0000072_Structure_0002,https://drive.google.com/file/d/1oKQeUkvGN_FDG9bzQQDlkO1tAnBk1pEo/view?usp=drive_link,,100,0.5,0.5,3,FALSE,FALSE,TRUE,FALSE,FALSE,0.5,0.5
615,Alt Prime Rd. 2,28,20220706mouse9_OD_R_2_0_0000072_Structure_0003,https://drive.google.com/file/d/1N5HHA3zhi2Y5725bsDc1nGC_f_103FCh/view?usp=sharing,0,0,,0.5,3,FALSE,TRUE,TRUE,FALSE,FALSE,0,0
616,Alt Prime Rd. 2,28,20220706mouse9_OD_R_2_0_0000072_Structure_0004,https://drive.google.com/file/d/1J7YOpRJzkyLiomkMegawECwTLl4lA4j-/view?usp=drive_link,,0,0,0,3,FALSE,TRUE,TRUE,FALSE,FALSE,0,0
617,Alt Prime Rd. 2,28,20220706mouse9_OD_R_4_0_0000079_Structure_0001,https://drive.google.com/file/d/1k_Ja6FexnHSOfzwKd2ypRhGIhW4iDV-Z/view?usp=sharing,0.5,0.5,0.5,0.5,4,TRUE,TRUE,TRUE,FALSE,FALSE,0.5,0.5
618,Alt Prime Rd. 2,28,20220706mouse9_OD_R_4_0_0000079_Structure_0002,https://drive.google.com/file/d/1pzsNmNAlqkD-rPh6c5Djkhr6pH-Ub7xc/view?usp=drive_link,,0.5,0.5,0.5,3,FALSE,TRUE,TRUE,FALSE,FALSE,0.5,0.5
619,Alt Prime Rd. 2,28,20220706mouse9_OD_R_4_0_0000079_Structure_0003,https://drive.google.com/file/d/14jV2TQaMhAusXRJ_TUL4VHBdNkg0sJ6a/view?usp=sharing,0.5,0.5,0.5,0.5,4,TRUE,TRUE,TRUE,FALSE,FALSE,0.5,0.5
620,Alt Prime Rd. 2,28,20220706mouse9_OD_R_4_0_0000079_Structure_0004,https://drive.google.com/file/d/1051qfkHCjiXKt4H_f2xUkTssfPl2p7qp/view?usp=drive_link,0.5,0.5,0.5,,3,FALSE,TRUE,TRUE,FALSE,FALSE,0.5,0.5
621,PMU Round7,1,20220809mouse1_OD_L_2_0_0000016_Structure_0001,https://drive.google.com/file/d/1qnX49gp0OSqvSba3kdNQ9b93_2MpzMEp/view?usp=sharing,0,0,0,0,4,TRUE,TRUE,TRUE,FALSE,FALSE,0,0
622,PMU Round7,1,20220809mouse1_OD_L_4_90_0000006_Structure_0001,https://drive.google.com/file/d/1plq8UgT5bXh2_qKiKu8tcw5vZQx-FLR4/view?usp=sharing,3,4,4,4,4,FALSE,TRUE,TRUE,FALSE,FALSE,4,4
623,PMU Round7,1,20220809mouse2_OD_L_2_0_0000006_Structure_0001,https://drive.google.com/file/d/1M8WfEah1HjFb5u8DrDob-4Y9T6zh2oI_/view?usp=sharing,1,2,2,2,4,FALSE,TRUE,TRUE,FALSE,FALSE,2,2
624,PMU Round7,1,20220809mouse2_OD_L_4_90_0000016_Structure_0001,https://drive.google.com/file/d/1owEDoq96AxUPu6qpehPPSwjxo7twykEF/view?usp=sharing,1,0.5,0.5,1,4,FALSE,FALSE,TRUE,TRUE,FALSE,1,1
625,PMU Round7,1,20220809mouse3_OD_L_2_0_0000016_Structure_0001,https://drive.google.com/file/d/1JPdcSNnWzWkv-iZE_3NjxJsYoRDeuu2g/view?usp=sharing,3,3,2,3,4,FALSE,TRUE,TRUE,FALSE,FALSE,3,3
626,PMU Round7,1,20220809mouse3_OD_L_4_90_0000006_Structure_0001,https://drive.google.com/file/d/1C2vQ9p2UaoYZXL12NAvt7S48OjmLhHZN/view?usp=sharing,3,2,2,3,4,FALSE,FALSE,TRUE,TRUE,FALSE,3,3
627,PMU Round7,1,20220809mouse4_OD_L_2_0_0000016_Structure_0001,https://drive.google.com/file/d/16PAA96bpVgE7fn5gtEHocvGJ6pGjeDAw/view?usp=sharing,100,0,100,,3,FALSE,FALSE,TRUE,FALSE,FALSE,100,100
628,PMU Round7,1,20220809mouse4_OD_L_4_90_0000006_Structure_0001,https://drive.google.com/file/d/1lXT1g9nUmb_zrfQ_Sd2NfTzmX0w6f_h1/view?usp=sharing,4,4,,4,3,FALSE,TRUE,TRUE,FALSE,FALSE,4,4
629,PMU Round7,1,20220809mouse5_OD_L_2_0_0000006_Structure_0001,https://drive.google.com/file/d/16G_pIeWeHOSAJk_0Udg35imrvZrRQ4Io/view?usp=sharing,4,3,3,3,4,FALSE,TRUE,TRUE,FALSE,FALSE,3,3
630,PMU Round7,1,20220809mouse5_OD_L_4_90_0000016_Structure_0001,https://drive.google.com/file/d/1b_sTDoNUzw2SzIz3WVQ3Oai9vDgPZyFy/view?usp=sharing,4,3,2,4,4,FALSE,FALSE,TRUE,FALSE,FALSE,4,4
631,PMU Round7,1,20220809mouse6_OD_L_2_0_0000016_Structure_0001,https://drive.google.com/file/d/148C3enisMAK7Hcv86qipZgO2MXvg8PgA/view?usp=sharing,3,2,3,3,4,FALSE,TRUE,TRUE,FALSE,FALSE,3,3
632,PMU Round7,1,20220809mouse6_OD_L_4_90_0000006_Structure_0001,https://drive.google.com/file/d/1KG88le3h4nWR_if4LYlGMjGyzs_cXCEr/view?usp=sharing,2,3,2,2,4,FALSE,TRUE,TRUE,FALSE,FALSE,2,2
633,PMU Round7,1,20220809mouse7_OS_L_2_0_0000016_Structure_0001,https://drive.google.com/file/d/1Tf7aeIAjV2BknJRnZm5-ov7cjwjb1XM6/view?usp=sharing,100,2,100,100,4,FALSE,TRUE,TRUE,FALSE,FALSE,100,100
634,PMU Round7,1,20220809mouse7_OS_L_4_90_0000006_Structure_0001,https://drive.google.com/file/d/1unGplfu8h0PijO2rP-Q1QIOmH55RcGRM/view?usp=sharing,4,3,3,3,4,FALSE,TRUE,TRUE,FALSE,FALSE,3,3
635,PMU Round7,1,20220809mouse8_OD_L_2_0_0000006_Structure_0001,https://drive.google.com/file/d/1qhs4j1GZ2NJoi2K5Dm89C1inEVcOQqoZ/view?usp=sharing,3,3,4,3,4,FALSE,TRUE,TRUE,FALSE,FALSE,3,3
636,PMU Round7,1,20220809mouse8_OD_L_4_90_0000016_Structure_0001,https://drive.google.com/file/d/1gePmrLXUS1v66ShsMbPVnpgk0G4xZpvI/view?usp=sharing,2,2,2,2,4,TRUE,TRUE,TRUE,FALSE,FALSE,2,2
637,PMU Round7,1,20220809mouse9_OD_L_2_0_0000016_Structure_0001,https://drive.google.com/file/d/1Oxbglt4t-M9uJS4eaju4HIS2YIlnNnVc/view?usp=sharing,3,3,3,3,4,TRUE,TRUE,TRUE,FALSE,FALSE,3,3
638,PMU Round7,1,20220809mouse9_OD_L_4_90_0000006_Structure_0001,https://drive.google.com/file/d/1zJ8OQuTRt0NU3mtm9CUODQYUhMF-Wzl2/view?usp=sharing,2,0.5,2,2,4,FALSE,TRUE,TRUE,FALSE,FALSE,2,2
639,PMU Round7,1,20220809mouse10_OD_L_2_0_0000006_Structure_0001,https://drive.google.com/file/d/19CjfCV6JToRb9yPvjfBCZZm9YIargcYd/view?usp=sharing,1,1,1,1,4,TRUE,TRUE,TRUE,FALSE,FALSE,1,1
640,PMU Round7,1,20220809mouse10_OD_L_4_90_0000016_Structure_0001,https://drive.google.com/file/d/1cIJbq8NEOO1k70JM6Wrz4Sfe3FJLGZD0/view?usp=sharing,0,0,0,0,4,TRUE,TRUE,TRUE,FALSE,FALSE,0,0
641,PMU Round7,1,20220809mouse11_OD_L_2_0_0000016_Structure_0001,https://drive.google.com/file/d/1gCLCT6ldHnoSsZEL-fqPbE9KbT7ETlWm/view?usp=sharing,3,4,4,4,4,FALSE,TRUE,TRUE,FALSE,FALSE,4,4
642,PMU Round7,1,20220809mouse11_OD_L_4_90_0000006_Structure_0001,https://drive.google.com/file/d/1u0BfRKQFwE_U4JLk65F8dL_Y96TSGYr7/view?usp=sharing,4,3,2,3,4,FALSE,FALSE,TRUE,FALSE,FALSE,3,3
643,PMU Round7,1,20220809mouse12_OD_L_2_0_0000006_Structure_0001,https://drive.google.com/file/d/1JZCsleHLuVgDT8VAK3my4Y4z16GS16tv/view?usp=sharing,1,2,1,1,4,FALSE,TRUE,TRUE,FALSE,FALSE,1,1
644,PMU Round7,1,20220809mouse12_OD_L_4_90_0000016_Structure_0001,https://drive.google.com/file/d/1IAAUBmXDr4xa6993Q2mXGXGAp3voLqT4/view?usp=sharing,2,2,2,2,4,TRUE,TRUE,TRUE,FALSE,FALSE,2,2
645,PMU Round7,1,20220809mouse13_OD_L_2_0_0000016_Structure_0001,https://drive.google.com/file/d/1I7f2jrn1EP7mxsmiVU143-exa-0FIOrI/view?usp=sharing,2,1,1,1,4,FALSE,TRUE,TRUE,FALSE,FALSE,1,1
646,PMU Round7,1,20220809mouse13_OD_L_4_90_0000006_Structure_0001,https://drive.google.com/file/d/14R3mHfTAQPyj81sAZlos2yO7kxWcACFZ/view?usp=sharing,2,0.5,2,2,4,FALSE,TRUE,TRUE,FALSE,FALSE,2,2
647,PMU Round7,1,20220809mouse14_OD_L_2_0_0000006_Structure_0001,https://drive.google.com/file/d/1-W4Xw3WEstzHbt27JvjmvoNPNEvsCZFV/view?usp=sharing,3,3,3,3,4,TRUE,TRUE,TRUE,FALSE,FALSE,3,3
648,PMU Round7,1,20220809mouse14_OD_L_4_90_0000016_Structure_0001,https://drive.google.com/file/d/15l59vA2hif2_ZMgXMYdJjAN7_zSCZUuh/view?usp=sharing,3,2,2,2,4,FALSE,TRUE,TRUE,FALSE,FALSE,2,2
649,PMU Round7,2,20220809mouse1_OD_L_2_0_0000036_Structure_0001,https://drive.google.com/file/d/11WzJFgiI4pp53tx-lUZNnqfFkc3UcZU0/view?usp=sharing,0.5,1,100,1,4,FALSE,FALSE,TRUE,FALSE,FALSE,1,1
650,PMU Round7,2,20220809mouse1_OD_L_4_90_0000026_Structure_0001,https://drive.google.com/file/d/1zhmNvE4yCsfQUXW9XytH5a_Y84AW8eWs/view?usp=sharing,3,3,3,3,4,TRUE,TRUE,TRUE,FALSE,FALSE,3,3
651,PMU Round7,2,20220809mouse2_OD_L_2_0_0000026_Structure_0001,https://drive.google.com/file/d/1WjkUlHzhbRl2lSuAe0yptWAB1eWzIBbD/view?usp=sharing,1,2,1,1,4,FALSE,TRUE,TRUE,FALSE,FALSE,1,1
652,PMU Round7,2,20220809mouse2_OD_L_4_90_0000036_Structure_0001,https://drive.google.com/file/d/1fv_5CEQF6_M5NapEw3sQZvFqOjOqnvRo/view?usp=sharing,1,2,1,1,4,FALSE,TRUE,TRUE,FALSE,FALSE,1,1
653,PMU Round7,2,20220809mouse3_OD_L_2_0_0000036_Structure_0001,https://drive.google.com/file/d/1RCpjzqetUce-X3Mxoum1QRb7p3S0lZM8/view?usp=sharing,2,3,1,3,4,FALSE,FALSE,TRUE,FALSE,FALSE,3,3
654,PMU Round7,2,20220809mouse3_OD_L_4_90_0000026_Structure_0001,https://drive.google.com/file/d/1i5rjmrcRufRhoh9HHgRje51SJAuKG_Y-/view?usp=sharing,1,1,0.5,1,4,FALSE,TRUE,TRUE,FALSE,FALSE,1,1
655,PMU Round7,2,20220809mouse4_OD_L_2_0_0000026_Structure_0001,https://drive.google.com/file/d/1rzTMRsXecEGLgvveOAsnTfFqk40Irf25/view?usp=sharing,100,100,,100,3,FALSE,TRUE,TRUE,FALSE,FALSE,100,100
656,PMU Round7,2,20220809mouse4_OD_L_4_90_0000036_Structure_0001,https://drive.google.com/file/d/1GwaiFBVrqeRMadFQoS4eva7OkXCs7EnY/view?usp=sharing,4,3,3,,3,FALSE,FALSE,TRUE,FALSE,FALSE,3,3
657,PMU Round7,2,20220809mouse5_OD_L_2_0_0000036_Structure_0001,https://drive.google.com/file/d/1SpQXwFD43G1gVkvXkpjQnPhPzRgswhCq/view?usp=sharing,100,100,100,100,4,TRUE,TRUE,TRUE,FALSE,FALSE,100,100
658,PMU Round7,2,20220809mouse5_OD_L_4_90_0000026_Structure_0001,https://drive.google.com/file/d/1dgz0l6B6xdW-EDFpdIs0y5UCIP66kROv/view?usp=sharing,4,3,2,4,4,FALSE,FALSE,TRUE,FALSE,FALSE,4,4
659,PMU Round7,2,20220809mouse6_OD_L_2_0_0000036_Structure_0001,https://drive.google.com/file/d/1oDVkzpuXBrxJ-lKKD3WXBN3VlWLg0hbL/view?usp=sharing,2,2,2,2,4,TRUE,TRUE,TRUE,FALSE,FALSE,2,2
660,PMU Round7,2,20220809mouse6_OD_L_4_90_0000026_Structure_0001,https://drive.google.com/file/d/1QF4jkVQutPXIdBJFa_pkVZxHfrAWskvL/view?usp=sharing,2,2,2,2,4,TRUE,TRUE,TRUE,FALSE,FALSE,2,2
661,PMU Round7,2,20220809mouse7_OS_L_2_0_0000036_Structure_0001,https://drive.google.com/file/d/1FtRXgR5QXEMT_EpY6yDBrfiguMvAb5Bf/view?usp=sharing,100,100,100,100,4,TRUE,TRUE,TRUE,FALSE,FALSE,100,100
662,PMU Round7,2,20220809mouse7_OS_L_4_90_0000026_Structure_0001,https://drive.google.com/file/d/1ovu5f5sSPZii2YILMxRbNJFXqalch3Hz/view?usp=sharing,4,2,4,4,4,FALSE,TRUE,TRUE,FALSE,FALSE,4,4
663,PMU Round7,2,20220809mouse8_OD_L_2_0_0000026_Structure_0001,https://drive.google.com/file/d/1VEduB-Qgm4ZB2QhCyyX4usTvERrYf1Jm/view?usp=sharing,2,2,1,2,4,FALSE,TRUE,TRUE,FALSE,FALSE,2,2
664,PMU Round7,2,20220809mouse8_OD_L_4_90_0000036_Structure_0001,https://drive.google.com/file/d/1O8hHo4ZIR0-OlqcleQFLS2SXoOcgHovN/view?usp=sharing,0.5,0.5,0,0.5,4,FALSE,TRUE,TRUE,FALSE,FALSE,0.5,0.5
665,PMU Round7,2,20220809mouse9_OD_L_2_0_0000036_Structure_0001,https://drive.google.com/file/d/14M13sjC0_ovmgMp35GRO_yGKRk3LqjYj/view?usp=sharing,2,1,2,2,4,FALSE,TRUE,TRUE,FALSE,FALSE,2,2
666,PMU Round7,2,20220809mouse9_OD_L_4_90_0000026_Structure_0001,https://drive.google.com/file/d/1mBWgDn_ef6KrVdlnKMcTnLJOXZeA_mqi/view?usp=sharing,1,2,1,2,4,FALSE,FALSE,TRUE,TRUE,FALSE,1,1
667,PMU Round7,2,20220809mouse10_OD_L_2_0_0000026_Structure_0001,https://drive.google.com/file/d/1J_5tOcDGIjINJOrktjHozTRYOotjUxkx/view?usp=sharing,0.5,0,0,0.5,4,FALSE,FALSE,TRUE,TRUE,FALSE,0.5,0.5
668,PMU Round7,2,20220809mouse10_OD_L_4_90_0000036_Structure_0001,https://drive.google.com/file/d/155rTyzf-NdS7hesyRR5aY0YwGHeAbPwS/view?usp=sharing,2,0,0,2,4,FALSE,FALSE,TRUE,TRUE,FALSE,2,2
669,PMU Round7,2,20220809mouse11_OD_L_2_0_0000036_Structure_0001,https://drive.google.com/file/d/1WGBUBU8_EDw7zQODy4A85x0_ciVMQ8Ox/view?usp=sharing,100,100,100,100,4,TRUE,TRUE,TRUE,FALSE,FALSE,100,100
670,PMU Round7,2,20220809mouse11_OD_L_4_90_0000026_Structure_0001,https://drive.google.com/file/d/1BiaxQhg3-YE5QOUBoPrYgozjpgVbIlR0/view?usp=sharing,4,4,3,4,4,FALSE,TRUE,TRUE,FALSE,FALSE,4,4
671,PMU Round7,2,20220809mouse12_OD_L_2_0_0000036_Structure_0001,https://drive.google.com/file/d/1FQ33W7o6BOTiK-okSS_DmxiEamoHANtL/view?usp=sharing,1,1,0.5,1,4,FALSE,TRUE,TRUE,FALSE,FALSE,1,1
672,PMU Round7,2,20220809mouse12_OD_L_4_90_0000026_Structure_0001,https://drive.google.com/file/d/1OvEkBOwr0r2pRji13eS4dm-GiC9FQJiY/view?usp=sharing,2,0.5,0,2,4,FALSE,FALSE,TRUE,FALSE,FALSE,2,2
673,PMU Round7,2,20220809mouse13_OD_L_2_0_0000026_Structure_0001,https://drive.google.com/file/d/1JTTJz1GDsd06bKPm4AQTO74bXGphZ2AH/view?usp=sharing,2,2,1,2,4,FALSE,TRUE,TRUE,FALSE,FALSE,2,2
674,PMU Round7,2,20220809mouse13_OD_L_4_90_0000036_Structure_0001,https://drive.google.com/file/d/1saZ3ckTqmVTqYnOTInYOdbK70TzEuZBa/view?usp=sharing,2,2,2,2,4,TRUE,TRUE,TRUE,FALSE,FALSE,2,2
675,PMU Round7,2,20220809mouse14_OD_L_2_0_0000036_Structure_0001,https://drive.google.com/file/d/1GvFwakQ6I5QtZRLXu_IyPJGS6s1NlXVe/view?usp=sharing,2,2,3,2,4,FALSE,TRUE,TRUE,FALSE,FALSE,2,2
676,PMU Round7,2,20220809mouse14_OD_L_4_90_0000026_Structure_0001,https://drive.google.com/file/d/15BL6TjmSJf4WRhA9hLqz9Mzz7OonVhAP/view?usp=sharing,2,0.5,1,2,4,FALSE,FALSE,TRUE,FALSE,FALSE,2,2
677,PMU Round7,3,20220809mouse1_OD_L_2_0_0000046_Structure_0001,https://drive.google.com/file/d/18lg72ZfPNd0R9SLUntPlRYKQExrNbcW3/view?usp=sharing,100,100,100,100,4,TRUE,TRUE,TRUE,FALSE,FALSE,100,100
678,PMU Round7,3,20220809mouse1_OD_L_4_90_0000056_Structure_0001,https://drive.google.com/file/d/1Y04Fxg9TXcf_XN50T4riqgQhiYgJHDZv/view?usp=sharing,4,4,4,4,4,TRUE,TRUE,TRUE,FALSE,FALSE,4,4
679,PMU Round7,3,20220809mouse2_OD_L_2_0_0000056_Structure_0001,https://drive.google.com/file/d/1Th9bmjEpiI1X6G2bpQAh25oO4t_Iq-st/view?usp=sharing,2,1,0.5,1,4,FALSE,FALSE,TRUE,FALSE,FALSE,1,1
680,PMU Round7,3,20220809mouse2_OD_L_4_90_0000046_Structure_0001,https://drive.google.com/file/d/1hS0miubIiJ_iHqKcCIsDrl4hjLvYCwTs/view?usp=sharing,1,2,1,1,4,FALSE,TRUE,TRUE,FALSE,FALSE,1,1
681,PMU Round7,3,20220809mouse3_OD_L_2_0_0000046_Structure_0001,https://drive.google.com/file/d/1Hp4VlETs6I3xUu-0-8Lq1Uo3vBAVG61u/view?usp=sharing,2,2,1,2,4,FALSE,TRUE,TRUE,FALSE,FALSE,2,2
682,PMU Round7,3,20220809mouse3_OD_L_4_90_0000056_Structure_0001,https://drive.google.com/file/d/1DDtIPBymtc6W9CljJ2t_3sd-tMbYt0xT/view?usp=sharing,0.5,1,0.5,0.5,4,FALSE,TRUE,TRUE,FALSE,FALSE,0.5,0.5
683,PMU Round7,3,20220809mouse4_OD_L_2_0_0000056_Structure_0001,https://drive.google.com/file/d/1QkxrWBhAOohFMM3BugA5g2dPN4zMnzt-/view?usp=sharing,100,100,,100,3,FALSE,TRUE,TRUE,FALSE,FALSE,100,100
684,PMU Round7,3,20220809mouse4_OD_L_4_90_0000046_Structure_0001,https://drive.google.com/file/d/1Nbxo7vI0cGe45D1IHt3WHSbcdFicmIYJ/view?usp=sharing,3,3,,3,3,FALSE,TRUE,TRUE,FALSE,FALSE,3,3
685,PMU Round7,3,20220809mouse5_OD_L_2_0_0000046_Structure_0001,https://drive.google.com/file/d/12HIu-NEy9Fb_rHzCFv69gi7BuBXaIeQJ/view?usp=sharing,100,100,100,100,4,TRUE,TRUE,TRUE,FALSE,FALSE,100,100
686,PMU Round7,3,20220809mouse5_OD_L_4_90_0000056_Structure_0001,https://drive.google.com/file/d/1CvI8ywpvzyTkdKg3FLgFCuj6Kh9AFZA3/view?usp=sharing,4,3,2,4,4,FALSE,FALSE,TRUE,FALSE,FALSE,4,4
687,PMU Round7,3,20220809mouse6_OD_L_2_0_0000056_Structure_0001,https://drive.google.com/file/d/1h_gTOqdSwAQHZ2SjQbUFJD1HR7--8P10/view?usp=sharing,1,3,1,1,4,FALSE,TRUE,TRUE,FALSE,FALSE,1,1
688,PMU Round7,3,20220809mouse6_OD_L_4_90_0000046_Structure_0001,https://drive.google.com/file/d/1ZcsC8VpS-HAQOL0Vpa-soz48qasn3JNW/view?usp=sharing,1,1,1,1,4,TRUE,TRUE,TRUE,FALSE,FALSE,1,1
689,PMU Round7,3,20220809mouse7_OD_L_2_0_0000072_Structure_0001,https://drive.google.com/file/d/16Gf-paTMoa-2uv28rzBrPPWXrfb8ByEM/view?usp=sharing,4,4,4,4,4,TRUE,TRUE,TRUE,FALSE,FALSE,4,4
690,PMU Round7,3,20220809mouse7_OD_L_4_90_0000066_Structure_0001,https://drive.google.com/file/d/1hxiv9qU3wWZ1JON5ZVy6HBEOlqdnX0Tf/view?usp=sharing,4,4,4,4,4,TRUE,TRUE,TRUE,FALSE,FALSE,4,4
691,PMU Round7,3,20220809mouse8_OD_L_2_0_0000056_Structure_0001,https://drive.google.com/file/d/1u-an3BK8FtS120_k7og8nQ8ZQM-8VEE4/view?usp=sharing,1,2,1,1,4,FALSE,TRUE,TRUE,FALSE,FALSE,1,1
692,PMU Round7,3,20220809mouse8_OD_L_4_90_0000046_Structure_0001,https://drive.google.com/file/d/1pv2FLIItO97MECRHFh2aPNBfTqwjIoqi/view?usp=sharing,0.5,0.5,0.5,0.5,4,TRUE,TRUE,TRUE,FALSE,FALSE,0.5,0.5
693,PMU Round7,3,20220809mouse9_OD_L_2_0_0000046_Structure_0001,https://drive.google.com/file/d/17-Ki1Uxu_2jSCL2xIeFLJSssWrkRruXU/view?usp=sharing,3,2,1,2,4,FALSE,FALSE,TRUE,FALSE,FALSE,2,2
694,PMU Round7,3,20220809mouse9_OD_L_4_90_0000056_Structure_0001,https://drive.google.com/file/d/172F5bjDnJR1b5gmbYdj9eT8B7vUKPytj/view?usp=sharing,0.5,0.5,0.5,0.5,4,TRUE,TRUE,TRUE,FALSE,FALSE,0.5,0.5
695,PMU Round7,3,20220809mouse10_OD_L_2_0_0000056_Structure_0001,https://drive.google.com/file/d/1r41lMaDJCiPvik7TfA3yu5E4GZ76DV2R/view?usp=sharing,0.5,0.5,0.5,0.5,4,TRUE,TRUE,TRUE,FALSE,FALSE,0.5,0.5
696,PMU Round7,3,20220809mouse10_OD_L_4_90_0000046_Structure_0001,https://drive.google.com/file/d/1ely6MptvW9Elpwo6fiTGa-7nDQ62vG3S/view?usp=sharing,0,0.5,0,0,4,FALSE,TRUE,TRUE,FALSE,FALSE,0,0
697,PMU Round7,3,20220809mouse11_OD_L_2_0_0000056_Structure_0001,https://drive.google.com/file/d/1dfZ4YHdoGhxztjLNODzaD6frgBHF_X8N/view?usp=sharing,100,100,100,100,4,TRUE,TRUE,TRUE,FALSE,FALSE,100,100
698,PMU Round7,3,20220809mouse11_OD_L_4_90_0000046_Structure_0001,https://drive.google.com/file/d/1FbdIjYwtBpmj4D0mODwIOJ_yBMbKvjwo/view?usp=sharing,3,4,4,4,4,FALSE,TRUE,TRUE,FALSE,FALSE,4,4
699,PMU Round7,3,20220809mouse12_OD_L_2_0_0000046_Structure_0001,https://drive.google.com/file/d/1vikb8NFJ5-7miJFar0iKqHCHi08wSG70/view?usp=sharing,1,1,0.5,1,4,FALSE,TRUE,TRUE,FALSE,FALSE,1,1
700,PMU Round7,3,20220809mouse12_OD_L_4_90_0000056_Structure_0001,https://drive.google.com/file/d/10kPc5cCrrTwgSY2IJ_dYSb9V-xi4-rZ0/view?usp=sharing,0.5,0.5,0.5,0.5,4,TRUE,TRUE,TRUE,FALSE,FALSE,0.5,0.5
701,PMU Round7,3,20220809mouse13_OD_L_2_0_0000046_Structure_0001,https://drive.google.com/file/d/1MSeOj7aPRLCNID06__FUDQH2A-4ClQQu/view?usp=sharing,1,1,1,1,4,TRUE,TRUE,TRUE,FALSE,FALSE,1,1
702,PMU Round7,3,20220809mouse13_OD_L_4_90_0000056_Structure_0001,https://drive.google.com/file/d/1EDKBbbTh0L98eHZaKycJhHmUuHdLxu4c/view?usp=sharing,0.5,0.5,0.5,0.5,4,TRUE,TRUE,TRUE,FALSE,FALSE,0.5,0.5
703,PMU Round7,3,20220809mouse14_OD_L_2_0_0000056_Structure_0001,https://drive.google.com/file/d/16p174dkgQHGGtp9rnTaEGDPtMUIrJJPj/view?usp=sharing,0.5,1,0.5,0.5,4,FALSE,TRUE,TRUE,FALSE,FALSE,0.5,0.5
704,PMU Round7,3,20220809mouse14_OD_L_4_90_0000046_Structure_0001,https://drive.google.com/file/d/17uU-tFlTNpROL1yG3E-bNLP0Cm-0w_Zb/view?usp=sharing,1,0.5,0.5,0.5,4,FALSE,TRUE,TRUE,FALSE,FALSE,0.5,0.5
705,PMU Round7,7,20220809mouse1_OD_L_2_0_0000072_Structure_0001,https://drive.google.com/file/d/1ZtZnXCnqARYdkWVWTcPk0xaF4YH0LCGq/view?usp=sharing,100,3,100,100,4,FALSE,TRUE,TRUE,FALSE,FALSE,100,100
706,PMU Round7,7,20220809mouse1_OD_L_4_90_0000066_Structure_0001,https://drive.google.com/file/d/1KB7zmH--X9fjoxj7R0LjVxCy0CY7xxEw/view?usp=sharing,2,2,1,2,4,FALSE,TRUE,TRUE,FALSE,FALSE,2,2
707,PMU Round7,7,20220809mouse2_OD_L_2_0_0000066_Structure_0001,https://drive.google.com/file/d/1o4xUVUY5DmDcNTTrqfoFWjjzmaqVQbIE/view?usp=sharing,2,1,1,1,4,FALSE,TRUE,TRUE,FALSE,FALSE,1,1
708,PMU Round7,7,20220809mouse2_OD_L_4_90_0000076_Structure_0001,https://drive.google.com/file/d/1rZ5vr1alTqjU4X1YE8nePMi0WZqx6coq/view?usp=sharing,0.5,0.5,0.5,0.5,4,TRUE,TRUE,TRUE,FALSE,FALSE,0.5,0.5
709,PMU Round7,7,20220809mouse3_OD_L_2_0_0000076_Structure_0001,https://drive.google.com/file/d/1DNtlXtGTzNRyDXUYoZ9rcOJYgbItwqBN/view?usp=sharing,2,2,1,2,4,FALSE,TRUE,TRUE,FALSE,FALSE,2,2
710,PMU Round7,7,20220809mouse3_OD_L_4_90_0000066_Structure_0001,https://drive.google.com/file/d/147sXWnYflx2QmChoK6EwRJBsmU5OXxLR/view?usp=sharing,2,2,2,2,4,TRUE,TRUE,TRUE,FALSE,FALSE,2,2
711,PMU Round7,7,20220809mouse4_OD_L_4_90_0000066_Structure_0001,https://drive.google.com/file/d/1ZUwbAS-nmlw_vjMg2d3MxARk4xaceIs-/view?usp=sharing,100,100,,100,3,FALSE,TRUE,TRUE,FALSE,FALSE,100,100
712,PMU Round7,7,20220809mouse5_OD_L_2_0_0000066_Structure_0001,https://drive.google.com/file/d/1Vcmv9uFRTViRB6Ntccv8NWpLifhjapqZ/view?usp=sharing,4,4,4,4,4,TRUE,TRUE,TRUE,FALSE,FALSE,4,4
713,PMU Round7,7,20220809mouse5_OD_L_4_90_0000076_Structure_0001,https://drive.google.com/file/d/1KR0H1R4QoP8eeG3u1VpRyfCOr4WFdL82/view?usp=sharing,1,1,1,1,4,TRUE,TRUE,TRUE,FALSE,FALSE,1,1
714,PMU Round7,7,20220809mouse6_OD_L_2_0_0000076_Structure_0001,https://drive.google.com/file/d/1kPu80WnUXGY-n930lKLRYgyxcx0P4fu7/view?usp=sharing,1,1,1,1,4,TRUE,TRUE,TRUE,FALSE,FALSE,1,1
715,PMU Round7,7,20220809mouse6_OD_L_4_90_0000066_Structure_0001,https://drive.google.com/file/d/1GjiujAheKCPm0S6KSvyNfvyO61sI4b7a/view?usp=sharing,0,0,0,0,4,TRUE,TRUE,TRUE,FALSE,FALSE,0,0
716,PMU Round7,7,20220809mouse7_OS_L_2_0_0000092_Structure_0001,https://drive.google.com/file/d/1mkOz4ZmdehxzABZAwPRKOI6tnYeiQVlo/view?usp=sharing,100,3,100,100,4,FALSE,TRUE,TRUE,FALSE,FALSE,100,100
717,PMU Round7,7,20220809mouse7_OS_L_4_90_0000086_Structure_0001,https://drive.google.com/file/d/1IFCIufid7upCDXLP04BKFHxjJiRjUxSt/view?usp=sharing,2,1,1,2,4,FALSE,FALSE,TRUE,TRUE,FALSE,2,2
718,PMU Round7,7,20220809mouse8_OD_L_2_0_0000066_Structure_0001,https://drive.google.com/file/d/1XotjL_gbR-5TZVvrnfjmWU7mP-OjqGB1/view?usp=sharing,1,1,1,1,4,TRUE,TRUE,TRUE,FALSE,FALSE,1,1
719,PMU Round7,7,20220809mouse8_OD_L_4_90_0000076_Structure_0001,https://drive.google.com/file/d/1LLB0KhSW6TSrlRdldUAJio8XlTu1QglE/view?usp=sharing,0.5,0.5,0.5,0.5,4,TRUE,TRUE,TRUE,FALSE,FALSE,0.5,0.5
720,PMU Round7,7,20220809mouse9_OD_L_2_0_0000076_Structure_0001,https://drive.google.com/file/d/1bzHOG2Q-AN8Tr4hKoXsQLTXXsMnueGJV/view?usp=sharing,100,1,100,100,4,FALSE,TRUE,TRUE,FALSE,FALSE,100,100
721,PMU Round7,7,20220809mouse9_OD_L_4_90_0000066_Structure_0001,https://drive.google.com/file/d/1jZG8AyK61bcMTspyYu7C7RL_8NhpCkbR/view?usp=sharing,0.5,0,0,0,4,FALSE,TRUE,TRUE,FALSE,FALSE,0,0
722,PMU Round7,7,20220809mouse10_OD_L_2_0_0000066_Structure_0001,https://drive.google.com/file/d/1IU_bPfE0xYp6NxtLnWZvCJKSD8rYxCr6/view?usp=sharing,0.5,0,0,0,4,FALSE,TRUE,TRUE,FALSE,FALSE,0,0
723,PMU Round7,7,20220809mouse10_OD_L_4_90_0000076_Structure_0001,https://drive.google.com/file/d/1oKHFPgQOYpaTBzL6ldomBXU81MqFM1V_/view?usp=sharing,0,0,0,0,4,TRUE,TRUE,TRUE,FALSE,FALSE,0,0
724,PMU Round7,7,20220809mouse11_OD_L_2_0_0000076_Structure_0001,https://drive.google.com/file/d/1lvbllwDcsfsZRbq9ab9czvVGA_3Ru11I/view?usp=sharing,4,4,4,4,4,TRUE,TRUE,TRUE,FALSE,FALSE,4,4
725,PMU Round7,7,20220809mouse11_OD_L_4_90_0000066_Structure_0001,https://drive.google.com/file/d/1pzvWrsQATw0ukr_lYX5Tg9c2K3XZNFR8/view?usp=sharing,100,2,2,2,4,FALSE,TRUE,TRUE,FALSE,FALSE,2,2
726,PMU Round7,7,20220809mouse12_OD_L_2_0_0000066_Structure_0001,https://drive.google.com/file/d/1NGo121osQaui06fL2Ri0FziRbIRe3ckY/view?usp=sharing,0.5,0,0.5,0.5,4,FALSE,TRUE,TRUE,FALSE,FALSE,0.5,0.5
727,PMU Round7,7,20220809mouse12_OD_L_4_90_0000076_Structure_0001,https://drive.google.com/file/d/1liTCpCX-dOaxtm-HUbOgueWx2EYPyX0g/view?usp=sharing,0,0,0,0,4,TRUE,TRUE,TRUE,FALSE,FALSE,0,0
728,PMU Round7,7,20220809mouse13_OD_L_2_0_0000076_Structure_0001,https://drive.google.com/file/d/1QMnheUx3DiRsMoXNrHpoBiVkUKzfbhZE/view?usp=sharing,0.5,0.5,0.5,0.5,4,TRUE,TRUE,TRUE,FALSE,FALSE,0.5,0.5
729,PMU Round7,7,20220809mouse13_OD_L_4_90_0000066_Structure_0001,https://drive.google.com/file/d/1VU4R1kzhEUBcnKFLGA953sCgM1rtLyDE/view?usp=sharing,0,0,0,0,4,TRUE,TRUE,TRUE,FALSE,FALSE,0,0
730,PMU Round7,7,20220809mouse14_OD_L_2_0_0000066_Structure_0001,https://drive.google.com/file/d/1r7PJgMUz9Gx8fBJlPTZXiP3AsOpTHj2O/view?usp=sharing,1,1,0.5,1,4,FALSE,TRUE,TRUE,FALSE,FALSE,1,1
731,PMU Round7,7,20220809mouse14_OD_L_4_90_0000076_Structure_0001,https://drive.google.com/file/d/1Rg3UGIOcNs-6xNWkiY8xArjiar8UZjyJ/view?usp=sharing,0.5,0.5,0.5,0.5,4,TRUE,TRUE,TRUE,FALSE,FALSE,0.5,0.5
732,PMU Round8,1,20220816mouse1_OD_L_2_0_0000006_Structure_0001,https://drive.google.com/file/d/1ReFW0e6sh7U0dtDE7y4-Ne1S-YwAYYPd/view?usp=sharing,1,1,100,100,4,FALSE,FALSE,TRUE,TRUE,TRUE,1,1
733,PMU Round8,1,20220816mouse1_OD_L_4_90_0000016_Structure_0001,https://drive.google.com/file/d/18PtD7JygYsELmfZ7qSnw5NPKzAjuJ5aD/view?usp=sharing,3,2,2,3,4,FALSE,FALSE,TRUE,TRUE,FALSE,3,3
734,PMU Round8,1,20220816mouse2_OD_L_2_0_0000016_Structure_0001,https://drive.google.com/file/d/1q1sXtWmsIws9WxkM6wdLL6YBpXKd-SfG/view?usp=sharing,3,3,2,3,4,FALSE,TRUE,TRUE,FALSE,FALSE,3,3
735,PMU Round8,1,20220816mouse2_OD_L_4_90_0000006_Structure_0001,https://drive.google.com/file/d/1hzJp5xBGq0zSFr1WWgivDfh9x95KKJot/view?usp=sharing,4,3,4,4,4,FALSE,TRUE,TRUE,FALSE,FALSE,4,4
736,PMU Round8,1,20220816mouse3_OD_L_2_0_0000006_Structure_0001,https://drive.google.com/file/d/1fMnsClmP85c1vQof27QDP4RKzx7lhp3p/view?usp=sharing,0.5,1,0.5,0.5,4,FALSE,TRUE,TRUE,FALSE,FALSE,0.5,0.5
737,PMU Round8,1,20220816mouse3_OD_L_4_90_0000016_Structure_0001,https://drive.google.com/file/d/1JxVRlLOtvmy2EqXFALbtSO6yRvY5DplH/view?usp=sharing,2,2,2,2,4,TRUE,TRUE,TRUE,FALSE,FALSE,2,2
738,PMU Round8,1,20220816mouse4_OD_L_2_0_0000016_Structure_0001,https://drive.google.com/file/d/1oLZV3CWG_G3D_dpp1aLgoT6DrFEs-Veu/view?usp=sharing,1,0.5,0.5,0.5,4,FALSE,TRUE,TRUE,FALSE,FALSE,0.5,0.5
739,PMU Round8,1,20220816mouse4_OD_L_4_90_0000006_Structure_0001,https://drive.google.com/file/d/1xqitlLpRdC0FUi0GJo01H9KfZCeIonSm/view?usp=sharing,3,3,2,3,4,FALSE,TRUE,TRUE,FALSE,FALSE,3,3
740,PMU Round8,1,20220816mouse5_OD_L_2_0_0000006_Structure_0001,https://drive.google.com/file/d/18bTHfsTQ5kzq0QWJYxLi-7vllcvmNBtd/view?usp=sharing,0,0,0,0,4,TRUE,TRUE,TRUE,FALSE,FALSE,0,0
741,PMU Round8,1,20220816mouse5_OD_L_4_90_0000016_Structure_0001,https://drive.google.com/file/d/1630eFV35G727XQvkCfwa4hLIB5EO2rXB/view?usp=sharing,3,2,2,2,4,FALSE,TRUE,TRUE,FALSE,FALSE,2,2
742,PMU Round8,1,20220823mouse6_OD_L_2_0_0000016_Structure_0001,https://drive.google.com/file/d/1Y4J1jnM8NtIfhudrDhp34uISJteysB7w/view?usp=sharing,100,100,100,100,4,TRUE,TRUE,TRUE,FALSE,FALSE,100,100
743,PMU Round8,1,20220823mouse6_OD_L_4_90_0000006_Structure_0001,https://drive.google.com/file/d/1T-c8k6uke8biFvl_TFDaV_0oTvZDCzIR/view?usp=sharing,4,1,1,3,4,FALSE,FALSE,TRUE,FALSE,FALSE,1,1
744,PMU Round8,1,20220823mouse7_OD_L_2_0_0000006_Structure_0001,https://drive.google.com/file/d/1zUdYHy3XI53a-DyDLvtGELljxB5k0k55/view?usp=sharing,2,2,1,2,4,FALSE,TRUE,TRUE,FALSE,FALSE,2,2
745,PMU Round8,1,20220823mouse7_OD_L_4_90_0000016_Structure_0001,https://drive.google.com/file/d/1M5JFruabt5Cs0XKvWWm7kFiEJcAh_8uE/view?usp=sharing,4,4,4,4,4,TRUE,TRUE,TRUE,FALSE,FALSE,4,4
746,PMU Round8,1,20220823mouse8_OD_L_2_0_0000012_Structure_0001,https://drive.google.com/file/d/1yTsQGOQ59aFl-aD5GFo9SH55HqxCRaLK/view?usp=sharing,1,1,100,100,4,FALSE,FALSE,TRUE,TRUE,TRUE,1,1
747,PMU Round8,1,20220823mouse8_OD_L_4_90_0000006_Structure_0001,https://drive.google.com/file/d/1jMzynwBvVE2MYRVmFzHB5gjpb7zX6N4o/view?usp=sharing,3,2,2,3,4,FALSE,FALSE,TRUE,TRUE,FALSE,3,3
748,PMU Round8,1,20220823mouse9_OD_L_2_0_0000016_Structure_0001,https://drive.google.com/file/d/1iuoluSv--fPnQ3KnuJcnsO_GGiASB0GC/view?usp=sharing,1,1,0.5,1,4,FALSE,TRUE,TRUE,FALSE,FALSE,1,1
749,PMU Round8,1,20220823mouse9_OD_L_4_90_0000006_Structure_0001,https://drive.google.com/file/d/10cfWGkOX3eqvh8zZgw_kLQTba1Cng8Pa/view?usp=sharing,2,2,2,2,4,TRUE,TRUE,TRUE,FALSE,FALSE,2,2
750,PMU Round8,1,20220823mouse10_OD_L_2_0_0000016_Structure_0001,https://drive.google.com/file/d/1r5gKtSBltCNzYPPHa6NK8ijEs8KsDMWD/view?usp=sharing,100,100,100,100,4,TRUE,TRUE,TRUE,FALSE,FALSE,100,100
751,PMU Round8,1,20220823mouse10_OD_L_4_90_0000006_Structure_0001,https://drive.google.com/file/d/1bu8XD2fCl-wvEFfoxmxesmixn3Ovnmkq/view?usp=sharing,4,3,3,4,4,FALSE,FALSE,TRUE,TRUE,FALSE,4,4
752,PMU Round8,2,20220816mouse1_OD_L_2_0_0000036_Structure_0001,https://drive.google.com/file/d/1jf8ByFMjdZMgfsyPJPBUapJRfCa-PbCP/view?usp=sharing,3,2,2,2,4,FALSE,TRUE,TRUE,FALSE,FALSE,2,2
753,PMU Round8,2,20220816mouse1_OD_L_4_90_0000026_Structure_0001,https://drive.google.com/file/d/1Ss1o0TpfIKmMBVW6-i5bi5EO_GcKhwr0/view?usp=sharing,4,4,4,4,4,TRUE,TRUE,TRUE,FALSE,FALSE,4,4
754,PMU Round8,2,20220816mouse2_OD_L_2_0_0000026_Structure_0001,https://drive.google.com/file/d/1-6XyK8CXrv0HklM8BRn8xLo9zFbzt-nA/view?usp=sharing,1,0.5,0.5,1,4,FALSE,FALSE,TRUE,TRUE,FALSE,1,1
755,PMU Round8,2,20220816mouse2_OD_L_4_90_0000036_Structure_0001,https://drive.google.com/file/d/106226-lHoqZvVEh2gIDTAX-UdH4i4xyV/view?usp=sharing,4,3,3,4,4,FALSE,FALSE,TRUE,TRUE,FALSE,4,4
756,PMU Round8,2,20220816mouse3_OD_L_2_0_0000036_Structure_0001,https://drive.google.com/file/d/1vU2sJq9ME2Z8HJ4-rzAAWujN5Ao1at_s/view?usp=sharing,1,1,1,1,4,TRUE,TRUE,TRUE,FALSE,FALSE,1,1
757,PMU Round8,2,20220816mouse3_OD_L_4_90_0000026_Structure_0001,https://drive.google.com/file/d/10Uhd_IVZaenPJ4OOeNRwYmvL7ivNO9Ao/view?usp=sharing,4,3,3,4,4,FALSE,FALSE,TRUE,TRUE,FALSE,4,4
758,PMU Round8,2,20220816mouse4_OD_L_2_0_0000026_Structure_0001,https://drive.google.com/file/d/1pax5IkgtEHH-nvmFPqnN83xp7qVk11Zd/view?usp=sharing,2,2,2,2,4,TRUE,TRUE,TRUE,FALSE,FALSE,2,2
759,PMU Round8,2,20220816mouse4_OD_L_4_90_0000036_Structure_0001,https://drive.google.com/file/d/1rDJaD1OczU9BXxFYJCOY1mCtkmobhxIV/view?usp=sharing,3,3,2,3,4,FALSE,TRUE,TRUE,FALSE,FALSE,3,3
760,PMU Round8,2,20220816mouse5_OD_L_2_0_0000036_Structure_0001,https://drive.google.com/file/d/12xhEtAUlzECflRnBA8kHS-vqiFfqzaMQ/view?usp=sharing,0.5,0,0.5,0.5,4,FALSE,TRUE,TRUE,FALSE,FALSE,0.5,0.5
761,PMU Round8,2,20220816mouse5_OD_L_4_90_0000026_Structure_0001,https://drive.google.com/file/d/16fOjlm63d1TGrAdm7UCR9PcAJw1ESdht/view?usp=sharing,3,2,2,2,4,FALSE,TRUE,TRUE,FALSE,FALSE,2,2
762,PMU Round8,2,20220823mouse6_OD_L_2_0_0000046_Structure_0001,https://drive.google.com/file/d/1t6oKX3cDrt98povMHlJ0P291QOd3aGKH/view?usp=sharing,1,2,100,100,4,FALSE,FALSE,TRUE,FALSE,FALSE,100,100
763,PMU Round8,2,20220823mouse6_OD_L_4_90_0000026_Structure_0001,https://drive.google.com/file/d/14sUyK6za4QqgLDN4xr5kWVC_sHHyUljP/view?usp=sharing,4,0.5,4,4,4,FALSE,TRUE,TRUE,FALSE,FALSE,4,4
764,PMU Round8,2,20220823mouse7_OD_L_2_0_0000036_Structure_0001,https://drive.google.com/file/d/1UkxwZ4YlykDLJgPqKY8985ZZJ92kJkRv/view?usp=sharing,2,2,100,100,4,FALSE,FALSE,TRUE,TRUE,TRUE,2,2
765,PMU Round8,2,20220823mouse7_OD_L_4_90_0000026_Structure_0001,https://drive.google.com/file/d/1cdDUzNshHIrcmxZZ9aWYevuqETBoiCLf/view?usp=sharing,3,3,3,3,4,TRUE,TRUE,TRUE,FALSE,FALSE,3,3
766,PMU Round8,2,20220823mouse8_OD_L_2_0_0000026_Structure_0001,https://drive.google.com/file/d/1dT98xqBcf5wBIY557mivLfD2u4vooKIC/view?usp=sharing,2,2,1,2,4,FALSE,TRUE,TRUE,FALSE,FALSE,2,2
767,PMU Round8,2,20220823mouse8_OD_L_4_90_0000036_Structure_0001,https://drive.google.com/file/d/1R4QBOIWGrEwD9nqkgDWmwzZ70bJj4cNL/view?usp=sharing,3,3,2,3,4,FALSE,TRUE,TRUE,FALSE,FALSE,3,3
768,PMU Round8,2,20220823mouse9_OD_L_2_0_0000026_Structure_0001,https://drive.google.com/file/d/1Kck0sWfRqjyK4YxH0sZRrRyGWQE1Ys0B/view?usp=sharing,2,2,1,2,4,FALSE,TRUE,TRUE,FALSE,FALSE,2,2
769,PMU Round8,2,20220823mouse9_OD_L_4_90_0000048_Structure_0001,https://drive.google.com/file/d/1c9ScrQcFqDejvtboFyblr6Q0sVQryfpf/view?usp=sharing,3,1,2,2,4,FALSE,FALSE,TRUE,FALSE,FALSE,2,2
770,PMU Round8,2,20220823mouse10_OD_L_2_0_0000036_Structure_0001,https://drive.google.com/file/d/1zfaD5jFURXxtimgTdllUB4GeQKYhUUME/view?usp=sharing,100,100,100,100,4,TRUE,TRUE,TRUE,FALSE,FALSE,100,100
771,PMU Round8,2,20220823mouse10_OD_L_4_90_0000026_Structure_0001,https://drive.google.com/file/d/1GlifLIP8ezXFCGxvYVUVVsVLykmn5HAa/view?usp=sharing,4,2,3,3,4,FALSE,FALSE,TRUE,FALSE,FALSE,3,3
772,PMU Round8,3,20220816mouse1_OD_L_2_0_0000046_Structure_0001,https://drive.google.com/file/d/1A98cG4cDFv9oGTorzJ_Hd_si9iJQcQrR/view?usp=sharing,3,2,2,3,4,FALSE,FALSE,TRUE,TRUE,FALSE,3,3
773,PMU Round8,3,20220816mouse1_OD_L_4_90_0000056_Structure_0001,https://drive.google.com/file/d/1QrYxtMYzaM9fbqOzKLaa0bsoR2jLPs6-/view?usp=sharing,4,4,2,4,4,FALSE,TRUE,TRUE,FALSE,FALSE,4,4
774,PMU Round8,3,20220816mouse2_OD_L_2_0_0000056_Structure_0001,https://drive.google.com/file/d/1EO1te-JhDA0rVErP2wOlVT4hp3aNqrNA/view?usp=sharing,2,1,1,1,4,FALSE,TRUE,TRUE,FALSE,FALSE,1,1
775,PMU Round8,3,20220816mouse2_OD_L_4_90_0000046_Structure_0001,https://drive.google.com/file/d/1F807NqK5s2SM0JZczZ7l4KFXbf9vglEa/view?usp=sharing,4,3,3,4,4,FALSE,FALSE,TRUE,TRUE,FALSE,4,4
776,PMU Round8,3,20220816mouse3_OD_L_2_0_0000046_Structure_0001,https://drive.google.com/file/d/12XVBHMDAvG8kVNyD0Q9aMChlLIlrnI_Z/view?usp=sharing,1,1,0.5,1,4,FALSE,TRUE,TRUE,FALSE,FALSE,1,1
777,PMU Round8,3,20220816mouse3_OD_L_4_90_0000056_Structure_0001,https://drive.google.com/file/d/12AhkslSNc-2pVlpzQ_d20sTrAe_12kZN/view?usp=sharing,3,3,3,3,4,TRUE,TRUE,TRUE,FALSE,FALSE,3,3
778,PMU Round8,3,20220816mouse4_OD_L_2_0_0000056_Structure_0001,https://drive.google.com/file/d/1ovIEETxAq9auiHsKiyCOPPFcGUzEClpW/view?usp=sharing,2,2,1,2,4,FALSE,TRUE,TRUE,FALSE,FALSE,2,2
779,PMU Round8,3,20220816mouse4_OD_L_4_90_0000046_Structure_0001,https://drive.google.com/file/d/1V-T7u-LGQwyx57b9UFcMn3udtzsuB0GY/view?usp=sharing,4,3,3,3,4,FALSE,TRUE,TRUE,FALSE,FALSE,3,3
780,PMU Round8,3,20220816mouse5_OD_L_2_0_0000046_Structure_0001,https://drive.google.com/file/d/1_D88MUiMHRzYVfN_4fl3KJGggz6dTiW6/view?usp=sharing,1,1,1,1,4,TRUE,TRUE,TRUE,FALSE,FALSE,1,1
781,PMU Round8,3,20220816mouse5_OD_L_4_90_0000056_Structure_0001,https://drive.google.com/file/d/1Ivnygb5I_nJ1fmNX6tw2Zi0pdN5nmlPn/view?usp=sharing,1,1,0.5,1,4,FALSE,TRUE,TRUE,FALSE,FALSE,1,1
782,PMU Round8,3,20220823mouse6_OD_L_2_0_0000056_Structure_0001,https://drive.google.com/file/d/1m64p7O9A4UgJjpak16uIgWTD7RxP4fo6/view?usp=sharing,100,3,100,100,4,FALSE,TRUE,TRUE,FALSE,FALSE,100,100
783,PMU Round8,3,20220823mouse6_OD_L_4_90_0000066_Structure_0001,https://drive.google.com/file/d/1zJg2flY6Rlu4vXQDEN8J3Tz-0QVhb2xu/view?usp=sharing,3,4,3,4,4,FALSE,FALSE,TRUE,TRUE,FALSE,3,3
784,PMU Round8,3,20220823mouse7_OD_L_2_0_0000056_Structure_0001,https://drive.google.com/file/d/1Z6XMvar1WuWTUAaIrzlnyPpYD7iv7h1O/view?usp=sharing,2,2,2,2,4,TRUE,TRUE,TRUE,FALSE,FALSE,2,2
785,PMU Round8,3,20220823mouse7_OD_L_4_90_0000046_Structure_0001,https://drive.google.com/file/d/1HCOSQNZMKThsfC_924IMYMSsWsHvWQzF/view?usp=sharing,3,3,2,3,4,FALSE,TRUE,TRUE,FALSE,FALSE,3,3
786,PMU Round8,3,20220823mouse8_OD_L_2_0_0000046_Structure_0001,https://drive.google.com/file/d/1-jqV31u0RfvF9yjAksrnMX3eLp6Q4wES/view?usp=sharing,1,0.5,1,1,4,FALSE,TRUE,TRUE,FALSE,FALSE,1,1
787,PMU Round8,3,20220823mouse8_OD_L_4_90_0000056_Structure_0001,https://drive.google.com/file/d/1QqsEkB4mEJOPnWC5spmUeE_INBRLH725/view?usp=sharing,4,3,2,3,4,FALSE,FALSE,TRUE,FALSE,FALSE,3,3
788,PMU Round8,3,20220823mouse9_OD_L_2_0_0000068_Structure_0001,https://drive.google.com/file/d/1csrUKobNzb6Ohz7cY1TqWpbEYZglsRi7/view?usp=sharing,1,0.5,0.5,1,4,FALSE,FALSE,TRUE,TRUE,FALSE,1,1
789,PMU Round8,3,20220823mouse9_OD_L_4_90_0000058_Structure_0001,https://drive.google.com/file/d/1PlukPqTicD_z8ATx0uMLls6nVYdaWnhm/view?usp=sharing,2,3,1,2,4,FALSE,FALSE,TRUE,FALSE,FALSE,2,2
790,PMU Round8,3,20220823mouse10_OD_L_2_0_0000046_Structure_0001,https://drive.google.com/file/d/15IOdN5OdPvygcs-uojuHWd7wqjzU1XoX/view?usp=sharing,100,100,100,100,4,TRUE,TRUE,TRUE,FALSE,FALSE,100,100
791,PMU Round8,3,20220823mouse10_OD_L_4_90_0000056_Structure_0001,https://drive.google.com/file/d/1jFViPBPA96L0B7azo06fx2HNi_UwVsxj/view?usp=sharing,4,2,3,3,4,FALSE,FALSE,TRUE,FALSE,FALSE,3,3
792,PMU Round8,7,20220816mouse1_OD_L_2_0_0000066_Structure_0001,https://drive.google.com/file/d/1zghpRm6IzwGKo0pl2r6yTufJB3z6xfzr/view?usp=sharing,2,3,2,2,4,FALSE,TRUE,TRUE,FALSE,FALSE,2,2
793,PMU Round8,7,20220816mouse1_OD_L_4_90_0000076_Structure_0001,https://drive.google.com/file/d/1YhlT_1Sr5DLH0n84S81eAJKDq5p-i7fS/view?usp=sharing,2,0,0,2,4,FALSE,FALSE,TRUE,TRUE,FALSE,2,2
794,PMU Round8,7,20220816mouse2_OD_L_2_0_0000080_Structure_0001,https://drive.google.com/file/d/1LGCSMNdCUo5WS88gTMk23WpHpYWLm863/view?usp=sharing,3,1,2,2,4,FALSE,FALSE,TRUE,FALSE,FALSE,2,2
795,PMU Round8,7,20220816mouse2_OD_L_4_90_0000070_Structure_0001,https://drive.google.com/file/d/13Bxtz7z04yEqYjDLSiDYAMuOYVBnT7ix/view?usp=sharing,2,2,2,2,4,TRUE,TRUE,TRUE,FALSE,FALSE,2,2
796,PMU Round8,7,20220816mouse3_OD_L_2_0_0000076_Structure_0001,https://drive.google.com/file/d/1gi-aSP0iEUEUSIWVldx0iLjHHZg2_Oua/view?usp=sharing,1,1,1,1,4,TRUE,TRUE,TRUE,FALSE,FALSE,1,1
797,PMU Round8,7,20220816mouse3_OD_L_4_90_0000066_Structure_0001,https://drive.google.com/file/d/1O8ahtwguPoW3FHEVc5d1Zvw6bm87Ifjx/view?usp=sharing,1,0.5,1,1,4,FALSE,TRUE,TRUE,FALSE,FALSE,1,1
798,PMU Round8,7,20220816mouse4_OD_L_2_0_0000066_Structure_0001,https://drive.google.com/file/d/1buoloMgi62RgxqvtcCAweBhI6Xp-5_LC/view?usp=sharing,2,1,0.5,2,4,FALSE,FALSE,TRUE,FALSE,FALSE,2,2
799,PMU Round8,7,20220816mouse4_OD_L_4_90_0000076_Structure_0001,https://drive.google.com/file/d/1nnBBGFynwNJuOtwraO6qsPAE3-X-jkmV/view?usp=sharing,1,0.5,0.5,0.5,4,FALSE,TRUE,TRUE,FALSE,FALSE,0.5,0.5
800,PMU Round8,7,20220816mouse5_OD_L_2_0_0000066_Structure_0001,https://drive.google.com/file/d/1ulhXyXw1HM0rJKOeKCo_EaEQEQj1omsd/view?usp=sharing,1,1,1,1,4,TRUE,TRUE,TRUE,FALSE,FALSE,1,1
801,PMU Round8,7,20220816mouse5_OD_L_4_90_0000076_Structure_0001,https://drive.google.com/file/d/1OLF3QQQTjHBBLtOmBKAQM2NqellV1dfy/view?usp=sharing,2,2,1,2,4,FALSE,TRUE,TRUE,FALSE,FALSE,2,2
802,PMU Round8,7,20220823mouse6_OD_L_2_0_0000076_Structure_0001,https://drive.google.com/file/d/1FWYJA8WVcpwqdoEYtOf-rNf8filuR3dH/view?usp=sharing,2,2,100,100,4,FALSE,FALSE,TRUE,TRUE,TRUE,2,2
803,PMU Round8,7,20220823mouse6_OD_L_4_90_0000086_Structure_0001,https://drive.google.com/file/d/1eUkcoIMulqSOzCWe8A3RRVifdsBV5ZCg/view?usp=sharing,2,2,2,2,4,TRUE,TRUE,TRUE,FALSE,FALSE,2,2
804,PMU Round8,7,20220823mouse7_OD_L_2_0_0000076_Structure_0001,https://drive.google.com/file/d/1CdSUK-4piJxW-t3JcKCnttTVtv7dq-_0/view?usp=sharing,2,2,1,2,4,FALSE,TRUE,TRUE,FALSE,FALSE,2,2
805,PMU Round8,7,20220823mouse7_OD_L_4_90_0000066_Structure_0001,https://drive.google.com/file/d/1nx3FMqbgGOmusdLa-nxgaxCdhP-nwi9i/view?usp=sharing,0.5,1,1,1,4,FALSE,TRUE,TRUE,FALSE,FALSE,1,1
806,PMU Round8,7,20220823mouse8_OD_L_2_0_0000066_Structure_0001,https://drive.google.com/file/d/1rfD3jdeQhwmHY4P6hl1FCqOY14DC17oY/view?usp=sharing,1,1,0.5,1,4,FALSE,TRUE,TRUE,FALSE,FALSE,1,1
807,PMU Round8,7,20220823mouse8_OD_L_4_90_0000076_Structure_0001,https://drive.google.com/file/d/1Lhz_H-e5BgZGfjURW4DPKR2QufNC-VfS/view?usp=sharing,1,1,1,1,4,TRUE,TRUE,TRUE,FALSE,FALSE,1,1
808,PMU Round8,7,20220823mouse9_OD_L_2_0_0000088_Structure_0001,https://drive.google.com/file/d/1UtlvYl7W11HSJhphlKJ1iGL2zv2Pp6Jj/view?usp=sharing,0.5,1,0.5,0.5,4,FALSE,TRUE,TRUE,FALSE,FALSE,0.5,0.5
809,PMU Round8,7,20220823mouse9_OD_L_4_90_0000078_Structure_0001,https://drive.google.com/file/d/12qqjlO1yAmNtUSH-JcULcDmuPg8aKOXC/view?usp=sharing,0.5,0,0.5,0.5,4,FALSE,TRUE,TRUE,FALSE,FALSE,0.5,0.5
810,PMU Round8,7,20220823mouse10_OD_L_2_0_0000066_Structure_0001,https://drive.google.com/file/d/14sPsqPn2wTFm_6R_Ypg1x0iPn_MnKqKJ/view?usp=sharing,100,100,100,100,4,TRUE,TRUE,TRUE,FALSE,FALSE,100,100
811,PMU Round8,7,20220823mouse10_OD_L_4_90_0000076_Structure_0001,https://drive.google.com/file/d/1xBxcTWxuRK9gaBSMM5qe50c47oyxMY5l/view?usp=sharing,2,2,2,2,4,TRUE,TRUE,TRUE,FALSE,FALSE,2,2
812,PMU Round8,14,20220816mouse1_OD_L_2_0_0000096_Structure_0001,https://drive.google.com/file/d/1DB8Epq4nIe4KTqckcDBWXESOt8VPwqNN/view?usp=sharing,3,3,1,3,4,FALSE,TRUE,TRUE,FALSE,FALSE,3,3
813,PMU Round8,14,20220816mouse1_OD_L_4_90_0000086_Structure_0001,https://drive.google.com/file/d/1rDHoOK8MBpf7odflF9MhMa0-6tqqNRcv/view?usp=sharing,2,2,2,2,4,TRUE,TRUE,TRUE,FALSE,FALSE,2,2
814,PMU Round8,14,20220816mouse2_OD_L_2_0_0000090_Structure_0001,https://drive.google.com/file/d/1rOXTPN0NqAjm3ceNCKhq7X5ocQFAixak/view?usp=sharing,1,2,1,1,4,FALSE,TRUE,TRUE,FALSE,FALSE,1,1
815,PMU Round8,14,20220816mouse2_OD_L_4_90_0000100_Structure_0001,https://drive.google.com/file/d/1E4gJKtooQn7e8_Nmd7FDdmQSmj3LIv_2/view?usp=sharing,2,1,1,2,4,FALSE,FALSE,TRUE,TRUE,FALSE,2,2
816,PMU Round8,14,20220816mouse3_OD_L_2_0_0000096_Structure_0001,https://drive.google.com/file/d/1fraZQPGV8AtHw0oI2_hMfag7YYz5dfRh/view?usp=sharing,1,1,1,1,4,TRUE,TRUE,TRUE,FALSE,FALSE,1,1
817,PMU Round8,14,20220816mouse3_OD_L_4_90_0000086_Structure_0001,https://drive.google.com/file/d/1Xk-VuO9bqqx0BY7fReSInkXbt-rOx3pV/view?usp=sharing,2,2,1,2,4,FALSE,TRUE,TRUE,FALSE,FALSE,2,2
818,PMU Round8,14,20220816mouse4_OD_L_2_0_0000086_Structure_0001,https://drive.google.com/file/d/1Eay4rFz-4N--cyhQ6WFx9fWKwUmZkUdD/view?usp=sharing,1,1,0.5,1,4,FALSE,TRUE,TRUE,FALSE,FALSE,1,1
819,PMU Round8,14,20220816mouse4_OD_L_4_90_0000096_Structure_0001,https://drive.google.com/file/d/1XrILeICLgpGH7I1igcRnUQgSsrt-_kvr/view?usp=sharing,2,2,2,2,4,TRUE,TRUE,TRUE,FALSE,FALSE,2,2
820,PMU Round8,14,20220816mouse5_OD_L_2_0_0000096_Structure_0001,https://drive.google.com/file/d/1weBAh3NYL4Pd3C8xGSemlUJRcKec8oSF/view?usp=sharing,1,2,1,1,4,FALSE,TRUE,TRUE,FALSE,FALSE,1,1
821,PMU Round8,14,20220816mouse5_OD_L_4_90_0000086_Structure_0001,https://drive.google.com/file/d/1u2EA-lwqd9zJQUANarE1UUVABRVI9kyd/view?usp=sharing,2,1,2,2,4,FALSE,TRUE,TRUE,FALSE,FALSE,2,2
822,PMU Round8,14,20220823mouse6_OD_L_2_0_0000106_Structure_0001,https://drive.google.com/file/d/12jUzcXClbw6v_khFPIAaVdOALftL7Law/view?usp=sharing,4,2,100,100,4,FALSE,FALSE,TRUE,FALSE,FALSE,100,100
823,PMU Round8,14,20220823mouse6_OD_L_4_90_0000096_Structure_0001,https://drive.google.com/file/d/1Xi2IuY5zXawWBdtn8FpGzVxbhnaLODJ3/view?usp=sharing,2,1,1,3,4,FALSE,FALSE,TRUE,FALSE,FALSE,1,1
824,PMU Round8,14,20220823mouse7_OD_L_2_0_0000086_Structure_0001,https://drive.google.com/file/d/1ohoz6VZyhCGUScsD1r_6ITDeQUb9r2Bi/view?usp=sharing,2,2,2,2,4,TRUE,TRUE,TRUE,FALSE,FALSE,2,2
825,PMU Round8,14,20220823mouse7_OD_L_4_90_0000096_Structure_0001,https://drive.google.com/file/d/1HwA-DTsMaS64ebBBzbVkk1COnTD22EQW/view?usp=sharing,1,1,1,1,4,TRUE,TRUE,TRUE,FALSE,FALSE,1,1
826,PMU Round8,14,20220823mouse8_OD_L_2_0_0000096_Structure_0001,https://drive.google.com/file/d/1Agv-AVbF86xv6haH0UHXDB1SExVLLbNV/view?usp=sharing,1,1,1,1,4,TRUE,TRUE,TRUE,FALSE,FALSE,1,1
827,PMU Round8,14,20220823mouse8_OD_L_4_90_0000086_Structure_0001,https://drive.google.com/file/d/1mWhqnEbe72IuMIXhfpJTEzzQquYvAq6Y/view?usp=sharing,2,2,2,2,4,TRUE,TRUE,TRUE,FALSE,FALSE,2,2
828,PMU Round8,14,20220823mouse9_OD_L_2_0_0000098_Structure_0001,https://drive.google.com/file/d/1Vm43m0cUeUUO4uKRYDzkKZX0eBdK4cqu/view?usp=sharing,0.5,0.5,0.5,0.5,4,TRUE,TRUE,TRUE,FALSE,FALSE,0.5,0.5
829,PMU Round8,14,20220823mouse9_OD_L_4_90_0000108_Structure_0001,https://drive.google.com/file/d/11YUECXBOzA5ljpKuP2UK1LK6RJX1BpAj/view?usp=sharing,0.5,0.5,0.5,0.5,4,TRUE,TRUE,TRUE,FALSE,FALSE,0.5,0.5
830,PMU Round8,14,20220823mouse10_OD_L_2_0_0000096_Structure_0001,https://drive.google.com/file/d/1reewH4wrihyZKHP25FjI0bKdzqZXq2QH/view?usp=sharing,100,100,100,100,4,TRUE,TRUE,TRUE,FALSE,FALSE,100,100
831,PMU Round8,14,20220823mouse10_OD_L_4_90_0000086_Structure_0001,https://drive.google.com/file/d/1fEENS_5whXHXSyVFDaWMej1I8aVgG8At/view?usp=sharing,2,2,1,2,4,FALSE,TRUE,TRUE,FALSE,FALSE,2,2
832,PMU Round8,21,20220816mouse1_OD_L_2_0_0000106_Structure_0001,https://drive.google.com/file/d/1wM7yANobqpMqpAfzUa4ndhke8eFFgB63/view?usp=sharing,3,3,3,3,4,TRUE,TRUE,TRUE,FALSE,FALSE,3,3
833,PMU Round8,21,20220816mouse1_OD_L_4_90_0000116_Structure_0001,https://drive.google.com/file/d/1yrXNOvEQP65EQ0zQ5148g8YaojZOuQQX/view?usp=sharing,2,2,2,2,4,TRUE,TRUE,TRUE,FALSE,FALSE,2,2
834,PMU Round8,21,20220816mouse2_OD_L_2_0_0000120_Structure_0001,https://drive.google.com/file/d/1eUKi_nt8xrRUjO4RkEJGwyfMS1J9tvMF/view?usp=sharing,1,2,1,1,4,FALSE,TRUE,TRUE,FALSE,FALSE,1,1
835,PMU Round8,21,20220816mouse2_OD_L_4_90_0000110_Structure_0001,https://drive.google.com/file/d/1t_XT34GyXPitYqh0MOkUFGsI5LD9ZNae/view?usp=sharing,2,0.5,0,2,4,FALSE,FALSE,TRUE,FALSE,FALSE,2,2
836,PMU Round8,21,20220816mouse3_OD_L_2_0_0000106_Structure_0001,https://drive.google.com/file/d/1dbhWb5byIJHDoWKjjCWDUwjKDQ-rB29w/view?usp=sharing,2,2,2,2,4,TRUE,TRUE,TRUE,FALSE,FALSE,2,2
837,PMU Round8,21,20220816mouse3_OD_L_4_90_0000116_Structure_0001,https://drive.google.com/file/d/1MBz3VH-pm69EABVw_PbXCVQVUua_qm6J/view?usp=sharing,1,2,1,2,4,FALSE,FALSE,TRUE,TRUE,FALSE,1,1
838,PMU Round8,21,20220816mouse4_OD_L_2_0_0000116_Structure_0001,https://drive.google.com/file/d/1U4CadDeeUKvMzAF_GvCQWg7yAQd_AYrn/view?usp=sharing,3,3,2,3,4,FALSE,TRUE,TRUE,FALSE,FALSE,3,3
839,PMU Round8,21,20220816mouse4_OD_L_4_90_0000106_Structure_0001,https://drive.google.com/file/d/1LG93kd8S5NEeYS62cMgvi5ciX1vHudp2/view?usp=sharing,2,2,1,2,4,FALSE,TRUE,TRUE,FALSE,FALSE,2,2
840,PMU Round8,21,20220816mouse5_OD_L_2_0_0000106_Structure_0001,https://drive.google.com/file/d/17geo1SEmx8fwFtLjRujSSCru1w1oQr3H/view?usp=sharing,0.5,0.5,0.5,0.5,4,TRUE,TRUE,TRUE,FALSE,FALSE,0.5,0.5
841,PMU Round8,21,20220816mouse5_OD_L_4_90_0000116_Structure_0001,https://drive.google.com/file/d/1tIzU6G3IuJB2lchkhH1JDY2NYK-KEXh6/view?usp=sharing,3,3,2,3,4,FALSE,TRUE,TRUE,FALSE,FALSE,3,3
842,PMU Round8,21,20220823mouse6_OD_L_2_0_0000116_Structure_0001,https://drive.google.com/file/d/1O_lJ5s_SQ_kIXj8rGeY4oCLKjcw71mky/view?usp=sharing,4,2,100,100,4,FALSE,FALSE,TRUE,FALSE,FALSE,100,100
843,PMU Round8,21,20220823mouse6_OD_L_4_90_0000126_Structure_0001,https://drive.google.com/file/d/1bYXyj8mXgvxJdFEblzI4EmJH-oguEhwE/view?usp=sharing,3,2,2,2,4,FALSE,TRUE,TRUE,FALSE,FALSE,2,2
844,PMU Round8,21,20220823mouse7_OD_L_2_0_0000116_Structure_0001,https://drive.google.com/file/d/1vDoZnf7EQBz5_MKxgHqRjViGlejOmm6H/view?usp=sharing,2,2,2,2,4,TRUE,TRUE,TRUE,FALSE,FALSE,2,2
845,PMU Round8,21,20220823mouse7_OD_L_4_90_0000106_Structure_0001,https://drive.google.com/file/d/1gjR7yqGmh9n7ieF7Bv8lCGoQT4WwL2as/view?usp=sharing,2,1,1,1,4,FALSE,TRUE,TRUE,FALSE,FALSE,1,1
846,PMU Round8,21,20220823mouse8_OD_L_2_0_0000106_Structure_0001,https://drive.google.com/file/d/1vHJjygNB4qwBUb_QObYYoSNR96tscXtC/view?usp=sharing,2,2,1,2,4,FALSE,TRUE,TRUE,FALSE,FALSE,2,2
847,PMU Round8,21,20220823mouse8_OD_L_4_90_0000116_Structure_0001,https://drive.google.com/file/d/1FZMybFWHlqEpBXl1pdiy8i8YFzMowgnG/view?usp=sharing,2,1,1,2,4,FALSE,FALSE,TRUE,TRUE,FALSE,2,2
848,PMU Round8,21,20220823mouse9_OD_L_2_0_0000128_Structure_0001,https://drive.google.com/file/d/10Wr1RdzAtWX2K9nU8XvIGj_Mfl21Y6CE/view?usp=sharing,0,0,0,0,4,TRUE,TRUE,TRUE,FALSE,FALSE,0,0
849,PMU Round8,21,20220823mouse9_OD_L_4_90_0000118_Structure_0001,https://drive.google.com/file/d/1mtIiQ1OwesAA_llYjn3eoUlVFjcokQM_/view?usp=sharing,0,0,0,0,4,TRUE,TRUE,TRUE,FALSE,FALSE,0,0
850,PMU Round8,21,20220823mouse10_OD_L_2_0_0000106_Structure_0001,https://drive.google.com/file/d/1aQ2CPBvb-w0nVhFVvZv5CFD00DuBAyxL/view?usp=sharing,100,100,100,100,4,TRUE,TRUE,TRUE,FALSE,FALSE,100,100
851,PMU Round8,21,20220823mouse10_OD_L_4_90_0000116_Structure_0001,https://drive.google.com/file/d/1pqZ04-qe146rkrA2bIocfYC1qh9cVz36/view?usp=sharing,4,2,2,4,4,FALSE,FALSE,TRUE,TRUE,FALSE,4,4
852,Day28 Cytokines R1,2,20220825mouse1_OD_R_4_0_0000009_Structure_0001,https://drive.google.com/file/d/1zASrNiDJbVEVdR8jILTRdEGXqaRp-OaT/view?usp=sharing,0,0,,0,3,FALSE,TRUE,TRUE,FALSE,FALSE,0,0
853,Day28 Cytokines R1,2,20220825mouse1_OD_R_4_0_0000009_Structure_0002,https://drive.google.com/file/d/1YrMNwgEkT9aES2JL_lbh0U3mQBUYaUer/view?usp=sharing,0,0,,0,3,FALSE,TRUE,TRUE,FALSE,FALSE,0,0
854,Day28 Cytokines R1,2,20220825mouse1_OD_R_4_0_0000009_Structure_0003,https://drive.google.com/file/d/1e7diPkK0aM_dayApujv_g9TxqanP1fng/view?usp=sharing,0,0,0,0,4,TRUE,TRUE,TRUE,FALSE,FALSE,0,0
855,Day28 Cytokines R1,2,20220825mouse1_OD_R_4_0_0000009_Structure_0004,https://drive.google.com/file/d/12HiJtppwbWAz8BfQ3kZYSgAbOASXZzFl/view?usp=sharing,0,0.5,0,0.5,4,FALSE,FALSE,TRUE,TRUE,FALSE,0,0
856,Day28 Cytokines R1,2,20220825mouse1_OD_R_2_0_0000002_Structure_0001,https://drive.google.com/file/d/1UhdB2NMF0un2QtxsceTS1x5fD7GICYnN/view?usp=sharing,1,1,,1,3,FALSE,TRUE,TRUE,FALSE,FALSE,1,1
857,Day28 Cytokines R1,2,20220825mouse1_OD_R_2_0_0000002_Structure_0002,https://drive.google.com/file/d/1y4j6RaiglwHwWfDNZZ5-NcKbpCWp0Nnn/view?usp=sharing,1,1,,1,3,FALSE,TRUE,TRUE,FALSE,FALSE,1,1
858,Day28 Cytokines R1,2,20220825mouse1_OD_R_2_0_0000002_Structure_0003,https://drive.google.com/file/d/1ZGWTXuriFh2dpWaMrvTMjemhW-UvvhTi/view?usp=sharing,2,2,,2,3,FALSE,TRUE,TRUE,FALSE,FALSE,2,2
859,Day28 Cytokines R1,2,20220825mouse1_OD_R_2_0_0000002_Structure_0004,https://drive.google.com/file/d/1PimNtWawoYFjxBQ-aizYwyGOAzyeWxYq/view?usp=sharing,2,1,,2,3,FALSE,FALSE,TRUE,FALSE,FALSE,2,2
860,Day28 Cytokines R1,2,20220825mouse2_OD_R_2_0_0000009_Structure_0001,https://drive.google.com/file/d/1RjGKl0mCDGInn8G_bl4jQPt2Oo-f8gBm/view?usp=sharing,1,1,1,,3,FALSE,TRUE,TRUE,FALSE,FALSE,1,1
861,Day28 Cytokines R1,2,20220825mouse2_OD_R_2_0_0000009_Structure_0002,https://drive.google.com/file/d/1-67h3lseoTdQEu_2Q-AwLbpvvVaP_UM6/view?usp=sharing,1,0.5,0.5,0.5,4,FALSE,TRUE,TRUE,FALSE,FALSE,0.5,0.5
862,Day28 Cytokines R1,2,20220825mouse2_OD_R_2_0_0000009_Structure_0003,https://drive.google.com/file/d/1O_kDLH-ZtR3TzcMqwp1XRbn1rP52I33P/view?usp=sharing,2,2,,2,3,FALSE,TRUE,TRUE,FALSE,FALSE,2,2
863,Day28 Cytokines R1,2,20220825mouse2_OD_R_2_0_0000009_Structure_0004,https://drive.google.com/file/d/132Av2SfQxte4BfSd4YJ1TpqGvxhlS_If/view?usp=sharing,1,1,0.5,1,4,FALSE,TRUE,TRUE,FALSE,FALSE,1,1
864,Day28 Cytokines R1,2,20220825mouse2_OD_R_4_0_0000002_Structure_0001,https://drive.google.com/file/d/1r0wDo5BjREnRXH0mrOy2nVsysYUCR9f5/view?usp=sharing,0,0.5,,0,3,FALSE,TRUE,TRUE,FALSE,FALSE,0,0
865,Day28 Cytokines R1,2,20220825mouse2_OD_R_4_0_0000002_Structure_0002,https://drive.google.com/file/d/1bJHtbRLBaeCXMklJKKyraEE7N_hX-g9V/view?usp=sharing,0.5,0.5,0,0.5,4,FALSE,TRUE,TRUE,FALSE,FALSE,0.5,0.5
866,Day28 Cytokines R1,2,20220825mouse2_OD_R_4_0_0000002_Structure_0003,https://drive.google.com/file/d/1UAY6TIfEVtxvHzaZ36jMgAQmx8fYg7dK/view?usp=sharing,0,0,,0,3,FALSE,TRUE,TRUE,FALSE,FALSE,0,0
867,Day28 Cytokines R1,2,20220825mouse2_OD_R_4_0_0000002_Structure_0004,https://drive.google.com/file/d/12khB5jzQm9CRT0_b__ilI-BkKYMAqeIu/view?usp=sharing,0.5,0.5,0.5,0.5,4,TRUE,TRUE,TRUE,FALSE,FALSE,0.5,0.5
868,Day28 Cytokines R1,2,20220825mouse3_OD_R_2_0_0000002_Structure_0001,https://drive.google.com/file/d/1-XfkUd649XH4JizfVAtZvBFonCKIwAZf/view?usp=sharing,1,1,1,1,4,TRUE,TRUE,TRUE,FALSE,FALSE,1,1
869,Day28 Cytokines R1,2,20220825mouse3_OD_R_2_0_0000002_Structure_0002,https://drive.google.com/file/d/1KDIyCAgasEHM_dZaEpzb1RxIXWjHNqV5/view?usp=sharing,1,1,1,1,4,TRUE,TRUE,TRUE,FALSE,FALSE,1,1
870,Day28 Cytokines R1,2,20220825mouse3_OD_R_2_0_0000002_Structure_0003,https://drive.google.com/file/d/1UeD1_DB7Y5suosHjIzlME9U3at3mVQ9p/view?usp=sharing,1,1,,1,3,FALSE,TRUE,TRUE,FALSE,FALSE,1,1
871,Day28 Cytokines R1,2,20220825mouse3_OD_R_2_0_0000002_Structure_0004,https://drive.google.com/file/d/1mzSiugCRGqHrR7_hRtDfUgyxdGEqGSlF/view?usp=sharing,2,2,,2,3,FALSE,TRUE,TRUE,FALSE,FALSE,2,2
872,Day28 Cytokines R1,2,20220825mouse3_OD_R_4_0_0000009_Structure_0001,https://drive.google.com/file/d/1KvEvVb61E0DWdv6mdu7L64Q_ASc6JiQn/view?usp=sharing,0.5,0.5,0,0.5,4,FALSE,TRUE,TRUE,FALSE,FALSE,0.5,0.5
873,Day28 Cytokines R1,2,20220825mouse3_OD_R_4_0_0000009_Structure_0002,https://drive.google.com/file/d/1FzwPvhBU_mc3kqSYh07G0nKZdyJTwzr3/view?usp=sharing,0,0,0,0,4,TRUE,TRUE,TRUE,FALSE,FALSE,0,0
874,Day28 Cytokines R1,2,20220825mouse3_OD_R_4_0_0000009_Structure_0003,https://drive.google.com/file/d/1QfHENFo7SxJL_oisHl2Gav4sTE0mVYHA/view?usp=sharing,0,0,,0,3,FALSE,TRUE,TRUE,FALSE,FALSE,0,0
875,Day28 Cytokines R1,2,20220825mouse3_OD_R_4_0_0000009_Structure_0004,https://drive.google.com/file/d/17kEQmQWpN5USzSZtItPlkMO6mNDVIT4V/view?usp=sharing,0,0.5,0,0.5,4,FALSE,FALSE,TRUE,TRUE,FALSE,0,0
876,Day28 Cytokines R1,2,20220825mouse4_OD_R_2_0_0000009_Structure_0001,https://drive.google.com/file/d/1BtwGrLof7cNPacII7Ws80VcS4nHr9RFl/view?usp=sharing,3,3,3,3,4,TRUE,TRUE,TRUE,FALSE,FALSE,3,3
877,Day28 Cytokines R1,2,20220825mouse4_OD_R_2_0_0000009_Structure_0002,https://drive.google.com/file/d/17EJtng9bc42tLELT92fvrIjU68iOspRF/view?usp=sharing,0.5,0.5,0.5,0.5,4,TRUE,TRUE,TRUE,FALSE,FALSE,0.5,0.5
878,Day28 Cytokines R1,2,20220825mouse4_OD_R_2_0_0000009_Structure_0003,https://drive.google.com/file/d/1BMUaoIAfXsd-OUGChALFKOHHSLMYi8Wm/view?usp=sharing,3,4,3,3,4,FALSE,TRUE,TRUE,FALSE,FALSE,3,3
879,Day28 Cytokines R1,2,20220825mouse4_OD_R_2_0_0000009_Structure_0004,https://drive.google.com/file/d/1_t9bSwfOLzUhivkVbTrXCHgqvKRVbpHb/view?usp=sharing,3,3,3,3,4,TRUE,TRUE,TRUE,FALSE,FALSE,3,3
880,Day28 Cytokines R1,2,20220825mouse4_OD_R_4_0_0000002_Structure_0001,https://drive.google.com/file/d/1PUMWdhxNaM6jV-W0c2jlb7XnNP56Nzj4/view?usp=sharing,0,0,,0,3,FALSE,TRUE,TRUE,FALSE,FALSE,0,0
881,Day28 Cytokines R1,2,20220825mouse4_OD_R_4_0_0000002_Structure_0002,https://drive.google.com/file/d/1m2OcbwTyfKaNIUGnq4-ub-cLwv22LCr8/view?usp=sharing,0,0.5,,0.5,3,FALSE,FALSE,TRUE,FALSE,FALSE,0.5,0.5
882,Day28 Cytokines R1,2,20220825mouse4_OD_R_4_0_0000002_Structure_0003,https://drive.google.com/file/d/1sCjB8K64kf0LmIDOnYdDmsGGyYXhbELu/view?usp=sharing,0,0,0,,3,FALSE,TRUE,TRUE,FALSE,FALSE,0,0
883,Day28 Cytokines R1,2,20220825mouse4_OD_R_4_0_0000002_Structure_0004,https://drive.google.com/file/d/1z4H3ai70qaWeupCqKeUtQbiSbx4CWpLG/view?usp=sharing,0.5,0.5,,0.5,3,FALSE,TRUE,TRUE,FALSE,FALSE,0.5,0.5
884,Day28 Cytokines R1,2,20220825mouse5_OD_R_2_0_0000002_Structure_0001,https://drive.google.com/file/d/1t3dEDmadf3_I2-W2ycB8Bd1J5uUV75XR/view?usp=sharing,0.5,0.5,,0.5,3,FALSE,TRUE,TRUE,FALSE,FALSE,0.5,0.5
885,Day28 Cytokines R1,2,20220825mouse5_OD_R_2_0_0000002_Structure_0002,https://drive.google.com/file/d/1iJ8CRIPvOy6xwuP0DwVhnI311JQPBFLm/view?usp=sharing,0.5,0.5,0.5,0.5,4,TRUE,TRUE,TRUE,FALSE,FALSE,0.5,0.5
886,Day28 Cytokines R1,2,20220825mouse5_OD_R_2_0_0000002_Structure_0003,https://drive.google.com/file/d/1I-Ck9ZinfFyWM4oFTlh4M_shVsWKj3a8/view?usp=sharing,1,1,0.5,1,4,FALSE,TRUE,TRUE,FALSE,FALSE,1,1
887,Day28 Cytokines R1,2,20220825mouse5_OD_R_2_0_0000002_Structure_0004,https://drive.google.com/file/d/1EDXTa5tQeljj3AVbn5qN8IZ-vSLNI9-q/view?usp=sharing,1,1,0.5,1,4,FALSE,TRUE,TRUE,FALSE,FALSE,1,1
888,Day28 Cytokines R1,2,20220825mouse5_OD_R_4_0_0000009_Structure_0001,https://drive.google.com/file/d/1jb5nSW4S_6IOOPCr9UzX6PgpP795I38j/view?usp=sharing,0.5,0,0,0,4,FALSE,TRUE,TRUE,FALSE,FALSE,0,0
889,Day28 Cytokines R1,2,20220825mouse5_OD_R_4_0_0000009_Structure_0002,https://drive.google.com/file/d/1BRYXroRDUU3DxYQ8dNvgwz6wQI5ODcI6/view?usp=sharing,0.5,1,0.5,0.5,4,FALSE,TRUE,TRUE,FALSE,FALSE,0.5,0.5
890,Day28 Cytokines R1,2,20220825mouse5_OD_R_4_0_0000009_Structure_0003,https://drive.google.com/file/d/15LXHw61ep_Gh5p3z_T9op5iJNKiIF_BJ/view?usp=sharing,0.5,0.5,0.5,0.5,4,TRUE,TRUE,TRUE,FALSE,FALSE,0.5,0.5
891,Day28 Cytokines R1,2,20220825mouse5_OD_R_4_0_0000009_Structure_0004,https://drive.google.com/file/d/1An3zQfuOscKyrIhk0W0jjUYWJ5K9d_nf/view?usp=sharing,0,0,0,0,4,TRUE,TRUE,TRUE,FALSE,FALSE,0,0
892,Day28 Cytokines R1,2,20220825mouse6_OD_R_2_0_0000009_Structure_0001,https://drive.google.com/file/d/1bW6GhFoMbdRXkRJbZmo9G8stOVa4-95R/view?usp=sharing,4,4,4,4,4,TRUE,TRUE,TRUE,FALSE,FALSE,4,4
893,Day28 Cytokines R1,2,20220825mouse6_OD_R_2_0_0000009_Structure_0002,https://drive.google.com/file/d/1xiXilFCGEizb15TZt_iyXTFCO_bpDPQf/view?usp=sharing,4,4,,4,3,FALSE,TRUE,TRUE,FALSE,FALSE,4,4
894,Day28 Cytokines R1,2,20220825mouse6_OD_R_2_0_0000009_Structure_0003,https://drive.google.com/file/d/1vpHLA2khk50GIz04r8tGcpb_vP829Cxb/view?usp=sharing,4,4,,4,3,FALSE,TRUE,TRUE,FALSE,FALSE,4,4
895,Day28 Cytokines R1,2,20220825mouse6_OD_R_2_0_0000009_Structure_0004,https://drive.google.com/file/d/1ZLWga2hobWlDuqQnQyu8O3T3RonuRxPy/view?usp=sharing,4,3,,3,3,FALSE,FALSE,TRUE,FALSE,FALSE,3,3
896,Day28 Cytokines R1,2,20220825mouse6_OD_R_4_0_0000002_Structure_0001,https://drive.google.com/file/d/1iQEELy9LWp9N3L77kw5yYYs4i_1e5z-q/view?usp=sharing,0.5,0.5,0.5,0.5,4,TRUE,TRUE,TRUE,FALSE,FALSE,0.5,0.5
897,Day28 Cytokines R1,2,20220825mouse6_OD_R_4_0_0000002_Structure_0002,https://drive.google.com/file/d/1ogrrKv5F-HBbuhoAxUfay_6M2H0Tfcaf/view?usp=sharing,1,0.5,,0.5,3,FALSE,FALSE,TRUE,FALSE,FALSE,0.5,0.5
898,Day28 Cytokines R1,2,20220825mouse6_OD_R_4_0_0000002_Structure_0003,https://drive.google.com/file/d/1wh039e_y7k_bB78aETfQ25R0Csvy8SkU/view?usp=sharing,0.5,0.5,,0.5,3,FALSE,TRUE,TRUE,FALSE,FALSE,0.5,0.5
899,Day28 Cytokines R1,2,20220825mouse6_OD_R_4_0_0000002_Structure_0004,https://drive.google.com/file/d/1-kKtry2OFcHNXNz4MF7tAQLi9TLtcI9z/view?usp=sharing,0.5,0.5,0.5,0.5,4,TRUE,TRUE,TRUE,FALSE,FALSE,0.5,0.5
900,Day28 Cytokines R1,2,20220825mouse7_OD_R_2_0_0000009_Structure_0001,https://drive.google.com/file/d/1y317Kjai2thHQQn1OWP0KA6u3Vjgb-Ba/view?usp=sharing,4,4,,4,3,FALSE,TRUE,TRUE,FALSE,FALSE,4,4
901,Day28 Cytokines R1,2,20220825mouse7_OD_R_2_0_0000009_Structure_0002,https://drive.google.com/file/d/1rccLZkzsjBi3Wxv4wDrw-FJAjB0qpDuX/view?usp=sharing,4,4,,4,3,FALSE,TRUE,TRUE,FALSE,FALSE,4,4
902,Day28 Cytokines R1,2,20220825mouse7_OD_R_2_0_0000009_Structure_0003,https://drive.google.com/file/d/1BdMugBDYqniR-MsPZarUhY-ejQOtfoB9/view?usp=sharing,4,4,3,4,4,FALSE,TRUE,TRUE,FALSE,FALSE,4,4
903,Day28 Cytokines R1,2,20220825mouse7_OD_R_2_0_0000009_Structure_0004,https://drive.google.com/file/d/1ACAzYm_0Vdp-_kggzdVWK3M18i8PUV_r/view?usp=sharing,4,4,3,4,4,FALSE,TRUE,TRUE,FALSE,FALSE,4,4
904,Day28 Cytokines R1,2,20220825mouse7_OD_R_4_0_0000002_Structure_0001,https://drive.google.com/file/d/1x0IltZ8gqovQkeEHqHRyiuE03cw7ZxZq/view?usp=sharing,2,2,,2,3,FALSE,TRUE,TRUE,FALSE,FALSE,2,2
905,Day28 Cytokines R1,2,20220825mouse7_OD_R_4_0_0000002_Structure_0002,https://drive.google.com/file/d/10MKqwDrrt6ypY_aP2Rpw-rrSufxOqpOy/view?usp=sharing,2,2,2,2,4,TRUE,TRUE,TRUE,FALSE,FALSE,2,2
906,Day28 Cytokines R1,2,20220825mouse7_OD_R_4_0_0000002_Structure_0003,https://drive.google.com/file/d/1t0mMILfXi3Ob2KA4LdKMWydmuCpB8l9H/view?usp=sharing,2,1,,2,3,FALSE,FALSE,TRUE,FALSE,FALSE,2,2
907,Day28 Cytokines R1,2,20220825mouse7_OD_R_4_0_0000002_Structure_0004,https://drive.google.com/file/d/1jjwWePiTRsGvQbEiiJD0iT7pC0JeSoFq/view?usp=sharing,2,2,2,2,4,TRUE,TRUE,TRUE,FALSE,FALSE,2,2
908,Day28 Cytokines R1,2,20220825mouse8_OD_R_2_0_0000002_Structure_0001,https://drive.google.com/file/d/1VI2b-P4dVSRv_9kTqzJyX8IkKUB1oqRM/view?usp=sharing,3,4,,4,3,FALSE,FALSE,TRUE,FALSE,FALSE,4,4
909,Day28 Cytokines R1,2,20220825mouse8_OD_R_2_0_0000002_Structure_0002,https://drive.google.com/file/d/1TMnRzLWGkM-gasICWRIyC9nMf_4zETcK/view?usp=sharing,3,3,,3,3,FALSE,TRUE,TRUE,FALSE,FALSE,3,3
910,Day28 Cytokines R1,2,20220825mouse8_OD_R_2_0_0000002_Structure_0003,https://drive.google.com/file/d/1S0dysGSaz99XVOCd1JcWIWSl_x7u8XhF/view?usp=sharing,3,3,3,,3,FALSE,TRUE,TRUE,FALSE,FALSE,3,3
911,Day28 Cytokines R1,2,20220825mouse8_OD_R_2_0_0000002_Structure_0004,https://drive.google.com/file/d/1UkOgw05vgezhCpec38MIMWjV71gSlgdR/view?usp=sharing,4,4,,4,3,FALSE,TRUE,TRUE,FALSE,FALSE,4,4
912,Day28 Cytokines R1,2,20220825mouse8_OD_R_4_0_0000009_Structure_0001,https://drive.google.com/file/d/1uRMHolf605ZJlmqida1O_3XSab17Ri-i/view?usp=sharing,0.5,0.5,,0.5,3,FALSE,TRUE,TRUE,FALSE,FALSE,0.5,0.5
913,Day28 Cytokines R1,2,20220825mouse8_OD_R_4_0_0000009_Structure_0002,https://drive.google.com/file/d/1UYSC5ymkf6yZ-RW3zxTAVkRAvIBK6fnC/view?usp=sharing,0.5,0.5,,0.5,3,FALSE,TRUE,TRUE,FALSE,FALSE,0.5,0.5
914,Day28 Cytokines R1,2,20220825mouse8_OD_R_4_0_0000009_Structure_0003,https://drive.google.com/file/d/1VqYX6OWfCKDWLg_oKZ8lo1M3upPXGJ7t/view?usp=sharing,2,2,,2,3,FALSE,TRUE,TRUE,FALSE,FALSE,2,2
915,Day28 Cytokines R1,2,20220825mouse8_OD_R_4_0_0000009_Structure_0004,https://drive.google.com/file/d/1xDr2xhTFQ6tJZ9PVDsxCvLP_KrWVZ-wv/view?usp=sharing,2,2,,2,3,FALSE,TRUE,TRUE,FALSE,FALSE,2,2
916,Day28 Cytokines R1,2,20220825mouse9_OD_R_2_0_0000002_Structure_0001,https://drive.google.com/file/d/12BUWqMxN4_M3YirkZus4GAb_PJl570kQ/view?usp=sharing,1,1,0.5,1,4,FALSE,TRUE,TRUE,FALSE,FALSE,1,1
917,Day28 Cytokines R1,2,20220825mouse9_OD_R_2_0_0000002_Structure_0002,https://drive.google.com/file/d/1A6rpwrgDhdOVxPlBvWHKaoNTnbDTEErG/view?usp=sharing,2,2,1,2,4,FALSE,TRUE,TRUE,FALSE,FALSE,2,2
918,Day28 Cytokines R1,2,20220825mouse9_OD_R_2_0_0000002_Structure_0003,https://drive.google.com/file/d/1iNgWFynHINCn74EizVnhxYi69wVaSR3L/view?usp=sharing,1,2,1,2,4,FALSE,FALSE,TRUE,TRUE,FALSE,1,1
919,Day28 Cytokines R1,2,20220825mouse9_OD_R_2_0_0000002_Structure_0004,https://drive.google.com/file/d/1-31yAQX8vRc3hpU42T001Fdd5PImSvEs/view?usp=sharing,1,1,2,1,4,FALSE,TRUE,TRUE,FALSE,FALSE,1,1
920,Day28 Cytokines R1,2,20220825mouse9_OD_R_4_0_0000009_Structure_0001,https://drive.google.com/file/d/1BhJDQ4fthZi5NAyUkq1FB7i4sr5-QpCo/view?usp=sharing,2,1,1,2,4,FALSE,FALSE,TRUE,TRUE,FALSE,2,2
921,Day28 Cytokines R1,2,20220825mouse9_OD_R_4_0_0000009_Structure_0002,https://drive.google.com/file/d/1FW3mr-7OuG5bWGc5Qy0KXNXqbUvyQHGl/view?usp=sharing,1,0.5,2,2,4,FALSE,FALSE,TRUE,FALSE,FALSE,2,2
922,Day28 Cytokines R1,2,20220825mouse9_OD_R_4_0_0000009_Structure_0003,https://drive.google.com/file/d/1BPEXk8Dhij6J0t09zoOL-Al7lmrHG0Mp/view?usp=sharing,2,1,0.5,2,4,FALSE,FALSE,TRUE,FALSE,FALSE,2,2
923,Day28 Cytokines R1,2,20220825mouse9_OD_R_4_0_0000009_Structure_0004,https://drive.google.com/file/d/1VDMngJaU8BZwEIWS3rODcvJ85jGmfgCk/view?usp=sharing,2,2,,2,3,FALSE,TRUE,TRUE,FALSE,FALSE,2,2
924,Day28 Cytokines R1,2,20220825mouse10_OD_R_2_0_0000009_Structure_0001,https://drive.google.com/file/d/1ryDdZ6JhQgp47c5fmeQoQar4B_xOThf2/view?usp=sharing,1,1,1,,3,FALSE,TRUE,TRUE,FALSE,FALSE,1,1
925,Day28 Cytokines R1,2,20220825mouse10_OD_R_2_0_0000009_Structure_0002,https://drive.google.com/file/d/1UNlUOoT7SNWNrVDm2fG47gJL53DZB4uN/view?usp=sharing,1,0.5,,1,3,FALSE,FALSE,TRUE,FALSE,FALSE,1,1
926,Day28 Cytokines R1,2,20220825mouse10_OD_R_2_0_0000009_Structure_0003,https://drive.google.com/file/d/1MQlBT80J38hPNhpFKrMpDL6HE-oaURdU/view?usp=sharing,1,1,,1,3,FALSE,TRUE,TRUE,FALSE,FALSE,1,1
927,Day28 Cytokines R1,2,20220825mouse10_OD_R_2_0_0000009_Structure_0004,https://drive.google.com/file/d/1BQcACX_CPF95qt2uiMd8lMbDVnzxge8E/view?usp=sharing,1,1,0.5,1,4,FALSE,TRUE,TRUE,FALSE,FALSE,1,1
928,Day28 Cytokines R1,2,20220825mouse10_OD_R_4_0_0000002_Structure_0001,https://drive.google.com/file/d/1e_gnkMu5CgJ5ieL656KqTMsC_Z2DARQt/view?usp=sharing,0.5,0.5,0.5,0.5,4,TRUE,TRUE,TRUE,FALSE,FALSE,0.5,0.5
929,Day28 Cytokines R1,2,20220825mouse10_OD_R_4_0_0000002_Structure_0002,https://drive.google.com/file/d/1NRHb9xZZhlTz3Wk0P3fRLt6lti2sXfMd/view?usp=sharing,0,0,,0,3,FALSE,TRUE,TRUE,FALSE,FALSE,0,0
930,Day28 Cytokines R1,2,20220825mouse10_OD_R_4_0_0000002_Structure_0003,https://drive.google.com/file/d/1BLuBlNrFlob7fPK0ICvIf6bNUi2GWkOL/view?usp=sharing,0.5,0.5,0,0.5,4,FALSE,TRUE,TRUE,FALSE,FALSE,0.5,0.5
931,Day28 Cytokines R1,2,20220825mouse10_OD_R_4_0_0000002_Structure_0004,https://drive.google.com/file/d/1PC0JRpK4ZN3immZyTkSKtqDsqoor0px_/view?usp=sharing,0.5,0.5,,2,3,FALSE,FALSE,TRUE,FALSE,FALSE,0.5,0.5
932,Day28 Cytokines R1,7,20220825mouse1_OD_R_4_0_0000023_Structure_0001,https://drive.google.com/file/d/1q0qBIy3mriH5mUQcoHHIK0pwBwczo09W/view?usp=sharing,0,0,,0,3,FALSE,TRUE,TRUE,FALSE,FALSE,0,0
933,Day28 Cytokines R1,7,20220825mouse1_OD_R_4_0_0000023_Structure_0002,https://drive.google.com/file/d/1WN08BVtm6HvJp7em-2qPUFFoFvHB0rLW/view?usp=sharing,0,0,,0,3,FALSE,TRUE,TRUE,FALSE,FALSE,0,0
934,Day28 Cytokines R1,7,20220825mouse1_OD_R_4_0_0000023_Structure_0003,https://drive.google.com/file/d/1PuinZ51k2-tGgvDe4ZNGavK7isM4RSOb/view?usp=sharing,0,0,,0,3,FALSE,TRUE,TRUE,FALSE,FALSE,0,0
935,Day28 Cytokines R1,7,20220825mouse1_OD_R_4_0_0000023_Structure_0004,https://drive.google.com/file/d/1dEZI4fyDz13uC_MIiL4Tv3edC2I61zMV/view?usp=sharing,1,0.5,0.5,0.5,4,FALSE,TRUE,TRUE,FALSE,FALSE,0.5,0.5
936,Day28 Cytokines R1,7,20220825mouse1_OD_R_2_0_0000016_Structure_0001,https://drive.google.com/file/d/1ucRu_VbO36xolx020lkX7tiPdW68J-Wk/view?usp=sharing,2,1,,2,3,FALSE,FALSE,TRUE,FALSE,FALSE,2,2
937,Day28 Cytokines R1,7,20220825mouse1_OD_R_2_0_0000016_Structure_0002,https://drive.google.com/file/d/1sCG2XER5EEGz27vnDnTx7loBn2BI8Mom/view?usp=sharing,0.5,0.5,0.5,,3,FALSE,TRUE,TRUE,FALSE,FALSE,0.5,0.5
938,Day28 Cytokines R1,7,20220825mouse1_OD_R_2_0_0000016_Structure_0003,https://drive.google.com/file/d/1uWjgL9eWaQ79nnkLGFYxwVp7x78zzlic/view?usp=sharing,2,2,2,,3,FALSE,TRUE,TRUE,FALSE,FALSE,2,2
939,Day28 Cytokines R1,7,20220825mouse1_OD_R_2_0_0000016_Structure_0004,https://drive.google.com/file/d/1N4km8MU0VCfd5qx4dVcBAW7lDCz48lTq/view?usp=sharing,2,2,,2,3,FALSE,TRUE,TRUE,FALSE,FALSE,2,2
940,Day28 Cytokines R1,7,20220825mouse2_OD_R_2_0_0000023_Structure_0001,https://drive.google.com/file/d/1-9KaQCkEWu3_SosLF2MzbtcAAhI9JWSu/view?usp=sharing,0.5,0.5,0.5,0.5,4,TRUE,TRUE,TRUE,FALSE,FALSE,0.5,0.5
941,Day28 Cytokines R1,7,20220825mouse2_OD_R_2_0_0000023_Structure_0002,https://drive.google.com/file/d/1BhGV5uaFC8CIKMLcUoNkKoifkq7paVNY/view?usp=sharing,1,0.5,0.5,1,4,FALSE,FALSE,TRUE,TRUE,FALSE,1,1
942,Day28 Cytokines R1,7,20220825mouse2_OD_R_2_0_0000023_Structure_0003,https://drive.google.com/file/d/1D-yfxINZNsmz0JoO0NjLj0ZHNV7OIdU_/view?usp=sharing,1,1,1,1,4,TRUE,TRUE,TRUE,FALSE,FALSE,1,1
943,Day28 Cytokines R1,7,20220825mouse2_OD_R_2_0_0000023_Structure_0004,https://drive.google.com/file/d/1AOcjqQ2emOAELTr-lZhtJkYS3tv77qiu/view?usp=sharing,1,1,1,1,4,TRUE,TRUE,TRUE,FALSE,FALSE,1,1
944,Day28 Cytokines R1,7,20220825mouse2_OD_R_4_0_0000016_Structure_0001,https://drive.google.com/file/d/1eNXZtvIMk2v8SO9C2vKmd0v9NCkUY4KG/view?usp=sharing,0,0,0,0,4,TRUE,TRUE,TRUE,FALSE,FALSE,0,0
945,Day28 Cytokines R1,7,20220825mouse2_OD_R_4_0_0000016_Structure_0002,https://drive.google.com/file/d/1LgJQIbNhd43fUlPhG1k6MF51zS1oBxza/view?usp=sharing,0,0,,0,3,FALSE,TRUE,TRUE,FALSE,FALSE,0,0
946,Day28 Cytokines R1,7,20220825mouse2_OD_R_4_0_0000016_Structure_0003,https://drive.google.com/file/d/1-w-RNj7Vk8jD19pBmfjZy3Q17WA1ZWKC/view?usp=sharing,0,0,0,0,4,TRUE,TRUE,TRUE,FALSE,FALSE,0,0
947,Day28 Cytokines R1,7,20220825mouse2_OD_R_4_0_0000016_Structure_0004,https://drive.google.com/file/d/1729DLOH3rO85Gu8GLvY8jZZ8fdgGiHXB/view?usp=sharing,0,0,0,0,4,TRUE,TRUE,TRUE,FALSE,FALSE,0,0
948,Day28 Cytokines R1,7,20220825mouse3_OD_R_2_0_0000016_Structure_0001,https://drive.google.com/file/d/1aLIHxUhnSSlMY36cfGzRKlg7IWEzbPdl/view?usp=sharing,0,0,0,0,4,TRUE,TRUE,TRUE,FALSE,FALSE,0,0
949,Day28 Cytokines R1,7,20220825mouse3_OD_R_2_0_0000016_Structure_0002,https://drive.google.com/file/d/1Z0fYGivKavNkntS6Ie0WUihXYt2Ugf8-/view?usp=sharing,0.5,0,,0.5,3,FALSE,FALSE,TRUE,FALSE,FALSE,0.5,0.5
950,Day28 Cytokines R1,7,20220825mouse3_OD_R_2_0_0000016_Structure_0003,https://drive.google.com/file/d/1viHJlTr2kgqM_hXWWFk8gHLQLjl4yx8r/view?usp=sharing,0.5,0.5,,0.5,3,FALSE,TRUE,TRUE,FALSE,FALSE,0.5,0.5
951,Day28 Cytokines R1,7,20220825mouse3_OD_R_2_0_0000016_Structure_0004,https://drive.google.com/file/d/1Qk7ilAoTmEhnMo37I71uCfug0Mv6aDPc/view?usp=sharing,0.5,0.5,,0.5,3,FALSE,TRUE,TRUE,FALSE,FALSE,0.5,0.5
952,Day28 Cytokines R1,7,20220825mouse3_OD_R_4_0_0000023_Structure_0001,https://drive.google.com/file/d/1HISUKDl_GMtglTAxfmFFfUEaMiO6982k/view?usp=sharing,0,0,0,0,4,TRUE,TRUE,TRUE,FALSE,FALSE,0,0
953,Day28 Cytokines R1,7,20220825mouse3_OD_R_4_0_0000023_Structure_0002,https://drive.google.com/file/d/1dQ7alR6A1cwG2OQ4R6XPPjIj5MgxKA-A/view?usp=sharing,0,0,0,0,4,TRUE,TRUE,TRUE,FALSE,FALSE,0,0
954,Day28 Cytokines R1,7,20220825mouse3_OD_R_4_0_0000023_Structure_0003,https://drive.google.com/file/d/1w5Vn-7Esm3pZd-67T7r-eC-bRlz3W8eD/view?usp=sharing,0,0,,0,3,FALSE,TRUE,TRUE,FALSE,FALSE,0,0
955,Day28 Cytokines R1,7,20220825mouse3_OD_R_4_0_0000023_Structure_0004,https://drive.google.com/file/d/1ce82kjTzDTeehoHEIlzL76JwaGkr6L9u/view?usp=sharing,0,2,0,2,4,FALSE,FALSE,TRUE,TRUE,FALSE,0,0
956,Day28 Cytokines R1,7,20220825mouse4_OD_R_4_0_0000016_Structure_0001,https://drive.google.com/file/d/1KhKMg7zCpe4o9GgPjtuecRcRM83PDZtf/view?usp=sharing,0,0,0,0,4,TRUE,TRUE,TRUE,FALSE,FALSE,0,0
957,Day28 Cytokines R1,7,20220825mouse4_OD_R_4_0_0000016_Structure_0002,https://drive.google.com/file/d/1-jwhiFjmRoYR7mHuqyllyaRcCvyAoLJT/view?usp=sharing,0,0,0,0,4,TRUE,TRUE,TRUE,FALSE,FALSE,0,0
958,Day28 Cytokines R1,7,20220825mouse4_OD_R_4_0_0000016_Structure_0003,https://drive.google.com/file/d/1Kfq3ctQojEh5BkBI7iRZfy-HXmECbr4g/view?usp=sharing,0,0,0,0,4,TRUE,TRUE,TRUE,FALSE,FALSE,0,0
959,Day28 Cytokines R1,7,20220825mouse4_OD_R_4_0_0000016_Structure_0004,https://drive.google.com/file/d/1BOR_Ynt40hHH0xdKNFKuVGiFHxH05yRq/view?usp=sharing,0,0,0,0,4,TRUE,TRUE,TRUE,FALSE,FALSE,0,0
960,Day28 Cytokines R1,7,20220825mouse4_OD_R_2_0_0000023_Structure_0001,https://drive.google.com/file/d/167y4ctmndIAqhnQAJUi78G5EZE7J2O0W/view?usp=sharing,1,1,0,0.5,4,FALSE,FALSE,TRUE,FALSE,FALSE,1,1
961,Day28 Cytokines R1,7,20220825mouse4_OD_R_2_0_0000023_Structure_0002,https://drive.google.com/file/d/1tmAEQVG5kB8u67CmTkn8xcZt7xIce6Ea/view?usp=sharing,0,0,,0,3,FALSE,TRUE,TRUE,FALSE,FALSE,0,0
962,Day28 Cytokines R1,7,20220825mouse4_OD_R_2_0_0000023_Structure_0003,https://drive.google.com/file/d/14WmM--mcKxrfuL6pBMgIAatJce5bP715/view?usp=sharing,1,1,0.5,1,4,FALSE,TRUE,TRUE,FALSE,FALSE,1,1
963,Day28 Cytokines R1,7,20220825mouse4_OD_R_2_0_0000023_Structure_0004,https://drive.google.com/file/d/1sMsCB1LzwUDkkw1LUVgxlYE9-3I7Ii9F/view?usp=sharing,0,0,,0,3,FALSE,TRUE,TRUE,FALSE,FALSE,0,0
964,Day28 Cytokines R1,7,20220825mouse5_OD_R_2_0_0000016_Structure_0001,https://drive.google.com/file/d/1fPGWOdOR5QFZ9g9sKXiCEHfoCsdqprGC/view?usp=sharing,0,0,0,0,4,TRUE,TRUE,TRUE,FALSE,FALSE,0,0
965,Day28 Cytokines R1,7,20220825mouse5_OD_R_2_0_0000016_Structure_0002,https://drive.google.com/file/d/1loCyTRzEAVGNNr_QQMKa6IHh0EFpdqJu/view?usp=sharing,100,0,,0,3,FALSE,TRUE,TRUE,FALSE,FALSE,0,0
966,Day28 Cytokines R1,7,20220825mouse5_OD_R_2_0_0000016_Structure_0003,https://drive.google.com/file/d/1sM5NKixFvbR7VJVvTr0OgegtuE9SCX3Z/view?usp=sharing,0,100,,0,3,FALSE,TRUE,TRUE,FALSE,FALSE,0,0
967,Day28 Cytokines R1,7,20220825mouse5_OD_R_2_0_0000016_Structure_0004,https://drive.google.com/file/d/1nYoACiA44vK3mnE4MEgM5_Tfs2OUiHUp/view?usp=sharing,100,0,,0,3,FALSE,TRUE,TRUE,FALSE,FALSE,0,0
968,Day28 Cytokines R1,7,20220825mouse5_OD_R_4_0_0000023_Structure_0001,https://drive.google.com/file/d/1zwuT4WPh-fyxsNfC1ZH9rFCuo-3KfPRt/view?usp=sharing,0,0,,0,3,FALSE,TRUE,TRUE,FALSE,FALSE,0,0
969,Day28 Cytokines R1,7,20220825mouse5_OD_R_4_0_0000023_Structure_0002,https://drive.google.com/file/d/1x5kZZf1y4x_pL3ZwLcMTpPoZN_vJiTN1/view?usp=sharing,0,0,,0,3,FALSE,TRUE,TRUE,FALSE,FALSE,0,0
970,Day28 Cytokines R1,7,20220825mouse5_OD_R_4_0_0000023_Structure_0003,https://drive.google.com/file/d/1YxZtMdtwNepAPHFF4_CYYGWgODXkCig8/view?usp=sharing,0,0,,0,3,FALSE,TRUE,TRUE,FALSE,FALSE,0,0
971,Day28 Cytokines R1,7,20220825mouse5_OD_R_4_0_0000023_Structure_0004,https://drive.google.com/file/d/1oM6w7q3hBWFwSxIUqHW7aIkje3ozoZ9C/view?usp=sharing,0,0,,0,3,FALSE,TRUE,TRUE,FALSE,FALSE,0,0
972,Day28 Cytokines R1,7,20220825mouse6_OD_R_2_0_0000023_Structure_0001,https://drive.google.com/file/d/1dRm3p8lIh5nWdEn7UIc37QdGR15mbEzb/view?usp=sharing,3,3,3,3,4,TRUE,TRUE,TRUE,FALSE,FALSE,3,3
973,Day28 Cytokines R1,7,20220825mouse6_OD_R_2_0_0000023_Structure_0002,https://drive.google.com/file/d/13VruQSrY3T0ois8ETh-5F26lGsrpHtHA/view?usp=sharing,2,2,2,2,4,TRUE,TRUE,TRUE,FALSE,FALSE,2,2
974,Day28 Cytokines R1,7,20220825mouse6_OD_R_2_0_0000023_Structure_0003,https://drive.google.com/file/d/19TIuZEDxuPKRAxvAPKdReCcX0KfBdh9d/view?usp=sharing,2,3,2,3,4,FALSE,FALSE,TRUE,TRUE,FALSE,2,2
975,Day28 Cytokines R1,7,20220825mouse6_OD_R_2_0_0000023_Structure_0004,https://drive.google.com/file/d/1i2KAlznuXJGiJFYbaqzZxfaMMTJfIjnu/view?usp=sharing,3,3,2,3,4,FALSE,TRUE,TRUE,FALSE,FALSE,3,3
976,Day28 Cytokines R1,7,20220825mouse6_OD_R_4_0_0000016_Structure_0001,https://drive.google.com/file/d/1Ecz-uZqoNuFt_4GXoGvDlZMyTbm45G8H/view?usp=sharing,0,0,0,0,4,TRUE,TRUE,TRUE,FALSE,FALSE,0,0
977,Day28 Cytokines R1,7,20220825mouse6_OD_R_4_0_0000016_Structure_0002,https://drive.google.com/file/d/1eLC4F7AVhRntWZcqJbRbzjwxagJat_8v/view?usp=sharing,0,0,0,0,4,TRUE,TRUE,TRUE,FALSE,FALSE,0,0
978,Day28 Cytokines R1,7,20220825mouse6_OD_R_4_0_0000016_Structure_0003,https://drive.google.com/file/d/1oVuX5vnCHQMczj8tMj-CwBoQ7qk0SVWo/view?usp=sharing,0,0,,0,3,FALSE,TRUE,TRUE,FALSE,FALSE,0,0
979,Day28 Cytokines R1,7,20220825mouse6_OD_R_4_0_0000016_Structure_0004,https://drive.google.com/file/d/1OUTzDdu9rIalmPQqwWgdAaXt4sm5_BNa/view?usp=sharing,0,0,,0,3,FALSE,TRUE,TRUE,FALSE,FALSE,0,0
980,Day28 Cytokines R1,7,20220825mouse7_OD_R_2_0_0000023_Structure_0001,https://drive.google.com/file/d/1Fh3stVHZg79LQihzJ_I7H3XcBOYcl0Zf/view?usp=sharing,2,3,2,3,4,FALSE,FALSE,TRUE,TRUE,FALSE,2,2
981,Day28 Cytokines R1,7,20220825mouse7_OD_R_2_0_0000023_Structure_0002,https://drive.google.com/file/d/1mrKcjWoGUvB3zghpZF3bcsgCLBcNNV8H/view?usp=sharing,2,2,,2,3,FALSE,TRUE,TRUE,FALSE,FALSE,2,2
982,Day28 Cytokines R1,7,20220825mouse7_OD_R_2_0_0000023_Structure_0003,https://drive.google.com/file/d/1O-ud3c2WaUY_KbiCav942dFCNhSjIDbJ/view?usp=sharing,2,3,,3,3,FALSE,FALSE,TRUE,FALSE,FALSE,3,3
983,Day28 Cytokines R1,7,20220825mouse7_OD_R_2_0_0000023_Structure_0004,https://drive.google.com/file/d/1I5bpV3PS_aEOoIeaLAXPxPNdXNgoAcFA/view?usp=sharing,2,3,3,2,4,FALSE,FALSE,TRUE,TRUE,FALSE,2,2
984,Day28 Cytokines R1,7,20220825mouse7_OD_R_4_0_0000016_Structure_0001,https://drive.google.com/file/d/1yGO3zKj6acV8rHyOkJzu0kkUfMTbS15_/view?usp=sharing,1,1,,1,3,FALSE,TRUE,TRUE,FALSE,FALSE,1,1
985,Day28 Cytokines R1,7,20220825mouse7_OD_R_4_0_0000016_Structure_0002,https://drive.google.com/file/d/1t4afydbIK2H57EOd7zS0uzOMyIakrj1p/view?usp=sharing,0.5,0.5,,0.5,3,FALSE,TRUE,TRUE,FALSE,FALSE,0.5,0.5
986,Day28 Cytokines R1,7,20220825mouse7_OD_R_4_0_0000016_Structure_0003,https://drive.google.com/file/d/1dWoSF9MOdvalK69JsVGJGjpqHnajU4e1/view?usp=sharing,0.5,1,0.5,0.5,4,FALSE,TRUE,TRUE,FALSE,FALSE,0.5,0.5
987,Day28 Cytokines R1,7,20220825mouse7_OD_R_4_0_0000016_Structure_0004,https://drive.google.com/file/d/1iOCh5K8yxmjSxXBwY9H39-vQMNyLRaQT/view?usp=sharing,1,1,0.5,1,4,FALSE,TRUE,TRUE,FALSE,FALSE,1,1
988,Day28 Cytokines R1,7,20220825mouse8_OD_R_2_0_0000016_Structure_0001,https://drive.google.com/file/d/13xb5aMT_4vzpLQbac3qDgDNHo4tU-4l3/view?usp=sharing,2,2,2,2,4,TRUE,TRUE,TRUE,FALSE,FALSE,2,2
989,Day28 Cytokines R1,7,20220825mouse8_OD_R_2_0_0000016_Structure_0002,https://drive.google.com/file/d/1wY0U_FvaPjd3FHENoZYI7A-QajaqwPZw/view?usp=sharing,2,2,,2,3,FALSE,TRUE,TRUE,FALSE,FALSE,2,2
990,Day28 Cytokines R1,7,20220825mouse8_OD_R_2_0_0000016_Structure_0003,https://drive.google.com/file/d/1pg8EVdpZ9SFPyyf0Eg0ZWKSzksfkWK87/view?usp=sharing,2,2,,2,3,FALSE,TRUE,TRUE,FALSE,FALSE,2,2
991,Day28 Cytokines R1,7,20220825mouse8_OD_R_2_0_0000016_Structure_0004,https://drive.google.com/file/d/1kS2iePgNyQKnnW-Rco2NeebWwXDrtKR9/view?usp=sharing,2,2,1,2,4,FALSE,TRUE,TRUE,FALSE,FALSE,2,2
992,Day28 Cytokines R1,7,20220825mouse8_OD_R_4_0_0000023_Structure_0001,https://drive.google.com/file/d/1yu7MSW8P_IllvX-3VWR6gIjMSDNOPXtR/view?usp=sharing,1,1,,1,3,FALSE,TRUE,TRUE,FALSE,FALSE,1,1
993,Day28 Cytokines R1,7,20220825mouse8_OD_R_4_0_0000023_Structure_0002,https://drive.google.com/file/d/16pwXAGgnbssneR2hHxAFGT66TKO7LpzP/view?usp=sharing,2,2,2,2,4,TRUE,TRUE,TRUE,FALSE,FALSE,2,2
994,Day28 Cytokines R1,7,20220825mouse8_OD_R_4_0_0000023_Structure_0003,https://drive.google.com/file/d/1jqR7sAeQuBGOZ5ZilmIgig3YWSlOyMIr/view?usp=sharing,2,2,2,2,4,TRUE,TRUE,TRUE,FALSE,FALSE,2,2
995,Day28 Cytokines R1,7,20220825mouse8_OD_R_4_0_0000023_Structure_0004,https://drive.google.com/file/d/1GW2uPrfgiCrjGzJu-ZhxfzKW-vj-N3Tg/view?usp=sharing,2,2,2,2,4,TRUE,TRUE,TRUE,FALSE,FALSE,2,2
996,Day28 Cytokines R1,7,20220825mouse9_OD_R_2_0_0000016_Structure_0001,https://drive.google.com/file/d/1q-AozHlzdW6jBDCyvBVcAPaGQPz8bPZs/view?usp=sharing,0,0,,0,3,FALSE,TRUE,TRUE,FALSE,FALSE,0,0
997,Day28 Cytokines R1,7,20220825mouse9_OD_R_2_0_0000016_Structure_0002,https://drive.google.com/file/d/1W1qRROSmFbTci4shGLN7bN74yO7GNtdc/view?usp=sharing,0,0,,0,3,FALSE,TRUE,TRUE,FALSE,FALSE,0,0
998,Day28 Cytokines R1,7,20220825mouse9_OD_R_2_0_0000016_Structure_0003,https://drive.google.com/file/d/1q8do4XbNgFqr8dvaCu5mDNOCRt80pLuW/view?usp=sharing,0.5,0,,0.5,3,FALSE,FALSE,TRUE,FALSE,FALSE,0.5,0.5
999,Day28 Cytokines R1,7,20220825mouse9_OD_R_2_0_0000016_Structure_0004,https://drive.google.com/file/d/15OkjZbygryisn9GKM9TCRJHdTHFw30dd/view?usp=sharing,0.5,1,0,0.5,4,FALSE,FALSE,TRUE,FALSE,FALSE,0.5,0.5
1000,Day28 Cytokines R1,7,20220825mouse9_OD_R_4_0_0000023_Structure_0001,https://drive.google.com/file/d/1dg61Fq9c5P-oCmV5HBmx9y4c6b0si87g/view?usp=sharing,1,1,1,1,4,TRUE,TRUE,TRUE,FALSE,FALSE,1,1
1001,Day28 Cytokines R1,7,20220825mouse9_OD_R_4_0_0000023_Structure_0002,https://drive.google.com/file/d/1LqPXnaGJfE6xpuNENSA085XNN0fw5JwA/view?usp=sharing,0.5,0.5,,0.5,3,FALSE,TRUE,TRUE,FALSE,FALSE,0.5,0.5
1002,Day28 Cytokines R1,7,20220825mouse9_OD_R_4_0_0000023_Structure_0003,https://drive.google.com/file/d/1h3UK_yMN26ZdxqmuQlU18swY0dOPK_V_/view?usp=sharing,0.5,0.5,0.5,0.5,4,TRUE,TRUE,TRUE,FALSE,FALSE,0.5,0.5
1003,Day28 Cytokines R1,7,20220825mouse9_OD_R_4_0_0000023_Structure_0004,https://drive.google.com/file/d/1gkMZH7qvsviVAVU9urpH2GU8G1fheCOS/view?usp=sharing,0,0,0,0,4,TRUE,TRUE,TRUE,FALSE,FALSE,0,0
1004,Day28 Cytokines R1,7,20220825mouse10_OD_R_2_0_0000023_Structure_0001,https://drive.google.com/file/d/1kUz3MB_h3v0Ma63alexgI0wLsKDzDA_-/view?usp=sharing,0.5,1,0.5,1,4,FALSE,FALSE,TRUE,TRUE,FALSE,0.5,0.5
1005,Day28 Cytokines R1,7,20220825mouse10_OD_R_2_0_0000023_Structure_0002,https://drive.google.com/file/d/10dOC7a5p2ltm_BNXHjBRA4B620WcNuyE/view?usp=sharing,0.5,0,0.5,0.5,4,FALSE,TRUE,TRUE,FALSE,FALSE,0.5,0.5
1006,Day28 Cytokines R1,7,20220825mouse10_OD_R_2_0_0000023_Structure_0003,https://drive.google.com/file/d/1YABgCBXIHuBO1zMhrxcFlOP9JEmCUMgZ/view?usp=sharing,0,0,,0,3,FALSE,TRUE,TRUE,FALSE,FALSE,0,0
1007,Day28 Cytokines R1,7,20220825mouse10_OD_R_2_0_0000023_Structure_0004,https://drive.google.com/file/d/1b8hj8FYTzVT4KInMymW2OIK7_23KWBpO/view?usp=sharing,1,1,0.5,1,4,FALSE,TRUE,TRUE,FALSE,FALSE,1,1
1008,Day28 Cytokines R1,7,20220825mouse10_OD_R_4_0_0000016_Structure_0001,https://drive.google.com/file/d/1Ra9erv7bB6Fb8Cs-RIOOsCSnD8jx--5X/view?usp=sharing,0,0,,0,3,FALSE,TRUE,TRUE,FALSE,FALSE,0,0
1009,Day28 Cytokines R1,7,20220825mouse10_OD_R_4_0_0000016_Structure_0002,https://drive.google.com/file/d/1l9tkgG-RThf8fZkyh__nsaCGIqF0vB-C/view?usp=sharing,0,0,,0,3,FALSE,TRUE,TRUE,FALSE,FALSE,0,0
1010,Day28 Cytokines R1,7,20220825mouse10_OD_R_4_0_0000016_Structure_0003,https://drive.google.com/file/d/1n3_od78lz4I3T0TIoHgtxuYPrHKi0-cI/view?usp=sharing,0,0,,0,3,FALSE,TRUE,TRUE,FALSE,FALSE,0,0
1011,Day28 Cytokines R1,7,20220825mouse10_OD_R_4_0_0000016_Structure_0004,https://drive.google.com/file/d/1kVXnsnE3YhDa0KQ_R9Tl7CawjC1zQX2C/view?usp=sharing,0,0,0,0,4,TRUE,TRUE,TRUE,FALSE,FALSE,0,0
1012,Day28 Cytokines R1,27,20220825mouse1_OD_R_2_0_0000058_Structure_0001,https://drive.google.com/file/d/1jVlBPqedTkbKJTep44ab5XjrzpBen0fL/view?usp=sharing,1,1,0.5,1,4,FALSE,TRUE,TRUE,FALSE,FALSE,1,1
1013,Day28 Cytokines R1,27,20220825mouse1_OD_R_2_0_0000058_Structure_0002,https://drive.google.com/file/d/1uWl2C1SLal7Xa4PTSSpTEmycN24TkWrn/view?usp=sharing,1,2,0.5,0.5,4,FALSE,FALSE,TRUE,FALSE,FALSE,0.5,0.5
1014,Day28 Cytokines R1,27,20220825mouse1_OD_R_2_0_0000058_Structure_0003,https://drive.google.com/file/d/1V7OJDK8ow0MXLWPwBb1sWl4JjXt20ep6/view?usp=sharing,2,2,,2,3,FALSE,TRUE,TRUE,FALSE,FALSE,2,2
1015,Day28 Cytokines R1,27,20220825mouse1_OD_R_2_0_0000058_Structure_0004,https://drive.google.com/file/d/16eaPeRYI2ErXWVK7rhMMahQmaa4kwDVe/view?usp=sharing,2,2,0.5,2,4,FALSE,TRUE,TRUE,FALSE,FALSE,2,2
1016,Day28 Cytokines R1,27,20220825mouse1_OD_R_4_0_0000051_Structure_0001,https://drive.google.com/file/d/1fM-JJzOLcM-jz5R_k5mSSnhKVwULaHpK/view?usp=sharing,0.5,0.5,0.5,0.5,4,TRUE,TRUE,TRUE,FALSE,FALSE,0.5,0.5
1017,Day28 Cytokines R1,27,20220825mouse1_OD_R_4_0_0000051_Structure_0002,https://drive.google.com/file/d/14z7J8RUSdXskqNnnVdnC0kNAxpJ3JU5D/view?usp=sharing,1,1,2,1,4,FALSE,TRUE,TRUE,FALSE,FALSE,1,1
1018,Day28 Cytokines R1,27,20220825mouse1_OD_R_4_0_0000051_Structure_0003,https://drive.google.com/file/d/1dRAVHJ69TFidkkIUGo6xVpqtBEOXigc4/view?usp=sharing,1,2,2,2,4,FALSE,TRUE,TRUE,FALSE,FALSE,2,2
1019,Day28 Cytokines R1,27,20220825mouse1_OD_R_4_0_0000051_Structure_0004,https://drive.google.com/file/d/1M7JQEvaDQI5h2YN8iZ9LEMILClfy9Y4y/view?usp=sharing,0,0.5,,0,3,FALSE,TRUE,TRUE,FALSE,FALSE,0,0
1020,Day28 Cytokines R1,27,20220825mouse2_OD_R_2_0_0000030_Structure_0001,https://drive.google.com/file/d/1s1Ck87NFTCjiFjKWQWv0p3uKAFWxlBvj/view?usp=sharing,0.5,0.5,0.5,,3,FALSE,TRUE,TRUE,FALSE,FALSE,0.5,0.5
1021,Day28 Cytokines R1,27,20220825mouse2_OD_R_2_0_0000030_Structure_0002,https://drive.google.com/file/d/106RAJmAaXvPQR2MtBbA-gHyKJo2Ah1VG/view?usp=sharing,0.5,0,0.5,0,4,FALSE,FALSE,TRUE,TRUE,FALSE,0.5,0.5
1022,Day28 Cytokines R1,27,20220825mouse2_OD_R_2_0_0000030_Structure_0003,https://drive.google.com/file/d/1GfQ8KuVnSuM3OjZKFqAXuPG--Mmo9tia/view?usp=sharing,0.5,0.5,0.5,0.5,4,TRUE,TRUE,TRUE,FALSE,FALSE,0.5,0.5
1023,Day28 Cytokines R1,27,20220825mouse2_OD_R_2_0_0000030_Structure_0004,https://drive.google.com/file/d/1T-nuHKko8DmJJSWleleULtQ2TArL3-uC/view?usp=sharing,0.5,0.5,,0.5,3,FALSE,TRUE,TRUE,FALSE,FALSE,0.5,0.5
1024,Day28 Cytokines R1,27,20220825mouse2_OD_R_4_0_0000037_Structure_0001,https://drive.google.com/file/d/1HXoWRVOkXs_NJ_iA16KCB3C9dFnMYmJu/view?usp=sharing,0,0,0,0,4,TRUE,TRUE,TRUE,FALSE,FALSE,0,0
1025,Day28 Cytokines R1,27,20220825mouse2_OD_R_4_0_0000037_Structure_0002,https://drive.google.com/file/d/1f66FKjoUikRZ2QmupBMaW3Khcb2cMLnh/view?usp=sharing,0,0,0,0,4,TRUE,TRUE,TRUE,FALSE,FALSE,0,0
1026,Day28 Cytokines R1,27,20220825mouse2_OD_R_4_0_0000037_Structure_0003,https://drive.google.com/file/d/1fieeQUgiu2cYsR-3FmHs0VVwqk4RKk7g/view?usp=sharing,0,0,0,0,4,TRUE,TRUE,TRUE,FALSE,FALSE,0,0
1027,Day28 Cytokines R1,27,20220825mouse2_OD_R_4_0_0000037_Structure_0004,https://drive.google.com/file/d/1RjzpFTqWu86Pa9Nqjxg283QSF4E_PvYE/view?usp=sharing,0,0,0,,3,FALSE,TRUE,TRUE,FALSE,FALSE,0,0
1028,Day28 Cytokines R1,27,20220825mouse3_OD_R_2_0_0000030_Structure_0001,https://drive.google.com/file/d/1CuDZ-yT12P4upS6UZ0enSG4PGJFwWkqh/view?usp=sharing,1,1,1,1,4,TRUE,TRUE,TRUE,FALSE,FALSE,1,1
1029,Day28 Cytokines R1,27,20220825mouse3_OD_R_2_0_0000030_Structure_0002,https://drive.google.com/file/d/1iNYoPg3OTM0FAwbPAeKqHhMPePJUGgjk/view?usp=sharing,0.5,1,0.5,1,4,FALSE,FALSE,TRUE,TRUE,FALSE,0.5,0.5
1030,Day28 Cytokines R1,27,20220825mouse3_OD_R_2_0_0000030_Structure_0003,https://drive.google.com/file/d/1-OFs44OWo2ih_xtBO8hM0JpPi8oML_c1/view?usp=sharing,1,1,0.5,1,4,FALSE,TRUE,TRUE,FALSE,FALSE,1,1
1031,Day28 Cytokines R1,27,20220825mouse3_OD_R_2_0_0000030_Structure_0004,https://drive.google.com/file/d/1o2V3AEPWyRtw--YpbpsgeaepTPfDFkyM/view?usp=sharing,1,1,,1,3,FALSE,TRUE,TRUE,FALSE,FALSE,1,1
1032,Day28 Cytokines R1,27,20220825mouse3_OD_R_4_0_0000037_Structure_0001,https://drive.google.com/file/d/1V5cPNcbh1hn5oCI8N79gP4vP6Zoialwb/view?usp=sharing,0,0,,0,3,FALSE,TRUE,TRUE,FALSE,FALSE,0,0
1033,Day28 Cytokines R1,27,20220825mouse3_OD_R_4_0_0000037_Structure_0002,https://drive.google.com/file/d/1L7QJM3UHJXpfZZh-K9T8kGXZ1CSdvwLv/view?usp=sharing,0,1,0,2,4,FALSE,FALSE,TRUE,FALSE,FALSE,0,0
1034,Day28 Cytokines R1,27,20220825mouse3_OD_R_4_0_0000037_Structure_0003,https://drive.google.com/file/d/1l5BJfbun47lH1mbhq-gLCtvAyVLffWMt/view?usp=sharing,0.5,0.5,,0.5,3,FALSE,TRUE,TRUE,FALSE,FALSE,0.5,0.5
1035,Day28 Cytokines R1,27,20220825mouse3_OD_R_4_0_0000037_Structure_0004,https://drive.google.com/file/d/1UH8NRTTWqhJvkFcfkWNGehBZ4HaOasVi/view?usp=sharing,2,2,,2,3,FALSE,TRUE,TRUE,FALSE,FALSE,2,2
1036,Day28 Cytokines R1,27,20220825mouse4_OD_R_2_0_0000037_Structure_0001,https://drive.google.com/file/d/1XsZVIRLj_Wuq8WHFUO6kFXwr_GlhRfAA/view?usp=sharing,0,0,,0,3,FALSE,TRUE,TRUE,FALSE,FALSE,0,0
1037,Day28 Cytokines R1,27,20220825mouse4_OD_R_2_0_0000037_Structure_0002,https://drive.google.com/file/d/1BTiZBy1OZi_fLbqKXXlooiuFkC9z2NcW/view?usp=sharing,0,0,0,0,4,TRUE,TRUE,TRUE,FALSE,FALSE,0,0
1038,Day28 Cytokines R1,27,20220825mouse4_OD_R_2_0_0000037_Structure_0003,https://drive.google.com/file/d/14FOh4LV_iIioTs1rWTtAUxPbXATtaHhC/view?usp=sharing,0,0,0,0,4,TRUE,TRUE,TRUE,FALSE,FALSE,0,0
1039,Day28 Cytokines R1,27,20220825mouse4_OD_R_2_0_0000037_Structure_0004,https://drive.google.com/file/d/1LvuebcuBchw5ttatp4GqpcNHB27SlkqO/view?usp=sharing,0,0,,0,3,FALSE,TRUE,TRUE,FALSE,FALSE,0,0
1040,Day28 Cytokines R1,27,20220825mouse4_OD_R_4_0_0000030_Structure_0001,https://drive.google.com/file/d/1zfC89zluBJuuPPQ1dKb16W-6Plwr4Cmy/view?usp=sharing,0,0,,0,3,FALSE,TRUE,TRUE,FALSE,FALSE,0,0
1041,Day28 Cytokines R1,27,20220825mouse4_OD_R_4_0_0000030_Structure_0002,https://drive.google.com/file/d/1vQR9tyVNvOe7ncR619ebOobENFvGgULI/view?usp=sharing,0,0,,0,3,FALSE,TRUE,TRUE,FALSE,FALSE,0,0
1042,Day28 Cytokines R1,27,20220825mouse4_OD_R_4_0_0000030_Structure_0003,https://drive.google.com/file/d/1fAgrLCfDD-LJADVpUMr6JDVX7u1sfk32/view?usp=sharing,0,0,0,0,4,TRUE,TRUE,TRUE,FALSE,FALSE,0,0
1043,Day28 Cytokines R1,27,20220825mouse4_OD_R_4_0_0000030_Structure_0004,https://drive.google.com/file/d/10tA231XarxU1--VsyOVytRgRWUEIBfyT/view?usp=sharing,0,0,0,0,4,TRUE,TRUE,TRUE,FALSE,FALSE,0,0
1044,Day28 Cytokines R1,27,20220825mouse5_OD_R_2_0_0000030_Structure_0001,https://drive.google.com/file/d/1Z8PEbgt4QR4sdDT7ZRXUWw32cY6Vp37I/view?usp=sharing,0,0,,0,3,FALSE,TRUE,TRUE,FALSE,FALSE,0,0
1045,Day28 Cytokines R1,27,20220825mouse5_OD_R_2_0_0000030_Structure_0002,https://drive.google.com/file/d/1IR_lYXHLQqZAe4GcXTZUo91dklloFOS8/view?usp=sharing,0,0,0,0,4,TRUE,TRUE,TRUE,FALSE,FALSE,0,0
1046,Day28 Cytokines R1,27,20220825mouse5_OD_R_2_0_0000030_Structure_0003,https://drive.google.com/file/d/1YRRPycdR5xFf6b-SthUCnE7HPY7GekLA/view?usp=sharing,0,0,,0,3,FALSE,TRUE,TRUE,FALSE,FALSE,0,0
1047,Day28 Cytokines R1,27,20220825mouse5_OD_R_2_0_0000030_Structure_0004,https://drive.google.com/file/d/1JE2IsDAsF9W_o0gNAr7UihRCEzgCWFU0/view?usp=sharing,0,0,0,0,4,TRUE,TRUE,TRUE,FALSE,FALSE,0,0
1048,Day28 Cytokines R1,27,20220825mouse5_OD_R_4_0_0000037_Structure_0001,https://drive.google.com/file/d/1nyDbAmFC56nvABC1OUXAAxUMgur-vU2x/view?usp=sharing,0,0,,0,3,FALSE,TRUE,TRUE,FALSE,FALSE,0,0
1049,Day28 Cytokines R1,27,20220825mouse5_OD_R_4_0_0000037_Structure_0002,https://drive.google.com/file/d/1V1QVvNqDHT1E-CX07vPL1C2YjnkDLIOa/view?usp=sharing,0,0,,0,3,FALSE,TRUE,TRUE,FALSE,FALSE,0,0
1050,Day28 Cytokines R1,27,20220825mouse5_OD_R_4_0_0000037_Structure_0003,https://drive.google.com/file/d/1mPPiaXiZhPDmzUfGlPXT-mEBIVvA1FFF/view?usp=sharing,0,0,,0,3,FALSE,TRUE,TRUE,FALSE,FALSE,0,0
1051,Day28 Cytokines R1,27,20220825mouse5_OD_R_4_0_0000037_Structure_0004,https://drive.google.com/file/d/1NzPIGeVKSPUWE-CqqiqAvqGxzKTCNtlG/view?usp=sharing,0,0,,0,3,FALSE,TRUE,TRUE,FALSE,FALSE,0,0
1052,Day28 Cytokines R1,27,20220825mouse6_OD_R_2_0_0000037_Structure_0001,https://drive.google.com/file/d/18lO-1Goim6pvMWE-va2j5nG1qVm1120s/view?usp=sharing,1,1,1,1,4,TRUE,TRUE,TRUE,FALSE,FALSE,1,1
1053,Day28 Cytokines R1,27,20220825mouse6_OD_R_2_0_0000037_Structure_0002,https://drive.google.com/file/d/15ePkpUTPfZxP_PUjfk7p7ZzONbqFuZ_z/view?usp=sharing,2,2,1,2,4,FALSE,TRUE,TRUE,FALSE,FALSE,2,2
1054,Day28 Cytokines R1,27,20220825mouse6_OD_R_2_0_0000037_Structure_0003,https://drive.google.com/file/d/1fGehUNcBe-6fy3IgW_WN-ZRPfjdv-GeX/view?usp=sharing,2,2,1,2,4,FALSE,TRUE,TRUE,FALSE,FALSE,2,2
1055,Day28 Cytokines R1,27,20220825mouse6_OD_R_2_0_0000037_Structure_0004,https://drive.google.com/file/d/1oQOB5Jm4uyjig2KwX7UF24jLIzF_WlBV/view?usp=sharing,1,1,,1,3,FALSE,TRUE,TRUE,FALSE,FALSE,1,1
1056,Day28 Cytokines R1,27,20220825mouse6_OD_R_4_0_0000030_Structure_0001,https://drive.google.com/file/d/1KLB94cCQdM1wlr4rCoA1hzqYAY_UqDPo/view?usp=sharing,0.5,1,0.5,2,4,FALSE,FALSE,TRUE,FALSE,FALSE,0.5,0.5
1057,Day28 Cytokines R1,27,20220825mouse6_OD_R_4_0_0000030_Structure_0002,https://drive.google.com/file/d/1LsyF8ZKwly1YOHy_YHjWp76zHMSmtG8n/view?usp=sharing,1,0,,0,3,FALSE,TRUE,TRUE,FALSE,FALSE,0,0
1058,Day28 Cytokines R1,27,20220825mouse6_OD_R_4_0_0000030_Structure_0003,https://drive.google.com/file/d/1P3k_bwA7egDqhxoiJSPQ5_RUANPkT1XM/view?usp=sharing,0,0,,0,3,FALSE,TRUE,TRUE,FALSE,FALSE,0,0
1059,Day28 Cytokines R1,27,20220825mouse6_OD_R_4_0_0000030_Structure_0004,https://drive.google.com/file/d/1yOm5XKOjMz9VjzXmLlFvyd-lu1RfXV_R/view?usp=sharing,0,0,,0,3,FALSE,TRUE,TRUE,FALSE,FALSE,0,0
1060,Day28 Cytokines R1,27,20220825mouse7_OD_R_2_0_0000030_Structure_0001,https://drive.google.com/file/d/1uTbvK0b6vC2rmUmkgv538z-okgIxSMVk/view?usp=sharing,2,3,,3,3,FALSE,FALSE,TRUE,FALSE,FALSE,3,3
1061,Day28 Cytokines R1,27,20220825mouse7_OD_R_2_0_0000030_Structure_0002,https://drive.google.com/file/d/1Dq7ngW4U4a7qCYhTbURIn31SBoyHPsxS/view?usp=sharing,2,2,1,2,4,FALSE,TRUE,TRUE,FALSE,FALSE,2,2
1062,Day28 Cytokines R1,27,20220825mouse7_OD_R_2_0_0000030_Structure_0003,https://drive.google.com/file/d/1Uy9vUZicX46emD_l25ezaH7bTujcEQnx/view?usp=sharing,2,2,,2,3,FALSE,TRUE,TRUE,FALSE,FALSE,2,2
1063,Day28 Cytokines R1,27,20220825mouse7_OD_R_2_0_0000030_Structure_0004,https://drive.google.com/file/d/19gubmhfTrFD_zmy7xRdX2kvfHgPA3wcF/view?usp=sharing,2,2,1,2,4,FALSE,TRUE,TRUE,FALSE,FALSE,2,2
1064,Day28 Cytokines R1,27,20220825mouse7_OD_R_4_0_0000037_Structure_0001,https://drive.google.com/file/d/1CiHE5L1dRMZUQP4NpvT6WOrjkLc4dbqq/view?usp=sharing,1,1,1,1,4,TRUE,TRUE,TRUE,FALSE,FALSE,1,1
1065,Day28 Cytokines R1,27,20220825mouse7_OD_R_4_0_0000037_Structure_0002,https://drive.google.com/file/d/11lXq4gYAJcSeA6NmXI4yav39spCFNGw9/view?usp=sharing,0.5,0.5,0.5,0.5,4,TRUE,TRUE,TRUE,FALSE,FALSE,0.5,0.5
1066,Day28 Cytokines R1,27,20220825mouse7_OD_R_4_0_0000037_Structure_0003,https://drive.google.com/file/d/1idb0x-kqmcknGbHKYqKXam-MUKewJnc7/view?usp=sharing,1,1,1,1,4,TRUE,TRUE,TRUE,FALSE,FALSE,1,1
1067,Day28 Cytokines R1,27,20220825mouse7_OD_R_4_0_0000037_Structure_0004,https://drive.google.com/file/d/1RyQtAizY5l4gxNDXU7_66YXmGdRIQIb9/view?usp=sharing,1,1,2,,3,FALSE,FALSE,TRUE,FALSE,FALSE,1,1
1068,Day28 Cytokines R1,27,20220825mouse8_OD_R_2_0_0000037_Structure_0001,https://drive.google.com/file/d/1TjqtegOEE70AmLVDmwV5BJPl5M4fJp82/view?usp=sharing,4,4,,4,3,FALSE,TRUE,TRUE,FALSE,FALSE,4,4
1069,Day28 Cytokines R1,27,20220825mouse8_OD_R_2_0_0000037_Structure_0002,https://drive.google.com/file/d/1D0eXA3s9vCpeyze21NFN-jMnsI5pndh4/view?usp=sharing,4,4,4,4,4,TRUE,TRUE,TRUE,FALSE,FALSE,4,4
1070,Day28 Cytokines R1,27,20220825mouse8_OD_R_2_0_0000037_Structure_0003,https://drive.google.com/file/d/1N41bOBghHZTJ59eTTTpvB0FLl6eTe9Rs/view?usp=sharing,4,4,,4,3,FALSE,TRUE,TRUE,FALSE,FALSE,4,4
1071,Day28 Cytokines R1,27,20220825mouse8_OD_R_2_0_0000037_Structure_0004,https://drive.google.com/file/d/1Wh-VB0ESllrgO4J3cYrxxVkR5OLgyRg6/view?usp=sharing,4,4,,4,3,FALSE,TRUE,TRUE,FALSE,FALSE,4,4
1072,Day28 Cytokines R1,27,20220825mouse8_OD_R_4_0_0000030_Structure_0001,https://drive.google.com/file/d/1TInkGAxpNqLFGQ7X8dQWhKb2VUzzRCZ4/view?usp=sharing,1,1,,1,3,FALSE,TRUE,TRUE,FALSE,FALSE,1,1
1073,Day28 Cytokines R1,27,20220825mouse8_OD_R_4_0_0000030_Structure_0002,https://drive.google.com/file/d/1xAJPEukOXJ7moGpk_NJA2IH_RSfaNLLA/view?usp=sharing,2,2,,2,3,FALSE,TRUE,TRUE,FALSE,FALSE,2,2
1074,Day28 Cytokines R1,27,20220825mouse8_OD_R_4_0_0000030_Structure_0003,https://drive.google.com/file/d/1occ7kgDNKJL8Pp0lJkMJ_wFCE7uZd1o5/view?usp=sharing,2,2,,2,3,FALSE,TRUE,TRUE,FALSE,FALSE,2,2
1075,Day28 Cytokines R1,27,20220825mouse8_OD_R_4_0_0000030_Structure_0004,https://drive.google.com/file/d/1HWZZlkHL735X3RWnoVmQBgYWQXRNkyLo/view?usp=sharing,1,2,1,2,4,FALSE,FALSE,TRUE,TRUE,FALSE,1,1
1076,Day28 Cytokines R1,27,20220825mouse9_OD_R_2_0_0000030_Structure_0001,https://drive.google.com/file/d/1Ef1ODj9FqxuCwh_SN2HWjRbMNaYp8dui/view?usp=sharing,0,0,0,0,4,TRUE,TRUE,TRUE,FALSE,FALSE,0,0
1077,Day28 Cytokines R1,27,20220825mouse9_OD_R_2_0_0000030_Structure_0002,https://drive.google.com/file/d/1tDdl4JSODzsgHf8gZ4wkNoOWpKL4rqhF/view?usp=sharing,0,0,,0,3,FALSE,TRUE,TRUE,FALSE,FALSE,0,0
1078,Day28 Cytokines R1,27,20220825mouse9_OD_R_2_0_0000030_Structure_0003,https://drive.google.com/file/d/1E1dugFhv2zdjgz-daJb4qHiedEnzMFgM/view?usp=sharing,0,0,0,0,4,TRUE,TRUE,TRUE,FALSE,FALSE,0,0
1079,Day28 Cytokines R1,27,20220825mouse9_OD_R_2_0_0000030_Structure_0004,https://drive.google.com/file/d/1Ed8rtS8U6f49obp3KpwV_k0omluxbV4Y/view?usp=sharing,0,0,0,0,4,TRUE,TRUE,TRUE,FALSE,FALSE,0,0
1080,Day28 Cytokines R1,27,20220825mouse9_OD_R_4_0_0000037_Structure_0001,https://drive.google.com/file/d/1G_L-kQJbuK3MDcTA9NkFZprK5_IOwaqz/view?usp=sharing,0,0,0,0,4,TRUE,TRUE,TRUE,FALSE,FALSE,0,0
1081,Day28 Cytokines R1,27,20220825mouse9_OD_R_4_0_0000037_Structure_0002,https://drive.google.com/file/d/1Rkk3bQzka1iUeMlSscQiS6hn880-7KvW/view?usp=sharing,0,0,0,,3,FALSE,TRUE,TRUE,FALSE,FALSE,0,0
1082,Day28 Cytokines R1,27,20220825mouse9_OD_R_4_0_0000037_Structure_0003,https://drive.google.com/file/d/15JzTBUL5Or5SDEx_HjyTcrM0mkMLiPfR/view?usp=sharing,0.5,0.5,0,0.5,4,FALSE,TRUE,TRUE,FALSE,FALSE,0.5,0.5
1083,Day28 Cytokines R1,27,20220825mouse9_OD_R_4_0_0000037_Structure_0004,https://drive.google.com/file/d/1BBFzT4O62DeRwYuEkxqk5ZHVZl8T540d/view?usp=sharing,0,0,0,0,4,TRUE,TRUE,TRUE,FALSE,FALSE,0,0
1084,Day28 Cytokines R1,27,20220825mouse10_OD_R_2_0_0000037_Structure_0001,https://drive.google.com/file/d/1lF5li0iLAO_KxuH-CCb8JTzKq8XB02T3/view?usp=sharing,0,0,,0,3,FALSE,TRUE,TRUE,FALSE,FALSE,0,0
1085,Day28 Cytokines R1,27,20220825mouse10_OD_R_2_0_0000037_Structure_0002,https://drive.google.com/file/d/1EAes8sbA6NaYwpFzPSMhsiEtXih_NFw_/view?usp=sharing,0,0,0,0,4,TRUE,TRUE,TRUE,FALSE,FALSE,0,0
1086,Day28 Cytokines R1,27,20220825mouse10_OD_R_2_0_0000037_Structure_0003,https://drive.google.com/file/d/1RD6lyt8-pFCxRodaER1PqOf5pJLWQAHG/view?usp=sharing,0,0,,0,3,FALSE,TRUE,TRUE,FALSE,FALSE,0,0
1087,Day28 Cytokines R1,27,20220825mouse10_OD_R_2_0_0000037_Structure_0004,https://drive.google.com/file/d/1-i01SNTIz0qhPf8NyaRSt2KAqsCknedp/view?usp=sharing,0.5,0,0.5,0,4,FALSE,FALSE,TRUE,TRUE,FALSE,0.5,0.5
1088,Day28 Cytokines R1,27,20220825mouse10_OD_R_4_0_0000030_Structure_0001,https://drive.google.com/file/d/1JRRHmzwk8sk7QWvYeWXY4yjJ_i3YyNAX/view?usp=sharing,0,0,0,0,4,TRUE,TRUE,TRUE,FALSE,FALSE,0,0
1089,Day28 Cytokines R1,27,20220825mouse10_OD_R_4_0_0000030_Structure_0002,https://drive.google.com/file/d/11S78EpEryMZvSrNQCTIfs8XNxkIyENnC/view?usp=sharing,0,0,0,0,4,TRUE,TRUE,TRUE,FALSE,FALSE,0,0
1090,Day28 Cytokines R1,27,20220825mouse10_OD_R_4_0_0000030_Structure_0003,https://drive.google.com/file/d/16yG3ByVSpJGKh-CKzUh7kmkLWwp_Dw0c/view?usp=sharing,0,0,0,0,4,TRUE,TRUE,TRUE,FALSE,FALSE,0,0
1091,Day28 Cytokines R1,27,20220825mouse10_OD_R_4_0_0000030_Structure_0004,https://drive.google.com/file/d/1Dz05WGqPFoEEu9te_f5jyCD2XWlSYSwk/view?usp=sharing,0.5,0,0,0,4,FALSE,TRUE,TRUE,FALSE,FALSE,0,0
1092,Day28 Cytokines R2,2,20220929mouse1_OD_R_4_0_0000009_Structure_0001,https://drive.google.com/file/d/135zOy23EP-mlk-UsQ4zo_Udat2Yt0IfD/view?usp=share_link,1,0.5,0.5,0.5,4,FALSE,TRUE,TRUE,FALSE,FALSE,0.5,0.5
1093,Day28 Cytokines R2,2,20220929mouse1_OD_R_4_0_0000009_Structure_0002,https://drive.google.com/file/d/18w-Et6IBrj4amyDdnIMbmw2vUwINPBlD/view?usp=share_link,1,1,1,1,4,TRUE,TRUE,TRUE,FALSE,FALSE,1,1
1094,Day28 Cytokines R2,2,20220929mouse1_OD_R_4_0_0000009_Structure_0003,https://drive.google.com/file/d/1-1zGhm0MYJl-cGuawwxKfrfTEEqwAGkJ/view?usp=share_link,2,2,2,2,4,TRUE,TRUE,TRUE,FALSE,FALSE,2,2
1095,Day28 Cytokines R2,2,20220929mouse1_OD_R_4_0_0000009_Structure_0004,https://drive.google.com/file/d/16VfiAP9ltWg-xWuEBJTFumQKLr57ZOvg/view?usp=share_link,2,2,2,2,4,TRUE,TRUE,TRUE,FALSE,FALSE,2,2
1096,Day28 Cytokines R2,2,20220929mouse1_OD_R_2_0_0000002_Structure_0001,https://drive.google.com/file/d/13BuTG6hUxxy6pjG4pWSBgh2Dw6PDd5F3/view?usp=share_link,3,3,3,3,4,TRUE,TRUE,TRUE,FALSE,FALSE,3,3
1097,Day28 Cytokines R2,2,20220929mouse1_OD_R_2_0_0000002_Structure_0002,https://drive.google.com/file/d/1WhrfbXHkikOiLiHtyBdANEb7Vu_9uDqt/view?usp=share_link,2,2,,2,3,FALSE,TRUE,TRUE,FALSE,FALSE,2,2
1098,Day28 Cytokines R2,2,20220929mouse1_OD_R_2_0_0000002_Structure_0003,https://drive.google.com/file/d/1ootCh1mK3KKLRt4aCoHif57owUXytMwu/view?usp=share_link,2,2,,2,3,FALSE,TRUE,TRUE,FALSE,FALSE,2,2
1099,Day28 Cytokines R2,2,20220929mouse1_OD_R_2_0_0000002_Structure_0004,https://drive.google.com/file/d/14eu_mca766IRAopyGxIvlAF_AJwii-1q/view?usp=share_link,2,2,2,2,4,TRUE,TRUE,TRUE,FALSE,FALSE,2,2
1100,Day28 Cytokines R2,2,20220929mousse2_OD_R_4_0_0000002_Structure_0001,https://drive.google.com/file/d/1jVFe72CMq8m4sVmATlW3oiGxHyb7SLxd/view?usp=share_link,0,0,0,0,4,TRUE,TRUE,TRUE,FALSE,FALSE,0,0
1101,Day28 Cytokines R2,2,20220929mousse2_OD_R_4_0_0000002_Structure_0002,https://drive.google.com/file/d/1-2Zy4MUtwKLEURt_wAEPfFgjsZBeQw92/view?usp=share_link,0,0,0,0,4,TRUE,TRUE,TRUE,FALSE,FALSE,0,0
1102,Day28 Cytokines R2,2,20220929mousse2_OD_R_4_0_0000002_Structure_0003,https://drive.google.com/file/d/1zJbXx-0qQRJ1O7gpRKCN5u2Fru6UrTy3/view?usp=share_link,0,0,,0,3,FALSE,TRUE,TRUE,FALSE,FALSE,0,0
1103,Day28 Cytokines R2,2,20220929mousse2_OD_R_4_0_0000002_Structure_0004,https://drive.google.com/file/d/13wqUUuSdsM3qIaIOhkF_7CqC7VF3LIWL/view?usp=share_link,0,0,0,0,4,TRUE,TRUE,TRUE,FALSE,FALSE,0,0
1104,Day28 Cytokines R2,2,20220929mousse2_OD_R_2_0_0000009_Structure_0001,https://drive.google.com/file/d/1uql3G8Ou_IQmd684Tez65i3B0pBAXQ64/view?usp=share_link,0.5,0.5,,0.5,3,FALSE,TRUE,TRUE,FALSE,FALSE,0.5,0.5
1105,Day28 Cytokines R2,2,20220929mousse2_OD_R_2_0_0000009_Structure_0002,https://drive.google.com/file/d/1IGesHmEc0QfANTfvQyGIIxNfIHykIoEy/view?usp=share_link,0.5,0.5,0.5,0.5,4,TRUE,TRUE,TRUE,FALSE,FALSE,0.5,0.5
1106,Day28 Cytokines R2,2,20220929mousse2_OD_R_2_0_0000009_Structure_0003,https://drive.google.com/file/d/1rEMiHiqYhg3zEzBEjgBvyYrn60ysXzLM/view?usp=share_link,0.5,0.5,0.5,,3,FALSE,TRUE,TRUE,FALSE,FALSE,0.5,0.5
1107,Day28 Cytokines R2,2,20220929mousse2_OD_R_2_0_0000009_Structure_0004,https://drive.google.com/file/d/1W7vSwoGD8N7DPu6EFeAPnU8rF_uWtWc_/view?usp=share_link,0.5,2,0.5,1,4,FALSE,FALSE,TRUE,FALSE,FALSE,0.5,0.5
1108,Day28 Cytokines R2,2,20220922mouse3_OD_R_2_0_0000002_Structure_0001,https://drive.google.com/file/d/1Gg3c9zuCIuFqyGUivYxZRQ090duHgrTQ/view?usp=share_link,1,1,1,1,4,TRUE,TRUE,TRUE,FALSE,FALSE,1,1
1109,Day28 Cytokines R2,2,20220922mouse3_OD_R_2_0_0000002_Structure_0002,https://drive.google.com/file/d/1t7SrFJJ9GmDj6AP3lBnhlJbD4nXT0w8x/view?usp=share_link,1,1,,1,3,FALSE,TRUE,TRUE,FALSE,FALSE,1,1
1110,Day28 Cytokines R2,2,20220922mouse3_OD_R_2_0_0000002_Structure_0003,https://drive.google.com/file/d/1YlzvCXd87sfYBJR4KWn_DfxzIjRU7E3N/view?usp=share_link,1,1,,1,3,FALSE,TRUE,TRUE,FALSE,FALSE,1,1
1111,Day28 Cytokines R2,2,20220922mouse3_OD_R_2_0_0000002_Structure_0004,https://drive.google.com/file/d/1R-vfem3qgol19e1tx5Z1oHZuVW35F6iA/view?usp=share_link,1,1,,1,3,FALSE,TRUE,TRUE,FALSE,FALSE,1,1
1112,Day28 Cytokines R2,2,20220922mouse3_OD_R_4_0_0000009_Structure_0001,https://drive.google.com/file/d/1NkO94H8--IFv2Wq0VZdMG9MGi7sv-Q7X/view?usp=share_link,0.5,0.5,,0.5,3,FALSE,TRUE,TRUE,FALSE,FALSE,0.5,0.5
1113,Day28 Cytokines R2,2,20220922mouse3_OD_R_4_0_0000009_Structure_0002,https://drive.google.com/file/d/16acqiU2PKsHvZvsMfE5R_Lb6wDKiXPLk/view?usp=share_link,0.5,0.5,0.5,0.5,4,TRUE,TRUE,TRUE,FALSE,FALSE,0.5,0.5
1114,Day28 Cytokines R2,2,20220922mouse3_OD_R_4_0_0000009_Structure_0003,https://drive.google.com/file/d/1fLG0D-kessp4qNEXLASGm_kNnx2ZKl7E/view?usp=share_link,2,1,2,2,4,FALSE,TRUE,TRUE,FALSE,FALSE,2,2
1115,Day28 Cytokines R2,2,20220922mouse3_OD_R_4_0_0000009_Structure_0004,https://drive.google.com/file/d/1TYw223a-ICJ_MOGEOGLyNrTFILIBETEF/view?usp=share_link,1,0.5,1,2,4,FALSE,FALSE,TRUE,FALSE,FALSE,1,1
1116,Day28 Cytokines R2,2,20220929mouse4_OD_R_2_0_0000009_Structure_0001,https://drive.google.com/file/d/1FqkZh0peY-oILen0VGZ50HS3NfOCbfvM/view?usp=share_link,2,2,1,2,4,FALSE,TRUE,TRUE,FALSE,FALSE,2,2
1117,Day28 Cytokines R2,2,20220929mouse4_OD_R_2_0_0000009_Structure_0002,https://drive.google.com/file/d/15vbuCW0PExfHYyrFDpG7pmHejUGEQ_4l/view?usp=share_link,2,2,1,2,4,FALSE,TRUE,TRUE,FALSE,FALSE,2,2
1118,Day28 Cytokines R2,2,20220929mouse4_OD_R_2_0_0000009_Structure_0003,https://drive.google.com/file/d/18vap3duLl_8qtclnItbmBWLvnm9qjtUh/view?usp=share_link,2,3,2,3,4,FALSE,FALSE,TRUE,TRUE,FALSE,2,2
1119,Day28 Cytokines R2,2,20220929mouse4_OD_R_2_0_0000009_Structure_0004,https://drive.google.com/file/d/1yx_26WqC5rGyJMJXD5XBQ6G_3uMXlPg2/view?usp=share_link,2,2,,2,3,FALSE,TRUE,TRUE,FALSE,FALSE,2,2
1120,Day28 Cytokines R2,2,20220929mouse4_OD_R_4_0_0000002_Structure_0001,https://drive.google.com/file/d/1l2m5c9ckUKd6MEIzrWXiIUW0zovhFfC3/view?usp=share_link,0.5,0,0,,3,FALSE,TRUE,TRUE,FALSE,FALSE,0,0
1121,Day28 Cytokines R2,2,20220929mouse4_OD_R_4_0_0000002_Structure_0002,https://drive.google.com/file/d/13XUmSMVofJ9F_VN31OYARJfnpTFCjquN/view?usp=share_link,0,0,0,0,4,TRUE,TRUE,TRUE,FALSE,FALSE,0,0
1122,Day28 Cytokines R2,2,20220929mouse4_OD_R_4_0_0000002_Structure_0003,https://drive.google.com/file/d/1wOwIgorqUmR1bX6uDEZ-Lz_E9NiFhpO0/view?usp=share_link,0,0,,0,3,FALSE,TRUE,TRUE,FALSE,FALSE,0,0
1123,Day28 Cytokines R2,2,20220929mouse4_OD_R_4_0_0000002_Structure_0004,https://drive.google.com/file/d/1OBA0ODxcGXRCSHqxxQGvuWmJB-4SJZij/view?usp=share_link,0.5,0.5,,0.5,3,FALSE,TRUE,TRUE,FALSE,FALSE,0.5,0.5
1124,Day28 Cytokines R2,2,20220929mouse5_OD_R_2_0_0000002_Structure_0001,https://drive.google.com/file/d/1nbKqhhMnx9qGetLgkGF3F-miIqIHeG2H/view?usp=share_link,3,3,,3,3,FALSE,TRUE,TRUE,FALSE,FALSE,3,3
1125,Day28 Cytokines R2,2,20220929mouse5_OD_R_2_0_0000002_Structure_0002,https://drive.google.com/file/d/1c8wfS6qOeTrY83eLZ8htPbM1b0ECBofR/view?usp=share_link,3,2,3,3,4,FALSE,TRUE,TRUE,FALSE,FALSE,3,3
1126,Day28 Cytokines R2,2,20220929mouse5_OD_R_2_0_0000002_Structure_0003,https://drive.google.com/file/d/1A6c-RVeQA8rc2HHnZDAnsskjmc0cMzdb/view?usp=share_link,3,3,2,3,4,FALSE,TRUE,TRUE,FALSE,FALSE,3,3
1127,Day28 Cytokines R2,2,20220929mouse5_OD_R_2_0_0000002_Structure_0004,https://drive.google.com/file/d/1z4u3sM4WIQ92jORbyMvzSfWCJVnT_raZ/view?usp=share_link,3,3,,3,3,FALSE,TRUE,TRUE,FALSE,FALSE,3,3
1128,Day28 Cytokines R2,2,20220929mouse5_OD_R_4_0_0000009_Structure_0001,https://drive.google.com/file/d/133mLfyiA1pu8J0p42Z0bmTVLhe7Uhkyp/view?usp=share_link,0.5,0.5,0.5,0.5,4,TRUE,TRUE,TRUE,FALSE,FALSE,0.5,0.5
1129,Day28 Cytokines R2,2,20220929mouse5_OD_R_4_0_0000009_Structure_0002,https://drive.google.com/file/d/12mtVia8GzyFII-rOcawWLYMMOha3pnr2/view?usp=share_link,0.5,0.5,0,0.5,4,FALSE,TRUE,TRUE,FALSE,FALSE,0.5,0.5
1130,Day28 Cytokines R2,2,20220929mouse5_OD_R_4_0_0000009_Structure_0003,https://drive.google.com/file/d/1Y1OKTspMVAHIvfgUOhH0WRF-U-GJC9iO/view?usp=share_link,0.5,0.5,,0.5,3,FALSE,TRUE,TRUE,FALSE,FALSE,0.5,0.5
1131,Day28 Cytokines R2,2,20220929mouse5_OD_R_4_0_0000009_Structure_0004,https://drive.google.com/file/d/1CdmXif3SWi3Fszv3NnF-J3PxTZzU-nIV/view?usp=share_link,0.5,0.5,0.5,0.5,4,TRUE,TRUE,TRUE,FALSE,FALSE,0.5,0.5
1132,Day28 Cytokines R2,2,20220929mouse6_OD_R_2_0_0000009_Structure_0001,https://drive.google.com/file/d/1KmYMGtiHK0_fhtr0CKJ0cSOVsxe07yaR/view?usp=share_link,0.5,0.5,0.5,0.5,4,TRUE,TRUE,TRUE,FALSE,FALSE,0.5,0.5
1133,Day28 Cytokines R2,2,20220929mouse6_OD_R_2_0_0000009_Structure_0002,https://drive.google.com/file/d/1eiHn68QGSEpPgM7t0hR7gh43DR3aXvwb/view?usp=share_link,0.5,0,0,0,4,FALSE,TRUE,TRUE,FALSE,FALSE,0,0
1134,Day28 Cytokines R2,2,20220929mouse6_OD_R_2_0_0000009_Structure_0003,https://drive.google.com/file/d/1MelmMDX7OlodKIZnP7bMpcOfLzMg9gE6/view?usp=share_link,0.5,0.5,,0.5,3,FALSE,TRUE,TRUE,FALSE,FALSE,0.5,0.5
1135,Day28 Cytokines R2,2,20220929mouse6_OD_R_2_0_0000009_Structure_0004,https://drive.google.com/file/d/12Wk1OZCk-NDZKXRiX4Ijvcqwc4BpJ-Qz/view?usp=share_link,1,1,0.5,1,4,FALSE,TRUE,TRUE,FALSE,FALSE,1,1
1136,Day28 Cytokines R2,2,20220929mouse6_OD_R_4_0_0000002_Structure_0001,https://drive.google.com/file/d/1zcfsUHYH7FLMKQPsaCgGc25tQXqw3IN2/view?usp=share_link,2,2,,2,3,FALSE,TRUE,TRUE,FALSE,FALSE,2,2
1137,Day28 Cytokines R2,2,20220929mouse6_OD_R_4_0_0000002_Structure_0002,https://drive.google.com/file/d/1rJ9gzQpINgMlxOpBhmffPedW59HUnhmt/view?usp=share_link,2,2,2,,3,FALSE,TRUE,TRUE,FALSE,FALSE,2,2
1138,Day28 Cytokines R2,2,20220929mouse6_OD_R_4_0_0000002_Structure_0003,https://drive.google.com/file/d/1rTJjVZ3JGt30lTxMRbXbj99lbK7CWwZB/view?usp=share_link,2,2,2,,3,FALSE,TRUE,TRUE,FALSE,FALSE,2,2
1139,Day28 Cytokines R2,2,20220929mouse6_OD_R_4_0_0000002_Structure_0004,https://drive.google.com/file/d/1jYzo1CPkNg2c5qZs9Z-LEcY4f3LeTMWx/view?usp=share_link,2,2,2,2,4,TRUE,TRUE,TRUE,FALSE,FALSE,2,2
1140,Day28 Cytokines R2,2,20220929mouse7_OD_R_2_0_0000002_Structure_0001,https://drive.google.com/file/d/1qRRijfJHY-5OYf6hatxuIlhqJyt3BgXV/view?usp=share_link,2,1,,2,3,FALSE,FALSE,TRUE,FALSE,FALSE,2,2
1141,Day28 Cytokines R2,2,20220929mouse7_OD_R_2_0_0000002_Structure_0002,https://drive.google.com/file/d/1zBqCFanjFzN_PEq6wjO9evVLCa-1vOQu/view?usp=share_link,2,2,,2,3,FALSE,TRUE,TRUE,FALSE,FALSE,2,2
1142,Day28 Cytokines R2,2,20220929mouse7_OD_R_2_0_0000002_Structure_0003,https://drive.google.com/file/d/1uxZxTZe_fuxvxAF3Bwyc6JFIFW3EcICy/view?usp=share_link,3,3,,3,3,FALSE,TRUE,TRUE,FALSE,FALSE,3,3
1143,Day28 Cytokines R2,2,20220929mouse7_OD_R_2_0_0000002_Structure_0004,https://drive.google.com/file/d/1VVF4atH0o4gvzIAYoqpG2aGD8NQIqo4g/view?usp=share_link,3,3,,3,3,FALSE,TRUE,TRUE,FALSE,FALSE,3,3
1144,Day28 Cytokines R2,2,20220929mouse7_OD_R_4_0_0000009_Structure_0001,https://drive.google.com/file/d/1sClGDY6nA9HE1fLn6izS-ji-s8t4ZlCD/view?usp=share_link,1,1,,1,3,FALSE,TRUE,TRUE,FALSE,FALSE,1,1
1145,Day28 Cytokines R2,2,20220929mouse7_OD_R_4_0_0000009_Structure_0002,https://drive.google.com/file/d/1hRJuqUUQPyDSBAZiAQns_EDghLEARGDW/view?usp=share_link,1,1,1,1,4,TRUE,TRUE,TRUE,FALSE,FALSE,1,1
1146,Day28 Cytokines R2,2,20220929mouse7_OD_R_4_0_0000009_Structure_0003,https://drive.google.com/file/d/1ginmwAZSjRJ4KTCt2q4PYV_0xL3mbyYh/view?usp=share_link,1,1,0.5,1,4,FALSE,TRUE,TRUE,FALSE,FALSE,1,1
1147,Day28 Cytokines R2,2,20220929mouse7_OD_R_4_0_0000009_Structure_0004,https://drive.google.com/file/d/1i4WWmctvbpcya3-fhvmhhEeXbKYuY87m/view?usp=share_link,1,1,1,1,4,TRUE,TRUE,TRUE,FALSE,FALSE,1,1
1148,Day28 Cytokines R2,2,20220929mouse8_OD_R_2_0_0000009_Structure_0001,https://drive.google.com/file/d/1ZMHYkkQ93PmjhmxONVmbDDb1IwbYB3A1/view?usp=share_link,3,3,,3,3,FALSE,TRUE,TRUE,FALSE,FALSE,3,3
1149,Day28 Cytokines R2,2,20220929mouse8_OD_R_2_0_0000009_Structure_0002,https://drive.google.com/file/d/1p-BBzV09mdkwc5QECMJWPnrM791Uz0_b/view?usp=share_link,3,3,,3,3,FALSE,TRUE,TRUE,FALSE,FALSE,3,3
1150,Day28 Cytokines R2,2,20220929mouse8_OD_R_2_0_0000009_Structure_0003,https://drive.google.com/file/d/14608lAIc-HK-0dwmwfkwOW-fsazsi-YK/view?usp=share_link,4,3,3,3,4,FALSE,TRUE,TRUE,FALSE,FALSE,3,3
1151,Day28 Cytokines R2,2,20220929mouse8_OD_R_2_0_0000009_Structure_0004,https://drive.google.com/file/d/114WHj3S7vsni1dDoTxKf2vu65zSCub2T/view?usp=share_link,4,3,3,4,4,FALSE,FALSE,TRUE,TRUE,FALSE,4,4
1152,Day28 Cytokines R2,2,20220929mouse8_OD_R_4_0_0000002_Structure_0001,https://drive.google.com/file/d/1vsfL_ZosbmSNBMNeczqs5MlAQAxa2Dws/view?usp=share_link,1,1,,1,3,FALSE,TRUE,TRUE,FALSE,FALSE,1,1
1153,Day28 Cytokines R2,2,20220929mouse8_OD_R_4_0_0000002_Structure_0002,https://drive.google.com/file/d/1EEYxrveDXka_yLfMeC6-fZI0Fs66FSO1/view?usp=share_link,1,1,1,1,4,TRUE,TRUE,TRUE,FALSE,FALSE,1,1
1154,Day28 Cytokines R2,2,20220929mouse8_OD_R_4_0_0000002_Structure_0003,https://drive.google.com/file/d/181UN3ho7PjgKpkwxUFzCuISLwJotUHiu/view?usp=share_link,3,2,2,2,4,FALSE,TRUE,TRUE,FALSE,FALSE,2,2
1155,Day28 Cytokines R2,2,20220929mouse8_OD_R_4_0_0000002_Structure_0004,https://drive.google.com/file/d/1z_Gqqyz6ZgI0mGH1VCQXrI_7kFWKtoct/view?usp=share_link,1,1,,1,3,FALSE,TRUE,TRUE,FALSE,FALSE,1,1
1156,Day28 Cytokines R2,2,20220929mouse9_OD_R_2_0_0000002_Structure_0001,https://drive.google.com/file/d/1C3z7elqmczRPTl8W3mWu0VZtw6_rn6SQ/view?usp=share_link,3,3,3,3,4,TRUE,TRUE,TRUE,FALSE,FALSE,3,3
1157,Day28 Cytokines R2,2,20220929mouse9_OD_R_2_0_0000002_Structure_0002,https://drive.google.com/file/d/1a4sDS-YVJyeZ40tiejDwRKrGS8tj35-3/view?usp=share_link,2,3,2,2,4,FALSE,TRUE,TRUE,FALSE,FALSE,2,2
1158,Day28 Cytokines R2,2,20220929mouse9_OD_R_2_0_0000002_Structure_0003,https://drive.google.com/file/d/1Q8jBl5FllfcEx03XC8IS5E8-BbJDD4L2/view?usp=share_link,2,2,,2,3,FALSE,TRUE,TRUE,FALSE,FALSE,2,2
1159,Day28 Cytokines R2,2,20220929mouse9_OD_R_2_0_0000002_Structure_0004,https://drive.google.com/file/d/1psNvt35_8wVOVGCYlakr-FSqmayMDlQM/view?usp=share_link,2,2,,2,3,FALSE,TRUE,TRUE,FALSE,FALSE,2,2
1160,Day28 Cytokines R2,2,20220929mouse9_OD_R_4_0_0000009_Structure_0001,https://drive.google.com/file/d/1qK_HdA2XCzt12wFoDHuw0_JHGmGvXaLu/view?usp=share_link,0,0,,0,3,FALSE,TRUE,TRUE,FALSE,FALSE,0,0
1161,Day28 Cytokines R2,2,20220929mouse9_OD_R_4_0_0000009_Structure_0002,https://drive.google.com/file/d/1YecyFpnrsTayoOtKBqxJKuocjdfxrj5O/view?usp=share_link,0.5,0,,0.5,3,FALSE,FALSE,TRUE,FALSE,FALSE,0.5,0.5
1162,Day28 Cytokines R2,2,20220929mouse9_OD_R_4_0_0000009_Structure_0003,https://drive.google.com/file/d/1RCBkfS-5CIrA5LP0YL-HDj0QfLMzS6Pr/view?usp=share_link,0.5,0.5,,0.5,3,FALSE,TRUE,TRUE,FALSE,FALSE,0.5,0.5
1163,Day28 Cytokines R2,2,20220929mouse9_OD_R_4_0_0000009_Structure_0004,https://drive.google.com/file/d/1R8rTO8MUO8JQGpEqx-mE_T2enJCgyxvm/view?usp=share_link,0,0,,0,3,FALSE,TRUE,TRUE,FALSE,FALSE,0,0
1164,Day28 Cytokines R2,2,20220929mouse10_OD_R_2_0_0000009_Structure_0001,https://drive.google.com/file/d/1sGrue889O-791VKfct0m0SZKIvifhhWK/view?usp=share_link,100,0.5,,0.5,3,FALSE,FALSE,TRUE,FALSE,FALSE,0.5,0.5
1165,Day28 Cytokines R2,2,20220929mouse10_OD_R_2_0_0000009_Structure_0002,https://drive.google.com/file/d/10U0gPdGx2f4dwlWCcIP6B6vb6iROEmYu/view?usp=share_link,100,0,100,100,4,FALSE,TRUE,TRUE,FALSE,FALSE,100,100
1166,Day28 Cytokines R2,2,20220929mouse10_OD_R_2_0_0000009_Structure_0003,https://drive.google.com/file/d/1QWdk78MgdK0Dh9TEidWcPg3Lt-8uUisT/view?usp=share_link,100,100,,100,3,FALSE,TRUE,TRUE,FALSE,FALSE,100,100
1167,Day28 Cytokines R2,2,20220929mouse10_OD_R_2_0_0000009_Structure_0004,https://drive.google.com/file/d/1OVy-aYnFCZMIbG2fBrRsU3t9_VwKXm1R/view?usp=share_link,100,100,,100,3,FALSE,TRUE,TRUE,FALSE,FALSE,100,100
1168,Day28 Cytokines R2,2,20220929mouse10_OD_R_4_0_0000002_Structure_0001,https://drive.google.com/file/d/14570fqm0lz3wAevLSac6mqGI_HdkzJZh/view?usp=share_link,1,1,0.5,2,4,FALSE,FALSE,TRUE,FALSE,FALSE,1,1
1169,Day28 Cytokines R2,2,20220929mouse10_OD_R_4_0_0000002_Structure_0002,https://drive.google.com/file/d/1C6NTqoNF2mxF0T6ZF4cM8XxbnNweVyq8/view?usp=share_link,1,1,1,2,4,FALSE,TRUE,TRUE,FALSE,FALSE,1,1
1170,Day28 Cytokines R2,2,20220929mouse10_OD_R_4_0_0000002_Structure_0003,https://drive.google.com/file/d/13Tunad3W211UEbS9hW5Q8PpFINCalzpw/view?usp=share_link,2,2,2,2,4,TRUE,TRUE,TRUE,FALSE,FALSE,2,2
1171,Day28 Cytokines R2,2,20220929mouse10_OD_R_4_0_0000002_Structure_0004,https://drive.google.com/file/d/1hfTmtC-KXFg_-zAEhRyNkqgeKQT0O_BQ/view?usp=share_link,2,1,2,2,4,FALSE,TRUE,TRUE,FALSE,FALSE,2,2
1172,Day28 Cytokines R2,7,20220929mouse1_OD_R_2_0_0000016_Structure_0001,https://drive.google.com/file/d/1QI7_9V_Qa81b68rnQducqCJtVBtkSQyu/view?usp=share_link,2,2,,2,3,FALSE,TRUE,TRUE,FALSE,FALSE,2,2
1173,Day28 Cytokines R2,7,20220929mouse1_OD_R_2_0_0000016_Structure_0002,https://drive.google.com/file/d/14covbkS6-xWjAYiv5JK14-8G7nZN-L9J/view?usp=share_link,1,1,0.5,1,4,FALSE,TRUE,TRUE,FALSE,FALSE,1,1
1174,Day28 Cytokines R2,7,20220929mouse1_OD_R_2_0_0000016_Structure_0003,https://drive.google.com/file/d/1HUAGkvloG54U27PjQCApIK1qMUxU2Gx9/view?usp=share_link,2,2,2,2,4,TRUE,TRUE,TRUE,FALSE,FALSE,2,2
1175,Day28 Cytokines R2,7,20220929mouse1_OD_R_2_0_0000016_Structure_0004,https://drive.google.com/file/d/1NrJAf1dBNJfi95lNbSlP1NTXFZLZyssi/view?usp=share_link,1,1,,1,3,FALSE,TRUE,TRUE,FALSE,FALSE,1,1
1176,Day28 Cytokines R2,7,20220929mouse1_OD_R_4_0_0000023_Structure_0001,https://drive.google.com/file/d/1NrjW6x9S6pWKlsXKNtAGIa2zPY2PqbE-/view?usp=share_link,0.5,0.5,,0.5,3,FALSE,TRUE,TRUE,FALSE,FALSE,0.5,0.5
1177,Day28 Cytokines R2,7,20220929mouse1_OD_R_4_0_0000023_Structure_0002,https://drive.google.com/file/d/1coI-DGl67994Chyx29U_cwNWSvN9x3k-/view?usp=share_link,0,0.5,0,2,4,FALSE,FALSE,TRUE,FALSE,FALSE,0,0
1178,Day28 Cytokines R2,7,20220929mouse1_OD_R_4_0_0000023_Structure_0003,https://drive.google.com/file/d/117Xm8jWVnQaDPRI1fzzLzwBapxqneFRC/view?usp=share_link,2,1,0,2,4,FALSE,FALSE,TRUE,FALSE,FALSE,2,2
1179,Day28 Cytokines R2,7,20220929mouse1_OD_R_4_0_0000023_Structure_0004,https://drive.google.com/file/d/1Va6qG9_3Zeti09o32r3oC-pvob7ThFk8/view?usp=share_link,1,1,,1,3,FALSE,TRUE,TRUE,FALSE,FALSE,1,1
1180,Day28 Cytokines R2,7,20220929mousse2_OD_R_2_0_0000023_Structure_0001,https://drive.google.com/file/d/1LqxiOhuPsW2LZfpS3InUqPgcJpVr1cC5/view?usp=share_link,0.5,0.5,,0.5,3,FALSE,TRUE,TRUE,FALSE,FALSE,0.5,0.5
1181,Day28 Cytokines R2,7,20220929mousse2_OD_R_2_0_0000023_Structure_0002,https://drive.google.com/file/d/1fr249BkrGMD0WTd_0Tp1Tkv4b9xCua5z/view?usp=share_link,0.5,0.5,0.5,0.5,4,TRUE,TRUE,TRUE,FALSE,FALSE,0.5,0.5
1182,Day28 Cytokines R2,7,20220929mousse2_OD_R_2_0_0000023_Structure_0003,https://drive.google.com/file/d/1WLuIknyq19OpiFGBRoHDdMO00B-IZ9li/view?usp=share_link,0.5,0.5,,0.5,3,FALSE,TRUE,TRUE,FALSE,FALSE,0.5,0.5
1183,Day28 Cytokines R2,7,20220929mousse2_OD_R_2_0_0000023_Structure_0004,https://drive.google.com/file/d/1Z9cT4hloQt00JQS6zq9HBNs7GSs5hfI5/view?usp=share_link,0.5,0.5,,0.5,3,FALSE,TRUE,TRUE,FALSE,FALSE,0.5,0.5
1184,Day28 Cytokines R2,7,20220929mousse2_OD_R_4_0_0000016_Structure_0001,https://drive.google.com/file/d/112QZTKdP_zxSWg3kXJz5p4cgpvZnxC9l/view?usp=share_link,0,0,0,0,4,TRUE,TRUE,TRUE,FALSE,FALSE,0,0
1185,Day28 Cytokines R2,7,20220929mousse2_OD_R_4_0_0000016_Structure_0002,https://drive.google.com/file/d/1zL23p0mLJMe6z-5BOxmJ6pEWO9dI8Xl7/view?usp=share_link,0,0,,0,3,FALSE,TRUE,TRUE,FALSE,FALSE,0,0
1186,Day28 Cytokines R2,7,20220929mousse2_OD_R_4_0_0000016_Structure_0003,https://drive.google.com/file/d/1RqhWVCpl41uLuUU0cuRoJB-FmhZiN31f/view?usp=share_link,0,0,0,,3,FALSE,TRUE,TRUE,FALSE,FALSE,0,0
1187,Day28 Cytokines R2,7,20220929mousse2_OD_R_4_0_0000016_Structure_0004,https://drive.google.com/file/d/1hG55jBcd8q0H0bdMgCOjTdeyfJxlN6OZ/view?usp=share_link,0,0,0,0,4,TRUE,TRUE,TRUE,FALSE,FALSE,0,0
1188,Day28 Cytokines R2,7,20220922mouse3_OD_R_2_0_0000016_Structure_0001,https://drive.google.com/file/d/1ElWNeHunCKA6e7yGTBX20ix0xx5L3fzM/view?usp=share_link,1,2,1,2,4,FALSE,FALSE,TRUE,TRUE,FALSE,1,1
1189,Day28 Cytokines R2,7,20220922mouse3_OD_R_2_0_0000016_Structure_0002,https://drive.google.com/file/d/1cmL85gU3Au9gd87t9S7xQ3XglHWCyzDv/view?usp=share_link,1,1,1,1,4,TRUE,TRUE,TRUE,FALSE,FALSE,1,1
1190,Day28 Cytokines R2,7,20220922mouse3_OD_R_2_0_0000016_Structure_0003,https://drive.google.com/file/d/1F4FcnEXyVxjxh5xIyLhYcQVoo2Oi9wXq/view?usp=share_link,0.5,1,0.5,0.5,4,FALSE,TRUE,TRUE,FALSE,FALSE,0.5,0.5
1191,Day28 Cytokines R2,7,20220922mouse3_OD_R_2_0_0000016_Structure_0004,https://drive.google.com/file/d/1850CIJufnosHapclw0SKprBWTu2egOvR/view?usp=share_link,1,0.5,0.5,0.5,4,FALSE,TRUE,TRUE,FALSE,FALSE,0.5,0.5
1192,Day28 Cytokines R2,7,20220922mouse3_OD_R_4_0_0000023_Structure_0001,https://drive.google.com/file/d/1dbNTbsMv9bYzR22tGIisemZWEWroOxlu/view?usp=share_link,0,0,0,2,4,FALSE,TRUE,TRUE,FALSE,FALSE,0,0
1193,Day28 Cytokines R2,7,20220922mouse3_OD_R_4_0_0000023_Structure_0002,https://drive.google.com/file/d/1vqF-K34mSWVeHg2xECKh2MUa9DqwfWIl/view?usp=share_link,,0,0,0,3,FALSE,TRUE,TRUE,FALSE,FALSE,0,0
1194,Day28 Cytokines R2,7,20220922mouse3_OD_R_4_0_0000023_Structure_0003,https://drive.google.com/file/d/1Pt00g3vtoDwEXaFOQ2uvJ4EkNY-j-MVC/view?usp=share_link,,0.5,0.5,0,3,FALSE,FALSE,TRUE,FALSE,FALSE,0.5,0.5
1195,Day28 Cytokines R2,7,20220922mouse3_OD_R_4_0_0000023_Structure_0004,https://drive.google.com/file/d/1iDFGnTJeFLyh7ZI4WPhXMUPgUIukwZrl/view?usp=share_link,,0,0,0,3,FALSE,TRUE,TRUE,FALSE,FALSE,0,0
1196,Day28 Cytokines R2,7,20220929mouse4_OD_R_2_0_0000023_Structure_0001,https://drive.google.com/file/d/1YP10RDNqjheHhbysI76v-HhI9E4kmnJh/view?usp=share_link,,0.5,0.5,0.5,3,FALSE,TRUE,TRUE,FALSE,FALSE,0.5,0.5
1197,Day28 Cytokines R2,7,20220929mouse4_OD_R_2_0_0000023_Structure_0002,https://drive.google.com/file/d/1tzllTI60IRB-_uYVeJEIqdlWRdsSInJk/view?usp=share_link,,0.5,0.5,0.5,3,FALSE,TRUE,TRUE,FALSE,FALSE,0.5,0.5
1198,Day28 Cytokines R2,7,20220929mouse4_OD_R_2_0_0000023_Structure_0003,https://drive.google.com/file/d/1BmTXhyr3Q2Un8eMhm4L6inKlBepqZfxN/view?usp=share_link,1,1,1,1,4,TRUE,TRUE,TRUE,FALSE,FALSE,1,1
1199,Day28 Cytokines R2,7,20220929mouse4_OD_R_2_0_0000023_Structure_0004,https://drive.google.com/file/d/1ONAETYjfI2him6f_vYhZPmnn_Molba5X/view?usp=share_link,,0.5,0.5,0.5,3,FALSE,TRUE,TRUE,FALSE,FALSE,0.5,0.5
1200,Day28 Cytokines R2,7,20220929mouse4_OD_R_4_0_0000016_Structure_0001,https://drive.google.com/file/d/1ed-JadpoYPMsepJ2hNPhnf9B3o74B6cf/view?usp=share_link,,0,0,0,3,FALSE,TRUE,TRUE,FALSE,FALSE,0,0
1201,Day28 Cytokines R2,7,20220929mouse4_OD_R_4_0_0000016_Structure_0002,https://drive.google.com/file/d/1yTrg57cB3DEZiPAeqj2IFNLGmWwPebzl/view?usp=share_link,,0,0,0,3,FALSE,TRUE,TRUE,FALSE,FALSE,0,0
1202,Day28 Cytokines R2,7,20220929mouse4_OD_R_4_0_0000016_Structure_0003,https://drive.google.com/file/d/1rieRwDrO4vcR5A9D4bH3KTMLHbWqdkvm/view?usp=share_link,0,0,0,,3,FALSE,TRUE,TRUE,FALSE,FALSE,0,0
1203,Day28 Cytokines R2,7,20220929mouse4_OD_R_4_0_0000016_Structure_0004,https://drive.google.com/file/d/1RGMaQJX4YEUfXulupqoKgfAR2Z1hnsgZ/view?usp=share_link,,0.5,0,0,3,FALSE,TRUE,TRUE,FALSE,FALSE,0,0
1204,Day28 Cytokines R2,7,20220929mouse5_OD_R_2_0_0000016_Structure_0001,https://drive.google.com/file/d/1jex7VqqpyK6qFHprLbQ7ttw7lUBsCZ-H/view?usp=share_link,,0.5,0.5,0.5,3,FALSE,TRUE,TRUE,FALSE,FALSE,0.5,0.5
1205,Day28 Cytokines R2,7,20220929mouse5_OD_R_2_0_0000016_Structure_0002,https://drive.google.com/file/d/1CLbQ3AkY3_kww9wkC8ckDMPlhs-t-sEs/view?usp=share_link,1,0.5,0.5,0.5,4,FALSE,TRUE,TRUE,FALSE,FALSE,0.5,0.5
1206,Day28 Cytokines R2,7,20220929mouse5_OD_R_2_0_0000016_Structure_0003,https://drive.google.com/file/d/1jNSbQce3mWZn3fv77LcfxBML2vRZg5ra/view?usp=share_link,1,3,0.5,1,4,FALSE,FALSE,TRUE,FALSE,FALSE,1,1
1207,Day28 Cytokines R2,7,20220929mouse5_OD_R_2_0_0000016_Structure_0004,https://drive.google.com/file/d/1RY4O7Kk6gi8EbDhO10wp4WIwpnCIKtp6/view?usp=share_link,,0,0.5,0.5,3,FALSE,FALSE,TRUE,FALSE,FALSE,0.5,0.5
1208,Day28 Cytokines R2,7,20220929mouse5_OD_R_4_0_0000023_Structure_0001,https://drive.google.com/file/d/1DOjU_N0ZXkugMNBa15x41ZYl5ClqJOpI/view?usp=share_link,,0,0,0,3,FALSE,TRUE,TRUE,FALSE,FALSE,0,0
1209,Day28 Cytokines R2,7,20220929mouse5_OD_R_4_0_0000023_Structure_0002,https://drive.google.com/file/d/1wMccomHwEf7CntgzzZo1d5eHwvodiX7U/view?usp=share_link,,0.5,0.5,0.5,3,FALSE,TRUE,TRUE,FALSE,FALSE,0.5,0.5
1210,Day28 Cytokines R2,7,20220929mouse5_OD_R_4_0_0000023_Structure_0003,https://drive.google.com/file/d/13dm8am8cF_UCUemG4Dlj1vbuXqyt-c7P/view?usp=share_link,0,0.5,0,0.5,4,FALSE,FALSE,TRUE,TRUE,FALSE,0,0
1211,Day28 Cytokines R2,7,20220929mouse5_OD_R_4_0_0000023_Structure_0004,https://drive.google.com/file/d/1TJD14d5SPd2JWfdH5tL0fSfIyDhtFeQ0/view?usp=share_link,,0,0,0.5,3,FALSE,TRUE,TRUE,FALSE,FALSE,0,0
1212,Day28 Cytokines R2,7,20220929mouse6_OD_R_2_0_0000023_Structure_0001,https://drive.google.com/file/d/15UNHD9NwFqKLa8CM0m2dNhth4o7-_S3Z/view?usp=share_link,1,1,0.5,1,4,FALSE,TRUE,TRUE,FALSE,FALSE,1,1
1213,Day28 Cytokines R2,7,20220929mouse6_OD_R_2_0_0000023_Structure_0002,https://drive.google.com/file/d/1GmfzSH_vsWRCOigKWwudJzTnpslit6zD/view?usp=share_link,,1,0.5,0.5,3,FALSE,FALSE,TRUE,FALSE,FALSE,0.5,0.5
1214,Day28 Cytokines R2,7,20220929mouse6_OD_R_2_0_0000023_Structure_0003,https://drive.google.com/file/d/1qXF6lXrxt82hYh3EKHtXE4UsjjbnV_0f/view?usp=share_link,,1,1,1,3,FALSE,TRUE,TRUE,FALSE,FALSE,1,1
1215,Day28 Cytokines R2,7,20220929mouse6_OD_R_2_0_0000023_Structure_0004,https://drive.google.com/file/d/1UGIIbXwWGjcVpwDfqmRkpY2-DYDKkdU0/view?usp=share_link,,1,1,1,3,FALSE,TRUE,TRUE,FALSE,FALSE,1,1
1216,Day28 Cytokines R2,7,20220929mouse6_OD_R_4_0_0000016_Structure_0001,https://drive.google.com/file/d/1qqKjI0Xz1o31Sy10wDNknj7UXeYFnI-_/view?usp=share_link,,1,2,2,3,FALSE,FALSE,TRUE,FALSE,FALSE,2,2
1217,Day28 Cytokines R2,7,20220929mouse6_OD_R_4_0_0000016_Structure_0002,https://drive.google.com/file/d/1Np2atHw2SXVhwMbpyEdQ7y4z9tel0X52/view?usp=share_link,1,0.5,,0.5,3,FALSE,FALSE,TRUE,FALSE,FALSE,0.5,0.5
1218,Day28 Cytokines R2,7,20220929mouse6_OD_R_4_0_0000016_Structure_0003,https://drive.google.com/file/d/1VjaI8b3n_orueFotoIDtEq0qZjqL1I5m/view?usp=share_link,,0,0,0,3,FALSE,TRUE,TRUE,FALSE,FALSE,0,0
1219,Day28 Cytokines R2,7,20220929mouse6_OD_R_4_0_0000016_Structure_0004,https://drive.google.com/file/d/12qCVpcMnTfRIXQWODiPQr-HBHKBiZbyu/view?usp=share_link,1,1,0,1,4,FALSE,TRUE,TRUE,FALSE,FALSE,1,1
1220,Day28 Cytokines R2,7,20220929mouse7_OD_R_2_0_0000016_Structure_0001,https://drive.google.com/file/d/1_Ri_YCr5poLiJ7HMwPvju6lzC2ntVaGU/view?usp=share_link,2,3,2,2,4,FALSE,TRUE,TRUE,FALSE,FALSE,2,2
1221,Day28 Cytokines R2,7,20220929mouse7_OD_R_2_0_0000016_Structure_0002,https://drive.google.com/file/d/1fTwGdlQ7e4cjPvXchqI5E7HvVOXovuXR/view?usp=share_link,,2,2,3,3,FALSE,FALSE,TRUE,FALSE,FALSE,2,2
1222,Day28 Cytokines R2,7,20220929mouse7_OD_R_2_0_0000016_Structure_0003,https://drive.google.com/file/d/1p8HtDolWP6RfaC-9f57WU1rhCzh8l-JY/view?usp=share_link,,4,3,4,3,FALSE,FALSE,TRUE,FALSE,FALSE,4,4
1223,Day28 Cytokines R2,7,20220929mouse7_OD_R_2_0_0000016_Structure_0004,https://drive.google.com/file/d/1tk5PQgF0Jg08SGsGWOCdLT7z5AVkrA83/view?usp=share_link,,4,3,4,3,FALSE,FALSE,TRUE,FALSE,FALSE,4,4
1224,Day28 Cytokines R2,7,20220929mouse7_OD_R_4_0_0000023_Structure_0001,https://drive.google.com/file/d/1SHSzmtiZnaOyQuuzCkZXoWzUNVEu7IrF/view?usp=share_link,,0.5,0.5,0,3,FALSE,FALSE,TRUE,FALSE,FALSE,0.5,0.5
1225,Day28 Cytokines R2,7,20220929mouse7_OD_R_4_0_0000023_Structure_0002,https://drive.google.com/file/d/1wbrBp8rnZEgxFlJkk0qTEZdT4TSG5h2c/view?usp=share_link,,0.5,0.5,0,3,FALSE,FALSE,TRUE,FALSE,FALSE,0.5,0.5
1226,Day28 Cytokines R2,7,20220929mouse7_OD_R_4_0_0000023_Structure_0003,https://drive.google.com/file/d/1hhdDoOux121Qi9HlT40LkVT1_Je9ZEai/view?usp=share_link,,0,0,0,3,FALSE,TRUE,TRUE,FALSE,FALSE,0,0
1227,Day28 Cytokines R2,7,20220929mouse7_OD_R_4_0_0000023_Structure_0004,https://drive.google.com/file/d/1nUh5s2ULl5Z8Tc3HIo1NfQHjliOttoMG/view?usp=share_link,0.5,0.5,,0.5,3,FALSE,TRUE,TRUE,FALSE,FALSE,0.5,0.5
1228,Day28 Cytokines R2,7,20220929mouse8_OD_R_2_0_0000023_Structure_0001,https://drive.google.com/file/d/1WoTTvpW7psupBNS-zwW5XV_169vDsYA3/view?usp=share_link,1,0,0.5,1,4,FALSE,FALSE,TRUE,FALSE,FALSE,1,1
1229,Day28 Cytokines R2,7,20220929mouse8_OD_R_2_0_0000023_Structure_0002,https://drive.google.com/file/d/1RsZ1QMXgClilKMcMTupU2ql5R47XBF9u/view?usp=share_link,1,0,0.5,1,4,FALSE,FALSE,TRUE,FALSE,FALSE,1,1
1230,Day28 Cytokines R2,7,20220929mouse8_OD_R_2_0_0000023_Structure_0003,https://drive.google.com/file/d/1hAmY1oGAoWnMnChrxVoi_dbIP4avlIX4/view?usp=share_link,,0.5,0.5,0.5,3,FALSE,TRUE,TRUE,FALSE,FALSE,0.5,0.5
1231,Day28 Cytokines R2,7,20220929mouse8_OD_R_2_0_0000023_Structure_0004,https://drive.google.com/file/d/1EoH0iAIMUMq-fXtV9y6jGuTzKT1lSoU3/view?usp=share_link,,0.5,0.5,0.5,3,FALSE,TRUE,TRUE,FALSE,FALSE,0.5,0.5
1232,Day28 Cytokines R2,7,20220929mouse8_OD_R_4_0_0000016_Structure_0001,https://drive.google.com/file/d/15slU9eakG5d4OoJz6zr9FGmfAJ4ziuTT/view?usp=share_link,1,0.5,0.5,0.5,4,FALSE,TRUE,TRUE,FALSE,FALSE,0.5,0.5
1233,Day28 Cytokines R2,7,20220929mouse8_OD_R_4_0_0000016_Structure_0002,https://drive.google.com/file/d/1rcTDjDqI6DbbuP4OO_IudQK1HFTdMK8r/view?usp=share_link,2,0,0.5,2,4,FALSE,FALSE,TRUE,FALSE,FALSE,2,2
1234,Day28 Cytokines R2,7,20220929mouse8_OD_R_4_0_0000016_Structure_0003,https://drive.google.com/file/d/1x-TuV68RsOZiIZ0sWsPeIe-Ls4aVSibk/view?usp=share_link,,0,0,0,3,FALSE,TRUE,TRUE,FALSE,FALSE,0,0
1235,Day28 Cytokines R2,7,20220929mouse8_OD_R_4_0_0000016_Structure_0004,https://drive.google.com/file/d/1zWlGXijcriAMgG3Go_jC8fZ2xSzxr5m7/view?usp=share_link,,0.5,0.5,2,3,FALSE,FALSE,TRUE,FALSE,FALSE,0.5,0.5
1236,Day28 Cytokines R2,7,20220929mouse9_OD_R_2_0_0000016_Structure_0001,https://drive.google.com/file/d/1Ln07M0rTvczgTK38tGt2NEILGNi2yo6K/view?usp=share_link,1,1,,1,3,FALSE,TRUE,TRUE,FALSE,FALSE,1,1
1237,Day28 Cytokines R2,7,20220929mouse9_OD_R_2_0_0000016_Structure_0002,https://drive.google.com/file/d/10pM4FtDf8kUhUUWI3Qtnok4I30AoRWUR/view?usp=share_link,0.5,0.5,0.5,0.5,4,TRUE,TRUE,TRUE,FALSE,FALSE,0.5,0.5
1238,Day28 Cytokines R2,7,20220929mouse9_OD_R_2_0_0000016_Structure_0003,https://drive.google.com/file/d/1xBpMS7en87fG9EHT-j3ifQGCsgXC2nyW/view?usp=share_link,,0.5,0.5,0.5,3,FALSE,TRUE,TRUE,FALSE,FALSE,0.5,0.5
1239,Day28 Cytokines R2,7,20220929mouse9_OD_R_2_0_0000016_Structure_0004,https://drive.google.com/file/d/1UQP-RpKd3a8mVVbkhVL5fhOfgVh056ds/view?usp=share_link,,3,1,3,3,FALSE,FALSE,TRUE,FALSE,FALSE,3,3
1240,Day28 Cytokines R2,7,20220929mouse9_OD_R_4_0_0000023_Structure_0001,https://drive.google.com/file/d/1TMAnlPt38gIOeKtY1E4-vkZUaMEKRqDI/view?usp=share_link,,0,0,0,3,FALSE,TRUE,TRUE,FALSE,FALSE,0,0
1241,Day28 Cytokines R2,7,20220929mouse9_OD_R_4_0_0000023_Structure_0002,https://drive.google.com/file/d/1c2lXt9w5IHQJKLnNdS_TBy_6rw_qFyFa/view?usp=share_link,0,0.5,0,0.5,4,FALSE,FALSE,TRUE,TRUE,FALSE,0,0
1242,Day28 Cytokines R2,7,20220929mouse9_OD_R_4_0_0000023_Structure_0003,https://drive.google.com/file/d/1tFLO-eCmmO49WnmZaPLwpD7XcnnRP653/view?usp=share_link,,0,0,0,3,FALSE,TRUE,TRUE,FALSE,FALSE,0,0
1243,Day28 Cytokines R2,7,20220929mouse9_OD_R_4_0_0000023_Structure_0004,https://drive.google.com/file/d/1PuTJAj-CqduM3izzD34CMWZkefHSD4wu/view?usp=share_link,,0,0,2,3,FALSE,TRUE,TRUE,FALSE,FALSE,0,0
1244,Day28 Cytokines R2,7,20220929mouse10_OD_R_2_0_0000023_Structure_0001,https://drive.google.com/file/d/123urcme3fqgj3LilUAnFl0MUgh525S0k/view?usp=share_link,1,0.5,0.5,0.5,4,FALSE,TRUE,TRUE,FALSE,FALSE,0.5,0.5
1245,Day28 Cytokines R2,7,20220929mouse10_OD_R_2_0_0000023_Structure_0002,https://drive.google.com/file/d/1l8h-UYiaTPDjErk03ATrAoMB-dXji27Z/view?usp=share_link,0,0.5,,0.5,3,FALSE,FALSE,TRUE,FALSE,FALSE,0.5,0.5
1246,Day28 Cytokines R2,7,20220929mouse10_OD_R_2_0_0000023_Structure_0003,https://drive.google.com/file/d/1ywoaqYSCSAHdCRZOqODFS8uTExmMQkUa/view?usp=share_link,,1,1,1,3,FALSE,TRUE,TRUE,FALSE,FALSE,1,1
1247,Day28 Cytokines R2,7,20220929mouse10_OD_R_2_0_0000023_Structure_0004,https://drive.google.com/file/d/1KZF8-_mlK3MnnAAdBcs8_eo9l9wezTVS/view?usp=share_link,,3,2,3,3,FALSE,FALSE,TRUE,FALSE,FALSE,3,3
1248,Day28 Cytokines R2,7,20220929mouse10_OD_R_4_0_0000016_Structure_0001,https://drive.google.com/file/d/1_hh4xHwsJwg2WbuN9Cm7UHR7GHw4PpQO/view?usp=share_link,0.5,0.5,0.5,0.5,4,TRUE,TRUE,TRUE,FALSE,FALSE,0.5,0.5
1249,Day28 Cytokines R2,7,20220929mouse10_OD_R_4_0_0000016_Structure_0002,https://drive.google.com/file/d/1AHS7o_T1flvS_d3B2Yz4uebFLQM-mih8/view?usp=share_link,0.5,0.5,0.5,0.5,4,TRUE,TRUE,TRUE,FALSE,FALSE,0.5,0.5
1250,Day28 Cytokines R2,7,20220929mouse10_OD_R_4_0_0000016_Structure_0003,https://drive.google.com/file/d/1zIO8hMav6q11iovj7qfcXEDZ-M-9cEPu/view?usp=share_link,,2,2,2,3,FALSE,TRUE,TRUE,FALSE,FALSE,2,2
1251,Day28 Cytokines R2,7,20220929mouse10_OD_R_4_0_0000016_Structure_0004,https://drive.google.com/file/d/1tqp2Ryheo-BRVZHvW38cbiwd6lBT0-N3/view?usp=share_link,,0.5,0.5,2,3,FALSE,FALSE,TRUE,FALSE,FALSE,0.5,0.5
1252,Day28 Cytokines R2,27,20220929mouse1_OD_R_2_0_0000030_Structure_0001,https://drive.google.com/file/d/19Z8rWoh1zV8IKqYYbVx1pvBvbMy_mLi8/view?usp=share_link,1,2,1,1,4,FALSE,TRUE,TRUE,FALSE,FALSE,1,1
1253,Day28 Cytokines R2,27,20220929mouse1_OD_R_2_0_0000030_Structure_0002,https://drive.google.com/file/d/180ssUK3so23gQiKFTvwI1j4EpbQ_ew9d/view?usp=share_link,1,1,1,1,4,TRUE,TRUE,TRUE,FALSE,FALSE,1,1
1254,Day28 Cytokines R2,27,20220929mouse1_OD_R_2_0_0000030_Structure_0003,https://drive.google.com/file/d/1GOT2CJvCohXod1e-fVcDgRxntEFyXFms/view?usp=share_link,,1,1,1,3,FALSE,TRUE,TRUE,FALSE,FALSE,1,1
1255,Day28 Cytokines R2,27,20220929mouse1_OD_R_2_0_0000030_Structure_0004,https://drive.google.com/file/d/1YSDupTryfbZntR6iWwlYdKXy7HUC3Kmz/view?usp=share_link,,2,1,2,3,FALSE,FALSE,TRUE,FALSE,FALSE,2,2
1256,Day28 Cytokines R2,27,20220929mouse1_OD_R_4_0_0000037_Structure_0001,https://drive.google.com/file/d/1z5GMsWI_o3P7jVHTWKMRiW3SleyPD-XI/view?usp=share_link,0.5,0,0.5,2,4,FALSE,FALSE,TRUE,FALSE,FALSE,0.5,0.5
1257,Day28 Cytokines R2,27,20220929mouse1_OD_R_4_0_0000037_Structure_0002,https://drive.google.com/file/d/1eQBBJ65hFH8XmRQNf1uuYhdDMmdBYvXV/view?usp=share_link,0.5,0.5,1,2,4,FALSE,FALSE,TRUE,FALSE,FALSE,0.5,0.5
1258,Day28 Cytokines R2,27,20220929mouse1_OD_R_4_0_0000037_Structure_0003,https://drive.google.com/file/d/1xwU4lAAW8xZZM502VxW-kz6M1IaCdymk/view?usp=share_link,,2,2,2,3,FALSE,TRUE,TRUE,FALSE,FALSE,2,2
1259,Day28 Cytokines R2,27,20220929mouse1_OD_R_4_0_0000037_Structure_0004,https://drive.google.com/file/d/18LXIs0DtkJhbWpGF_jgwQJ01b0ffs_D1/view?usp=share_link,0.5,2,0.5,2,4,FALSE,FALSE,TRUE,TRUE,FALSE,0.5,0.5
1260,Day28 Cytokines R2,27,20220929mousse2_OD_R_2_0_0000037_Structure_0001,https://drive.google.com/file/d/1E1zx1UUsan80V42YHUSzGBtizIbWxk9z/view?usp=share_link,,0.5,0.5,0.5,3,FALSE,TRUE,TRUE,FALSE,FALSE,0.5,0.5
1261,Day28 Cytokines R2,27,20220929mousse2_OD_R_2_0_0000037_Structure_0002,https://drive.google.com/file/d/19CfgtzHmiI0mKihtripZi7ufvCDc8QsC/view?usp=share_link,0.5,0.5,0.5,0.5,4,TRUE,TRUE,TRUE,FALSE,FALSE,0.5,0.5
1262,Day28 Cytokines R2,27,20220929mousse2_OD_R_2_0_0000037_Structure_0003,https://drive.google.com/file/d/10IQ7GI5vYYeCokTBSj8l9X0QDtGHSOt6/view?usp=share_link,0,0.5,0.5,0.5,4,FALSE,TRUE,TRUE,FALSE,FALSE,0.5,0.5
1263,Day28 Cytokines R2,27,20220929mousse2_OD_R_2_0_0000037_Structure_0004,https://drive.google.com/file/d/1jBy3KRtW2N6sHUI1o-2BqYPnPi1Mik5k/view?usp=share_link,,0.5,0.5,0.5,3,FALSE,TRUE,TRUE,FALSE,FALSE,0.5,0.5
1264,Day28 Cytokines R2,27,20220929mousse2_OD_R_4_0_0000030_Structure_0001,https://drive.google.com/file/d/1iND7y0MD5SyVXCiWQyWBQqB5xee5CC-r/view?usp=share_link,,0,0,0,3,FALSE,TRUE,TRUE,FALSE,FALSE,0,0
1265,Day28 Cytokines R2,27,20220929mousse2_OD_R_4_0_0000030_Structure_0002,https://drive.google.com/file/d/12Lmx1CSOrxYORSoku7Q27qXpE4PX9nY7/view?usp=share_link,0,0,0,0,4,TRUE,TRUE,TRUE,FALSE,FALSE,0,0
1266,Day28 Cytokines R2,27,20220929mousse2_OD_R_4_0_0000030_Structure_0003,https://drive.google.com/file/d/1oKfLXoE-VQlUnx1_FEkHDLouvt3ttdn0/view?usp=share_link,0,0,,0,3,FALSE,TRUE,TRUE,FALSE,FALSE,0,0
1267,Day28 Cytokines R2,27,20220929mousse2_OD_R_4_0_0000030_Structure_0004,https://drive.google.com/file/d/1aFfGMmzTfbGTpC2HgfyUnDDAW9adc-ZJ/view?usp=share_link,0,0,0,0,4,TRUE,TRUE,TRUE,FALSE,FALSE,0,0
1268,Day28 Cytokines R2,27,20220922mouse3_OD_R_2_0_0000030_Structure_0001,https://drive.google.com/file/d/1S7Ti4P6z1Jn1643ufi3qYS4WDWbxliHD/view?usp=share_link,,0,0,0,3,FALSE,TRUE,TRUE,FALSE,FALSE,0,0
1269,Day28 Cytokines R2,27,20220922mouse3_OD_R_2_0_0000030_Structure_0002,https://drive.google.com/file/d/1G2MvveQvzzFZOnmI22Xe_JvvRF0zHsLy/view?usp=share_link,,0,0,0,3,FALSE,TRUE,TRUE,FALSE,FALSE,0,0
1270,Day28 Cytokines R2,27,20220922mouse3_OD_R_2_0_0000030_Structure_0003,https://drive.google.com/file/d/1_N0qHF_eaVhOtTE9s42DYa_ErVGwhjpj/view?usp=share_link,0.5,0.5,0.5,0.5,4,TRUE,TRUE,TRUE,FALSE,FALSE,0.5,0.5
1271,Day28 Cytokines R2,27,20220922mouse3_OD_R_2_0_0000030_Structure_0004,https://drive.google.com/file/d/1HSlheVV2T8YkFIGZ3uob0B9nokY0gu_p/view?usp=share_link,,0.5,0.5,0.5,3,FALSE,TRUE,TRUE,FALSE,FALSE,0.5,0.5
1272,Day28 Cytokines R2,27,20220922mouse3_OD_R_4_0_0000037_Structure_0001,https://drive.google.com/file/d/1ykRLT2pCiSXlPBljYPDv1nxUIMgK2sGQ/view?usp=share_link,,0,0,0.5,3,FALSE,TRUE,TRUE,FALSE,FALSE,0,0
1273,Day28 Cytokines R2,27,20220922mouse3_OD_R_4_0_0000037_Structure_0002,https://drive.google.com/file/d/1CTTy3H6lYZuKnVwiR5FYIMTqFh-T4JF4/view?usp=share_link,0,0,0,0,4,TRUE,TRUE,TRUE,FALSE,FALSE,0,0
1274,Day28 Cytokines R2,27,20220922mouse3_OD_R_4_0_0000037_Structure_0003,https://drive.google.com/file/d/1IZbA0ut7XaOMgQ8geuVDGVd6gDqIDjDV/view?usp=share_link,,0,0,0,3,FALSE,TRUE,TRUE,FALSE,FALSE,0,0
1275,Day28 Cytokines R2,27,20220922mouse3_OD_R_4_0_0000037_Structure_0004,https://drive.google.com/file/d/1gaQDc_Y34JLtSDoMusHNWPkSxEcNLY1z/view?usp=share_link,,0,0,0,3,FALSE,TRUE,TRUE,FALSE,FALSE,0,0
1276,Day28 Cytokines R2,27,20220929mouse4_OD_R_2_0_0000037_Structure_0001,https://drive.google.com/file/d/1aX-PE2WRj4uwvUCzDEaYOz4sz2I_yla6/view?usp=share_link,0.5,0.5,0.5,0.5,4,TRUE,TRUE,TRUE,FALSE,FALSE,0.5,0.5
1277,Day28 Cytokines R2,27,20220929mouse4_OD_R_2_0_0000037_Structure_0002,https://drive.google.com/file/d/1a-6nC9YPGjAT78HYZO7125CqcIS4kiYG/view?usp=share_link,1,0.5,0.5,1,4,FALSE,FALSE,TRUE,TRUE,FALSE,1,1
1278,Day28 Cytokines R2,27,20220929mouse4_OD_R_2_0_0000037_Structure_0003,https://drive.google.com/file/d/1HDmltRkcvn_eW45rdqiOMnRMtmRLKcQm/view?usp=share_link,,1,1,1,3,FALSE,TRUE,TRUE,FALSE,FALSE,1,1
1279,Day28 Cytokines R2,27,20220929mouse4_OD_R_2_0_0000037_Structure_0004,https://drive.google.com/file/d/1qK5OL2JUVMnjxRT6Did3OevyjWnRNAwU/view?usp=share_link,,0.5,0.5,1,3,FALSE,FALSE,TRUE,FALSE,FALSE,0.5,0.5
1280,Day28 Cytokines R2,27,20220929mouse4_OD_R_4_0_0000030_Structure_0001,https://drive.google.com/file/d/19gxa7fdlf7UchQXB9kGH9xm4EGm9A08l/view?usp=share_link,0,0,0,0,4,TRUE,TRUE,TRUE,FALSE,FALSE,0,0
1281,Day28 Cytokines R2,27,20220929mouse4_OD_R_4_0_0000030_Structure_0002,https://drive.google.com/file/d/1BzzlszcUsN1rckroGvOAU7_EzT58wTt1/view?usp=share_link,0,0,0,0,4,TRUE,TRUE,TRUE,FALSE,FALSE,0,0
1282,Day28 Cytokines R2,27,20220929mouse4_OD_R_4_0_0000030_Structure_0003,https://drive.google.com/file/d/18iggHwc7hTanztOvP0nlPX_BPcsuYwLk/view?usp=share_link,0,0,0,0,4,TRUE,TRUE,TRUE,FALSE,FALSE,0,0
1283,Day28 Cytokines R2,27,20220929mouse4_OD_R_4_0_0000030_Structure_0004,https://drive.google.com/file/d/1WHYkxD7dwM3GXsQAfbQVTVE3M4p5PO-k/view?usp=share_link,,0,0,0,3,FALSE,TRUE,TRUE,FALSE,FALSE,0,0
1284,Day28 Cytokines R2,27,20220929mouse5_OD_R_2_0_0000030_Structure_0001,https://drive.google.com/file/d/13ZNjU5yVpoB9vQgBMa5Cy5N_W97UWtko/view?usp=share_link,0.5,0.5,0.5,0.5,4,TRUE,TRUE,TRUE,FALSE,FALSE,0.5,0.5
1285,Day28 Cytokines R2,27,20220929mouse5_OD_R_2_0_0000030_Structure_0002,https://drive.google.com/file/d/1cnp-myM5BkJR5c6XJBF8IqQ78EofIVqD/view?usp=share_link,0,0,0,0,4,TRUE,TRUE,TRUE,FALSE,FALSE,0,0
1286,Day28 Cytokines R2,27,20220929mouse5_OD_R_2_0_0000030_Structure_0003,https://drive.google.com/file/d/1tDDoOvWMXKWmDF4K738KlaD2gYAcP2Hm/view?usp=share_link,,0,0,0,3,FALSE,TRUE,TRUE,FALSE,FALSE,0,0
1287,Day28 Cytokines R2,27,20220929mouse5_OD_R_2_0_0000030_Structure_0004,https://drive.google.com/file/d/1y7sWN4pZ8MN5uxItcv-q9A8Zt5ELTOuB/view?usp=share_link,,0,0,0.5,3,FALSE,TRUE,TRUE,FALSE,FALSE,0,0
1288,Day28 Cytokines R2,27,20220929mouse5_OD_R_4_0_0000037_Structure_0001,https://drive.google.com/file/d/1bfYTr2b5mC_n0qBgsMQs3I8I7BjReang/view?usp=share_link,0,0,0,0,4,TRUE,TRUE,TRUE,FALSE,FALSE,0,0
1289,Day28 Cytokines R2,27,20220929mouse5_OD_R_4_0_0000037_Structure_0002,https://drive.google.com/file/d/1-HpciUqWHibQyfEvAz1oW0_a78hB7DBF/view?usp=share_link,0,0,0,0,4,TRUE,TRUE,TRUE,FALSE,FALSE,0,0
1290,Day28 Cytokines R2,27,20220929mouse5_OD_R_4_0_0000037_Structure_0003,https://drive.google.com/file/d/1KEyxR0DLEsiWrYtKadrr7MixHAwouqsc/view?usp=share_link,,0,0,0,3,FALSE,TRUE,TRUE,FALSE,FALSE,0,0
1291,Day28 Cytokines R2,27,20220929mouse5_OD_R_4_0_0000037_Structure_0004,https://drive.google.com/file/d/1w5YVVKnY2DGd0o6FI6UNOe24GcLveJaL/view?usp=share_link,,0,0,0,3,FALSE,TRUE,TRUE,FALSE,FALSE,0,0
1292,Day28 Cytokines R2,27,20220929mouse6_OD_R_2_0_0000037_Structure_0001,https://drive.google.com/file/d/1cfZrrvVz4c_xMd_X9MyoW3KvvMy6USVG/view?usp=share_link,0.5,0.5,0.5,0.5,4,TRUE,TRUE,TRUE,FALSE,FALSE,0.5,0.5
1293,Day28 Cytokines R2,27,20220929mouse6_OD_R_2_0_0000037_Structure_0002,https://drive.google.com/file/d/1AyzDXO-81Yb41i20YqJYTrrof89qKO9M/view?usp=share_link,0.5,0.5,0.5,0.5,4,TRUE,TRUE,TRUE,FALSE,FALSE,0.5,0.5
1294,Day28 Cytokines R2,27,20220929mouse6_OD_R_2_0_0000037_Structure_0003,https://drive.google.com/file/d/1BKuk0vB2h_uIGxXKgUQR4lJng0Q-yxQK/view?usp=share_link,0.5,1,1,,3,FALSE,FALSE,TRUE,FALSE,FALSE,1,1
1295,Day28 Cytokines R2,27,20220929mouse6_OD_R_2_0_0000037_Structure_0004,https://drive.google.com/file/d/1_VITXl4UCgdezLqztmhwvmx_pBzP58P7/view?usp=share_link,0.5,0.5,0.5,0.5,4,TRUE,TRUE,TRUE,FALSE,FALSE,0.5,0.5
1296,Day28 Cytokines R2,27,20220929mouse6_OD_R_4_0_0000030_Structure_0001,https://drive.google.com/file/d/11lZ29pglosD3MZbjguQhTLPJQ7KpWcJa/view?usp=share_link,1,0.5,0.5,0.5,4,FALSE,TRUE,TRUE,FALSE,FALSE,0.5,0.5
1297,Day28 Cytokines R2,27,20220929mouse6_OD_R_4_0_0000030_Structure_0002,https://drive.google.com/file/d/1MEib-dPdXWM3xOSODZAE4Cb8RsvIsc09/view?usp=share_link,0,0,,0,3,FALSE,TRUE,TRUE,FALSE,FALSE,0,0
1298,Day28 Cytokines R2,27,20220929mouse6_OD_R_4_0_0000030_Structure_0003,https://drive.google.com/file/d/1u8aOtQWJjeij4HMVxcole9T-74U1r3NH/view?usp=share_link,,2,0.5,2,3,FALSE,FALSE,TRUE,FALSE,FALSE,2,2
1299,Day28 Cytokines R2,27,20220929mouse6_OD_R_4_0_0000030_Structure_0004,https://drive.google.com/file/d/1HqBsiFWSwOvJW5wR14s40hRxQeioSbtK/view?usp=share_link,,0,0,2,3,FALSE,TRUE,TRUE,FALSE,FALSE,0,0
1300,Day28 Cytokines R2,27,20220929mouse7_OD_R_2_0_0000030_Structure_0001,https://drive.google.com/file/d/1tOeBRP380l2Er69dREWE7c7in3Kyywlh/view?usp=share_link,,2,1,2,3,FALSE,FALSE,TRUE,FALSE,FALSE,2,2
1301,Day28 Cytokines R2,27,20220929mouse7_OD_R_2_0_0000030_Structure_0002,https://drive.google.com/file/d/1lH1Rx6T_bVWStKvmxggNv5xnyaQiueNt/view?usp=share_link,2,2,,2,3,FALSE,TRUE,TRUE,FALSE,FALSE,2,2
1302,Day28 Cytokines R2,27,20220929mouse7_OD_R_2_0_0000030_Structure_0003,https://drive.google.com/file/d/1YCNXaKW82UEc2FjJY4p2qdTX-lw4kmVx/view?usp=share_link,,3,2,3,3,FALSE,FALSE,TRUE,FALSE,FALSE,3,3
1303,Day28 Cytokines R2,27,20220929mouse7_OD_R_2_0_0000030_Structure_0004,https://drive.google.com/file/d/1A9mXONAb6MMnHY6bHhfyMkMRcu9D_VTh/view?usp=share_link,1,2,1,2,4,FALSE,FALSE,TRUE,TRUE,FALSE,1,1
1304,Day28 Cytokines R2,27,20220929mouse7_OD_R_4_0_0000037_Structure_0001,https://drive.google.com/file/d/1MpiLBkWVKBDgGetMf4gJpvto1rkJxgOM/view?usp=share_link,1,0.5,,1,3,FALSE,FALSE,TRUE,FALSE,FALSE,1,1
1305,Day28 Cytokines R2,27,20220929mouse7_OD_R_4_0_0000037_Structure_0002,https://drive.google.com/file/d/1msnojoZeWemryxGbXZ1pVGN_FddrnyT3/view?usp=share_link,0.5,0.5,,0.5,3,FALSE,TRUE,TRUE,FALSE,FALSE,0.5,0.5
1306,Day28 Cytokines R2,27,20220929mouse7_OD_R_4_0_0000037_Structure_0003,https://drive.google.com/file/d/1S42c0orteututV3z1MKqhRPr-CrMls7B/view?usp=share_link,,0.5,0.5,0.5,3,FALSE,TRUE,TRUE,FALSE,FALSE,0.5,0.5
1307,Day28 Cytokines R2,27,20220929mouse7_OD_R_4_0_0000037_Structure_0004,https://drive.google.com/file/d/1sko4W5KgYhQmanvPxEUzvSgYTiYLTbGu/view?usp=share_link,,0.5,0.5,0.5,3,FALSE,TRUE,TRUE,FALSE,FALSE,0.5,0.5
1308,Day28 Cytokines R2,27,20220929mouse8_OD_R_2_0_0000037_Structure_0001,https://drive.google.com/file/d/1uFUzOe5cJx6Suq5pNqO_9V-SCE5cdi_0/view?usp=share_link,,0.5,0.5,0.5,3,FALSE,TRUE,TRUE,FALSE,FALSE,0.5,0.5
1309,Day28 Cytokines R2,27,20220929mouse8_OD_R_2_0_0000037_Structure_0002,https://drive.google.com/file/d/1fde7x-_immLeIBvUhOa_fYo_UVkGf2ex/view?usp=share_link,,0.5,0.5,0.5,3,FALSE,TRUE,TRUE,FALSE,FALSE,0.5,0.5
1310,Day28 Cytokines R2,27,20220929mouse8_OD_R_2_0_0000037_Structure_0003,https://drive.google.com/file/d/1rOUDXPayXmui4l27nIu-SVkwYYmF7AAJ/view?usp=share_link,,0.5,0.5,0.5,3,FALSE,TRUE,TRUE,FALSE,FALSE,0.5,0.5
1311,Day28 Cytokines R2,27,20220929mouse8_OD_R_2_0_0000037_Structure_0004,https://drive.google.com/file/d/19lMug5gwGlynlHNnTrOuRpTuZ-6iBxzl/view?usp=share_link,0.5,0.5,0.5,0.5,4,TRUE,TRUE,TRUE,FALSE,FALSE,0.5,0.5
1312,Day28 Cytokines R2,27,20220929mouse8_OD_R_4_0_0000030_Structure_0001,https://drive.google.com/file/d/1dUi7VUnsvWOIP6LgVE4We3BmenwJUR18/view?usp=share_link,,0,0,0,3,FALSE,TRUE,TRUE,FALSE,FALSE,0,0
1313,Day28 Cytokines R2,27,20220929mouse8_OD_R_4_0_0000030_Structure_0002,https://drive.google.com/file/d/1sTG9iEgj34K8SgeDURgLMOmFRmPdNlkP/view?usp=share_link,,0,0,0,3,FALSE,TRUE,TRUE,FALSE,FALSE,0,0
1314,Day28 Cytokines R2,27,20220929mouse8_OD_R_4_0_0000030_Structure_0003,https://drive.google.com/file/d/13G5g6nqrCt-A5HTsA4_hKEs9__5EFeSW/view?usp=share_link,0,0,0,0,4,TRUE,TRUE,TRUE,FALSE,FALSE,0,0
1315,Day28 Cytokines R2,27,20220929mouse8_OD_R_4_0_0000030_Structure_0004,https://drive.google.com/file/d/1eiLi7aV3IbXlt9HQlo6oKXJVna1m5aeO/view?usp=share_link,,0,0,2,3,FALSE,TRUE,TRUE,FALSE,FALSE,0,0
1316,Day28 Cytokines R2,27,20220929mouse9_OD_R_2_0_0000030_Structure_0001,https://drive.google.com/file/d/1NNATjEC5-CmkZe9b1ITmgjL2iRqVyKUa/view?usp=share_link,2,0.5,,2,3,FALSE,FALSE,TRUE,FALSE,FALSE,2,2
1317,Day28 Cytokines R2,27,20220929mouse9_OD_R_2_0_0000030_Structure_0002,https://drive.google.com/file/d/1B3Vw-riTNNvVMRmbiDa5SB_8pUhtCmPB/view?usp=share_link,0.5,0.5,1,0.5,4,FALSE,TRUE,TRUE,FALSE,FALSE,0.5,0.5
1318,Day28 Cytokines R2,27,20220929mouse9_OD_R_2_0_0000030_Structure_0003,https://drive.google.com/file/d/1yjLz8ODL5NHEGlZZ9PfWWZTyfHJ-Vwfk/view?usp=share_link,,1,1,2,3,FALSE,FALSE,TRUE,FALSE,FALSE,1,1
1319,Day28 Cytokines R2,27,20220929mouse9_OD_R_2_0_0000030_Structure_0004,https://drive.google.com/file/d/1LQIGG0HxHg-nIWpUoeS3t12jtWNsBWFX/view?usp=share_link,3,1,1,2,4,FALSE,FALSE,TRUE,FALSE,FALSE,1,1
1320,Day28 Cytokines R2,27,20220929mouse9_OD_R_4_0_0000037_Structure_0001,https://drive.google.com/file/d/1KBoQbvpX1RcD0oa7WOwqmdALZsn6uLQh/view?usp=share_link,,0,0,0,3,FALSE,TRUE,TRUE,FALSE,FALSE,0,0
1321,Day28 Cytokines R2,27,20220929mouse9_OD_R_4_0_0000037_Structure_0002,https://drive.google.com/file/d/1ORoZLFT6Sc67p-kr0XGggX_q91m5nV8S/view?usp=share_link,,0,0,0.5,3,FALSE,TRUE,TRUE,FALSE,FALSE,0,0
1322,Day28 Cytokines R2,27,20220929mouse9_OD_R_4_0_0000037_Structure_0003,https://drive.google.com/file/d/1hALdPAf3jDYOASP1B4D07Cq1ElSeQaev/view?usp=share_link,,0,0,0,3,FALSE,TRUE,TRUE,FALSE,FALSE,0,0
1323,Day28 Cytokines R2,27,20220929mouse9_OD_R_4_0_0000037_Structure_0004,https://drive.google.com/file/d/1T-Il41M9-n4drEIl77x_EiwlBSyuZRuz/view?usp=share_link,,0,0,0,3,FALSE,TRUE,TRUE,FALSE,FALSE,0,0
1324,Day28 Cytokines R2,27,20220929mouse10_OD_R_2_0_0000037_Structure_0001,https://drive.google.com/file/d/1eQicAG8-sklpaYE5G1kKwoVN7veXKEab/view?usp=share_link,,0,0,0,3,FALSE,TRUE,TRUE,FALSE,FALSE,0,0
1325,Day28 Cytokines R2,27,20220929mouse10_OD_R_2_0_0000037_Structure_0002,https://drive.google.com/file/d/1Rh-11zdS-2LcGOu9ap4iYFHfiAOFUxw5/view?usp=share_link,,0,0,0,3,FALSE,TRUE,TRUE,FALSE,FALSE,0,0
1326,Day28 Cytokines R2,27,20220929mouse10_OD_R_2_0_0000037_Structure_0003,https://drive.google.com/file/d/1EIjHpvts4aMkBewqaBDjZKzFM6Vw0pcl/view?usp=share_link,,0,0,0,3,FALSE,TRUE,TRUE,FALSE,FALSE,0,0
1327,Day28 Cytokines R2,27,20220929mouse10_OD_R_2_0_0000037_Structure_0004,https://drive.google.com/file/d/1lZoegBiLz5PZpF-e9ebCPDTWRCfisvqz/view?usp=share_link,0,0,,0,3,FALSE,TRUE,TRUE,FALSE,FALSE,0,0
1328,Day28 Cytokines R2,27,20220929mouse10_OD_R_4_0_0000030_Structure_0001,https://drive.google.com/file/d/1ACuU-C_TPyqWOKkY9ZAxoCR7v4xsQgti/view?usp=share_link,0,0,0,0,4,TRUE,TRUE,TRUE,FALSE,FALSE,0,0
1329,Day28 Cytokines R2,27,20220929mouse10_OD_R_4_0_0000030_Structure_0002,https://drive.google.com/file/d/1eeb9e6JwtnkwxYgndFvL3xRO2Y6fz1NH/view?usp=share_link,,0.5,0.5,0.5,3,FALSE,TRUE,TRUE,FALSE,FALSE,0.5,0.5
1330,Day28 Cytokines R2,27,20220929mouse10_OD_R_4_0_0000030_Structure_0003,https://drive.google.com/file/d/1Hb7lQrrN7McInH7Nv2MqV67tyvXUXWvj/view?usp=share_link,,0,0,0,3,FALSE,TRUE,TRUE,FALSE,FALSE,0,0
1331,Day28 Cytokines R2,27,20220929mouse10_OD_R_4_0_0000030_Structure_0004,https://drive.google.com/file/d/19hEoU1pinSIc0znA-SkS13kk6nMf4o2F/view?usp=share_link,0,0.5,0,0,4,FALSE,TRUE,TRUE,FALSE,FALSE,0,0
1332,Day28 Cytokines R3,2,20221013mouse1_OD_R_2_0_0000002_Structure_0001,https://drive.google.com/file/d/1HE2qR4Ahl7fs9hSSljfjPDH65xwCZE1N/view?usp=share_link,,1,1,1,3,FALSE,TRUE,TRUE,FALSE,FALSE,1,1
1333,Day28 Cytokines R3,2,20221013mouse1_OD_R_2_0_0000002_Structure_0002,https://drive.google.com/file/d/1eXRYJw2XPM90ecM5GMna7LYuzynBXKpj/view?usp=share_link,,2,2,2,3,FALSE,TRUE,TRUE,FALSE,FALSE,2,2
1334,Day28 Cytokines R3,2,20221013mouse1_OD_R_2_0_0000002_Structure_0003,https://drive.google.com/file/d/1yvcCe7dTXvpAZl97jLrRcvvAiLcSvH-d/view?usp=share_link,,3,3,3,3,FALSE,TRUE,TRUE,FALSE,FALSE,3,3
1335,Day28 Cytokines R3,2,20221013mouse1_OD_R_2_0_0000002_Structure_0004,https://drive.google.com/file/d/1t3GTDb59VYAYhRmqMZkUFoOBSg8H4xbx/view?usp=share_link,,2,2,2,3,FALSE,TRUE,TRUE,FALSE,FALSE,2,2
1336,Day28 Cytokines R3,2,20221013mouse1_OD_R_4_0_0000009_Structure_0001,https://drive.google.com/file/d/1HshMvbYUlKLPwUPAZ3afIOZb1a0hNM2N/view?usp=share_link,,0.5,0,0.5,3,FALSE,FALSE,TRUE,FALSE,FALSE,0.5,0.5
1337,Day28 Cytokines R3,2,20221013mouse1_OD_R_4_0_0000009_Structure_0002,https://drive.google.com/file/d/1HZ8XM2-eUUzrmGVUabH35NwSQg0zvAWC/view?usp=share_link,,0.5,0.5,0.5,3,FALSE,TRUE,TRUE,FALSE,FALSE,0.5,0.5
1338,Day28 Cytokines R3,2,20221013mouse1_OD_R_4_0_0000009_Structure_0003,https://drive.google.com/file/d/1CH6hPnqqmfedZfdBmLy_iIMaxWetsShk/view?usp=share_link,0.5,0.5,0.5,0.5,4,TRUE,TRUE,TRUE,FALSE,FALSE,0.5,0.5
1339,Day28 Cytokines R3,2,20221013mouse1_OD_R_4_0_0000009_Structure_0004,https://drive.google.com/file/d/1ptvu4JZtEgUL7nyYu-ei5GXoeCEP1oAP/view?usp=share_link,,0.5,0.5,4,3,FALSE,FALSE,TRUE,FALSE,FALSE,0.5,0.5
1340,Day28 Cytokines R3,2,20221013mouse2_OD_R_2_0_0000009_Structure_0001,https://drive.google.com/file/d/1M_hrmpJngJvXq9P0Td_ZyBvhrU9THwmC/view?usp=share_link,4,4,,4,3,FALSE,TRUE,TRUE,FALSE,FALSE,4,4
1341,Day28 Cytokines R3,2,20221013mouse2_OD_R_2_0_0000009_Structure_0002,https://drive.google.com/file/d/1MUNPSR2XkbT14yq4CiBMwqmDCd72AeX5/view?usp=share_link,4,4,,4,3,FALSE,TRUE,TRUE,FALSE,FALSE,4,4
1342,Day28 Cytokines R3,2,20221013mouse2_OD_R_2_0_0000009_Structure_0003,https://drive.google.com/file/d/1Hsv2dXXUXP9bgJbDD510MO-Cdc5uIPIO/view?usp=share_link,,4,3,4,3,FALSE,FALSE,TRUE,FALSE,FALSE,4,4
1343,Day28 Cytokines R3,2,20221013mouse2_OD_R_2_0_0000009_Structure_0004,https://drive.google.com/file/d/1m5QIlJUjn9_aUKfXsyh-YpldCuUBngxH/view?usp=share_link,4,4,,4,3,FALSE,TRUE,TRUE,FALSE,FALSE,4,4
1344,Day28 Cytokines R3,2,20221013mouse2_OD_R_4_0_0000002_Structure_0001,https://drive.google.com/file/d/1DKoxpJPGC4jsfHOabDSaJTFhoD2K_Wer/view?usp=share_link,,0.5,0.5,0.5,3,FALSE,TRUE,TRUE,FALSE,FALSE,0.5,0.5
1345,Day28 Cytokines R3,2,20221013mouse2_OD_R_4_0_0000002_Structure_0002,https://drive.google.com/file/d/1881sBz15f8_0vsCmknW3DXeZ9B5qSSvr/view?usp=share_link,0,0.5,0,0.5,4,FALSE,FALSE,TRUE,TRUE,FALSE,0,0
1346,Day28 Cytokines R3,2,20221013mouse2_OD_R_4_0_0000002_Structure_0003,https://drive.google.com/file/d/1DMEVEDL8PtJG40XGdyykjhEZ-bhOXKP2/view?usp=share_link,,0.5,0.5,2,3,FALSE,FALSE,TRUE,FALSE,FALSE,0.5,0.5
1347,Day28 Cytokines R3,2,20221013mouse2_OD_R_4_0_0000002_Structure_0004,https://drive.google.com/file/d/1VrjZwhSSheqWAORjgztPD98wmeV6KY_4/view?usp=share_link,,0.5,0.5,2,3,FALSE,FALSE,TRUE,FALSE,FALSE,0.5,0.5
1348,Day28 Cytokines R3,2,20221013mouse3_OD_R_2_0_0000002_Structure_0001,https://drive.google.com/file/d/12GHkXTrQI38ymrdb2EDcdIhiSsCxZP98/view?usp=share_link,3,3,2,3,4,FALSE,TRUE,TRUE,FALSE,FALSE,3,3
1349,Day28 Cytokines R3,2,20221013mouse3_OD_R_2_0_0000002_Structure_0002,https://drive.google.com/file/d/1dCn7As9lclpKWgbLq4my8FcMfHCpis3a/view?usp=share_link,,1,1,2,3,FALSE,FALSE,TRUE,FALSE,FALSE,1,1
1350,Day28 Cytokines R3,2,20221013mouse3_OD_R_2_0_0000002_Structure_0003,https://drive.google.com/file/d/1li06iCUHF_A5c-0zKHOmmsnXX05jwknK/view?usp=share_link,3,3,,3,3,FALSE,TRUE,TRUE,FALSE,FALSE,3,3
1351,Day28 Cytokines R3,2,20221013mouse3_OD_R_2_0_0000002_Structure_0004,https://drive.google.com/file/d/1nLUVK3GPHVKZiVnbtnPxziOBnXXBF9IR/view?usp=share_link,2,1,,2,3,FALSE,FALSE,TRUE,FALSE,FALSE,2,2
1352,Day28 Cytokines R3,2,20221013mouse3_OD_R_4_0_0000009_Structure_0001,https://drive.google.com/file/d/1DFJW8XdQSt3d2fBjDU0EeM0VBH8FQRKI/view?usp=share_link,,1,1,2,3,FALSE,FALSE,TRUE,FALSE,FALSE,1,1
1353,Day28 Cytokines R3,2,20221013mouse3_OD_R_4_0_0000009_Structure_0002,https://drive.google.com/file/d/1J0FdpiB23o_2vITZJZJkfcmfX4jQsqYO/view?usp=share_link,,1,1,2,3,FALSE,FALSE,TRUE,FALSE,FALSE,1,1
1354,Day28 Cytokines R3,2,20221013mouse3_OD_R_4_0_0000009_Structure_0003,https://drive.google.com/file/d/1myiRvzrCifR90vVYB1s8MgEHoYCfrJY7/view?usp=share_link,3,3,,3,3,FALSE,TRUE,TRUE,FALSE,FALSE,3,3
1355,Day28 Cytokines R3,2,20221013mouse3_OD_R_4_0_0000009_Structure_0004,https://drive.google.com/file/d/1WHtK0hjgQITYFzf9_PKhWmETI-wA9dy7/view?usp=share_link,,2,2,3,3,FALSE,FALSE,TRUE,FALSE,FALSE,2,2
1356,Day28 Cytokines R3,2,20221013mouse4_OD_R_2_0_0000009_Structure_0001,https://drive.google.com/file/d/1aJXOYNyJIlZ4_fdMkc9s8mAXgAZEoZGm/view?usp=share_link,0.5,0.5,0.5,0.5,4,TRUE,TRUE,TRUE,FALSE,FALSE,0.5,0.5
1357,Day28 Cytokines R3,2,20221013mouse4_OD_R_2_0_0000009_Structure_0002,https://drive.google.com/file/d/1KaruW_f2A1qgPWosaThzLD92pD8jg5jG/view?usp=share_link,,0.5,0.5,0.5,3,FALSE,TRUE,TRUE,FALSE,FALSE,0.5,0.5
1358,Day28 Cytokines R3,2,20221013mouse4_OD_R_2_0_0000009_Structure_0003,https://drive.google.com/file/d/1Y1WRuZpkNuzz8-plYsk0Z510xRtu9za-/view?usp=share_link,,0.5,0.5,0.5,3,FALSE,TRUE,TRUE,FALSE,FALSE,0.5,0.5
1359,Day28 Cytokines R3,2,20221013mouse4_OD_R_2_0_0000009_Structure_0004,https://drive.google.com/file/d/1XWXp6x0RGR6lkRVn1zDfyJczHKkcCymh/view?usp=share_link,,0,0,0,3,FALSE,TRUE,TRUE,FALSE,FALSE,0,0
1360,Day28 Cytokines R3,2,20221013mouse4_OD_R_4_0_0000002_Structure_0001,https://drive.google.com/file/d/1b5ltoOU8ADEjk75QMCY2b1mTFj_Qc4m9/view?usp=share_link,0,0,0,0,4,TRUE,TRUE,TRUE,FALSE,FALSE,0,0
1361,Day28 Cytokines R3,2,20221013mouse4_OD_R_4_0_0000002_Structure_0002,https://drive.google.com/file/d/1g_dy7leJlyumdI5YAscA11uDfx7MPkjY/view?usp=share_link,,0,0,0,3,FALSE,TRUE,TRUE,FALSE,FALSE,0,0
1362,Day28 Cytokines R3,2,20221013mouse4_OD_R_4_0_0000002_Structure_0003,https://drive.google.com/file/d/1kMNFWOiX7KHp__tiz-N9vifP8tsrTK7Q/view?usp=share_link,,0,0,0,3,FALSE,TRUE,TRUE,FALSE,FALSE,0,0
1363,Day28 Cytokines R3,2,20221013mouse4_OD_R_4_0_0000002_Structure_0004,https://drive.google.com/file/d/17awmAWrwR0TLWVdqlcI1WA8yxxiw3uh-/view?usp=share_link,0,0,0,0,4,TRUE,TRUE,TRUE,FALSE,FALSE,0,0
1364,Day28 Cytokines R3,2,20221013mouse5_OD_R_2_0_0000002_Structure_0001,https://drive.google.com/file/d/1DWqXeTNxY1Iqx_i5blpHPoquM4eQXaqB/view?usp=share_link,,0,0,0,3,FALSE,TRUE,TRUE,FALSE,FALSE,0,0
1365,Day28 Cytokines R3,2,20221013mouse5_OD_R_2_0_0000002_Structure_0002,https://drive.google.com/file/d/1TRJ8tHsTSceYMA6OPhq18YmvxSWCfPAs/view?usp=share_link,,0,0,0,3,FALSE,TRUE,TRUE,FALSE,FALSE,0,0
1366,Day28 Cytokines R3,2,20221013mouse5_OD_R_2_0_0000002_Structure_0003,https://drive.google.com/file/d/1i3A9h2JC0I1IqWPvnbDNXwPNuamE5JWb/view?usp=share_link,,0,0,0,3,FALSE,TRUE,TRUE,FALSE,FALSE,0,0
1367,Day28 Cytokines R3,2,20221013mouse5_OD_R_2_0_0000002_Structure_0004,https://drive.google.com/file/d/1jYlG_Pyn5arf76GD_TePAY_9X0Wto9GI/view?usp=share_link,,0,100,0,3,FALSE,TRUE,TRUE,FALSE,FALSE,0,0
1368,Day28 Cytokines R3,2,20221013mouse5_OD_R_4_0_0000009_Structure_0001,https://drive.google.com/file/d/1xJD0C1-qBePenVhB-rz_dv7JRxpPSiWH/view?usp=share_link,,0,0,0,3,FALSE,TRUE,TRUE,FALSE,FALSE,0,0
1369,Day28 Cytokines R3,2,20221013mouse5_OD_R_4_0_0000009_Structure_0002,https://drive.google.com/file/d/1Yxclho4ViBWdOclna40jr6iD6HYg7YwC/view?usp=share_link,,0.5,0.5,0.5,3,FALSE,TRUE,TRUE,FALSE,FALSE,0.5,0.5
1370,Day28 Cytokines R3,2,20221013mouse5_OD_R_4_0_0000009_Structure_0003,https://drive.google.com/file/d/1t4Xq9OKTjA7BrVUytsAGZQJIb1C2y1xv/view?usp=share_link,,0,0,0,3,FALSE,TRUE,TRUE,FALSE,FALSE,0,0
1371,Day28 Cytokines R3,2,20221013mouse5_OD_R_4_0_0000009_Structure_0004,https://drive.google.com/file/d/1bW0vChHBqiniOyv3DjWLGjSjHFCLmZEz/view?usp=share_link,0,0,0,0,4,TRUE,TRUE,TRUE,FALSE,FALSE,0,0
1372,Day28 Cytokines R3,2,20221013mouse6_OD_R_2_0_0000009_Structure_0001,https://drive.google.com/file/d/1XjtnbSQt3wBptuYSBnCqsocamEOJmIcu/view?usp=share_link,,4,4,4,3,FALSE,TRUE,TRUE,FALSE,FALSE,4,4
1373,Day28 Cytokines R3,2,20221013mouse6_OD_R_2_0_0000009_Structure_0002,https://drive.google.com/file/d/1wUqYQQBNAjJIy7VZlX-WNczFQfQojZBJ/view?usp=share_link,,4,4,4,3,FALSE,TRUE,TRUE,FALSE,FALSE,4,4
1374,Day28 Cytokines R3,2,20221013mouse6_OD_R_2_0_0000009_Structure_0003,https://drive.google.com/file/d/1F3UzSFM0BSpd-wvujGxXxjX7HQ4l21Um/view?usp=share_link,4,3,100,4,4,FALSE,FALSE,TRUE,FALSE,FALSE,4,4
1375,Day28 Cytokines R3,2,20221013mouse6_OD_R_2_0_0000009_Structure_0004,https://drive.google.com/file/d/1C1odi3ioxfgLRre8BuORs3mdLkWhjOKZ/view?usp=share_link,4,4,4,4,4,TRUE,TRUE,TRUE,FALSE,FALSE,4,4
1376,Day28 Cytokines R3,2,20221013mouse6_OD_R_4_0_0000002_Structure_0001,https://drive.google.com/file/d/1vdvynpZgRWsrRw8yg_Z0-wsPmOB_C6XW/view?usp=share_link,,2,2,2,3,FALSE,TRUE,TRUE,FALSE,FALSE,2,2
1377,Day28 Cytokines R3,2,20221013mouse6_OD_R_4_0_0000002_Structure_0002,https://drive.google.com/file/d/1iRo6m-sPHbN-jOl2KXgaMdm3JhCcak0W/view?usp=share_link,,1,1,2,3,FALSE,FALSE,TRUE,FALSE,FALSE,1,1
1378,Day28 Cytokines R3,2,20221013mouse6_OD_R_4_0_0000002_Structure_0003,https://drive.google.com/file/d/1CIhLa8GJiHaUMHd1aWxWfNxho0BxMCEq/view?usp=share_link,1,1,2,2,4,FALSE,FALSE,TRUE,TRUE,FALSE,1,1
1379,Day28 Cytokines R3,2,20221013mouse6_OD_R_4_0_0000002_Structure_0004,https://drive.google.com/file/d/1k4OusOEo1g0rx7Of5IHu_I83oXqu8Rhn/view?usp=share_link,,2,2,2,3,FALSE,TRUE,TRUE,FALSE,FALSE,2,2
1380,Day28 Cytokines R3,2,20221013mouse7_OD_R_2_0_0000002_Structure_0001,https://drive.google.com/file/d/1qP8-2GwlVLetYmLRV-_xPD3D7UxLQOSf/view?usp=share_link,,2,1,2,3,FALSE,FALSE,TRUE,FALSE,FALSE,2,2
1381,Day28 Cytokines R3,2,20221013mouse7_OD_R_2_0_0000002_Structure_0002,https://drive.google.com/file/d/1lSIiVFof5L90xmrhEMDEDcFTu93OFsnr/view?usp=share_link,2,2,,2,3,FALSE,TRUE,TRUE,FALSE,FALSE,2,2
1382,Day28 Cytokines R3,2,20221013mouse7_OD_R_2_0_0000002_Structure_0003,https://drive.google.com/file/d/1ODm9X2qTNCzfvTU-YEPhJsWm-SywAoax/view?usp=share_link,100,3,,3,3,FALSE,FALSE,TRUE,FALSE,FALSE,3,3
1383,Day28 Cytokines R3,2,20221013mouse7_OD_R_2_0_0000002_Structure_0004,https://drive.google.com/file/d/1D1DAbjY-kOmDaNWdSzWxhlqeKc-DK06k/view?usp=share_link,,1,0.5,1,3,FALSE,FALSE,TRUE,FALSE,FALSE,1,1
1384,Day28 Cytokines R3,2,20221013mouse7_OD_R_4_0_0000009_Structure_0001,https://drive.google.com/file/d/15sbnAsp1rLmhLVLrAOv5IO8yzV1Y7D27/view?usp=share_link,1,1,1,1,4,TRUE,TRUE,TRUE,FALSE,FALSE,1,1
1385,Day28 Cytokines R3,2,20221013mouse7_OD_R_4_0_0000009_Structure_0002,https://drive.google.com/file/d/1bCHdcq8jKexTLbg0NMJtj14_uvhkpq_D/view?usp=share_link,1,2,1,1,4,FALSE,TRUE,TRUE,FALSE,FALSE,1,1
1386,Day28 Cytokines R3,2,20221013mouse7_OD_R_4_0_0000009_Structure_0003,https://drive.google.com/file/d/1AgaURDEGEr-yHhc6ut3jNPbia8nkUnr7/view?usp=share_link,3,3,2,3,4,FALSE,TRUE,TRUE,FALSE,FALSE,3,3
1387,Day28 Cytokines R3,2,20221013mouse7_OD_R_4_0_0000009_Structure_0004,https://drive.google.com/file/d/14HfJDmMNAL4zWbTZCmzSTqeI-J9-abKa/view?usp=share_link,3,3,2,3,4,FALSE,TRUE,TRUE,FALSE,FALSE,3,3
1388,Day28 Cytokines R3,2,20221013mouse8_OD_R_2_0_0000009_Structure_0001,https://drive.google.com/file/d/1SXTKn7c5hZ2aDwKodyr8ZPyLICMPsiJZ/view?usp=share_link,,1,1,1,3,FALSE,TRUE,TRUE,FALSE,FALSE,1,1
1389,Day28 Cytokines R3,2,20221013mouse8_OD_R_2_0_0000009_Structure_0002,https://drive.google.com/file/d/1QkMj2juQPNO3clt93cE1NudpfsGY5V9R/view?usp=share_link,,0.5,0.5,0.5,3,FALSE,TRUE,TRUE,FALSE,FALSE,0.5,0.5
1390,Day28 Cytokines R3,2,20221013mouse8_OD_R_2_0_0000009_Structure_0003,https://drive.google.com/file/d/1BXK29d0BcqypDjQeEFo0NmxSqO_HkXvA/view?usp=share_link,1,1,1,1,4,TRUE,TRUE,TRUE,FALSE,FALSE,1,1
1391,Day28 Cytokines R3,2,20221013mouse8_OD_R_2_0_0000009_Structure_0004,https://drive.google.com/file/d/1axCDZXYdacmQp7ePpoE8Jwwxyu2Da9OO/view?usp=share_link,1,1,1,1,4,TRUE,TRUE,TRUE,FALSE,FALSE,1,1
1392,Day28 Cytokines R3,2,20221013mouse8_OD_R_4_0_0000002_Structure_0001,https://drive.google.com/file/d/13T17V4plf-2zP_CgwZjH9uvQJQLbWgFk/view?usp=share_link,0.5,0.5,0.5,0.5,4,TRUE,TRUE,TRUE,FALSE,FALSE,0.5,0.5
1393,Day28 Cytokines R3,2,20221013mouse8_OD_R_4_0_0000002_Structure_0002,https://drive.google.com/file/d/1s8PXdSgA6ivrmy3mFUvUr2c_9G5EEFTg/view?usp=share_link,,0,0,0,3,FALSE,TRUE,TRUE,FALSE,FALSE,0,0
1394,Day28 Cytokines R3,2,20221013mouse8_OD_R_4_0_0000002_Structure_0003,https://drive.google.com/file/d/13wQwpZ6rBLQOLoY-eS0yONN7wWYfmi32/view?usp=share_link,0.5,0.5,2,2,4,FALSE,FALSE,TRUE,TRUE,FALSE,0.5,0.5
1395,Day28 Cytokines R3,2,20221013mouse8_OD_R_4_0_0000002_Structure_0004,https://drive.google.com/file/d/10nmyiR3V8w83w99INDirLht3A0w2Qkq-/view?usp=share_link,0.5,0.5,0.5,0.5,4,TRUE,TRUE,TRUE,FALSE,FALSE,0.5,0.5
1396,Day28 Cytokines R3,2,20221013mouse9_OD_R_2_0_0000009_Structure_0001,https://drive.google.com/file/d/1qAV9jvvLrRcQGUY_1hRJqDiZpB86XYK8/view?usp=share_link,,1,1,1,3,FALSE,TRUE,TRUE,FALSE,FALSE,1,1
1397,Day28 Cytokines R3,2,20221013mouse9_OD_R_2_0_0000009_Structure_0002,https://drive.google.com/file/d/1osavo8ddict5deQa4XuWo4C9--w8qvnN/view?usp=share_link,,1,1,1,3,FALSE,TRUE,TRUE,FALSE,FALSE,1,1
1398,Day28 Cytokines R3,2,20221013mouse9_OD_R_2_0_0000009_Structure_0003,https://drive.google.com/file/d/1bZUqp8GFMqb4uYng6Lsw5pLLURLFAiKh/view?usp=share_link,1,1,1,1,4,TRUE,TRUE,TRUE,FALSE,FALSE,1,1
1399,Day28 Cytokines R3,2,20221013mouse9_OD_R_2_0_0000009_Structure_0004,https://drive.google.com/file/d/1mUn6cUVREjHpiRWYP84-ibZG7SuqMILP/view?usp=share_link,0.5,0.5,,0.5,3,FALSE,TRUE,TRUE,FALSE,FALSE,0.5,0.5
1400,Day28 Cytokines R3,2,20221013mouse9_OD_R_4_0_0000002_Structure_0001,https://drive.google.com/file/d/1lcERSbY4R2LasflCYULMXj3PA--MwjSH/view?usp=share_link,0,0,,0,3,FALSE,TRUE,TRUE,FALSE,FALSE,0,0
1401,Day28 Cytokines R3,2,20221013mouse9_OD_R_4_0_0000002_Structure_0002,https://drive.google.com/file/d/1mCZxJ1LVscG9-zuSFfBQ79hFyggZHrVG/view?usp=share_link,0,0,,0,3,FALSE,TRUE,TRUE,FALSE,FALSE,0,0
1402,Day28 Cytokines R3,2,20221013mouse9_OD_R_4_0_0000002_Structure_0003,https://drive.google.com/file/d/1z_F14k9Sn7xkNLSIQ3kRdX2aflKRCpqY/view?usp=share_link,,0,0,0,3,FALSE,TRUE,TRUE,FALSE,FALSE,0,0
1403,Day28 Cytokines R3,2,20221013mouse9_OD_R_4_0_0000002_Structure_0004,https://drive.google.com/file/d/14bdB2Iwgazs2ZRrXqnqACtwhxz4JDjPD/view?usp=share_link,0,0,0,0,4,TRUE,TRUE,TRUE,FALSE,FALSE,0,0
1404,Day28 Cytokines R3,2,20221013mouse10_OD_R_2_0_0000002_Structure_0001,https://drive.google.com/file/d/1TYf8DWyY69Gc-Hhx_lVEcnWT-VfF_9nf/view?usp=share_link,,0.5,0.5,0.5,3,FALSE,TRUE,TRUE,FALSE,FALSE,0.5,0.5
1405,Day28 Cytokines R3,2,20221013mouse10_OD_R_2_0_0000002_Structure_0002,https://drive.google.com/file/d/14W3T8k9vSZgMM_yv_V9DRu78YL4hcyxd/view?usp=share_link,1,1,0.5,1,4,FALSE,TRUE,TRUE,FALSE,FALSE,1,1
1406,Day28 Cytokines R3,2,20221013mouse10_OD_R_2_0_0000002_Structure_0003,https://drive.google.com/file/d/1RsvaT0bfvRy1fghC_h-Db9KoZMwDwhaY/view?usp=share_link,,0.5,0.5,0.5,3,FALSE,TRUE,TRUE,FALSE,FALSE,0.5,0.5
1407,Day28 Cytokines R3,2,20221013mouse10_OD_R_2_0_0000002_Structure_0004,https://drive.google.com/file/d/1CarM8UoA-zWBAVGLo1BfuOIMSV5tS3Iy/view?usp=share_link,0.5,0.5,0.5,0.5,4,TRUE,TRUE,TRUE,FALSE,FALSE,0.5,0.5
1408,Day28 Cytokines R3,2,20221013mouse10_OD_R_4_0_0000009_Structure_0001,https://drive.google.com/file/d/16xo-IqQVdPiUZYlhqAKGCLwvJmQkQeQw/view?usp=share_link,0.5,0.5,0,0,4,FALSE,FALSE,TRUE,TRUE,FALSE,0.5,0.5
1409,Day28 Cytokines R3,2,20221013mouse10_OD_R_4_0_0000009_Structure_0002,https://drive.google.com/file/d/1yVy5foeH8pEAkzIBfMWtvBh66AAeixGh/view?usp=share_link,,0,0,0,3,FALSE,TRUE,TRUE,FALSE,FALSE,0,0
1410,Day28 Cytokines R3,2,20221013mouse10_OD_R_4_0_0000009_Structure_0003,https://drive.google.com/file/d/1kJYw17j1-97_jBrPIOxvaEiuuPLW0JEx/view?usp=share_link,,0.5,0.5,2,3,FALSE,FALSE,TRUE,FALSE,FALSE,0.5,0.5
1411,Day28 Cytokines R3,2,20221013mouse10_OD_R_4_0_0000009_Structure_0004,https://drive.google.com/file/d/1rtYuphFaY1pCpYMwPPL7DCbxNtTNVtdg/view?usp=share_link,,0,0,0,3,FALSE,TRUE,TRUE,FALSE,FALSE,0,0
1412,Day28 Cytokines R3,7,20221013mouse1_OD_R_2_0_0000016_Structure_0001,https://drive.google.com/file/d/1Ij0ZpcgTddk5e6Tnh3jBDFNQPnPTtFvS/view?usp=share_link,,3,2,3,3,FALSE,FALSE,TRUE,FALSE,FALSE,3,3
1413,Day28 Cytokines R3,7,20221013mouse1_OD_R_2_0_0000016_Structure_0002,https://drive.google.com/file/d/1fGOErfG7fFrEQoYRpLfbrArocj0zK91D/view?usp=share_link,,2,2,3,3,FALSE,FALSE,TRUE,FALSE,FALSE,2,2
1414,Day28 Cytokines R3,7,20221013mouse1_OD_R_2_0_0000016_Structure_0003,https://drive.google.com/file/d/1b5p3b26LGNynubC7Q0ULNTVA9zc7nZWA/view?usp=share_link,3,4,3,3,4,FALSE,TRUE,TRUE,FALSE,FALSE,3,3
1415,Day28 Cytokines R3,7,20221013mouse1_OD_R_2_0_0000016_Structure_0004,https://drive.google.com/file/d/1RHVDYGtRWVjPtTaPmZjtMnIK2rXEWCZw/view?usp=share_link,,2,2,2,3,FALSE,TRUE,TRUE,FALSE,FALSE,2,2
1416,Day28 Cytokines R3,7,20221013mouse1_OD_R_4_0_0000023_Structure_0001,https://drive.google.com/file/d/117juYZp79LLseVZNCkvd7ehfQM2diPrf/view?usp=share_link,0,0,0,0,4,TRUE,TRUE,TRUE,FALSE,FALSE,0,0
1417,Day28 Cytokines R3,7,20221013mouse1_OD_R_4_0_0000023_Structure_0002,https://drive.google.com/file/d/1Xg1JXXhJEINQb9zP0s6lBALx9BZTkB7c/view?usp=share_link,,0.5,0.5,0.5,3,FALSE,TRUE,TRUE,FALSE,FALSE,0.5,0.5
1418,Day28 Cytokines R3,7,20221013mouse1_OD_R_4_0_0000023_Structure_0003,https://drive.google.com/file/d/13ZkteD0C0doDZsfPgllMBIyUy7LLLbB8/view?usp=share_link,0.5,0.5,0.5,0.5,4,TRUE,TRUE,TRUE,FALSE,FALSE,0.5,0.5
1419,Day28 Cytokines R3,7,20221013mouse1_OD_R_4_0_0000023_Structure_0004,https://drive.google.com/file/d/1CiM2pEFpvn301OTWIlAo_cU8taQEMVIa/view?usp=share_link,0.5,0.5,0.5,0.5,4,TRUE,TRUE,TRUE,FALSE,FALSE,0.5,0.5
1420,Day28 Cytokines R3,7,20221013mouse2_OD_R_2_0_0000023_Structure_0001,https://drive.google.com/file/d/1EW50RMycjaQJ09RzFeLGOht3kfCnu6r4/view?usp=share_link,,2,2,2,3,FALSE,TRUE,TRUE,FALSE,FALSE,2,2
1421,Day28 Cytokines R3,7,20221013mouse2_OD_R_2_0_0000023_Structure_0002,https://drive.google.com/file/d/1VNDKNxKUYzRmBJx-S-Vzp6M54vukbVRs/view?usp=share_link,,4,3,3,3,FALSE,FALSE,TRUE,FALSE,FALSE,3,3
1422,Day28 Cytokines R3,7,20221013mouse2_OD_R_2_0_0000023_Structure_0003,https://drive.google.com/file/d/1zFZ9E6WmXQj_uUlW1-IleRVytnX5uwH5/view?usp=share_link,,3,3,3,3,FALSE,TRUE,TRUE,FALSE,FALSE,3,3
1423,Day28 Cytokines R3,7,20221013mouse2_OD_R_2_0_0000023_Structure_0004,https://drive.google.com/file/d/1Bpcjo_6cuZlJqE_7Cy31Y5FVBJw2L57B/view?usp=share_link,2,3,3,3,4,FALSE,TRUE,TRUE,FALSE,FALSE,3,3
1424,Day28 Cytokines R3,7,20221013mouse2_OD_R_4_0_0000016_Structure_0001,https://drive.google.com/file/d/1o9dU2PlXkS9prA6z178hyqfBUTd_1BZU/view?usp=share_link,0.5,1,,1,3,FALSE,FALSE,TRUE,FALSE,FALSE,1,1
1425,Day28 Cytokines R3,7,20221013mouse2_OD_R_4_0_0000016_Structure_0002,https://drive.google.com/file/d/1GlthLwu3ZGdon2uDVr08FX-KEB6Z_XSy/view?usp=share_link,,0.5,0.5,0.5,3,FALSE,TRUE,TRUE,FALSE,FALSE,0.5,0.5
1426,Day28 Cytokines R3,7,20221013mouse2_OD_R_4_0_0000016_Structure_0003,https://drive.google.com/file/d/14qBIBwJU5_XxAndHpmtn3ZQkPcWnE3hT/view?usp=share_link,0.5,0.5,0,0.5,4,FALSE,TRUE,TRUE,FALSE,FALSE,0.5,0.5
1427,Day28 Cytokines R3,7,20221013mouse2_OD_R_4_0_0000016_Structure_0004,https://drive.google.com/file/d/1xUXibk1URkduqUk9U8T5CoQMYe0ecmmA/view?usp=share_link,,1,1,2,3,FALSE,FALSE,TRUE,FALSE,FALSE,1,1
1428,Day28 Cytokines R3,7,20221013mouse3_OD_R_2_0_0000016_Structure_0001,https://drive.google.com/file/d/1nzTcJkDBbX3C8c8Qx85tR30ObkRM_tJ6/view?usp=share_link,1,1,,1,3,FALSE,TRUE,TRUE,FALSE,FALSE,1,1
1429,Day28 Cytokines R3,7,20221013mouse3_OD_R_2_0_0000016_Structure_0002,https://drive.google.com/file/d/1LCPEsRjpR_lueYrCB35ZyhLgB2XaORsf/view?usp=share_link,1,1,,1,3,FALSE,TRUE,TRUE,FALSE,FALSE,1,1
1430,Day28 Cytokines R3,7,20221013mouse3_OD_R_2_0_0000016_Structure_0003,https://drive.google.com/file/d/1lZkygmG163UHrQH2E8sWWsPzgCgeeC2U/view?usp=share_link,1,1,,1,3,FALSE,TRUE,TRUE,FALSE,FALSE,1,1
1431,Day28 Cytokines R3,7,20221013mouse3_OD_R_2_0_0000016_Structure_0004,https://drive.google.com/file/d/1kuNR09Glrb_mSEz52OLxNh9suAcc9eDd/view?usp=share_link,,2,1,2,3,FALSE,FALSE,TRUE,FALSE,FALSE,2,2
1432,Day28 Cytokines R3,7,20221013mouse3_OD_R_4_0_0000023_Structure_0001,https://drive.google.com/file/d/1l-bx2GHSzOSnNNsWX9OSYz9ecWGhXybl/view?usp=share_link,,1,1,2,3,FALSE,FALSE,TRUE,FALSE,FALSE,1,1
1433,Day28 Cytokines R3,7,20221013mouse3_OD_R_4_0_0000023_Structure_0002,https://drive.google.com/file/d/1st-nnS0e2R9Qm7jCnZxZ2ohOG2rEl-Bp/view?usp=share_link,,1,1,1,3,FALSE,TRUE,TRUE,FALSE,FALSE,1,1
1434,Day28 Cytokines R3,7,20221013mouse3_OD_R_4_0_0000023_Structure_0003,https://drive.google.com/file/d/1ORVcW694h75Ua0H0m6gGTNpKdLSfAstr/view?usp=share_link,,1,2,2,3,FALSE,FALSE,TRUE,FALSE,FALSE,2,2
1435,Day28 Cytokines R3,7,20221013mouse3_OD_R_4_0_0000023_Structure_0004,https://drive.google.com/file/d/13W2XQYEAFxGITprmyNAozHIM-V9KwjZi/view?usp=share_link,2,3,2,3,4,FALSE,FALSE,TRUE,TRUE,FALSE,2,2
1436,Day28 Cytokines R3,7,20221013mouse4_OD_R_2_0_0000023_Structure_0001,https://drive.google.com/file/d/1fZR-NzZ8GpeN6sH4jbpk-kVV5t7KnDCt/view?usp=share_link,,0.5,0.5,0.5,3,FALSE,TRUE,TRUE,FALSE,FALSE,0.5,0.5
1437,Day28 Cytokines R3,7,20221013mouse4_OD_R_2_0_0000023_Structure_0002,https://drive.google.com/file/d/1c6AriwzDrWdbcM0dNxE45pvTPPlyXtXf/view?usp=share_link,0,0,0,0,4,TRUE,TRUE,TRUE,FALSE,FALSE,0,0
1438,Day28 Cytokines R3,7,20221013mouse4_OD_R_2_0_0000023_Structure_0003,https://drive.google.com/file/d/1iA5Est4Jnrfs51XYupF81oTauj4pnHTU/view?usp=share_link,,0,0.5,0.5,3,FALSE,FALSE,TRUE,FALSE,FALSE,0.5,0.5
1439,Day28 Cytokines R3,7,20221013mouse4_OD_R_2_0_0000023_Structure_0004,https://drive.google.com/file/d/1XpbOkE9jQSBYQzEA-0mTxYtPrA9yTdTa/view?usp=share_link,,0,0,0,3,FALSE,TRUE,TRUE,FALSE,FALSE,0,0
1440,Day28 Cytokines R3,7,20221013mouse4_OD_R_4_0_0000016_Structure_0001,https://drive.google.com/file/d/171G8w4jhxw23iCsmsMoPF4Cy2slZ8d52/view?usp=share_link,0,0,0,0,4,TRUE,TRUE,TRUE,FALSE,FALSE,0,0
1441,Day28 Cytokines R3,7,20221013mouse4_OD_R_4_0_0000016_Structure_0002,https://drive.google.com/file/d/1Wlls_hl2qL9N1a5f2maqHS4SaduQytMq/view?usp=share_link,,0,0,0,3,FALSE,TRUE,TRUE,FALSE,FALSE,0,0
1442,Day28 Cytokines R3,7,20221013mouse4_OD_R_4_0_0000016_Structure_0003,https://drive.google.com/file/d/18HYt0FB0E1UxfoPsWd8OcmaxMFXPiXc0/view?usp=share_link,0,0,0,0,4,TRUE,TRUE,TRUE,FALSE,FALSE,0,0
1443,Day28 Cytokines R3,7,20221013mouse4_OD_R_4_0_0000016_Structure_0004,https://drive.google.com/file/d/1TtdLTxfKzKJNw0Vz2oJuMIpczWgWqKsM/view?usp=share_link,,0,0,0,3,FALSE,TRUE,TRUE,FALSE,FALSE,0,0
1444,Day28 Cytokines R3,7,20221013mouse5_OD_R_2_0_0000016_Structure_0001,https://drive.google.com/file/d/1KV6KwtiSDO9o8zaQgmbrMVuoClEF2xV8/view?usp=share_link,,0,0.5,0.5,3,FALSE,FALSE,TRUE,FALSE,FALSE,0.5,0.5
1445,Day28 Cytokines R3,7,20221013mouse5_OD_R_2_0_0000016_Structure_0002,https://drive.google.com/file/d/10NY3FHHFyIqrhy7wZmdjLnLumkKr0vaT/view?usp=share_link,0,0,0.5,0,4,FALSE,TRUE,TRUE,FALSE,FALSE,0,0
1446,Day28 Cytokines R3,7,20221013mouse5_OD_R_2_0_0000016_Structure_0003,https://drive.google.com/file/d/1E8qPGGFbXOBws06Pj8FJYMLjEyqV4se-/view?usp=share_link,,0,0,0,3,FALSE,TRUE,TRUE,FALSE,FALSE,0,0
1447,Day28 Cytokines R3,7,20221013mouse5_OD_R_2_0_0000016_Structure_0004,https://drive.google.com/file/d/1XsNjeAHKDlh5KyKQIySZ-kujEe7mIw0p/view?usp=share_link,,0,0,0,3,FALSE,TRUE,TRUE,FALSE,FALSE,0,0
1448,Day28 Cytokines R3,7,20221013mouse5_OD_R_4_0_0000023_Structure_0001,https://drive.google.com/file/d/1U0WzDGrvixhgQ3lmUgMnquts3wBYwsl8/view?usp=share_link,,0,0,0,3,FALSE,TRUE,TRUE,FALSE,FALSE,0,0
1449,Day28 Cytokines R3,7,20221013mouse5_OD_R_4_0_0000023_Structure_0002,https://drive.google.com/file/d/1NGtCFuspwF_vrKzFgA2cloIO2DTFDwQl/view?usp=share_link,0,0,,0,3,FALSE,TRUE,TRUE,FALSE,FALSE,0,0
1450,Day28 Cytokines R3,7,20221013mouse5_OD_R_4_0_0000023_Structure_0003,https://drive.google.com/file/d/10PRtsCDbPLMLe1jLoPVZp_VGrvB2ybQR/view?usp=share_link,0,0,0,0,4,TRUE,TRUE,TRUE,FALSE,FALSE,0,0
1451,Day28 Cytokines R3,7,20221013mouse5_OD_R_4_0_0000023_Structure_0004,https://drive.google.com/file/d/10rn95NF6bCu1dmjzc5qwJbroEqt7L5hC/view?usp=share_link,0,0,0,0,4,TRUE,TRUE,TRUE,FALSE,FALSE,0,0
1452,Day28 Cytokines R3,7,20221013mouse6_OD_R_2_0_0000023_Structure_0001,https://drive.google.com/file/d/14EYAkRZC0Oy18mEeKKdf688WjOgs0dC2/view?usp=share_link,4,4,3,4,4,FALSE,TRUE,TRUE,FALSE,FALSE,4,4
1453,Day28 Cytokines R3,7,20221013mouse6_OD_R_2_0_0000023_Structure_0002,https://drive.google.com/file/d/1AINiorP3hwaiynWC51fxr5QNb--9qK8W/view?usp=share_link,3,4,3,4,4,FALSE,FALSE,TRUE,TRUE,FALSE,3,3
1454,Day28 Cytokines R3,7,20221013mouse6_OD_R_2_0_0000023_Structure_0003,https://drive.google.com/file/d/1KHym8JQuKMmBA77RmvE6lbfXUfRPwyMA/view?usp=share_link,,4,4,4,3,FALSE,TRUE,TRUE,FALSE,FALSE,4,4
1455,Day28 Cytokines R3,7,20221013mouse6_OD_R_2_0_0000023_Structure_0004,https://drive.google.com/file/d/1xQIg07wMXWxT9lpmkczgikMOMF0wN87X/view?usp=share_link,,4,4,4,3,FALSE,TRUE,TRUE,FALSE,FALSE,4,4
1456,Day28 Cytokines R3,7,20221013mouse6_OD_R_4_0_0000016_Structure_0001,https://drive.google.com/file/d/11Y62wDd-X0A4a0-LqaVncneuTz9dGMXb/view?usp=share_link,0.5,0.5,0,0.5,4,FALSE,TRUE,TRUE,FALSE,FALSE,0.5,0.5
1457,Day28 Cytokines R3,7,20221013mouse6_OD_R_4_0_0000016_Structure_0002,https://drive.google.com/file/d/1l2PYy7SGfDU6Znlpcybx-3dbMhJ3iVni/view?usp=share_link,0,0.5,,0.5,3,FALSE,FALSE,TRUE,FALSE,FALSE,0.5,0.5
1458,Day28 Cytokines R3,7,20221013mouse6_OD_R_4_0_0000016_Structure_0003,https://drive.google.com/file/d/1S4rJU88Mdj4_AAdsub_4OG0Jwh9ctzek/view?usp=share_link,,0.5,0.5,0.5,3,FALSE,TRUE,TRUE,FALSE,FALSE,0.5,0.5
1459,Day28 Cytokines R3,7,20221013mouse6_OD_R_4_0_0000016_Structure_0004,https://drive.google.com/file/d/1-CWLyS8jKq29quZoK3LKb_fV8XH8fSKL/view?usp=share_link,0.5,0.5,0.5,0.5,4,TRUE,TRUE,TRUE,FALSE,FALSE,0.5,0.5
1460,Day28 Cytokines R3,7,20221013mouse7_OD_R_2_0_0000016_Structure_0001,https://drive.google.com/file/d/1i9avvQqM_R4T1CGI4OoWenmYE3XdHnRc/view?usp=share_link,,2,2,2,3,FALSE,TRUE,TRUE,FALSE,FALSE,2,2
1461,Day28 Cytokines R3,7,20221013mouse7_OD_R_2_0_0000016_Structure_0002,https://drive.google.com/file/d/1DxJgU8foEhgkBmLuwcukRFXgv7L8RiVq/view?usp=share_link,,2,2,2,3,FALSE,TRUE,TRUE,FALSE,FALSE,2,2
1462,Day28 Cytokines R3,7,20221013mouse7_OD_R_2_0_0000016_Structure_0003,https://drive.google.com/file/d/1VdqywS2b5hpPEAoLrIrZhSkczA_5wpJW/view?usp=share_link,,4,3,3,3,FALSE,FALSE,TRUE,FALSE,FALSE,3,3
1463,Day28 Cytokines R3,7,20221013mouse7_OD_R_2_0_0000016_Structure_0004,https://drive.google.com/file/d/1nb-OPYtcptD9QnWFOwXIKH1yGAhUGQxQ/view?usp=share_link,2,1,,2,3,FALSE,FALSE,TRUE,FALSE,FALSE,2,2
1464,Day28 Cytokines R3,7,20221013mouse7_OD_R_4_0_0000023_Structure_0001,https://drive.google.com/file/d/17u62NDWlTZe1nfgdCMpv6epgomM6sQoU/view?usp=share_link,1,1,1,1,4,TRUE,TRUE,TRUE,FALSE,FALSE,1,1
1465,Day28 Cytokines R3,7,20221013mouse7_OD_R_4_0_0000023_Structure_0002,https://drive.google.com/file/d/1pkuEgUogQeII12pYcvApxiS48dCJZVHV/view?usp=share_link,,1,1,2,3,FALSE,FALSE,TRUE,FALSE,FALSE,1,1
1466,Day28 Cytokines R3,7,20221013mouse7_OD_R_4_0_0000023_Structure_0003,https://drive.google.com/file/d/1T1TRbEP3BNESrn5p4a3v_CAPp2uzFt6m/view?usp=share_link,,1,2,2,3,FALSE,FALSE,TRUE,FALSE,FALSE,2,2
1467,Day28 Cytokines R3,7,20221013mouse7_OD_R_4_0_0000023_Structure_0004,https://drive.google.com/file/d/1Gajg79__yKbSkyaoYTmJ4aZSa88P717a/view?usp=share_link,,1,1,2,3,FALSE,FALSE,TRUE,FALSE,FALSE,1,1
1468,Day28 Cytokines R3,7,20221013mouse8_OD_R_2_0_0000023_Structure_0001,https://drive.google.com/file/d/1b0nDtHYrcIL8SQY4SxsgC3oEjY8ZKNIE/view?usp=share_link,0.5,1,0.5,1,4,FALSE,FALSE,TRUE,TRUE,FALSE,0.5,0.5
1469,Day28 Cytokines R3,7,20221013mouse8_OD_R_2_0_0000023_Structure_0002,https://drive.google.com/file/d/1vJdHGgDHIcmiffFqBG2gemSq6ryAsrNe/view?usp=share_link,,1,1,1,3,FALSE,TRUE,TRUE,FALSE,FALSE,1,1
1470,Day28 Cytokines R3,7,20221013mouse8_OD_R_2_0_0000023_Structure_0003,https://drive.google.com/file/d/18yohWBkcJEDVAsjVKnB3J0n0AAF9VvQE/view?usp=share_link,1,1,1,1,4,TRUE,TRUE,TRUE,FALSE,FALSE,1,1
1471,Day28 Cytokines R3,7,20221013mouse8_OD_R_2_0_0000023_Structure_0004,https://drive.google.com/file/d/1tk5XqbczSLuWL9yryUm5QZADXpQOG3L6/view?usp=share_link,,1,1,1,3,FALSE,TRUE,TRUE,FALSE,FALSE,1,1
1472,Day28 Cytokines R3,7,20221013mouse8_OD_R_4_0_0000016_Structure_0001,https://drive.google.com/file/d/1AlfiLTCic4uqt8YTn_Ew6PUrex9n6sHX/view?usp=share_link,0,0,0,0,4,TRUE,TRUE,TRUE,FALSE,FALSE,0,0
1473,Day28 Cytokines R3,7,20221013mouse8_OD_R_4_0_0000016_Structure_0002,https://drive.google.com/file/d/1J9ASF_Zsfdx7MEH6ISWcEKhi_8erj3FX/view?usp=share_link,,0,0,0,3,FALSE,TRUE,TRUE,FALSE,FALSE,0,0
1474,Day28 Cytokines R3,7,20221013mouse8_OD_R_4_0_0000016_Structure_0003,https://drive.google.com/file/d/1DPAZxSo8wxU4glrXgptDZSKemI5gG3VN/view?usp=share_link,,0,0,0,3,FALSE,TRUE,TRUE,FALSE,FALSE,0,0
1475,Day28 Cytokines R3,7,20221013mouse8_OD_R_4_0_0000016_Structure_0004,https://drive.google.com/file/d/1ZY__7XUefZDUBW4Kh2JRCSLPW1lcFiyT/view?usp=share_link,,0,0,0,3,FALSE,TRUE,TRUE,FALSE,FALSE,0,0
1476,Day28 Cytokines R3,7,20221013mouse9_OD_R_2_0_0000016_Structure_0001,https://drive.google.com/file/d/12bivfTdLssHSbnBeoidQ6NnQvK4hWtII/view?usp=share_link,0.5,0.5,0.5,0.5,4,TRUE,TRUE,TRUE,FALSE,FALSE,0.5,0.5
1477,Day28 Cytokines R3,7,20221013mouse9_OD_R_2_0_0000016_Structure_0002,https://drive.google.com/file/d/188_pra_RU3D2THZp7m_s2ZmIpxJm-abC/view?usp=share_link,0.5,0.5,0.5,0.5,4,TRUE,TRUE,TRUE,FALSE,FALSE,0.5,0.5
1478,Day28 Cytokines R3,7,20221013mouse9_OD_R_2_0_0000016_Structure_0003,https://drive.google.com/file/d/1SJyusBTcNXkXdmrqu5Rz-2ufjkTtJ4Y7/view?usp=share_link,,0.5,0.5,0.5,3,FALSE,TRUE,TRUE,FALSE,FALSE,0.5,0.5
1479,Day28 Cytokines R3,7,20221013mouse9_OD_R_2_0_0000016_Structure_0004,https://drive.google.com/file/d/1t3uIVV3mjV9AQbiH1-NX7t7X3F_WaFXr/view?usp=share_link,,0.5,0.5,0.5,3,FALSE,TRUE,TRUE,FALSE,FALSE,0.5,0.5
1480,Day28 Cytokines R3,7,20221013mouse9_OD_R_4_0_0000023_Structure_0001,https://drive.google.com/file/d/1gp4n-TsZ2tpcvPTHbqw-7DVeO80mkO0j/view?usp=share_link,,0,0,2,3,FALSE,TRUE,TRUE,FALSE,FALSE,0,0
1481,Day28 Cytokines R3,7,20221013mouse9_OD_R_4_0_0000023_Structure_0002,https://drive.google.com/file/d/1Vp6rSY6USw6wTsLHK8stqg460fP2bPbZ/view?usp=share_link,,0,0,0,3,FALSE,TRUE,TRUE,FALSE,FALSE,0,0
1482,Day28 Cytokines R3,7,20221013mouse9_OD_R_4_0_0000023_Structure_0003,https://drive.google.com/file/d/1Q91Nk6bqooIafHAcVD5w7zDJ118hYZTJ/view?usp=share_link,,0,0,2,3,FALSE,TRUE,TRUE,FALSE,FALSE,0,0
1483,Day28 Cytokines R3,7,20221013mouse9_OD_R_4_0_0000023_Structure_0004,https://drive.google.com/file/d/1zQQQFoSRDufBLzR6ZyUF_qZqrKmgc06u/view?usp=share_link,,0,0,0,3,FALSE,TRUE,TRUE,FALSE,FALSE,0,0
1484,Day28 Cytokines R3,7,20221013mouse10_OD_R_2_0_0000023_Structure_0001,https://drive.google.com/file/d/1Eg6aRFR2155eKnGkzPqF7mzw7kK-aYhT/view?usp=share_link,,0.5,0.5,0.5,3,FALSE,TRUE,TRUE,FALSE,FALSE,0.5,0.5
1485,Day28 Cytokines R3,7,20221013mouse10_OD_R_2_0_0000023_Structure_0002,https://drive.google.com/file/d/1GQ3Q-lzMIT7iTd9IxE2HHWtG3uOlY6H4/view?usp=share_link,,0.5,0.5,0.5,3,FALSE,TRUE,TRUE,FALSE,FALSE,0.5,0.5
1486,Day28 Cytokines R3,7,20221013mouse10_OD_R_2_0_0000023_Structure_0003,https://drive.google.com/file/d/1beg1RkBfC_NHWNVLzkDIr1ss7ESjt6A1/view?usp=share_link,0,0.5,0.5,0.5,4,FALSE,TRUE,TRUE,FALSE,FALSE,0.5,0.5
1487,Day28 Cytokines R3,7,20221013mouse10_OD_R_2_0_0000023_Structure_0004,https://drive.google.com/file/d/1mRI5ZRkISHj9ndL0Hx__GGPH24Qyi5W5/view?usp=share_link,0.5,0.5,,0.5,3,FALSE,TRUE,TRUE,FALSE,FALSE,0.5,0.5
1488,Day28 Cytokines R3,7,20221013mouse10_OD_R_4_0_0000016_Structure_0001,https://drive.google.com/file/d/1eSPtHZqjyuor7o5fdQH7AAqlUH9okzcP/view?usp=share_link,,0,0,0,3,FALSE,TRUE,TRUE,FALSE,FALSE,0,0
1489,Day28 Cytokines R3,7,20221013mouse10_OD_R_4_0_0000016_Structure_0002,https://drive.google.com/file/d/1DaOyTmd2lbPups3M1wvDFyrbIkqyfsq6/view?usp=share_link,,0,0,0,3,FALSE,TRUE,TRUE,FALSE,FALSE,0,0
1490,Day28 Cytokines R3,7,20221013mouse10_OD_R_4_0_0000016_Structure_0003,https://drive.google.com/file/d/1mWcx-xRcf0kXPRDSW0poaeYHWKIUFPDf/view?usp=share_link,0,0,,0,3,FALSE,TRUE,TRUE,FALSE,FALSE,0,0
1491,Day28 Cytokines R3,7,20221013mouse10_OD_R_4_0_0000016_Structure_0004,https://drive.google.com/file/d/1YQ32YEAehKWzxfw9RmO1mfRIT5GqzwPb/view?usp=share_link,,0,0,0,3,FALSE,TRUE,TRUE,FALSE,FALSE,0,0
1492,Day28 Cytokines R3,27,20221013mouse1_OD_R_2_0_0000037_Structure_0001,https://drive.google.com/file/d/1VK9ox8L0j1-t6OQ2lEmoB6UL6NDf0HYB/view?usp=share_link,,3,3,3,3,FALSE,TRUE,TRUE,FALSE,FALSE,3,3
1493,Day28 Cytokines R3,27,20221013mouse1_OD_R_2_0_0000037_Structure_0002,https://drive.google.com/file/d/14FGwPTmJROqyE5G3J6t6K7qqGU_aSR7Q/view?usp=share_link,3,3,3,3,4,TRUE,TRUE,TRUE,FALSE,FALSE,3,3
1494,Day28 Cytokines R3,27,20221013mouse1_OD_R_2_0_0000037_Structure_0003,https://drive.google.com/file/d/1cNPTpeRTKmHkgc4Nt5VMonf7RHRb6wmI/view?usp=share_link,4,3,3,3,4,FALSE,TRUE,TRUE,FALSE,FALSE,3,3
1495,Day28 Cytokines R3,27,20221013mouse1_OD_R_2_0_0000037_Structure_0004,https://drive.google.com/file/d/1I5vWMDa2p8EpcOfDeWCcuGDRmlplEw_1/view?usp=share_link,,3,3,3,3,FALSE,TRUE,TRUE,FALSE,FALSE,3,3
1496,Day28 Cytokines R3,27,20221013mouse1_OD_R_4_0_0000044_Structure_0001,https://drive.google.com/file/d/1C2DWsfXkmgas8CRr4nBskCon_yxUQ7tY/view?usp=share_link,0.5,0.5,0.5,0.5,4,TRUE,TRUE,TRUE,FALSE,FALSE,0.5,0.5
1497,Day28 Cytokines R3,27,20221013mouse1_OD_R_4_0_0000044_Structure_0002,https://drive.google.com/file/d/10S3lZ1qjH5-DBtSRJzSJ9MuaQ4n6GWn9/view?usp=share_link,2,0.5,2,2,4,FALSE,TRUE,TRUE,FALSE,FALSE,2,2
1498,Day28 Cytokines R3,27,20221013mouse1_OD_R_4_0_0000044_Structure_0003,https://drive.google.com/file/d/1jssbVNoABD5mIe2APN0il1exWTEci8dO/view?usp=share_link,,0.5,0.5,2,3,FALSE,FALSE,TRUE,FALSE,FALSE,0.5,0.5
1499,Day28 Cytokines R3,27,20221013mouse1_OD_R_4_0_0000044_Structure_0004,https://drive.google.com/file/d/1MKY6oV46CgAy0vJnYw6KzcR1I6Yjw4uI/view?usp=share_link,2,2,,2,3,FALSE,TRUE,TRUE,FALSE,FALSE,2,2
1500,Day28 Cytokines R3,27,20221013mouse2_OD_R_2_0_0000044_Structure_0001,https://drive.google.com/file/d/12HOGcP5ysRWNJrAS3li6caU4n6zoPDtE/view?usp=share_link,3,3,2,3,4,FALSE,TRUE,TRUE,FALSE,FALSE,3,3
1501,Day28 Cytokines R3,27,20221013mouse2_OD_R_2_0_0000044_Structure_0002,https://drive.google.com/file/d/1AYBQXaPuNOG0hwwT6YIGb3GJtUvYRK33/view?usp=share_link,3,3,3,3,4,TRUE,TRUE,TRUE,FALSE,FALSE,3,3
1502,Day28 Cytokines R3,27,20221013mouse2_OD_R_2_0_0000044_Structure_0003,https://drive.google.com/file/d/11u9WKVysmPk-PzHWftjnFBiiFyFLFjQB/view?usp=share_link,3,3,2,3,4,FALSE,TRUE,TRUE,FALSE,FALSE,3,3
1503,Day28 Cytokines R3,27,20221013mouse2_OD_R_2_0_0000044_Structure_0004,https://drive.google.com/file/d/1-di2Qnk0mFb1MXWd_xiM-Nu375subxE5/view?usp=share_link,2,3,1,2,4,FALSE,FALSE,TRUE,FALSE,FALSE,2,2
1504,Day28 Cytokines R3,27,20221013mouse2_OD_R_4_0_0000037_Structure_0001,https://drive.google.com/file/d/1hz8xN0P3OiJvL7c0kIsqSWv00AWgweX-/view?usp=share_link,,0.5,0.5,2,3,FALSE,FALSE,TRUE,FALSE,FALSE,0.5,0.5
1505,Day28 Cytokines R3,27,20221013mouse2_OD_R_4_0_0000037_Structure_0002,https://drive.google.com/file/d/1csuFpPFg1tgGaC1khvloZ_wM11Wv8Phw/view?usp=share_link,1,1,1,1,4,TRUE,TRUE,TRUE,FALSE,FALSE,1,1
1506,Day28 Cytokines R3,27,20221013mouse2_OD_R_4_0_0000037_Structure_0003,https://drive.google.com/file/d/195gT4oYB7_bVrymi6MBhP4jtLsRY_o-j/view?usp=share_link,1,0,1,0,4,FALSE,FALSE,TRUE,TRUE,FALSE,1,1
1507,Day28 Cytokines R3,27,20221013mouse2_OD_R_4_0_0000037_Structure_0004,https://drive.google.com/file/d/1XF8oCoeqDNtwl4Uh_1n8YezskX9rjMm8/view?usp=share_link,,0.5,0.5,2,3,FALSE,FALSE,TRUE,FALSE,FALSE,0.5,0.5
1508,Day28 Cytokines R3,27,20221013mouse3_OD_R_2_0_0000037_Structure_0001,https://drive.google.com/file/d/1LExdJvqSIHeL0Cd-cifnUMicBhXoOCJU/view?usp=share_link,0.5,0.5,,0.5,3,FALSE,TRUE,TRUE,FALSE,FALSE,0.5,0.5
1509,Day28 Cytokines R3,27,20221013mouse3_OD_R_2_0_0000037_Structure_0002,https://drive.google.com/file/d/1oKhOch_D6Ekn35fu0p58hBKkNr7XYyOp/view?usp=share_link,0.5,1,,0.5,3,FALSE,FALSE,TRUE,FALSE,FALSE,0.5,0.5
1510,Day28 Cytokines R3,27,20221013mouse3_OD_R_2_0_0000037_Structure_0003,https://drive.google.com/file/d/1vXKCQznZWA_IN41T30RYZlgYQfqxTEA8/view?usp=share_link,,1,1,1,3,FALSE,TRUE,TRUE,FALSE,FALSE,1,1
1511,Day28 Cytokines R3,27,20221013mouse3_OD_R_2_0_0000037_Structure_0004,https://drive.google.com/file/d/19YuFoHOSVbItb1ul-1fUAW9vnL5Wzw7a/view?usp=share_link,1,1,1,1,4,TRUE,TRUE,TRUE,FALSE,FALSE,1,1
1512,Day28 Cytokines R3,27,20221013mouse3_OD_R_4_0_0000044_Structure_0001,https://drive.google.com/file/d/1AczUsJI8Te4aCWe9hWQQQ70683Dmaf7X/view?usp=share_link,1,1,1,2,4,FALSE,TRUE,TRUE,FALSE,FALSE,1,1
1513,Day28 Cytokines R3,27,20221013mouse3_OD_R_4_0_0000044_Structure_0002,https://drive.google.com/file/d/1JE0sZUoTFwiIiingwU5v8Hse4xcjhy7m/view?usp=share_link,1,0.5,0,2,4,FALSE,FALSE,FALSE,FALSE,FALSE,2,#N/A
1514,Day28 Cytokines R3,27,20221013mouse3_OD_R_4_0_0000044_Structure_0003,https://drive.google.com/file/d/16nvXsXwTwKOk8NRUP8k2UL0qzN23OvLs/view?usp=share_link,1,0.5,0.5,0.5,4,FALSE,TRUE,TRUE,FALSE,FALSE,0.5,0.5
1515,Day28 Cytokines R3,27,20221013mouse3_OD_R_4_0_0000044_Structure_0004,https://drive.google.com/file/d/1uChfnuiaY-G50LM9sV-ftcCKFQOxqJJq/view?usp=share_link,,1,1,1,3,FALSE,TRUE,TRUE,FALSE,FALSE,1,1
1516,Day28 Cytokines R3,27,20221013mouse4_OD_R_2_0_0000044_Structure_0001,https://drive.google.com/file/d/1jdKsmifgD4B6TLZ1LEeJ6q0XKS55or7U/view?usp=share_link,,0,0,0,3,FALSE,TRUE,TRUE,FALSE,FALSE,0,0
1517,Day28 Cytokines R3,27,20221013mouse4_OD_R_2_0_0000044_Structure_0002,https://drive.google.com/file/d/1sKYeCHFMUcFAKMKNnfO7b2N5pRM4YYXp/view?usp=share_link,,0,0,0,3,FALSE,TRUE,TRUE,FALSE,FALSE,0,0
1518,Day28 Cytokines R3,27,20221013mouse4_OD_R_2_0_0000044_Structure_0003,https://drive.google.com/file/d/1411Q56QmyS4MyZaOvvzP7Mn8FQ0T6iLw/view?usp=share_link,0,0,0,0,4,TRUE,TRUE,TRUE,FALSE,FALSE,0,0
1519,Day28 Cytokines R3,27,20221013mouse4_OD_R_2_0_0000044_Structure_0004,https://drive.google.com/file/d/1zy4J4rDp_iWTQO4uv8KG6pPkmiyLvtBu/view?usp=share_link,,0,0,0,3,FALSE,TRUE,TRUE,FALSE,FALSE,0,0
1520,Day28 Cytokines R3,27,20221013mouse4_OD_R_4_0_0000037_Structure_0001,https://drive.google.com/file/d/1vqFb8xEKe-0EsY-JflElGQ-xrnX1zYrD/view?usp=share_link,,0,0,0,3,FALSE,TRUE,TRUE,FALSE,FALSE,0,0
1521,Day28 Cytokines R3,27,20221013mouse4_OD_R_4_0_0000037_Structure_0002,https://drive.google.com/file/d/1FsLcugvgK62cQlwjaAHhov_x-5A2s_VS/view?usp=share_link,,0,0,0,3,FALSE,TRUE,TRUE,FALSE,FALSE,0,0
1522,Day28 Cytokines R3,27,20221013mouse4_OD_R_4_0_0000037_Structure_0003,https://drive.google.com/file/d/1oll6PDT4-UgbJoQoMVIkG0Q-Qjcw8LN7/view?usp=share_link,0,0,,0,3,FALSE,TRUE,TRUE,FALSE,FALSE,0,0
1523,Day28 Cytokines R3,27,20221013mouse4_OD_R_4_0_0000037_Structure_0004,https://drive.google.com/file/d/1qUudOW4ihixAnLnMtqMgXyLf7J8A5QNv/view?usp=share_link,,2,0,2,3,FALSE,FALSE,TRUE,FALSE,FALSE,2,2
1524,Day28 Cytokines R3,27,20221013mouse5_OD_R_2_0_0000030_Structure_0001,https://drive.google.com/file/d/1SP4enS47ZN2SQbgRfJ5Adm_e5NKyYFu7/view?usp=share_link,,0,0,0,3,FALSE,TRUE,TRUE,FALSE,FALSE,0,0
1525,Day28 Cytokines R3,27,20221013mouse5_OD_R_2_0_0000030_Structure_0002,https://drive.google.com/file/d/18tC8iCOP0e2FTyFMnC7YWbcpX0mTRLus/view?usp=share_link,0,0,0,0,4,TRUE,TRUE,TRUE,FALSE,FALSE,0,0
1526,Day28 Cytokines R3,27,20221013mouse5_OD_R_2_0_0000030_Structure_0003,https://drive.google.com/file/d/1bryvyYjeDQrZ0n5j0rsr96jyIow_LraT/view?usp=share_link,0,0,0.5,0,4,FALSE,TRUE,TRUE,FALSE,FALSE,0,0
1527,Day28 Cytokines R3,27,20221013mouse5_OD_R_2_0_0000030_Structure_0004,https://drive.google.com/file/d/1ohoARyUiRwXnYsoqDUrCuhSGvJNIBM_M/view?usp=share_link,0.5,0,,0.5,3,FALSE,FALSE,TRUE,FALSE,FALSE,0.5,0.5
1528,Day28 Cytokines R3,27,20221013mouse5_OD_R_4_0_0000037_Structure_0001,https://drive.google.com/file/d/1libRP9Osb2M3FZXj6AoMwdsJeyk02ZiS/view?usp=share_link,0,0,,0,3,FALSE,TRUE,TRUE,FALSE,FALSE,0,0
1529,Day28 Cytokines R3,27,20221013mouse5_OD_R_4_0_0000037_Structure_0002,https://drive.google.com/file/d/1CWPbK--ghsb8vuBQLF1bDzD4rn7I8n3D/view?usp=share_link,0,0,0,0,4,TRUE,TRUE,TRUE,FALSE,FALSE,0,0
1530,Day28 Cytokines R3,27,20221013mouse5_OD_R_4_0_0000037_Structure_0003,https://drive.google.com/file/d/1sP5qiTaz23K6_esemLqfAdysiS6HBzLK/view?usp=share_link,,0,0,0,3,FALSE,TRUE,TRUE,FALSE,FALSE,0,0
1531,Day28 Cytokines R3,27,20221013mouse5_OD_R_4_0_0000037_Structure_0004,https://drive.google.com/file/d/1L6ByB76k1UjMQBflFm97neW8SpbMtbjB/view?usp=share_link,0,0,,0,3,FALSE,TRUE,TRUE,FALSE,FALSE,0,0
1532,Day28 Cytokines R3,27,20221013mouse6_OD_R_2_0_0000044_Structure_0001,https://drive.google.com/file/d/1ClxPfA6W__-ucsr_0ulUGZE-LLKXzZzH/view?usp=share_link,4,4,4,4,4,TRUE,TRUE,TRUE,FALSE,FALSE,4,4
1533,Day28 Cytokines R3,27,20221013mouse6_OD_R_2_0_0000044_Structure_0002,https://drive.google.com/file/d/1HZoxeiM_r9qc8wo50fXQhPAmvWKCeeVr/view?usp=share_link,,4,4,4,3,FALSE,TRUE,TRUE,FALSE,FALSE,4,4
1534,Day28 Cytokines R3,27,20221013mouse6_OD_R_2_0_0000044_Structure_0003,https://drive.google.com/file/d/12JT9i6B9Q6CMpUJrlCbOf3QIyfXBEbuh/view?usp=share_link,4,4,4,4,4,TRUE,TRUE,TRUE,FALSE,FALSE,4,4
1535,Day28 Cytokines R3,27,20221013mouse6_OD_R_2_0_0000044_Structure_0004,https://drive.google.com/file/d/10rLpstxMZADy_m-NYwA6qCsk5kgDEq4s/view?usp=share_link,4,4,4,4,4,TRUE,TRUE,TRUE,FALSE,FALSE,4,4
1536,Day28 Cytokines R3,27,20221013mouse6_OD_R_4_0_0000037_Structure_0001,https://drive.google.com/file/d/1T9HjmHwt6SipnBmXr_bLKqWfPdScXcI1/view?usp=share_link,,1,1,1,3,FALSE,TRUE,TRUE,FALSE,FALSE,1,1
1537,Day28 Cytokines R3,27,20221013mouse6_OD_R_4_0_0000037_Structure_0002,https://drive.google.com/file/d/191vV552Tup5-YOgpCPqOUn20qX2iIWEq/view?usp=share_link,1,1,1,1,4,TRUE,TRUE,TRUE,FALSE,FALSE,1,1
1538,Day28 Cytokines R3,27,20221013mouse6_OD_R_4_0_0000037_Structure_0003,https://drive.google.com/file/d/18PG_TMvkXH00BWnTcNeUwskqInO7vjDQ/view?usp=share_link,2,2,2,2,4,TRUE,TRUE,TRUE,FALSE,FALSE,2,2
1539,Day28 Cytokines R3,27,20221013mouse6_OD_R_4_0_0000037_Structure_0004,https://drive.google.com/file/d/1eFoFJlMbhJiuwoNM0QQtWr7IfKrcBtJq/view?usp=share_link,,2,2,2,3,FALSE,TRUE,TRUE,FALSE,FALSE,2,2
1540,Day28 Cytokines R3,27,20221013mouse7_OD_R_2_0_0000037_Structure_0001,https://drive.google.com/file/d/1D3RnT-VCnVI0gTT3x45C9gksP5CnkFo4/view?usp=share_link,,1,1,2,3,FALSE,FALSE,TRUE,FALSE,FALSE,1,1
1541,Day28 Cytokines R3,27,20221013mouse7_OD_R_2_0_0000037_Structure_0002,https://drive.google.com/file/d/17Iyrn1qnl1l3FPN9egiH7GjtU8SijxB6/view?usp=share_link,3,2,2,2,4,FALSE,TRUE,TRUE,FALSE,FALSE,2,2
1542,Day28 Cytokines R3,27,20221013mouse7_OD_R_2_0_0000037_Structure_0003,https://drive.google.com/file/d/14u5Fyl3nt910ph5esGZGvoniv6pJVaOU/view?usp=share_link,3,3,1,3,4,FALSE,TRUE,TRUE,FALSE,FALSE,3,3
1543,Day28 Cytokines R3,27,20221013mouse7_OD_R_2_0_0000037_Structure_0004,https://drive.google.com/file/d/146NPmjaRUkbpQKpCKwTz2Mk8YbLa5EJy/view?usp=share_link,100,0.5,100,100,4,FALSE,TRUE,TRUE,FALSE,FALSE,100,100
1544,Day28 Cytokines R3,27,20221013mouse7_OD_R_4_0_0000044_Structure_0001,https://drive.google.com/file/d/1LY8_bS21gwxCtYxtyjp0xa8UUr71yQSI/view?usp=share_link,1,0.5,1,2,4,FALSE,FALSE,TRUE,FALSE,FALSE,1,1
1545,Day28 Cytokines R3,27,20221013mouse7_OD_R_4_0_0000044_Structure_0002,https://drive.google.com/file/d/1LHVIWdTORhhyaDzeRE0qhFjqUepRrjhK/view?usp=share_link,2,1,,2,3,FALSE,FALSE,TRUE,FALSE,FALSE,2,2
1546,Day28 Cytokines R3,27,20221013mouse7_OD_R_4_0_0000044_Structure_0003,https://drive.google.com/file/d/1fWaKKoOMPRNYHWvwYHvZImvPbPCjAzxd/view?usp=share_link,,2,2,2,3,FALSE,TRUE,TRUE,FALSE,FALSE,2,2
1547,Day28 Cytokines R3,27,20221013mouse7_OD_R_4_0_0000044_Structure_0004,https://drive.google.com/file/d/1oa1El8G33bLPM_3gEbUlUgdMmKx6xIrs/view?usp=share_link,2,2,,2,3,FALSE,TRUE,TRUE,FALSE,FALSE,2,2
1548,Day28 Cytokines R3,27,20221013mouse8_OD_R_2_0_0000044_Structure_0001,https://drive.google.com/file/d/1a6gNxBccle53YzQ-NJMerzQ-s0Mj7yvV/view?usp=share_link,0.5,1,0.5,1,4,FALSE,FALSE,TRUE,TRUE,FALSE,0.5,0.5
1549,Day28 Cytokines R3,27,20221013mouse8_OD_R_2_0_0000044_Structure_0002,https://drive.google.com/file/d/1_4o4vZFLRGbroN3RlKzRw0jwYUC5tILW/view?usp=share_link,1,1,1,1,4,TRUE,TRUE,TRUE,FALSE,FALSE,1,1
1550,Day28 Cytokines R3,27,20221013mouse8_OD_R_2_0_0000044_Structure_0003,https://drive.google.com/file/d/1Vry-2AjQ5eYe7e9IlowOxY1ObaB0ahK3/view?usp=share_link,,1,1,1,3,FALSE,TRUE,TRUE,FALSE,FALSE,1,1
1551,Day28 Cytokines R3,27,20221013mouse8_OD_R_2_0_0000044_Structure_0004,https://drive.google.com/file/d/1v68A6d2Ge3WuhyF3xA5Yn_oRvmcLLW9S/view?usp=share_link,,0.5,0.5,0.5,3,FALSE,TRUE,TRUE,FALSE,FALSE,0.5,0.5
1552,Day28 Cytokines R3,27,20221013mouse8_OD_R_4_0_0000037_Structure_0001,https://drive.google.com/file/d/1u-ElkNpyb7Yg6wqx6ZaPxuTLOCXfEw__/view?usp=share_link,,0,0,0,3,FALSE,TRUE,TRUE,FALSE,FALSE,0,0
1553,Day28 Cytokines R3,27,20221013mouse8_OD_R_4_0_0000037_Structure_0002,https://drive.google.com/file/d/1aThZpsn9CfR5uJjPeWxEUV4ZCXjjUPHD/view?usp=share_link,0,0,0,0,4,TRUE,TRUE,TRUE,FALSE,FALSE,0,0
1554,Day28 Cytokines R3,27,20221013mouse8_OD_R_4_0_0000037_Structure_0003,https://drive.google.com/file/d/1JbyPOXcQQ1Nh9t28V00roZRDNLker0GP/view?usp=share_link,,0,0,2,3,FALSE,TRUE,TRUE,FALSE,FALSE,0,0
1555,Day28 Cytokines R3,27,20221013mouse8_OD_R_4_0_0000037_Structure_0004,https://drive.google.com/file/d/1bYc9AWJA-OXlJDR2BhHx8NxBzJzajg0Y/view?usp=share_link,0,0.5,2,2,4,FALSE,FALSE,TRUE,FALSE,FALSE,2,2
1556,Day28 Cytokines R3,27,20221013mouse9_OD_R_2_0_0000058_Structure_0001,https://drive.google.com/file/d/1zLVsVP98XOBOmCTwZeCenP5ENlv1K_cZ/view?usp=share_link,,0.5,0.5,0.5,3,FALSE,TRUE,TRUE,FALSE,FALSE,0.5,0.5
1557,Day28 Cytokines R3,27,20221013mouse9_OD_R_2_0_0000058_Structure_0002,https://drive.google.com/file/d/1nUTRbLMqyd0An20EXzEPabDZIlj-j_fw/view?usp=share_link,0.5,0,,0.5,3,FALSE,FALSE,TRUE,FALSE,FALSE,0.5,0.5
1558,Day28 Cytokines R3,27,20221013mouse9_OD_R_2_0_0000058_Structure_0003,https://drive.google.com/file/d/1djIEwHhozdIyO62731whJn0HbjjjHW_4/view?usp=share_link,,0,0,0,3,FALSE,TRUE,TRUE,FALSE,FALSE,0,0
1559,Day28 Cytokines R3,27,20221013mouse9_OD_R_2_0_0000058_Structure_0004,https://drive.google.com/file/d/1LhH1ipitWsbcISuLl4SCAu9OlJeV-zbC/view?usp=share_link,0.5,0.5,,0.5,3,FALSE,TRUE,TRUE,FALSE,FALSE,0.5,0.5
1560,Day28 Cytokines R3,27,20221013mouse9_OD_R_4_0_0000051_Structure_0001,https://drive.google.com/file/d/1iHz5i4KY1FzcsuR-OgAtpXRHODJs-fsL/view?usp=share_link,,0,0,0,3,FALSE,TRUE,TRUE,FALSE,FALSE,0,0
1561,Day28 Cytokines R3,27,20221013mouse9_OD_R_4_0_0000051_Structure_0002,https://drive.google.com/file/d/1T4OQrL9npo0vnSbH570bulpPTFFZxCi8/view?usp=share_link,,0,0,0,3,FALSE,TRUE,TRUE,FALSE,FALSE,0,0
1562,Day28 Cytokines R3,27,20221013mouse9_OD_R_4_0_0000051_Structure_0003,https://drive.google.com/file/d/1z42UOIVh2yorxd4qvvAwSfQUmCF0NjRS/view?usp=share_link,,0,0,0,3,FALSE,TRUE,TRUE,FALSE,FALSE,0,0
1563,Day28 Cytokines R3,27,20221013mouse9_OD_R_4_0_0000051_Structure_0004,https://drive.google.com/file/d/1rDuw9SYKV67nFMLCZzJgAe-jrMJaWpee/view?usp=share_link,,0,0,0,3,FALSE,TRUE,TRUE,FALSE,FALSE,0,0
1564,Day28 Cytokines R3,27,20221013mouse10_OD_R_2_0_0000037_Structure_0001,https://drive.google.com/file/d/1q2rRi3zUyT9KqJA66sPTvOyREOQXiPjl/view?usp=share_link,,0,0,0,3,FALSE,TRUE,TRUE,FALSE,FALSE,0,0
1565,Day28 Cytokines R3,27,20221013mouse10_OD_R_2_0_0000037_Structure_0002,https://drive.google.com/file/d/1393Z1O0Eyv_ODaO2wlRDKeTKF5gQCOoH/view?usp=share_link,0,0,0,0,4,TRUE,TRUE,TRUE,FALSE,FALSE,0,0
1566,Day28 Cytokines R3,27,20221013mouse10_OD_R_2_0_0000037_Structure_0003,https://drive.google.com/file/d/1mcesVn1CZw-WA6t5LHiSt3H9s7uRnhN8/view?usp=share_link,0,0,,0,3,FALSE,TRUE,TRUE,FALSE,FALSE,0,0
1567,Day28 Cytokines R3,27,20221013mouse10_OD_R_2_0_0000037_Structure_0004,https://drive.google.com/file/d/1Jq2adHuAymD3sqUpJLxYVDJx0_ECNdj2/view?usp=share_link,,0,0,0,3,FALSE,TRUE,TRUE,FALSE,FALSE,0,0
1568,Day28 Cytokines R3,27,20221013mouse10_OD_R_4_0_0000044_Structure_0001,https://drive.google.com/file/d/1IEh3-om4_MUdrtPnmXpII0ZCyAWSgHNh/view?usp=share_link,,0,0,0,3,FALSE,TRUE,TRUE,FALSE,FALSE,0,0
1569,Day28 Cytokines R3,27,20221013mouse10_OD_R_4_0_0000044_Structure_0002,https://drive.google.com/file/d/1tdZtVbVbtE8fTuRSxtMZ0AMbjQvaXcU8/view?usp=share_link,,0,0,0,3,FALSE,TRUE,TRUE,FALSE,FALSE,0,0
1570,Day28 Cytokines R3,27,20221013mouse10_OD_R_4_0_0000044_Structure_0003,https://drive.google.com/file/d/1ObfBNfi_mpIQhv-0bUq8WUlrEkQQlA_g/view?usp=share_link,0,0,,0,3,FALSE,TRUE,TRUE,FALSE,FALSE,0,0
1571,Day28 Cytokines R3,27,20221013mouse10_OD_R_4_0_0000044_Structure_0004,https://drive.google.com/file/d/1BOZGZrEjzauZSNV4MCWpcIwMHPiEUAeU/view?usp=share_link,0,0,0,0,4,TRUE,TRUE,TRUE,FALSE,FALSE,0,0
1572,Day28 Cytokines R4,2,20221115mouse1_OD_R_2_0_0000002_Structure_0001,https://drive.google.com/file/d/13qM_F_N_hHcuF7C36NHH764hslP85-IF/view?usp=share_link,100,100,100,100,4,TRUE,TRUE,TRUE,FALSE,FALSE,100,100
1573,Day28 Cytokines R4,2,20221115mouse1_OD_R_2_0_0000002_Structure_0002,https://drive.google.com/file/d/1Fzp8npnNzMB19o7QCZW-HNaEl6EI-SZs/view?usp=share_link,100,100,100,,3,FALSE,TRUE,TRUE,FALSE,FALSE,100,100
1574,Day28 Cytokines R4,2,20221115mouse1_OD_R_2_0_0000002_Structure_0003,https://drive.google.com/file/d/1_3SqEGpqY91nllXX5pKodX6o02vJZKf7/view?usp=share_link,100,100,100,,3,FALSE,TRUE,TRUE,FALSE,FALSE,100,100
1575,Day28 Cytokines R4,2,20221115mouse1_OD_R_2_0_0000002_Structure_0004,https://drive.google.com/file/d/16T4ts_3UzdWdoQ8RaA0Fi8TW7fFtbayl/view?usp=share_link,100,100,100,,3,FALSE,TRUE,TRUE,FALSE,FALSE,100,100
1576,Day28 Cytokines R4,2,20221115mouse1_OD_R_4_0_0000009_Structure_0001,https://drive.google.com/file/d/1bcsCzDd6Lgiiisrogb9phbRH6tQeaT9C/view?usp=share_link,3,4,4,4,4,FALSE,TRUE,TRUE,FALSE,FALSE,4,4
1577,Day28 Cytokines R4,2,20221115mouse1_OD_R_4_0_0000009_Structure_0002,https://drive.google.com/file/d/1Iw31iMX7L-BUPuTTAH7S5VDe7ZzhYRpK/view?usp=share_link,4,4,4,,3,FALSE,TRUE,TRUE,FALSE,FALSE,4,4
1578,Day28 Cytokines R4,2,20221115mouse1_OD_R_4_0_0000009_Structure_0003,https://drive.google.com/file/d/1TCmNksO3ya-lKSsAEUCJoVwqZ2AtDHO8/view?usp=share_link,,4,4,4,3,FALSE,TRUE,TRUE,FALSE,FALSE,4,4
1579,Day28 Cytokines R4,2,20221115mouse1_OD_R_4_0_0000009_Structure_0004,https://drive.google.com/file/d/1sFU1EUyGuB9qMIWAEWoh7zkCGIGmsqP0/view?usp=share_link,,4,4,4,3,FALSE,TRUE,TRUE,FALSE,FALSE,4,4
1580,Day28 Cytokines R4,2,20221115mouse2_OD_R_2_0_0000009_Structure_0001,https://drive.google.com/file/d/1WWYWeQbYVF1NhTGPRXFaXDXTGp9_Vqg8/view?usp=share_link,,4,4,4,3,FALSE,TRUE,TRUE,FALSE,FALSE,4,4
1581,Day28 Cytokines R4,2,20221115mouse2_OD_R_2_0_0000009_Structure_0002,https://drive.google.com/file/d/14PJH9AEVhsXnDnz7cijGoO9_fV1vOPTl/view?usp=share_link,100,3,3,3,4,FALSE,TRUE,TRUE,FALSE,FALSE,3,3
1582,Day28 Cytokines R4,2,20221115mouse2_OD_R_2_0_0000009_Structure_0003,https://drive.google.com/file/d/1Z-SUDApBU_5nP-PcZNBVstAfANNA0Rpq/view?usp=share_link,,4,3,4,3,FALSE,FALSE,TRUE,FALSE,FALSE,4,4
1583,Day28 Cytokines R4,2,20221115mouse2_OD_R_2_0_0000009_Structure_0004,https://drive.google.com/file/d/1lDIuzyWP7LMez8IusT_gl02FW3eyMSAD/view?usp=share_link,100,100,,100,3,FALSE,TRUE,TRUE,FALSE,FALSE,100,100
1584,Day28 Cytokines R4,2,20221115mouse2_OD_R_4_0_0000002_Structure_0001,https://drive.google.com/file/d/1kEnKQHziSs3yNQq2WDrEJVODcEMzl6HY/view?usp=share_link,3,100,2,2,4,FALSE,FALSE,TRUE,FALSE,FALSE,2,2
1585,Day28 Cytokines R4,2,20221115mouse2_OD_R_4_0_0000002_Structure_0002,https://drive.google.com/file/d/1xcfSP0YPStnSbtZrkLEbU3X9HEEGI1Yb/view?usp=share_link,,3,3,3,3,FALSE,TRUE,TRUE,FALSE,FALSE,3,3
1586,Day28 Cytokines R4,2,20221115mouse2_OD_R_4_0_0000002_Structure_0003,https://drive.google.com/file/d/17E5he9kujDtlqELAIU4cQ4AItCcZsuq0/view?usp=share_link,4,3,0.5,3,4,FALSE,FALSE,TRUE,FALSE,FALSE,3,3
1587,Day28 Cytokines R4,2,20221115mouse2_OD_R_4_0_0000002_Structure_0004,https://drive.google.com/file/d/1E9guCQdgnzv5Q1Rb3Cgt7FfLWBDKHLju/view?usp=share_link,3,3,3,,3,FALSE,TRUE,TRUE,FALSE,FALSE,3,3
1588,Day28 Cytokines R4,2,20221115mouse3_OD_R_2_0_0000009_Structure_0001,https://drive.google.com/file/d/1T-9Mz1wMUHf6uPzGrwrxdts9v50B4d7e/view?usp=share_link,,0.5,0.5,0.5,3,FALSE,TRUE,TRUE,FALSE,FALSE,0.5,0.5
1589,Day28 Cytokines R4,2,20221115mouse3_OD_R_2_0_0000009_Structure_0002,https://drive.google.com/file/d/1aEE04_pJ7wBAaJpTBaWsFo8e7JK0Wh6u/view?usp=share_link,100,0.5,100,1,4,FALSE,FALSE,TRUE,FALSE,FALSE,100,100
1590,Day28 Cytokines R4,2,20221115mouse3_OD_R_2_0_0000009_Structure_0003,https://drive.google.com/file/d/1RKPzzzFXMK3G_8JSVGw5OEEuLcqQuJ0Y/view?usp=share_link,,1,0.5,1,3,FALSE,FALSE,TRUE,FALSE,FALSE,1,1
1591,Day28 Cytokines R4,2,20221115mouse3_OD_R_2_0_0000009_Structure_0004,https://drive.google.com/file/d/1wXdv_owh01IwYrSl91G3QTbidCh9B4Oh/view?usp=share_link,,0,0,0,3,FALSE,TRUE,TRUE,FALSE,FALSE,0,0
1592,Day28 Cytokines R4,2,20221115mouse3_OD_R_4_0_0000002_Structure_0001,https://drive.google.com/file/d/1Ou5pKRhE2OHcD6yE9h2_0oeyEOiGvV2E/view?usp=share_link,,2,2,2,3,FALSE,TRUE,TRUE,FALSE,FALSE,2,2
1593,Day28 Cytokines R4,2,20221115mouse3_OD_R_4_0_0000002_Structure_0002,https://drive.google.com/file/d/1jDVbJAav7l-8FL77dKUneSc_rb2_AtDV/view?usp=share_link,,2,2,3,3,FALSE,FALSE,TRUE,FALSE,FALSE,2,2
1594,Day28 Cytokines R4,2,20221115mouse3_OD_R_4_0_0000002_Structure_0003,https://drive.google.com/file/d/1x56doUaryIdS3nblLqD2svPcBw0WbBPy/view?usp=share_link,,3,3,3,3,FALSE,TRUE,TRUE,FALSE,FALSE,3,3
1595,Day28 Cytokines R4,2,20221115mouse3_OD_R_4_0_0000002_Structure_0004,https://drive.google.com/file/d/1t1KwtNrFou7E6nu40T_YSJx0MUX00AkM/view?usp=share_link,,3,3,3,3,FALSE,TRUE,TRUE,FALSE,FALSE,3,3
1596,Day28 Cytokines R4,2,20221115mouose4_OD_R_2_0_0000002_Structure_0001,https://drive.google.com/file/d/1QqDR2sumCt4j_s-ib5CkOIdJn-uYWRNc/view?usp=share_link,,3,2,3,3,FALSE,FALSE,TRUE,FALSE,FALSE,3,3
1597,Day28 Cytokines R4,2,20221115mouose4_OD_R_2_0_0000002_Structure_0002,https://drive.google.com/file/d/1J9DrdBxdC-bSZTSnj4uwYE7AVriLog6t/view?usp=share_link,,3,1,3,3,FALSE,FALSE,TRUE,FALSE,FALSE,3,3
1598,Day28 Cytokines R4,2,20221115mouose4_OD_R_2_0_0000002_Structure_0003,https://drive.google.com/file/d/1WVeWZhAtg9rGzmlMcAVXICejn2ZB_udN/view?usp=share_link,4,3,2,4,4,FALSE,FALSE,TRUE,FALSE,FALSE,4,4
1599,Day28 Cytokines R4,2,20221115mouose4_OD_R_2_0_0000002_Structure_0004,https://drive.google.com/file/d/1463VNHNScdTLxPTHRJxe2nBHhg9W2Njh/view?usp=share_link,2,2,2,2,4,TRUE,TRUE,TRUE,FALSE,FALSE,2,2
1600,Day28 Cytokines R4,2,20221115mouose4_OD_R_4_0_0000009_Structure_0001,https://drive.google.com/file/d/19SxvBVkpwpX5j_KAUwPUjw6Dus8ARXF3/view?usp=share_link,0.5,0.5,0,0.5,4,FALSE,TRUE,TRUE,FALSE,FALSE,0.5,0.5
1601,Day28 Cytokines R4,2,20221115mouose4_OD_R_4_0_0000009_Structure_0002,https://drive.google.com/file/d/1KN6ksKn_UO7N_CAv5IE7Mw53BckOANgm/view?usp=share_link,,0.5,0.5,0.5,3,FALSE,TRUE,TRUE,FALSE,FALSE,0.5,0.5
1602,Day28 Cytokines R4,2,20221115mouose4_OD_R_4_0_0000009_Structure_0003,https://drive.google.com/file/d/1RGfTKRT_G159YroFTIwDO0kmpLW8fKdw/view?usp=share_link,,2,0,2,3,FALSE,FALSE,TRUE,FALSE,FALSE,2,2
1603,Day28 Cytokines R4,2,20221115mouose4_OD_R_4_0_0000009_Structure_0004,https://drive.google.com/file/d/1D5wsRYX0PmvYmKIsHsXY3BJc1EMcSg7p/view?usp=share_link,,0.5,0.5,2,3,FALSE,FALSE,TRUE,FALSE,FALSE,0.5,0.5
1604,Day28 Cytokines R4,2,20221115mouse5_OD_R_2_0_0000002_Structure_0001,https://drive.google.com/file/d/1fTFLG1cDQst-fdbN5wfpJ3aaUAb1Q7lj/view?usp=share_link,,0.5,0.5,0.5,3,FALSE,TRUE,TRUE,FALSE,FALSE,0.5,0.5
1605,Day28 Cytokines R4,2,20221115mouse5_OD_R_2_0_0000002_Structure_0002,https://drive.google.com/file/d/1pmNGqImLFbD4oqRZ-vIXxh7z81wYDo_y/view?usp=share_link,,0.5,0.5,0.5,3,FALSE,TRUE,TRUE,FALSE,FALSE,0.5,0.5
1606,Day28 Cytokines R4,2,20221115mouse5_OD_R_2_0_0000002_Structure_0003,https://drive.google.com/file/d/1UX0rd-HcS4M5nAkttwGHhyZwYm80_0XD/view?usp=share_link,1,4,0.5,3,4,FALSE,FALSE,FALSE,FALSE,FALSE,1,#N/A
1607,Day28 Cytokines R4,2,20221115mouse5_OD_R_2_0_0000002_Structure_0004,https://drive.google.com/file/d/1I039VfcsYFGs8FIwddgHuKf7C9LJ0DyY/view?usp=share_link,,0.5,0.5,0.5,3,FALSE,TRUE,TRUE,FALSE,FALSE,0.5,0.5
1608,Day28 Cytokines R4,2,20221115mouse5_OD_R_4_0_0000009_Structure_0001,https://drive.google.com/file/d/1HkXZudz5xiBxTlEbhgxcDbjRy4YuXkNz/view?usp=share_link,,0,0,0,3,FALSE,TRUE,TRUE,FALSE,FALSE,0,0
1609,Day28 Cytokines R4,2,20221115mouse5_OD_R_4_0_0000009_Structure_0002,https://drive.google.com/file/d/1__8g-dk8uupUnwAovzLJ5uKLbBLulJMY/view?usp=share_link,0.5,0.5,0.5,0.5,4,TRUE,TRUE,TRUE,FALSE,FALSE,0.5,0.5
1610,Day28 Cytokines R4,2,20221115mouse5_OD_R_4_0_0000009_Structure_0003,https://drive.google.com/file/d/1pER9t30P36HYR1piz_-5Yn9LkKOPga_5/view?usp=share_link,,0.5,0,0.5,3,FALSE,FALSE,TRUE,FALSE,FALSE,0.5,0.5
1611,Day28 Cytokines R4,2,20221115mouse5_OD_R_4_0_0000009_Structure_0004,https://drive.google.com/file/d/1BTUn0i8CuQzq14MFv99VnEh463MEWAIx/view?usp=share_link,0,0,0,0,4,TRUE,TRUE,TRUE,FALSE,FALSE,0,0
1612,Day28 Cytokines R4,2,20221115mouse6_OD_R_2_0_0000009_Structure_0001,https://drive.google.com/file/d/1-wLKReoZ3oKY6U2_dY0w3tdAieNbKEEj/view?usp=share_link,3,3,2,2,4,FALSE,FALSE,TRUE,TRUE,FALSE,3,3
1613,Day28 Cytokines R4,2,20221115mouse6_OD_R_2_0_0000009_Structure_0002,https://drive.google.com/file/d/14AxdZ6rM7BJL3v-PbX3AbMhqGOZQy7lR/view?usp=share_link,2,2,3,3,4,FALSE,FALSE,TRUE,TRUE,FALSE,2,2
1614,Day28 Cytokines R4,2,20221115mouse6_OD_R_2_0_0000009_Structure_0003,https://drive.google.com/file/d/15cC12xGkUljcwMAxA2xqWg5ct4IEQxWl/view?usp=share_link,4,4,3,4,4,FALSE,TRUE,TRUE,FALSE,FALSE,4,4
1615,Day28 Cytokines R4,2,20221115mouse6_OD_R_2_0_0000009_Structure_0004,https://drive.google.com/file/d/1HzAF325jHz_tNoZ0n7xUeVCnKvvxrXeK/view?usp=share_link,,2,3,3,3,FALSE,FALSE,TRUE,FALSE,FALSE,3,3
1616,Day28 Cytokines R4,2,20221115mouse6_OD_R_4_0_0000002_Structure_0001,https://drive.google.com/file/d/1doBA4zMOY8emSxjbkL5vhes_jRSutyNf/view?usp=share_link,,1,1,1,3,FALSE,TRUE,TRUE,FALSE,FALSE,1,1
1617,Day28 Cytokines R4,2,20221115mouse6_OD_R_4_0_0000002_Structure_0002,https://drive.google.com/file/d/18co8VM5YxzYlfFyJshU3fLxIGz9B83T1/view?usp=share_link,1,2,0.5,2,4,FALSE,FALSE,TRUE,FALSE,FALSE,2,2
1618,Day28 Cytokines R4,2,20221115mouse6_OD_R_4_0_0000002_Structure_0003,https://drive.google.com/file/d/13zf84yhZqZ9PkYkriWKA33d9tclqnh2J/view?usp=share_link,3,3,3,3,4,TRUE,TRUE,TRUE,FALSE,FALSE,3,3
1619,Day28 Cytokines R4,2,20221115mouse6_OD_R_4_0_0000002_Structure_0004,https://drive.google.com/file/d/1vvNLQTkcy7naIx1aZe-hVI_7YrDPZLy4/view?usp=share_link,,3,3,3,3,FALSE,TRUE,TRUE,FALSE,FALSE,3,3
1620,Day28 Cytokines R4,2,20221115mouse7_OD_R_2_0_0000002_Structure_0001,https://drive.google.com/file/d/11tRXcYPwW7iwYEAO8w7K5LO9WXdNaJTQ/view?usp=share_link,0,0,0.5,0,4,FALSE,TRUE,TRUE,FALSE,FALSE,0,0
1621,Day28 Cytokines R4,2,20221115mouse7_OD_R_2_0_0000002_Structure_0002,https://drive.google.com/file/d/1vuS5zowz7Jk_Yul7XzOmtj6OMx0vspAU/view?usp=share_link,,0.5,0.5,0.5,3,FALSE,TRUE,TRUE,FALSE,FALSE,0.5,0.5
1622,Day28 Cytokines R4,2,20221115mouse7_OD_R_2_0_0000002_Structure_0003,https://drive.google.com/file/d/145aLnpEw4W0KxkDXvKLnQX-XZbilfDHe/view?usp=share_link,0.5,0.5,0.5,0.5,4,TRUE,TRUE,TRUE,FALSE,FALSE,0.5,0.5
1623,Day28 Cytokines R4,2,20221115mouse7_OD_R_2_0_0000002_Structure_0004,https://drive.google.com/file/d/1qiETEHTJaSeMukX6l6XB9yyF8aGCEbbd/view?usp=share_link,,0.5,0.5,0.5,3,FALSE,TRUE,TRUE,FALSE,FALSE,0.5,0.5
1624,Day28 Cytokines R4,2,20221115mouse7_OD_R_4_0_0000009_Structure_0001,https://drive.google.com/file/d/1l6Of0QA3pimwbTQKmAxCoFRw2p61fsVh/view?usp=share_link,0,0,,0,3,FALSE,TRUE,TRUE,FALSE,FALSE,0,0
1625,Day28 Cytokines R4,2,20221115mouse7_OD_R_4_0_0000009_Structure_0002,https://drive.google.com/file/d/1yZAIPPMzTMCZUC0XbfSCpfrWfsSkxpA7/view?usp=share_link,,0,0,0,3,FALSE,TRUE,TRUE,FALSE,FALSE,0,0
1626,Day28 Cytokines R4,2,20221115mouse7_OD_R_4_0_0000009_Structure_0003,https://drive.google.com/file/d/1YfaIOqXkY58RGFNfcOAqoKVA9l9Th4Ss/view?usp=share_link,,0,0,0,3,FALSE,TRUE,TRUE,FALSE,FALSE,0,0
1627,Day28 Cytokines R4,2,20221115mouse7_OD_R_4_0_0000009_Structure_0004,https://drive.google.com/file/d/1qRJixQrWMQeLOI1IulsdOL-K6yMy5zDD/view?usp=share_link,,0,0,0,3,FALSE,TRUE,TRUE,FALSE,FALSE,0,0
1628,Day28 Cytokines R4,2,20221115mouse8_OD_R_2_0_0000009_Structure_0001,https://drive.google.com/file/d/1LLOAlQmfYXWiqZLt1GqG2JcCILs53AHD/view?usp=share_link,1,1,,1,3,FALSE,TRUE,TRUE,FALSE,FALSE,1,1
1629,Day28 Cytokines R4,2,20221115mouse8_OD_R_2_0_0000009_Structure_0002,https://drive.google.com/file/d/1ayIEB3RzNJSCufL2WWAxW1ZSTU8RGBHZ/view?usp=share_link,1,1,1,1,4,TRUE,TRUE,TRUE,FALSE,FALSE,1,1
1630,Day28 Cytokines R4,2,20221115mouse8_OD_R_2_0_0000009_Structure_0003,https://drive.google.com/file/d/10KF_0J2wPZC5b0fzEg-mo0BuTTo9yRNo/view?usp=share_link,1,1,1,1,4,TRUE,TRUE,TRUE,FALSE,FALSE,1,1
1631,Day28 Cytokines R4,2,20221115mouse8_OD_R_2_0_0000009_Structure_0004,https://drive.google.com/file/d/1RqARjtJm-a75TuiXPWA_eOmRYNJ2L8uk/view?usp=share_link,,1,1,1,3,FALSE,TRUE,TRUE,FALSE,FALSE,1,1
1632,Day28 Cytokines R4,2,20221115mouse8_OD_R_4_0_0000002_Structure_0001,https://drive.google.com/file/d/1aYaRQ5iMQDSqzqZcW2m7NGoN-w_fiIHL/view?usp=share_link,0.5,0.5,0,0.5,4,FALSE,TRUE,TRUE,FALSE,FALSE,0.5,0.5
1633,Day28 Cytokines R4,2,20221115mouse8_OD_R_4_0_0000002_Structure_0002,https://drive.google.com/file/d/10HqzqrKcexISynYJSDgDEv2pCKc5tZzw/view?usp=share_link,0,0.5,0,0,4,FALSE,TRUE,TRUE,FALSE,FALSE,0,0
1634,Day28 Cytokines R4,2,20221115mouse8_OD_R_4_0_0000002_Structure_0003,https://drive.google.com/file/d/1rQwBWSTvOCPc12V7MpGPeezjj8wZd6Si/view?usp=share_link,,1,0,0,3,FALSE,TRUE,TRUE,FALSE,FALSE,0,0
1635,Day28 Cytokines R4,2,20221115mouse8_OD_R_4_0_0000002_Structure_0004,https://drive.google.com/file/d/1Mtd7iHwbwNnwhLqOMjVZZyK00en-Fy7x/view?usp=share_link,0.5,0.5,,0.5,3,FALSE,TRUE,TRUE,FALSE,FALSE,0.5,0.5
1636,Day28 Cytokines R4,2,20221115mouse9_OD_R_2_0_0000002_Structure_0001,https://drive.google.com/file/d/1TKSoOFQzdLgixx9yClCjKiWNKarD_U3x/view?usp=share_link,,1,0.5,1,3,FALSE,FALSE,TRUE,FALSE,FALSE,1,1
1637,Day28 Cytokines R4,2,20221115mouse9_OD_R_2_0_0000002_Structure_0002,https://drive.google.com/file/d/1XzGC5PRKCSfmYS6anaZWoon5YUegB94S/view?usp=share_link,,2,0.5,2,3,FALSE,FALSE,TRUE,FALSE,FALSE,2,2
1638,Day28 Cytokines R4,2,20221115mouse9_OD_R_2_0_0000002_Structure_0003,https://drive.google.com/file/d/1XzAZdw2RH08hamSUC7JQtd8hCs-GYPq6/view?usp=share_link,100,0,100,2,4,FALSE,FALSE,TRUE,FALSE,FALSE,100,100
1639,Day28 Cytokines R4,2,20221115mouse9_OD_R_2_0_0000002_Structure_0004,https://drive.google.com/file/d/1HQXfkfccP7VuqjDq7CBymyKVVZGbAWp1/view?usp=share_link,,0,0.5,0.5,3,FALSE,FALSE,TRUE,FALSE,FALSE,0.5,0.5
1640,Day28 Cytokines R4,2,20221115mouse9_OD_R_4_0_0000009_Structure_0001,https://drive.google.com/file/d/1jrTGfYM7HO52Kprhk0sj2aotCZ4Ewz4I/view?usp=share_link,,0.5,0.5,2,3,FALSE,FALSE,TRUE,FALSE,FALSE,0.5,0.5
1641,Day28 Cytokines R4,2,20221115mouse9_OD_R_4_0_0000009_Structure_0002,https://drive.google.com/file/d/15pVm-wX50cA1MQjL9_q5wgiHW6dqXIQQ/view?usp=share_link,2,0.5,2,2,4,FALSE,TRUE,TRUE,FALSE,FALSE,2,2
1642,Day28 Cytokines R4,2,20221115mouse9_OD_R_4_0_0000009_Structure_0003,https://drive.google.com/file/d/1U3G_V2H1MJZd7MoBudGwyoAXLLX4FYV5/view?usp=share_link,,2,2,2,3,FALSE,TRUE,TRUE,FALSE,FALSE,2,2
1643,Day28 Cytokines R4,2,20221115mouse9_OD_R_4_0_0000009_Structure_0004,https://drive.google.com/file/d/1KecL2Kn_RNGOYoKfGz8_dHXUqhFJJ2cW/view?usp=share_link,,2,2,2,3,FALSE,TRUE,TRUE,FALSE,FALSE,2,2
1644,Day28 Cytokines R4,2,20221115mouse10_OD_R_4_0_0000002_Structure_0001,https://drive.google.com/file/d/1shvUN8xpN7jXDrcAZBfYhyphfDQIyY33/view?usp=share_link,,100,100,4,3,FALSE,FALSE,TRUE,FALSE,FALSE,100,100
1645,Day28 Cytokines R4,2,20221115mouse10_OD_R_4_0_0000002_Structure_0002,https://drive.google.com/file/d/1vt1MHb4Nq5SKt-t7Qq9aOP7FwVSLVaZm/view?usp=share_link,,100,100,4,3,FALSE,FALSE,TRUE,FALSE,FALSE,100,100
1646,Day28 Cytokines R4,2,20221115mouse10_OD_R_4_0_0000002_Structure_0003,https://drive.google.com/file/d/1vnAQFYVNEsCBxPQh1Z8ma-qnG9sA9F_2/view?usp=share_link,,100,100,4,3,FALSE,FALSE,TRUE,FALSE,FALSE,100,100
1647,Day28 Cytokines R4,2,20221115mouse10_OD_R_4_0_0000002_Structure_0004,https://drive.google.com/file/d/18HIiQYGRbfKXJ2NME8X5xXFVF9hG6WyR/view?usp=share_link,100,100,100,,3,FALSE,TRUE,TRUE,FALSE,FALSE,100,100
1648,Day28 Cytokines R4,7,20221115mouse1_OD_R_2_0_0000023_Structure_0001,https://drive.google.com/file/d/1tsn2gTBCT5ORcbP4Wtouuun_3S8jItTr/view?usp=share_link,,1,100,1,3,FALSE,FALSE,TRUE,FALSE,FALSE,1,1
1649,Day28 Cytokines R4,7,20221115mouse1_OD_R_2_0_0000023_Structure_0002,https://drive.google.com/file/d/1bRzzTZbUvsL63D9jGaKcTUrJxTlX7dZA/view?usp=share_link,2,100,100,100,4,FALSE,TRUE,TRUE,FALSE,FALSE,100,100
1650,Day28 Cytokines R4,7,20221115mouse1_OD_R_2_0_0000023_Structure_0003,https://drive.google.com/file/d/1xL8xI2lxwTRE8_9sbzHhCziXpZ2_U-7n/view?usp=share_link,,3,100,3,3,FALSE,FALSE,TRUE,FALSE,FALSE,3,3
1651,Day28 Cytokines R4,7,20221115mouse1_OD_R_2_0_0000023_Structure_0004,https://drive.google.com/file/d/1gq17JIl64HfHnQyXkb7YCaIg-_VieeMi/view?usp=share_link,100,3,100,,3,FALSE,FALSE,TRUE,FALSE,FALSE,100,100
1652,Day28 Cytokines R4,7,20221115mouse1_OD_R_4_0_0000016_Structure_0001,https://drive.google.com/file/d/1VX35ujobnCa_6OkGcVzTcI-Yqnf4j0u2/view?usp=share_link,,0.5,0.5,0.5,3,FALSE,TRUE,TRUE,FALSE,FALSE,0.5,0.5
1653,Day28 Cytokines R4,7,20221115mouse1_OD_R_4_0_0000016_Structure_0002,https://drive.google.com/file/d/1_Wdhn-MdN6rn2tBZQ9ZhMlhmFfo4tIca/view?usp=share_link,1,1,100,,3,FALSE,FALSE,TRUE,FALSE,FALSE,1,1
1654,Day28 Cytokines R4,7,20221115mouse1_OD_R_4_0_0000016_Structure_0003,https://drive.google.com/file/d/1W4D-0BK4GA_Wy_70pfhhmXQCOgc7xhs-/view?usp=share_link,,2,2,2,3,FALSE,TRUE,TRUE,FALSE,FALSE,2,2
1655,Day28 Cytokines R4,7,20221115mouse1_OD_R_4_0_0000016_Structure_0004,https://drive.google.com/file/d/1ckM35Dnt1bSO0EKKgjdI0BmnHtcEXxbt/view?usp=share_link,2,100,2,1,4,FALSE,FALSE,TRUE,FALSE,FALSE,2,2
1656,Day28 Cytokines R4,7,20221115mouse3_OD_R_2_0_0000016_Structure_0001,https://drive.google.com/file/d/1WbB6UnjH9Rg7M3Kor0mGMagG4ERXoac7/view?usp=share_link,,0,0,0.5,3,FALSE,TRUE,TRUE,FALSE,FALSE,0,0
1657,Day28 Cytokines R4,7,20221115mouse3_OD_R_2_0_0000016_Structure_0002,https://drive.google.com/file/d/1hl4-I29T5mxbkqSZyZUh1LtYNODPwtpy/view?usp=share_link,,0,0,0,3,FALSE,TRUE,TRUE,FALSE,FALSE,0,0
1658,Day28 Cytokines R4,7,20221115mouse3_OD_R_2_0_0000016_Structure_0003,https://drive.google.com/file/d/1yui-zefcEEWggxm9Atcd92peUqg1-mIP/view?usp=share_link,,0,0,0,3,FALSE,TRUE,TRUE,FALSE,FALSE,0,0
1659,Day28 Cytokines R4,7,20221115mouse3_OD_R_2_0_0000016_Structure_0004,https://drive.google.com/file/d/19-MvU6izmgsBc_vKwgi_Z0QwNbKrPPJR/view?usp=share_link,100,0,100,0.5,4,FALSE,FALSE,TRUE,FALSE,FALSE,100,100
1660,Day28 Cytokines R4,7,20221115mouse3_OD_R_4_0_0000023_Structure_0001,https://drive.google.com/file/d/1__bCClyjKqDgav4jy6l9d-tzWDIiBmQL/view?usp=share_link,1,1,0.5,1,4,FALSE,TRUE,TRUE,FALSE,FALSE,1,1
1661,Day28 Cytokines R4,7,20221115mouse3_OD_R_4_0_0000023_Structure_0002,https://drive.google.com/file/d/1dpcl5BsxqemLP4RP4XPWKfYK8-RAlCj2/view?usp=share_link,,1,1,1,3,FALSE,TRUE,TRUE,FALSE,FALSE,1,1
1662,Day28 Cytokines R4,7,20221115mouse3_OD_R_4_0_0000023_Structure_0003,https://drive.google.com/file/d/1YCv7uCtDnoaVQMBAWdGY6Xh8KvbpjeFd/view?usp=share_link,,1,1,3,3,FALSE,FALSE,TRUE,FALSE,FALSE,1,1
1663,Day28 Cytokines R4,7,20221115mouse3_OD_R_4_0_0000023_Structure_0004,https://drive.google.com/file/d/1Nc8qJtbLhNKNK5OgJM8S7tDHPyW9DZJ7/view?usp=share_link,2,1,,2,3,FALSE,FALSE,TRUE,FALSE,FALSE,2,2
1664,Day28 Cytokines R4,7,20221115mouose4_OD_R_2_0_0000023_Structure_0001,https://drive.google.com/file/d/1uS5BWIn9iuutPvYMCCvgr7fN6mif_Kba/view?usp=share_link,,3,0.5,3,3,FALSE,FALSE,TRUE,FALSE,FALSE,3,3
1665,Day28 Cytokines R4,7,20221115mouose4_OD_R_2_0_0000023_Structure_0002,https://drive.google.com/file/d/14sM7m9YXcLi52Evq6phTAnbYWx73Xr6O/view?usp=share_link,0.5,0.5,0.5,0.5,4,TRUE,TRUE,TRUE,FALSE,FALSE,0.5,0.5
1666,Day28 Cytokines R4,7,20221115mouose4_OD_R_2_0_0000023_Structure_0003,https://drive.google.com/file/d/1BR0SGr2_hVuTLY6WuJTkcB-ypRIPSt3S/view?usp=share_link,0.5,0.5,0.5,0.5,4,TRUE,TRUE,TRUE,FALSE,FALSE,0.5,0.5
1667,Day28 Cytokines R4,7,20221115mouose4_OD_R_2_0_0000023_Structure_0004,https://drive.google.com/file/d/1bYyAqjZxwLGTpKIiE30DyOSz0B5438ty/view?usp=share_link,1,0.5,0.5,0.5,4,FALSE,TRUE,TRUE,FALSE,FALSE,0.5,0.5
1668,Day28 Cytokines R4,7,20221115mouose4_OD_R_4_0_0000016_Structure_0001,https://drive.google.com/file/d/18QSYZC3wVPQE6mrkGyU8VWdFPpy_F-bp/view?usp=share_link,0,0.5,0,0,4,FALSE,TRUE,TRUE,FALSE,FALSE,0,0
1669,Day28 Cytokines R4,7,20221115mouose4_OD_R_4_0_0000016_Structure_0002,https://drive.google.com/file/d/17TFjrZI2AieAzeBN8wvDFXg3RDHJoEtP/view?usp=share_link,0,0,0,0,4,TRUE,TRUE,TRUE,FALSE,FALSE,0,0
1670,Day28 Cytokines R4,7,20221115mouose4_OD_R_4_0_0000016_Structure_0003,https://drive.google.com/file/d/1wGzajzuTv1sfLvbUMV_dZx00iz5pjq9K/view?usp=share_link,,0,0,0,3,FALSE,TRUE,TRUE,FALSE,FALSE,0,0
1671,Day28 Cytokines R4,7,20221115mouose4_OD_R_4_0_0000016_Structure_0004,https://drive.google.com/file/d/1BQtB3RYSuwvrjBIRf2Qrsxo6O19_0Zny/view?usp=share_link,0,0,0,0,4,TRUE,TRUE,TRUE,FALSE,FALSE,0,0
1672,Day28 Cytokines R4,7,20221115mouse5_OD_R_2_0_0000016_Structure_0001,https://drive.google.com/file/d/1X6zKc-PZbgPb2Ucjfiw917V5viF_3Im1/view?usp=share_link,,0,0,0,3,FALSE,TRUE,TRUE,FALSE,FALSE,0,0
1673,Day28 Cytokines R4,7,20221115mouse5_OD_R_2_0_0000016_Structure_0002,https://drive.google.com/file/d/1jiSoO4jOsknBedY3L-rLT6RSIHfiA2rZ/view?usp=share_link,,0,0,0,3,FALSE,TRUE,TRUE,FALSE,FALSE,0,0
1674,Day28 Cytokines R4,7,20221115mouse5_OD_R_2_0_0000016_Structure_0003,https://drive.google.com/file/d/1oF3MBmhtatZ1jtjK_N2zrnRNshB0E0OY/view?usp=share_link,0,0.5,,0.5,3,FALSE,FALSE,TRUE,FALSE,FALSE,0.5,0.5
1675,Day28 Cytokines R4,7,20221115mouse5_OD_R_2_0_0000016_Structure_0004,https://drive.google.com/file/d/1EcKYQ6-LHCoRIpd24DdlFZ3TewPD-FKF/view?usp=share_link,,0.5,0.5,0.5,3,FALSE,TRUE,TRUE,FALSE,FALSE,0.5,0.5
1676,Day28 Cytokines R4,7,20221115mouse5_OD_R_4_0_0000023_Structure_0001,https://drive.google.com/file/d/194JBxZ5iRhwIv7D20Zm9M-RkxoHXhqf5/view?usp=share_link,0,0,0,0,4,TRUE,TRUE,TRUE,FALSE,FALSE,0,0
1677,Day28 Cytokines R4,7,20221115mouse5_OD_R_4_0_0000023_Structure_0002,https://drive.google.com/file/d/1TvRPuDehh3OvIPA0AQFMsv_2mIygahI4/view?usp=share_link,,0,0,0,3,FALSE,TRUE,TRUE,FALSE,FALSE,0,0
1678,Day28 Cytokines R4,7,20221115mouse5_OD_R_4_0_0000023_Structure_0003,https://drive.google.com/file/d/1zd56lMUpzqvU0VxnYMc40Hi7K2Dl6RQp/view?usp=share_link,,0,0,0,3,FALSE,TRUE,TRUE,FALSE,FALSE,0,0
1679,Day28 Cytokines R4,7,20221115mouse5_OD_R_4_0_0000023_Structure_0004,https://drive.google.com/file/d/1RQy7DTKhrqKmYDJQHsNkXRM2eXDetZLQ/view?usp=share_link,,0,0,0,3,FALSE,TRUE,TRUE,FALSE,FALSE,0,0
1680,Day28 Cytokines R4,7,20221115mouse6_OD_R_2_0_0000023_Structure_0001,https://drive.google.com/file/d/1TFEl1BTP5O3IY4Lt-PtOcpDvFQySVM3v/view?usp=share_link,,3,2,3,3,FALSE,FALSE,TRUE,FALSE,FALSE,3,3
1681,Day28 Cytokines R4,7,20221115mouse6_OD_R_2_0_0000023_Structure_0002,https://drive.google.com/file/d/1P6IE0t39mGulaUJv17aFX3JYzQTAvKUB/view?usp=share_link,,2,2,3,3,FALSE,FALSE,TRUE,FALSE,FALSE,2,2
1682,Day28 Cytokines R4,7,20221115mouse6_OD_R_2_0_0000023_Structure_0003,https://drive.google.com/file/d/1yuq0gWZhQDzIOWo0lBgGH_0315qj1JwT/view?usp=share_link,,4,3,3,3,FALSE,FALSE,TRUE,FALSE,FALSE,3,3
1683,Day28 Cytokines R4,7,20221115mouse6_OD_R_2_0_0000023_Structure_0004,https://drive.google.com/file/d/18ayZ8iQ8_gmlvS4xREy60YgpWV0AseFT/view?usp=share_link,4,3,3,3,4,FALSE,TRUE,TRUE,FALSE,FALSE,3,3
1684,Day28 Cytokines R4,7,20221115mouse6_OD_R_4_0_0000016_Structure_0001,https://drive.google.com/file/d/1kb8gRIlqw8i-iwtBbh5MNmTLMKJJAeZg/view?usp=share_link,,1,1,1,3,FALSE,TRUE,TRUE,FALSE,FALSE,1,1
1685,Day28 Cytokines R4,7,20221115mouse6_OD_R_4_0_0000016_Structure_0002,https://drive.google.com/file/d/1Cf4SIVjJPh2SJbrjrUom6b98TDxKq0xs/view?usp=share_link,1,2,1,1,4,FALSE,TRUE,TRUE,FALSE,FALSE,1,1
1686,Day28 Cytokines R4,7,20221115mouse6_OD_R_4_0_0000016_Structure_0003,https://drive.google.com/file/d/1kIe-hBz7vVCR9nYJ9mYmPXR32U6xbL58/view?usp=share_link,,2,2,2,3,FALSE,TRUE,TRUE,FALSE,FALSE,2,2
1687,Day28 Cytokines R4,7,20221115mouse6_OD_R_4_0_0000016_Structure_0004,https://drive.google.com/file/d/1wTaYFk-vu8O9CLlbw6iy0Cm7amatY8rP/view?usp=share_link,,3,2,3,3,FALSE,FALSE,TRUE,FALSE,FALSE,3,3
1688,Day28 Cytokines R4,7,20221115mouse7_OD_R_2_0_0000016_Structure_0001,https://drive.google.com/file/d/1rOKst11Z26Cj_232CDie1vGeQmGI0_n4/view?usp=share_link,,0,0,0,3,FALSE,TRUE,TRUE,FALSE,FALSE,0,0
1689,Day28 Cytokines R4,7,20221115mouse7_OD_R_2_0_0000016_Structure_0002,https://drive.google.com/file/d/19e52sc8gzyfqsC3_cezvJJAr1emM-Lg_/view?usp=share_link,0,0.5,0.5,0.5,4,FALSE,TRUE,TRUE,FALSE,FALSE,0.5,0.5
1690,Day28 Cytokines R4,7,20221115mouse7_OD_R_2_0_0000016_Structure_0003,https://drive.google.com/file/d/13jz1meFEPY4OXhl_YNbSvqY7OKJ2Fnuf/view?usp=share_link,0.5,0.5,0.5,0.5,4,TRUE,TRUE,TRUE,FALSE,FALSE,0.5,0.5
1691,Day28 Cytokines R4,7,20221115mouse7_OD_R_2_0_0000016_Structure_0004,https://drive.google.com/file/d/15G6diMAt_k0R2IlRfr5Ga7voWrz0_x9S/view?usp=share_link,0,0,0,0,4,TRUE,TRUE,TRUE,FALSE,FALSE,0,0
1692,Day28 Cytokines R4,7,20221115mouse7_OD_R_4_0_0000023_Structure_0001,https://drive.google.com/file/d/1T-0k3lwFlkXJ-MZSo2aH2_bttcgl55hd/view?usp=share_link,,0,0,0,3,FALSE,TRUE,TRUE,FALSE,FALSE,0,0
1693,Day28 Cytokines R4,7,20221115mouse7_OD_R_4_0_0000023_Structure_0002,https://drive.google.com/file/d/1dqq9fyhGtp2lQGp0_x984AfMeS6jaDjs/view?usp=share_link,,0,0,0,3,FALSE,TRUE,TRUE,FALSE,FALSE,0,0
1694,Day28 Cytokines R4,7,20221115mouse7_OD_R_4_0_0000023_Structure_0003,https://drive.google.com/file/d/1NjhIN1OI3Eiy6-_3-LV5GlthU2gwIcNj/view?usp=share_link,0,0,,0,3,FALSE,TRUE,TRUE,FALSE,FALSE,0,0
1695,Day28 Cytokines R4,7,20221115mouse7_OD_R_4_0_0000023_Structure_0004,https://drive.google.com/file/d/1TJF5b_HN_atQEu3lHQDBoiAI2Mw-4qvQ/view?usp=share_link,,0,0,0,3,FALSE,TRUE,TRUE,FALSE,FALSE,0,0
1696,Day28 Cytokines R4,7,20221115mouse8_OD_R_2_0_0000023_Structure_0001,https://drive.google.com/file/d/1yWWBsIcttOqxDHw0p9JIVqXTMT78l29b/view?usp=share_link,,0,0.5,0.5,3,FALSE,FALSE,TRUE,FALSE,FALSE,0.5,0.5
1697,Day28 Cytokines R4,7,20221115mouse8_OD_R_2_0_0000023_Structure_0002,https://drive.google.com/file/d/17Bd8T8J7gMhvFe-_cdxrO9ewxPCQfZTK/view?usp=share_link,0.5,0.5,0.5,0.5,4,TRUE,TRUE,TRUE,FALSE,FALSE,0.5,0.5
1698,Day28 Cytokines R4,7,20221115mouse8_OD_R_2_0_0000023_Structure_0003,https://drive.google.com/file/d/1X2wuxRmKvUThWnXbQvM5n0r6JHTG28yv/view?usp=share_link,,0.5,0.5,0.5,3,FALSE,TRUE,TRUE,FALSE,FALSE,0.5,0.5
1699,Day28 Cytokines R4,7,20221115mouse8_OD_R_2_0_0000023_Structure_0004,https://drive.google.com/file/d/1_yEuZFaa1HndCZsFVk9BTMnVCO09ci_X/view?usp=share_link,0,0,0.5,0,4,FALSE,TRUE,TRUE,FALSE,FALSE,0,0
1700,Day28 Cytokines R4,7,20221115mouse8_OD_R_4_0_0000016_Structure_0001,https://drive.google.com/file/d/1B5j5GAY8hikpnb3rYWwuqfaZP3MHcFmb/view?usp=share_link,0,0,0,0,4,TRUE,TRUE,TRUE,FALSE,FALSE,0,0
1701,Day28 Cytokines R4,7,20221115mouse8_OD_R_4_0_0000016_Structure_0002,https://drive.google.com/file/d/1q4nCMn1-R9_UttmbU86jaohysUlkK0Zw/view?usp=share_link,,0,0,0.5,3,FALSE,TRUE,TRUE,FALSE,FALSE,0,0
1702,Day28 Cytokines R4,7,20221115mouse8_OD_R_4_0_0000016_Structure_0003,https://drive.google.com/file/d/1j7JEO_wG93ZX4tmm-I2eTTUtdpGdGQ96/view?usp=share_link,,0,0,0,3,FALSE,TRUE,TRUE,FALSE,FALSE,0,0
1703,Day28 Cytokines R4,7,20221115mouse8_OD_R_4_0_0000016_Structure_0004,https://drive.google.com/file/d/1jKcuRdgPdDkDc-mAN0-5ZQoqGE8zBf-n/view?usp=share_link,,0,0,0,3,FALSE,TRUE,TRUE,FALSE,FALSE,0,0
1704,Day28 Cytokines R4,7,20221115mouse9_OD_R_2_0_0000016_Structure_0001,https://drive.google.com/file/d/1d5vcNH7Ua8zPSPKWXuryukpPAoDjIU3y/view?usp=share_link,,1,1,1,3,FALSE,TRUE,TRUE,FALSE,FALSE,1,1
1705,Day28 Cytokines R4,7,20221115mouse9_OD_R_2_0_0000016_Structure_0002,https://drive.google.com/file/d/1sMqbSVqc6_CVpyHH8k6a-HmPSxDELwlC/view?usp=share_link,,2,1,2,3,FALSE,FALSE,TRUE,FALSE,FALSE,2,2
1706,Day28 Cytokines R4,7,20221115mouse9_OD_R_2_0_0000016_Structure_0003,https://drive.google.com/file/d/1VmisBWa4lKoWAAcwGEtpyNjsDsEY50RF/view?usp=share_link,,2,1,2,3,FALSE,FALSE,TRUE,FALSE,FALSE,2,2
1707,Day28 Cytokines R4,7,20221115mouse9_OD_R_2_0_0000016_Structure_0004,https://drive.google.com/file/d/1preQWTuJGYJ55jus0xZDKIvSo-yyidFh/view?usp=share_link,,0.5,0.5,0.5,3,FALSE,TRUE,TRUE,FALSE,FALSE,0.5,0.5
1708,Day28 Cytokines R4,7,20221115mouse9_OD_R_4_0_0000023_Structure_0001,https://drive.google.com/file/d/1VQoVIP7dl3WcvrR05xhwfOmGvXJ6jZmt/view?usp=share_link,,1,1,1,3,FALSE,TRUE,TRUE,FALSE,FALSE,1,1
1709,Day28 Cytokines R4,7,20221115mouse9_OD_R_4_0_0000023_Structure_0002,https://drive.google.com/file/d/1nxv4vYBoxb3KeSmkn_NG6iaL7ZUxpaE9/view?usp=share_link,0,0.5,,0,3,FALSE,TRUE,TRUE,FALSE,FALSE,0,0
1710,Day28 Cytokines R4,7,20221115mouse9_OD_R_4_0_0000023_Structure_0003,https://drive.google.com/file/d/1mZM6OvJimw_QBJ1jD1plEoFDXbYE-cKM/view?usp=share_link,0.5,0.5,,0.5,3,FALSE,TRUE,TRUE,FALSE,FALSE,0.5,0.5
1711,Day28 Cytokines R4,7,20221115mouse9_OD_R_4_0_0000023_Structure_0004,https://drive.google.com/file/d/1TFSZH2vRqgAs6H0dMpt63Sq9GfGK6Fq5/view?usp=share_link,,1,0.5,0.5,3,FALSE,FALSE,TRUE,FALSE,FALSE,0.5,0.5
1712,Day28 Cytokines R4,27,20221115mouse1_OD_R_2_0_0000037_Structure_0001,https://drive.google.com/file/d/1jhpjP7APhk6Tar55qaiRcyKIk0HqnBn8/view?usp=share_link,100,100,100,,3,FALSE,TRUE,TRUE,FALSE,FALSE,100,100
1713,Day28 Cytokines R4,27,20221115mouse1_OD_R_2_0_0000037_Structure_0002,https://drive.google.com/file/d/1sWab7UtXFuEX-peW9MAayV-0kzy7Jw_0/view?usp=share_link,,100,100,3,3,FALSE,FALSE,TRUE,FALSE,FALSE,100,100
1714,Day28 Cytokines R4,27,20221115mouse1_OD_R_2_0_0000037_Structure_0003,https://drive.google.com/file/d/13BnGmYXoWXcqQOWxkSyKaGprpgXIXqPF/view?usp=share_link,100,100,100,100,4,TRUE,TRUE,TRUE,FALSE,FALSE,100,100
1715,Day28 Cytokines R4,27,20221115mouse1_OD_R_2_0_0000037_Structure_0004,https://drive.google.com/file/d/1XK0AeOUbD4Su7XFy19vpp9c6TJ7z_JR5/view?usp=share_link,,100,100,3,3,FALSE,FALSE,TRUE,FALSE,FALSE,100,100
1716,Day28 Cytokines R4,27,20221115mouse1_OD_R_4_0_0000030_Structure_0001,https://drive.google.com/file/d/1ve250qvGaKBj1UmEDVSYwq1OK427BbJH/view?usp=share_link,,2,0.5,2,3,FALSE,FALSE,TRUE,FALSE,FALSE,2,2
1717,Day28 Cytokines R4,27,20221115mouse1_OD_R_4_0_0000030_Structure_0002,https://drive.google.com/file/d/1wKZJ-2cBfcAgncFy6PkLss_RvqA36PUv/view?usp=share_link,,2,1,2,3,FALSE,FALSE,TRUE,FALSE,FALSE,2,2
1718,Day28 Cytokines R4,27,20221115mouse1_OD_R_4_0_0000030_Structure_0003,https://drive.google.com/file/d/1wnayBiEcPUdmZCcrrCUrKIkXlkS-kqmG/view?usp=share_link,,3,2,3,3,FALSE,FALSE,TRUE,FALSE,FALSE,3,3
1719,Day28 Cytokines R4,27,20221115mouse1_OD_R_4_0_0000030_Structure_0004,https://drive.google.com/file/d/1hPM9c6HiSpiuywqQsqDcGxKgQBqdF1tV/view?usp=share_link,100,100,2,,3,FALSE,FALSE,TRUE,FALSE,FALSE,100,100
1720,Day28 Cytokines R4,27,20221115mouse3_OD_R_2_0_0000030_Structure_0001,https://drive.google.com/file/d/1O6YQdwyxHIxauFxo2Y1DXOkaJWdSh9Ou/view?usp=share_link,0,0,,0,3,FALSE,TRUE,TRUE,FALSE,FALSE,0,0
1721,Day28 Cytokines R4,27,20221115mouse3_OD_R_2_0_0000030_Structure_0002,https://drive.google.com/file/d/1b5EwsUlBJprBhbPv9DH1_tOfE1_5AM_a/view?usp=share_link,0,0,0,0,4,TRUE,TRUE,TRUE,FALSE,FALSE,0,0
1722,Day28 Cytokines R4,27,20221115mouse3_OD_R_2_0_0000030_Structure_0003,https://drive.google.com/file/d/1_YgvyOSYotxzaQVAhN2qRaImz4Ve0OhE/view?usp=share_link,0.5,0.5,0.5,0.5,4,TRUE,TRUE,TRUE,FALSE,FALSE,0.5,0.5
1723,Day28 Cytokines R4,27,20221115mouse3_OD_R_2_0_0000030_Structure_0004,https://drive.google.com/file/d/1JDIt3wzGJsOzYTZSWE_G1U2Q8I_ARU31/view?usp=share_link,,0,0,0,3,FALSE,TRUE,TRUE,FALSE,FALSE,0,0
1724,Day28 Cytokines R4,27,20221115mouse3_OD_R_4_0_0000037_Structure_0001,https://drive.google.com/file/d/17JMY7aIJaaXduG_GO9srCxy5mvJ5D-qB/view?usp=share_link,1,1,1,1,4,TRUE,TRUE,TRUE,FALSE,FALSE,1,1
1725,Day28 Cytokines R4,27,20221115mouse3_OD_R_4_0_0000037_Structure_0002,https://drive.google.com/file/d/1DxCh60qNoYKwFBSJUAjKFkBlgjK6qlQb/view?usp=share_link,,1,0.5,1,3,FALSE,FALSE,TRUE,FALSE,FALSE,1,1
1726,Day28 Cytokines R4,27,20221115mouse3_OD_R_4_0_0000037_Structure_0003,https://drive.google.com/file/d/1nkS3Wugu7xUM_BLiPTTvZ874UO1fFPQk/view?usp=share_link,1,0.5,1,2,4,FALSE,FALSE,TRUE,FALSE,FALSE,1,1
1727,Day28 Cytokines R4,27,20221115mouse3_OD_R_4_0_0000037_Structure_0004,https://drive.google.com/file/d/1Fzdz5d0AzfXGczbY8HiHyeoJutP1avmz/view?usp=share_link,,0.5,0.5,2,3,FALSE,FALSE,TRUE,FALSE,FALSE,0.5,0.5
1728,Day28 Cytokines R4,27,20221115mouose4_OD_R_2_0_0000037_Structure_0001,https://drive.google.com/file/d/11GVuKhV55xo8vyOVt0wy2kcxAVURiIrY/view?usp=share_link,0,0,0.5,0,4,FALSE,TRUE,TRUE,FALSE,FALSE,0,0
1729,Day28 Cytokines R4,27,20221115mouose4_OD_R_2_0_0000037_Structure_0002,https://drive.google.com/file/d/1knUGVD1OQT1VqauWtgBg1s1ZrhKelhCW/view?usp=share_link,,0,0,0,3,FALSE,TRUE,TRUE,FALSE,FALSE,0,0
1730,Day28 Cytokines R4,27,20221115mouose4_OD_R_2_0_0000037_Structure_0003,https://drive.google.com/file/d/193AcsAJdnyjeCHcRrNSswASYEh9Bpea9/view?usp=share_link,0.5,0.5,0.5,0.5,4,TRUE,TRUE,TRUE,FALSE,FALSE,0.5,0.5
1731,Day28 Cytokines R4,27,20221115mouose4_OD_R_2_0_0000037_Structure_0004,https://drive.google.com/file/d/1dqDdEKV8K5vhV1zZKjlau489xibKn_a6/view?usp=share_link,,0.5,0.5,0.5,3,FALSE,TRUE,TRUE,FALSE,FALSE,0.5,0.5
1732,Day28 Cytokines R4,27,20221115mouose4_OD_R_4_0_0000030_Structure_0001,https://drive.google.com/file/d/1H6rUq7jDdXawvJ6G-dnpSaZNNsBA-xtW/view?usp=share_link,,0,0,0,3,FALSE,TRUE,TRUE,FALSE,FALSE,0,0
1733,Day28 Cytokines R4,27,20221115mouose4_OD_R_4_0_0000030_Structure_0002,https://drive.google.com/file/d/1G3TFhpP1LE1HUefCeRI49UkaD_pXfaMX/view?usp=share_link,,0,0,0,3,FALSE,TRUE,TRUE,FALSE,FALSE,0,0
1734,Day28 Cytokines R4,27,20221115mouose4_OD_R_4_0_0000030_Structure_0003,https://drive.google.com/file/d/1KQ8UG2D237Oeab28G0h1ohYGQvuuoR98/view?usp=share_link,,0,0,0,3,FALSE,TRUE,TRUE,FALSE,FALSE,0,0
1735,Day28 Cytokines R4,27,20221115mouose4_OD_R_4_0_0000030_Structure_0004,https://drive.google.com/file/d/19gSoEpMRchW0AmNa38IyJ1JxFVk2AOE9/view?usp=share_link,0,0,0,0,4,TRUE,TRUE,TRUE,FALSE,FALSE,0,0
1736,Day28 Cytokines R4,27,20221115mouse5_OD_R_2_0_0000030_Structure_0001,https://drive.google.com/file/d/1TRwyDh_1OVPDULhhX6WXlrT3llJ0ZuH0/view?usp=share_link,,0,0,0,3,FALSE,TRUE,TRUE,FALSE,FALSE,0,0
1737,Day28 Cytokines R4,27,20221115mouse5_OD_R_2_0_0000030_Structure_0002,https://drive.google.com/file/d/1FjUzVMTURNhUAS-8FyVAcUPgWIGYSi4j/view?usp=share_link,,0.5,0.5,0,3,FALSE,FALSE,TRUE,FALSE,FALSE,0.5,0.5
1738,Day28 Cytokines R4,27,20221115mouse5_OD_R_2_0_0000030_Structure_0003,https://drive.google.com/file/d/1Y9r8WgFLl4cBy8vVaECKC9qX4f_sGwxz/view?usp=share_link,,0,0,0.5,3,FALSE,TRUE,TRUE,FALSE,FALSE,0,0
1739,Day28 Cytokines R4,27,20221115mouse5_OD_R_2_0_0000030_Structure_0004,https://drive.google.com/file/d/1QTfZrIano83ZOb-j49OTUs7MjLT56ST1/view?usp=share_link,,0,0,0,3,FALSE,TRUE,TRUE,FALSE,FALSE,0,0
1740,Day28 Cytokines R4,27,20221115mouse5_OD_R_4_0_0000037_Structure_0001,https://drive.google.com/file/d/145G6riGXMefxf-Vn472MgBdQSV8sti8t/view?usp=share_link,0,0,0,0,4,TRUE,TRUE,TRUE,FALSE,FALSE,0,0
1741,Day28 Cytokines R4,27,20221115mouse5_OD_R_4_0_0000037_Structure_0002,https://drive.google.com/file/d/1m1cWNctPw0ysH27i6L6-vbjafT9p6idX/view?usp=share_link,0,0,,0,3,FALSE,TRUE,TRUE,FALSE,FALSE,0,0
1742,Day28 Cytokines R4,27,20221115mouse5_OD_R_4_0_0000037_Structure_0003,https://drive.google.com/file/d/18x27fuF2ln17VCPKt44HAakRg9MPfxBK/view?usp=share_link,0,0,0,0,4,TRUE,TRUE,TRUE,FALSE,FALSE,0,0
1743,Day28 Cytokines R4,27,20221115mouse5_OD_R_4_0_0000037_Structure_0004,https://drive.google.com/file/d/1Fta1xFrHkBKh1vynQg4rECIirhHTBBds/view?usp=share_link,,0,0,0,3,FALSE,TRUE,TRUE,FALSE,FALSE,0,0
1744,Day28 Cytokines R4,27,20221115mouse6_OD_R_2_0_0000030_Structure_0001,https://drive.google.com/file/d/1gxofR-rGhTsX8FzcBSjJATXX1nVsNFwm/view?usp=share_link,,2,2,3,3,FALSE,FALSE,TRUE,FALSE,FALSE,2,2
1745,Day28 Cytokines R4,27,20221115mouse6_OD_R_2_0_0000030_Structure_0002,https://drive.google.com/file/d/1gL5_A-Hwkcp5zxzqyShIJc9rtfJDFMRZ/view?usp=share_link,,2,2,3,3,FALSE,FALSE,TRUE,FALSE,FALSE,2,2
1746,Day28 Cytokines R4,27,20221115mouse6_OD_R_2_0_0000030_Structure_0003,https://drive.google.com/file/d/1eLacSRF1AlWWnr3GjhTH-vo9iq1EpYlu/view?usp=share_link,,3,3,3,3,FALSE,TRUE,TRUE,FALSE,FALSE,3,3
1747,Day28 Cytokines R4,27,20221115mouse6_OD_R_2_0_0000030_Structure_0004,https://drive.google.com/file/d/1omjrST46JzqyDts6gJvG3cLc2GxM3tkM/view?usp=share_link,,4,4,3,3,FALSE,FALSE,TRUE,FALSE,FALSE,4,4
1748,Day28 Cytokines R4,27,20221115mouse6_OD_R_4_0_0000037_Structure_0001,https://drive.google.com/file/d/1KjNU5K-VbM2HsXAORmBncWzm64_mTlsl/view?usp=share_link,,1,1,2,3,FALSE,FALSE,TRUE,FALSE,FALSE,1,1
1749,Day28 Cytokines R4,27,20221115mouse6_OD_R_4_0_0000037_Structure_0002,https://drive.google.com/file/d/1-PTb1w-ltZaWRyuFx5vGTRDKWt8xV07-/view?usp=share_link,2,1,2,2,4,FALSE,TRUE,TRUE,FALSE,FALSE,2,2
1750,Day28 Cytokines R4,27,20221115mouse6_OD_R_4_0_0000037_Structure_0003,https://drive.google.com/file/d/1vjvsp-yBC3y5WBYhqKS1Q5WCAON3m-E3/view?usp=share_link,,0.5,2,2,3,FALSE,FALSE,TRUE,FALSE,FALSE,2,2
1751,Day28 Cytokines R4,27,20221115mouse6_OD_R_4_0_0000037_Structure_0004,https://drive.google.com/file/d/1GHmG_KZd_BAN3__nK1nQUksagpX7JqNF/view?usp=share_link,,2,2,3,3,FALSE,FALSE,TRUE,FALSE,FALSE,2,2
1752,Day28 Cytokines R4,27,20221115mouse7_OD_R_2_0_0000037_Structure_0001,https://drive.google.com/file/d/1fvwkBtt5n2agekngnhEcFCLodcg6AN4j/view?usp=share_link,,0,0,0,3,FALSE,TRUE,TRUE,FALSE,FALSE,0,0
1753,Day28 Cytokines R4,27,20221115mouse7_OD_R_2_0_0000037_Structure_0002,https://drive.google.com/file/d/1ttUhcwTpb54yTzdmKOYuAr2dehTjlibZ/view?usp=share_link,,0,0.5,0.5,3,FALSE,FALSE,TRUE,FALSE,FALSE,0.5,0.5
1754,Day28 Cytokines R4,27,20221115mouse7_OD_R_2_0_0000037_Structure_0003,https://drive.google.com/file/d/1nn_QokGhv7sj9y-PdChgWgrYnE6U8WWV/view?usp=share_link,0,0,,0,3,FALSE,TRUE,TRUE,FALSE,FALSE,0,0
1755,Day28 Cytokines R4,27,20221115mouse7_OD_R_2_0_0000037_Structure_0004,https://drive.google.com/file/d/1S6HWiPS6DnfnQb1HzOWdBBVntiOaican/view?usp=share_link,,0,0.5,0.5,3,FALSE,FALSE,TRUE,FALSE,FALSE,0.5,0.5
1756,Day28 Cytokines R4,27,20221115mouse7_OD_R_4_0_0000030_Structure_0001,https://drive.google.com/file/d/1kD8MoQT3LBv9d18d9llFPHOT5CtQHhw6/view?usp=share_link,,0,0,0,3,FALSE,TRUE,TRUE,FALSE,FALSE,0,0
1757,Day28 Cytokines R4,27,20221115mouse7_OD_R_4_0_0000030_Structure_0002,https://drive.google.com/file/d/1vLqS1SlBplC6qs5uVXSF7mRL0L6-43Uv/view?usp=share_link,,0,0,0,3,FALSE,TRUE,TRUE,FALSE,FALSE,0,0
1758,Day28 Cytokines R4,27,20221115mouse7_OD_R_4_0_0000030_Structure_0003,https://drive.google.com/file/d/1OaZh_B9fHxwnG5aMU6C4AWJqxaE_oqA9/view?usp=share_link,0,0,,0,3,FALSE,TRUE,TRUE,FALSE,FALSE,0,0
1759,Day28 Cytokines R4,27,20221115mouse7_OD_R_4_0_0000030_Structure_0004,https://drive.google.com/file/d/1A0G-qUu5EBHFXoJiO7cjOTvZj-38YgUE/view?usp=share_link,0,0,0,0,4,TRUE,TRUE,TRUE,FALSE,FALSE,0,0
1760,Day28 Cytokines R4,27,20221115mouse8_OD_R_2_0_0000030_Structure_0001,https://drive.google.com/file/d/1IO34CtrAQGxsObtQkdrdivXx0th7B8wG/view?usp=share_link,,0,0,0,3,FALSE,TRUE,TRUE,FALSE,FALSE,0,0
1761,Day28 Cytokines R4,27,20221115mouse8_OD_R_2_0_0000030_Structure_0002,https://drive.google.com/file/d/1ZFdUjQcqgo1DgA5Kbt-eosTz7FfR_gBP/view?usp=share_link,,0,0,0,3,FALSE,TRUE,TRUE,FALSE,FALSE,0,0
1762,Day28 Cytokines R4,27,20221115mouse8_OD_R_2_0_0000030_Structure_0003,https://drive.google.com/file/d/1RSxS93KdTGureUw3ni8aZtTGqAhaPYnZ/view?usp=share_link,,0,0.5,0.5,3,FALSE,FALSE,TRUE,FALSE,FALSE,0.5,0.5
1763,Day28 Cytokines R4,27,20221115mouse8_OD_R_2_0_0000030_Structure_0004,https://drive.google.com/file/d/1wfMkgkTSpuNhy978eXtxANyOmKXZi9ec/view?usp=share_link,,0,0,0,3,FALSE,TRUE,TRUE,FALSE,FALSE,0,0
1764,Day28 Cytokines R4,27,20221115mouse8_OD_R_4_0_0000037_Structure_0001,https://drive.google.com/file/d/1lU0jcUQlaHK8Gd8TL78dR5sWAvztkqne/view?usp=share_link,0,0,,0,3,FALSE,TRUE,TRUE,FALSE,FALSE,0,0
1765,Day28 Cytokines R4,27,20221115mouse8_OD_R_4_0_0000037_Structure_0002,https://drive.google.com/file/d/1E6WoxzBg8yHSaOBTus327PMDwvEiMjPt/view?usp=share_link,,0.5,0,0,3,FALSE,TRUE,TRUE,FALSE,FALSE,0,0
1766,Day28 Cytokines R4,27,20221115mouse8_OD_R_4_0_0000037_Structure_0003,https://drive.google.com/file/d/1priFJeolN5hK4DIjYa6rE3fi4jvdI-WF/view?usp=share_link,,0,0,0,3,FALSE,TRUE,TRUE,FALSE,FALSE,0,0
1767,Day28 Cytokines R4,27,20221115mouse8_OD_R_4_0_0000037_Structure_0004,https://drive.google.com/file/d/1H55eYkrA6c1tm86PosCiv0uPhxWqng7s/view?usp=share_link,,0,0,0,3,FALSE,TRUE,TRUE,FALSE,FALSE,0,0
1768,Day28 Cytokines R4,27,20221115mouse9_OD_R_2_0_0000037_Structure_0001,https://drive.google.com/file/d/1rQb-Itfp3z4LZJrXeEG6oEHb_BOBTf8o/view?usp=share_link,,0.5,0.5,0.5,3,FALSE,TRUE,TRUE,FALSE,FALSE,0.5,0.5
1769,Day28 Cytokines R4,27,20221115mouse9_OD_R_2_0_0000037_Structure_0002,https://drive.google.com/file/d/1z5B4QAwE91y0o-n0iqYKunRkBCaheVo3/view?usp=share_link,,0,1,1,3,FALSE,FALSE,TRUE,FALSE,FALSE,1,1
1770,Day28 Cytokines R4,27,20221115mouse9_OD_R_2_0_0000037_Structure_0003,https://drive.google.com/file/d/15zX6ef51yHpg8iJlUI2o547cP9C3-lft/view?usp=share_link,1,1,0.5,1,4,FALSE,TRUE,TRUE,FALSE,FALSE,1,1
1771,Day28 Cytokines R4,27,20221115mouse9_OD_R_2_0_0000037_Structure_0004,https://drive.google.com/file/d/121Wmz6P5yaU3ZpKG7H8Y1BnJ8rbs30yA/view?usp=share_link,0.5,1,0.5,0.5,4,FALSE,TRUE,TRUE,FALSE,FALSE,0.5,0.5
1772,Day28 Cytokines R4,27,20221115mouse9_OD_R_4_0_0000030_Structure_0001,https://drive.google.com/file/d/1EPAk3qs8Pooh-j0yFmqKEfl-abWTAjiH/view?usp=share_link,,0.5,0.5,0.5,3,FALSE,TRUE,TRUE,FALSE,FALSE,0.5,0.5
1773,Day28 Cytokines R4,27,20221115mouse9_OD_R_4_0_0000030_Structure_0002,https://drive.google.com/file/d/1yvxRAMF6saRzs7nJeFS4LTycisPVCEJ2/view?usp=share_link,,0,0,0,3,FALSE,TRUE,TRUE,FALSE,FALSE,0,0
1774,Day28 Cytokines R4,27,20221115mouse9_OD_R_4_0_0000030_Structure_0003,https://drive.google.com/file/d/1OieKhxJVxKqrDo9n3WhYfv_DuOnvkGHQ/view?usp=share_link,0.5,0.5,,0.5,3,FALSE,TRUE,TRUE,FALSE,FALSE,0.5,0.5
1775,Day28 Cytokines R4,27,20221115mouse9_OD_R_4_0_0000030_Structure_0004,https://drive.google.com/file/d/1R0P5b-jRDn4Iuiy2AX34gnFuQ2DbLlzH/view?usp=share_link,,0.5,0.5,0.5,3,FALSE,TRUE,TRUE,FALSE,FALSE,0.5,0.5
1776,Day28 Cytokines R5,2,20221215mouse1_OD_R_2_0_0000002_Structure_0001,https://drive.google.com/file/d/1RgmXrLu48OEcZ5uWfEBI0i3LH5GIB46d/view?usp=share_link,,0.5,0.5,1,3,FALSE,FALSE,TRUE,FALSE,FALSE,0.5,0.5
1777,Day28 Cytokines R5,2,20221215mouse1_OD_R_2_0_0000002_Structure_0002,https://drive.google.com/file/d/1AxaMCD6buCTJ4Vq4Ak5oGgtii63h3pHv/view?usp=share_link,1,1,1,1,4,TRUE,TRUE,TRUE,FALSE,FALSE,1,1
1778,Day28 Cytokines R5,2,20221215mouse1_OD_R_2_0_0000002_Structure_0003,https://drive.google.com/file/d/1NZ-zO7PCJpjNd8UB_hWqmhU4XQa58dPq/view?usp=share_link,1,1,,1,3,FALSE,TRUE,TRUE,FALSE,FALSE,1,1
1779,Day28 Cytokines R5,2,20221215mouse1_OD_R_2_0_0000002_Structure_0004,https://drive.google.com/file/d/1CAZQ_yuUVyM-n7N8fCBeQBaYc9EUMu1r/view?usp=share_link,1,1,1,1,4,TRUE,TRUE,TRUE,FALSE,FALSE,1,1
1780,Day28 Cytokines R5,2,20221215mouse1_OD_R_4_0_0000009_Structure_0001,https://drive.google.com/file/d/1ltBFPV9sp7CjzITkdScCu9tALvH4dPrh/view?usp=share_link,1,0.5,,1,3,FALSE,FALSE,TRUE,FALSE,FALSE,1,1
1781,Day28 Cytokines R5,2,20221215mouse1_OD_R_4_0_0000009_Structure_0002,https://drive.google.com/file/d/1S_1-mg-9Iu430J6fJgMUzbmvZNcgnv84/view?usp=share_link,,1,0.5,1,3,FALSE,FALSE,TRUE,FALSE,FALSE,1,1
1782,Day28 Cytokines R5,2,20221215mouse1_OD_R_4_0_0000009_Structure_0003,https://drive.google.com/file/d/16KSBfj8HIGyqqSfDjRlkiH0m0UT0EiNf/view?usp=share_link,2,2,2,2,4,TRUE,TRUE,TRUE,FALSE,FALSE,2,2
1783,Day28 Cytokines R5,2,20221215mouse1_OD_R_4_0_0000009_Structure_0004,https://drive.google.com/file/d/19QXbdMdInGoWY4qRxOc8TQoISjlQe_No/view?usp=share_link,1,1,1,1,4,TRUE,TRUE,TRUE,FALSE,FALSE,1,1
1784,Day28 Cytokines R5,2,20221215mouse2_OD_R_2_0_0000009_Structure_0001,https://drive.google.com/file/d/1EQXpRO7F_8esq1p1RnfMyUTfvhfixuR-/view?usp=share_link,,0.5,4,4,3,FALSE,FALSE,TRUE,FALSE,FALSE,4,4
1785,Day28 Cytokines R5,2,20221215mouse2_OD_R_2_0_0000009_Structure_0002,https://drive.google.com/file/d/1Swrte_kVizSM_X-FaH_FgAnC3aY9kNLs/view?usp=share_link,,4,4,4,3,FALSE,TRUE,TRUE,FALSE,FALSE,4,4
1786,Day28 Cytokines R5,2,20221215mouse2_OD_R_2_0_0000009_Structure_0003,https://drive.google.com/file/d/1iTCGOm4TOR82pMMbA6uPizsxTMTsXl3h/view?usp=share_link,,4,4,4,3,FALSE,TRUE,TRUE,FALSE,FALSE,4,4
1787,Day28 Cytokines R5,2,20221215mouse2_OD_R_2_0_0000009_Structure_0004,https://drive.google.com/file/d/1vS_GZJTPJRaHnGSG-F74JVUzEzMo66QR/view?usp=share_link,,4,4,4,3,FALSE,TRUE,TRUE,FALSE,FALSE,4,4
1788,Day28 Cytokines R5,2,20221215mouse2_OD_R_4_0_0000002_Structure_0001,https://drive.google.com/file/d/13ZmsOPHk5gcxQfalUMyHPpLHLYsIYTf8/view?usp=share_link,2,1,1,1,4,FALSE,TRUE,TRUE,FALSE,FALSE,1,1
1789,Day28 Cytokines R5,2,20221215mouse2_OD_R_4_0_0000002_Structure_0002,https://drive.google.com/file/d/1Ju64U1EekG5kDd_3kCg8Li2CZz2F76vH/view?usp=share_link,,1,1,2,3,FALSE,FALSE,TRUE,FALSE,FALSE,1,1
1790,Day28 Cytokines R5,2,20221215mouse2_OD_R_4_0_0000002_Structure_0003,https://drive.google.com/file/d/17ynFuqowy7PiCdCYC9S7zF1a-jsqRRQh/view?usp=share_link,3,2,2,2,4,FALSE,TRUE,TRUE,FALSE,FALSE,2,2
1791,Day28 Cytokines R5,2,20221215mouse2_OD_R_4_0_0000002_Structure_0004,https://drive.google.com/file/d/1MiUjJ9rADXPlGjrJ-gb-ieb2jguHYzyg/view?usp=share_link,3,1,2,2,4,FALSE,FALSE,TRUE,FALSE,FALSE,2,2
1792,Day28 Cytokines R5,2,20221215mouse4_OD_R_2_0_0000002_Structure_0001,https://drive.google.com/file/d/1GVfNYmybyyTBT5DYDf8XDd6bt0KPAHNx/view?usp=share_link,,1,1,1,3,FALSE,TRUE,TRUE,FALSE,FALSE,1,1
1793,Day28 Cytokines R5,2,20221215mouse4_OD_R_2_0_0000002_Structure_0002,https://drive.google.com/file/d/1xo-s00PoqURTJjrBJeFe5ORBmWjfpg14/view?usp=share_link,,2,1,2,3,FALSE,FALSE,TRUE,FALSE,FALSE,2,2
1794,Day28 Cytokines R5,2,20221215mouse4_OD_R_2_0_0000002_Structure_0003,https://drive.google.com/file/d/1qjmCMzG3UkbyYCcBI1d5X8C6jrX21plh/view?usp=share_link,,2,2,3,3,FALSE,FALSE,TRUE,FALSE,FALSE,2,2
1795,Day28 Cytokines R5,2,20221215mouse4_OD_R_2_0_0000002_Structure_0004,https://drive.google.com/file/d/1PCk5aWV-GMSSY_GGb2HmRTHbHnXCbXVU/view?usp=share_link,,2,2,2,3,FALSE,TRUE,TRUE,FALSE,FALSE,2,2
1796,Day28 Cytokines R5,2,20221215mouse4_OD_R_4_0_0000009_Structure_0001,https://drive.google.com/file/d/1ePSneVw2YBNmEfJVjgyj7AxUgwuoUnnl/view?usp=share_link,,1,0.5,1,3,FALSE,FALSE,TRUE,FALSE,FALSE,1,1
1797,Day28 Cytokines R5,2,20221215mouse4_OD_R_4_0_0000009_Structure_0002,https://drive.google.com/file/d/1NdA60HyW4KQX0rGFKEhWH0PwozDcF0QD/view?usp=share_link,0,0,,0,3,FALSE,TRUE,TRUE,FALSE,FALSE,0,0
1798,Day28 Cytokines R5,2,20221215mouse4_OD_R_4_0_0000009_Structure_0003,https://drive.google.com/file/d/1qnMUtbu6DKBa60n_dL6MQeT3eMm9Hk6T/view?usp=share_link,,2,2,2,3,FALSE,TRUE,TRUE,FALSE,FALSE,2,2
1799,Day28 Cytokines R5,2,20221215mouse4_OD_R_4_0_0000009_Structure_0004,https://drive.google.com/file/d/1WcF6xhFO1NgkQRmUKJVqvbLufwQDg0ty/view?usp=share_link,,0,0,0,3,FALSE,TRUE,TRUE,FALSE,FALSE,0,0
1800,Day28 Cytokines R5,2,20221215mouse5_OD_R_2_0_0000009_Structure_0001,https://drive.google.com/file/d/1nP2nyaeeYCgHHC9YizdlTmDyC8A0JtTK/view?usp=share_link,2,1,,2,3,FALSE,FALSE,TRUE,FALSE,FALSE,2,2
1801,Day28 Cytokines R5,2,20221215mouse5_OD_R_2_0_0000009_Structure_0002,https://drive.google.com/file/d/15aB0scpiRIcUqfGj4OekTQk9i661Ydtk/view?usp=share_link,2,2,1,2,4,FALSE,TRUE,TRUE,FALSE,FALSE,2,2
1802,Day28 Cytokines R5,2,20221215mouse5_OD_R_2_0_0000009_Structure_0003,https://drive.google.com/file/d/1iMjOr4Mhtd2bOOYOtiup1WQFlmDOB7bO/view?usp=share_link,,2,2,2,3,FALSE,TRUE,TRUE,FALSE,FALSE,2,2
1803,Day28 Cytokines R5,2,20221215mouse5_OD_R_2_0_0000009_Structure_0004,https://drive.google.com/file/d/102Tv01-kp3JpbMzKAanQj8PUUixrWS0w/view?usp=share_link,1,2,1,1,4,FALSE,TRUE,TRUE,FALSE,FALSE,1,1
1804,Day28 Cytokines R5,2,20221215mouse5_OD_R_4_0_0000002_Structure_0001,https://drive.google.com/file/d/1PJxpAVyTo_0dc3iPvGcnqosqnOb8Jnts/view?usp=share_link,,0,0,0,3,FALSE,TRUE,TRUE,FALSE,FALSE,0,0
1805,Day28 Cytokines R5,2,20221215mouse5_OD_R_4_0_0000002_Structure_0002,https://drive.google.com/file/d/1qjnbsbMUlv6V5-uO8toyw9eKx9lVisEf/view?usp=share_link,,0,0,0,3,FALSE,TRUE,TRUE,FALSE,FALSE,0,0
1806,Day28 Cytokines R5,2,20221215mouse5_OD_R_4_0_0000002_Structure_0003,https://drive.google.com/file/d/1ENkogJLrbg6LObPBCau4Pv9h8vm0cJs-/view?usp=share_link,,0,0,2,3,FALSE,TRUE,TRUE,FALSE,FALSE,0,0
1807,Day28 Cytokines R5,2,20221215mouse5_OD_R_4_0_0000002_Structure_0004,https://drive.google.com/file/d/1FgdYtO9O3P96x6UsmcxkK97wafDRgaC-/view?usp=share_link,,0.5,0.5,0.5,3,FALSE,TRUE,TRUE,FALSE,FALSE,0.5,0.5
1808,Day28 Cytokines R5,2,20221215mouse6_OD_R_2_0_0000002_Structure_0001,https://drive.google.com/file/d/1OMe6YudFIsu-Oll74bex0fEaJTa7gGsG/view?usp=share_link,,2,2,3,3,FALSE,FALSE,TRUE,FALSE,FALSE,2,2
1809,Day28 Cytokines R5,2,20221215mouse6_OD_R_2_0_0000002_Structure_0002,https://drive.google.com/file/d/1meBFUJhLCU24tOHknvXXRRVvqtZI_ypR/view?usp=share_link,3,2,,3,3,FALSE,FALSE,TRUE,FALSE,FALSE,3,3
1810,Day28 Cytokines R5,2,20221215mouse6_OD_R_2_0_0000002_Structure_0003,https://drive.google.com/file/d/11NMhhoezUFHDTzJ61s5wA7GTTgZDIozZ/view?usp=share_link,4,3,3,4,4,FALSE,FALSE,TRUE,TRUE,FALSE,4,4
1811,Day28 Cytokines R5,2,20221215mouse6_OD_R_2_0_0000002_Structure_0004,https://drive.google.com/file/d/1txXzdk4M85Ynpp-rMlcKeN55GMykwuCd/view?usp=share_link,,2,2,2,3,FALSE,TRUE,TRUE,FALSE,FALSE,2,2
1812,Day28 Cytokines R5,2,20221215mouse6_OD_R_4_0_0000009_Structure_0001,https://drive.google.com/file/d/1O_BNCxXu81tN0L7FLkUNu4NbEJbI2sdr/view?usp=share_link,0,0,,0,3,FALSE,TRUE,TRUE,FALSE,FALSE,0,0
1813,Day28 Cytokines R5,2,20221215mouse6_OD_R_4_0_0000009_Structure_0002,https://drive.google.com/file/d/1Kxp4wT7G-3beJVtrUAe7IJxmBLOyq5oo/view?usp=share_link,,0,0,0,3,FALSE,TRUE,TRUE,FALSE,FALSE,0,0
1814,Day28 Cytokines R5,2,20221215mouse6_OD_R_4_0_0000009_Structure_0003,https://drive.google.com/file/d/1QCnT6n57LLybTTPhyxkpXCc-DdWsmeQR/view?usp=share_link,,0,0,0,3,FALSE,TRUE,TRUE,FALSE,FALSE,0,0
1815,Day28 Cytokines R5,2,20221215mouse6_OD_R_4_0_0000009_Structure_0004,https://drive.google.com/file/d/1XSyXyxoD7NxhuWSHbxxBPOmiVpdJXH1A/view?usp=share_link,,0,0,0,3,FALSE,TRUE,TRUE,FALSE,FALSE,0,0
1816,Day28 Cytokines R5,2,20221215mouse7_OD_R_2_0_0000009_Structure_0001,https://drive.google.com/file/d/1Na1HbbhYvm5P3p4_tkGNrJQXp3a7sxRV/view?usp=share_link,2,3,,3,3,FALSE,FALSE,TRUE,FALSE,FALSE,3,3
1817,Day28 Cytokines R5,2,20221215mouse7_OD_R_2_0_0000009_Structure_0002,https://drive.google.com/file/d/1aBCX0orybfAbqpBl2BE6nLhcBVIP0VSo/view?usp=share_link,2,4,3,4,4,FALSE,FALSE,TRUE,FALSE,FALSE,4,4
1818,Day28 Cytokines R5,2,20221215mouse7_OD_R_2_0_0000009_Structure_0003,https://drive.google.com/file/d/107510VPyaMnA5OqdNfQ7l4OLKzlacHp7/view?usp=share_link,2,2,3,3,4,FALSE,FALSE,TRUE,TRUE,FALSE,2,2
1819,Day28 Cytokines R5,2,20221215mouse7_OD_R_2_0_0000009_Structure_0004,https://drive.google.com/file/d/1oRB3mDDYEd3bOHMhPRInmUNGdhJHF5aq/view?usp=share_link,,3,3,3,3,FALSE,TRUE,TRUE,FALSE,FALSE,3,3
1820,Day28 Cytokines R5,2,20221215mouse7_OD_R_4_0_0000002_Structure_0001,https://drive.google.com/file/d/1n0S59U0OPeReQjzC11ICvgG4P3DpQed7/view?usp=share_link,1,0.5,0.5,2,4,FALSE,FALSE,TRUE,FALSE,FALSE,0.5,0.5
1821,Day28 Cytokines R5,2,20221215mouse7_OD_R_4_0_0000002_Structure_0002,https://drive.google.com/file/d/1k_Q7ypxGNgDzNrLf9LijQrYu0DFe0xu2/view?usp=share_link,,0.5,0.5,2,3,FALSE,FALSE,TRUE,FALSE,FALSE,0.5,0.5
1822,Day28 Cytokines R5,2,20221215mouse7_OD_R_4_0_0000002_Structure_0003,https://drive.google.com/file/d/1zaKy8xVkdeM85YGIt5wiysCCMpUEjn9R/view?usp=share_link,,2,2,2,3,FALSE,TRUE,TRUE,FALSE,FALSE,2,2
1823,Day28 Cytokines R5,2,20221215mouse7_OD_R_4_0_0000002_Structure_0004,https://drive.google.com/file/d/1rJGDuu5stT58t2i6DCN9chY9qnBiWH_w/view?usp=share_link,,2,2,2,3,FALSE,TRUE,TRUE,FALSE,FALSE,2,2
1824,Day28 Cytokines R5,2,20221215mouse8_OD_R_2_0_0000002_Structure_0001,https://drive.google.com/file/d/1fuyar_Z2x3yRMw_WDA4XBxyAPo230ghy/view?usp=share_link,,2,2,3,3,FALSE,FALSE,TRUE,FALSE,FALSE,2,2
1825,Day28 Cytokines R5,2,20221215mouse8_OD_R_2_0_0000002_Structure_0002,https://drive.google.com/file/d/1wysgKUZdnZuxGrGHP27MOIgsgpyqW-jx/view?usp=share_link,,3,3,3,3,FALSE,TRUE,TRUE,FALSE,FALSE,3,3
1826,Day28 Cytokines R5,2,20221215mouse8_OD_R_2_0_0000002_Structure_0003,https://drive.google.com/file/d/1XHOv_WQMLJh08PK9RnAh23sJbn6I4m6C/view?usp=share_link,,3,2,3,3,FALSE,FALSE,TRUE,FALSE,FALSE,3,3
1827,Day28 Cytokines R5,2,20221215mouse8_OD_R_2_0_0000002_Structure_0004,https://drive.google.com/file/d/10O9Aqy9yq_SlH9VYL-d2alQbCpvopLmW/view?usp=share_link,3,3,3,3,4,TRUE,TRUE,TRUE,FALSE,FALSE,3,3
1828,Day28 Cytokines R5,2,20221215mouse8_OD_R_4_0_0000009_Structure_0001,https://drive.google.com/file/d/165BtShyGhEyo4L04ZjWV46buoTJXF50q/view?usp=share_link,0,0.5,0,0.5,4,FALSE,FALSE,TRUE,TRUE,FALSE,0,0
1829,Day28 Cytokines R5,2,20221215mouse8_OD_R_4_0_0000009_Structure_0002,https://drive.google.com/file/d/1T5NciN8ZC3mmfUHY_aKSfOY6BDjyEwWp/view?usp=share_link,,2,0,0,3,FALSE,TRUE,TRUE,FALSE,FALSE,0,0
1830,Day28 Cytokines R5,2,20221215mouse8_OD_R_4_0_0000009_Structure_0003,https://drive.google.com/file/d/1StpT4SWt8-thL5oK9n94SO0TvtBZ1Bxs/view?usp=share_link,,2,2,2,3,FALSE,TRUE,TRUE,FALSE,FALSE,2,2
1831,Day28 Cytokines R5,2,20221215mouse8_OD_R_4_0_0000009_Structure_0004,https://drive.google.com/file/d/1cCxjJSTTXpPqEIPHYILFsZG2QDJ9ED_3/view?usp=share_link,0.5,3,1,2,4,FALSE,FALSE,FALSE,FALSE,FALSE,,#N/A
1832,Day28 Cytokines R5,2,20221215mouse9_OD_R_2_0_0000009_Structure_0001,https://drive.google.com/file/d/1VRHH8acLQfWaprMZPNh9Kt0ch3VZZpeF/view?usp=share_link,,3,2,3,3,FALSE,FALSE,TRUE,FALSE,FALSE,3,3
1833,Day28 Cytokines R5,2,20221215mouse9_OD_R_2_0_0000009_Structure_0002,https://drive.google.com/file/d/1htlMrh2xzBi0Ty3glEYrifF3ZssDDAEu/view?usp=share_link,,3,2,3,3,FALSE,FALSE,TRUE,FALSE,FALSE,3,3
1834,Day28 Cytokines R5,2,20221215mouse9_OD_R_2_0_0000009_Structure_0003,https://drive.google.com/file/d/1zi4xoUPDHtcXH8QBzrDztTO0UWwO2A2r/view?usp=share_link,,3,2,3,3,FALSE,FALSE,TRUE,FALSE,FALSE,3,3
1835,Day28 Cytokines R5,2,20221215mouse9_OD_R_2_0_0000009_Structure_0004,https://drive.google.com/file/d/1XgAL1veRYt3wIO8RBWkfF2NWl3-r0l9g/view?usp=share_link,,3,2,3,3,FALSE,FALSE,TRUE,FALSE,FALSE,3,3
1836,Day28 Cytokines R5,2,20221215mouse9_OD_R_4_0_0000002_Structure_0001,https://drive.google.com/file/d/1Waj1plGB7ufYoFsvHwo0xodJywUpVgFZ/view?usp=share_link,,0,0,0,3,FALSE,TRUE,TRUE,FALSE,FALSE,0,0
1837,Day28 Cytokines R5,2,20221215mouse9_OD_R_4_0_0000002_Structure_0002,https://drive.google.com/file/d/1gCzKdRTQvM6H8PSkY43G7ZPrwT6ODsLJ/view?usp=share_link,,0.5,0.5,0.5,3,FALSE,TRUE,TRUE,FALSE,FALSE,0.5,0.5
1838,Day28 Cytokines R5,2,20221215mouse9_OD_R_4_0_0000002_Structure_0003,https://drive.google.com/file/d/1ii8ulcLc-swTZX4oPDdett8BiPUHqQ-0/view?usp=share_link,0.5,0.5,0,2,4,FALSE,FALSE,TRUE,FALSE,FALSE,0.5,0.5
1839,Day28 Cytokines R5,2,20221215mouse9_OD_R_4_0_0000002_Structure_0004,https://drive.google.com/file/d/11UtlPPFqpSd1cAWNgRmDDO3zFRaVMYIe/view?usp=share_link,2,2,2,2,4,TRUE,TRUE,TRUE,FALSE,FALSE,2,2
1840,Day28 Cytokines R5,2,20221215mouse10_OD_R_2_0_0000002_Structure_0001,https://drive.google.com/file/d/1q16hxkqVGmy1fgn1hv-4jPp7Ls1QLZEc/view?usp=share_link,,2,2,2,3,FALSE,TRUE,TRUE,FALSE,FALSE,2,2
1841,Day28 Cytokines R5,2,20221215mouse10_OD_R_2_0_0000002_Structure_0002,https://drive.google.com/file/d/1XCjWhC3jhBq_VVqOR-kr2ufKRWWobrIp/view?usp=share_link,,3,4,4,3,FALSE,FALSE,TRUE,FALSE,FALSE,4,4
1842,Day28 Cytokines R5,2,20221215mouse10_OD_R_2_0_0000002_Structure_0003,https://drive.google.com/file/d/1Vr4vAvDOrmro_i5sqq5xpKygsgB2lGh0/view?usp=share_link,,2,2,3,3,FALSE,FALSE,TRUE,FALSE,FALSE,2,2
1843,Day28 Cytokines R5,2,20221215mouse10_OD_R_2_0_0000002_Structure_0004,https://drive.google.com/file/d/1N28yoorJ2V6HH_DhP175FtjngSjpVHHz/view?usp=share_link,2,2,,2,3,FALSE,TRUE,TRUE,FALSE,FALSE,2,2
1844,Day28 Cytokines R5,2,20221215mouse10_OD_R_4_0_0000009_Structure_0001,https://drive.google.com/file/d/1MsIC_wQUUDhnsN02SErrpux0vH_giIFL/view?usp=share_link,2,0.5,,2,3,FALSE,FALSE,TRUE,FALSE,FALSE,2,2
1845,Day28 Cytokines R5,2,20221215mouse10_OD_R_4_0_0000009_Structure_0002,https://drive.google.com/file/d/1sFZI_PfyLlclpI7GgLXdfdNgKYwVFK86/view?usp=share_link,,2,2,2,3,FALSE,TRUE,TRUE,FALSE,FALSE,2,2
1846,Day28 Cytokines R5,2,20221215mouse10_OD_R_4_0_0000009_Structure_0003,https://drive.google.com/file/d/1POoZ7rZ3E8QdKrnmQ9krk9myu22ZwwPQ/view?usp=share_link,,0.5,2,2,3,FALSE,FALSE,TRUE,FALSE,FALSE,2,2
1847,Day28 Cytokines R5,2,20221215mouse10_OD_R_4_0_0000009_Structure_0004,https://drive.google.com/file/d/1M4uRmIv-uoeBR0fqickDsrBv2O9aAbb-/view?usp=share_link,2,0.5,,2,3,FALSE,FALSE,TRUE,FALSE,FALSE,2,2
1848,Day28 Cytokines R5,2,20221215mouse11_OD_R_2_0_0000009_Structure_0001,https://drive.google.com/file/d/1yvFQeIldvYABy2iHxfyGFbOxAfgrRJqk/view?usp=share_link,,0.5,0.5,0.5,3,FALSE,TRUE,TRUE,FALSE,FALSE,0.5,0.5
1849,Day28 Cytokines R5,2,20221215mouse11_OD_R_2_0_0000009_Structure_0002,https://drive.google.com/file/d/1NNhu6NRxJu_z0Y2qVOigNyXTftwHt1yS/view?usp=share_link,0.5,0.5,,0.5,3,FALSE,TRUE,TRUE,FALSE,FALSE,0.5,0.5
1850,Day28 Cytokines R5,2,20221215mouse11_OD_R_2_0_0000009_Structure_0003,https://drive.google.com/file/d/1Pxb4OnLCfkR3mJ_6SpGEjRJGVePefpCd/view?usp=share_link,,0.5,0.5,0.5,3,FALSE,TRUE,TRUE,FALSE,FALSE,0.5,0.5
1851,Day28 Cytokines R5,2,20221215mouse11_OD_R_2_0_0000009_Structure_0004,https://drive.google.com/file/d/1OaQVrLURrxPIe4DFrP7MIkXtFSpzOjdb/view?usp=share_link,0.5,0,,0.5,3,FALSE,FALSE,TRUE,FALSE,FALSE,0.5,0.5
1852,Day28 Cytokines R5,2,20221215mouse11_OD_R_4_0_0000002_Structure_0001,https://drive.google.com/file/d/1RZHwzuwoeoxjUi5ftoGWET8LMSt5x8yn/view?usp=share_link,,0.5,0.5,0.5,3,FALSE,TRUE,TRUE,FALSE,FALSE,0.5,0.5
1853,Day28 Cytokines R5,2,20221215mouse11_OD_R_4_0_0000002_Structure_0002,https://drive.google.com/file/d/1ExDsmT4bcVZeT9N8qbdAgigX1kBT-bO-/view?usp=share_link,,0.5,0.5,0.5,3,FALSE,TRUE,TRUE,FALSE,FALSE,0.5,0.5
1854,Day28 Cytokines R5,2,20221215mouse11_OD_R_4_0_0000002_Structure_0003,https://drive.google.com/file/d/1FwGi7l1luUJyUA8reUaScMonLntDXPgT/view?usp=share_link,,0.5,0.5,2,3,FALSE,FALSE,TRUE,FALSE,FALSE,0.5,0.5
1855,Day28 Cytokines R5,2,20221215mouse11_OD_R_4_0_0000002_Structure_0004,https://drive.google.com/file/d/1WTzemrLawXBPhgb5gXE54BN1C6yRrZmw/view?usp=share_link,,2,0.5,2,3,FALSE,FALSE,TRUE,FALSE,FALSE,2,2
1856,Day28 Cytokines R5,2,20221215mouse12_OD_R_2_0_0000002_Structure_0001,https://drive.google.com/file/d/1WobLo-LrOBq5m9xjMg42TpESHqnBNhqS/view?usp=share_link,,3,3,3,3,FALSE,TRUE,TRUE,FALSE,FALSE,3,3
1857,Day28 Cytokines R5,2,20221215mouse12_OD_R_2_0_0000002_Structure_0002,https://drive.google.com/file/d/1sndaAWypuEVE93YwPcofOLQv_OhLB-9E/view?usp=share_link,,3,3,3,3,FALSE,TRUE,TRUE,FALSE,FALSE,3,3
1858,Day28 Cytokines R5,2,20221215mouse12_OD_R_2_0_0000002_Structure_0003,https://drive.google.com/file/d/1opFJ_MOgRJZK9Y0eg_icGe1VAHToIVX6/view?usp=share_link,,2,3,3,3,FALSE,FALSE,TRUE,FALSE,FALSE,3,3
1859,Day28 Cytokines R5,2,20221215mouse12_OD_R_2_0_0000002_Structure_0004,https://drive.google.com/file/d/1ZbzdgKAEbPePzuI-4WOz21m8Ym9W8-nx/view?usp=share_link,,3,3,3,3,FALSE,TRUE,TRUE,FALSE,FALSE,3,3
1860,Day28 Cytokines R5,2,20221215mouse12_OD_R_4_0_0000009_Structure_0001,https://drive.google.com/file/d/16xTYnA3WJhf5mRzJuQdQEftRUyCPcpGF/view?usp=share_link,1,0.5,0,0.5,4,FALSE,FALSE,TRUE,FALSE,FALSE,0.5,0.5
1861,Day28 Cytokines R5,2,20221215mouse12_OD_R_4_0_0000009_Structure_0002,https://drive.google.com/file/d/1tH0y9PM4WnLqJNCxTK3nhr0G2Zk33rVP/view?usp=share_link,,2,2,2,3,FALSE,TRUE,TRUE,FALSE,FALSE,2,2
1862,Day28 Cytokines R5,2,20221215mouse12_OD_R_4_0_0000009_Structure_0003,https://drive.google.com/file/d/1fGrooPcbaHOX5Ji4tc7P4bSz5IVSp_jn/view?usp=share_link,,2,2,2,3,FALSE,TRUE,TRUE,FALSE,FALSE,2,2
1863,Day28 Cytokines R5,2,20221215mouse12_OD_R_4_0_0000009_Structure_0004,https://drive.google.com/file/d/1weEpsOmLCQAFssB1FzO__1Nhu6ybBjIQ/view?usp=share_link,,1,2,2,3,FALSE,FALSE,TRUE,FALSE,FALSE,2,2
1864,Day28 Cytokines R5,2,20221215mouse13_OD_R_2_0_0000009_Structure_0001,https://drive.google.com/file/d/1rL46YYvZJtkY3YKShKJ7Ok2x8LN3llXY/view?usp=share_link,,1,1,1,3,FALSE,TRUE,TRUE,FALSE,FALSE,1,1
1865,Day28 Cytokines R5,2,20221215mouse13_OD_R_2_0_0000009_Structure_0002,https://drive.google.com/file/d/1vOO4TC-DEKce1F1-SzozwQLMSZD-nsGB/view?usp=share_link,,2,2,2,3,FALSE,TRUE,TRUE,FALSE,FALSE,2,2
1866,Day28 Cytokines R5,2,20221215mouse13_OD_R_2_0_0000009_Structure_0003,https://drive.google.com/file/d/1FW9puYop3OY3YDq6-j2TgHpxtNkAnoOo/view?usp=share_link,,1,1,1,3,FALSE,TRUE,TRUE,FALSE,FALSE,1,1
1867,Day28 Cytokines R5,2,20221215mouse13_OD_R_2_0_0000009_Structure_0004,https://drive.google.com/file/d/1mnevnBWOXdYi_c1Ar1wyC9NbRvqWVZZy/view?usp=share_link,1,2,,2,3,FALSE,FALSE,TRUE,FALSE,FALSE,2,2
1868,Day28 Cytokines R5,2,20221215mouse13_OD_R_4_0_0000002_Structure_0001,https://drive.google.com/file/d/19Xk4EmigXV_L7ue0JZAfx7eH41CRKemI/view?usp=share_link,0.5,0.5,0.5,0.5,4,TRUE,TRUE,TRUE,FALSE,FALSE,0.5,0.5
1869,Day28 Cytokines R5,2,20221215mouse13_OD_R_4_0_0000002_Structure_0002,https://drive.google.com/file/d/1ebM4iWxXCdOqxDmC1xlOabpZYF10hFtq/view?usp=share_link,,0.5,0.5,0.5,3,FALSE,TRUE,TRUE,FALSE,FALSE,0.5,0.5
1870,Day28 Cytokines R5,2,20221215mouse13_OD_R_4_0_0000002_Structure_0003,https://drive.google.com/file/d/19fAK5NFJppLB4G24fDhyT55szIn3hWf7/view?usp=share_link,0,0.5,0,0,4,FALSE,TRUE,TRUE,FALSE,FALSE,0,0
1871,Day28 Cytokines R5,2,20221215mouse13_OD_R_4_0_0000002_Structure_0004,https://drive.google.com/file/d/1d6wLR4aLNgDSG0ZYHIxbdrSlBkKoLqnd/view?usp=share_link,,0.5,0.5,0.5,3,FALSE,TRUE,TRUE,FALSE,FALSE,0.5,0.5
1872,Day28 Cytokines R5,2,20221215mouse14_OD_R_2_0_0000023_Structure_0001,https://drive.google.com/file/d/1s5tz0SyilacDcd7dZdhARAt3swLoQ1Rr/view?usp=share_link,,4,4,4,3,FALSE,TRUE,TRUE,FALSE,FALSE,4,4
1873,Day28 Cytokines R5,2,20221215mouse14_OD_R_2_0_0000023_Structure_0002,https://drive.google.com/file/d/1S-eKi7YH6ElAfYuB1Ui4YOWAN5qDv47w/view?usp=share_link,,4,4,4,3,FALSE,TRUE,TRUE,FALSE,FALSE,4,4
1874,Day28 Cytokines R5,2,20221215mouse14_OD_R_2_0_0000023_Structure_0003,https://drive.google.com/file/d/1p--VSO8XRTVVigeR71eTAp_qROxngFDE/view?usp=share_link,,4,4,4,3,FALSE,TRUE,TRUE,FALSE,FALSE,4,4
1875,Day28 Cytokines R5,2,20221215mouse14_OD_R_2_0_0000023_Structure_0004,https://drive.google.com/file/d/1Ynd6utkL4w0_9IRTmWVXUqOGfobbWzFV/view?usp=share_link,,4,4,4,3,FALSE,TRUE,TRUE,FALSE,FALSE,4,4
1876,Day28 Cytokines R5,2,20221215mouse14_OD_R_4_0_0000030_Structure_0001,https://drive.google.com/file/d/1hlixqDEpqaagfoGQlcuPK1E2sySvdgSS/view?usp=share_link,0,0,0,,3,FALSE,TRUE,TRUE,FALSE,FALSE,0,0
1877,Day28 Cytokines R5,2,20221215mouse14_OD_R_4_0_0000030_Structure_0002,https://drive.google.com/file/d/1IeL7bB_286VuE6HJRX0eIByQWoWG7AXB/view?usp=share_link,0,0.5,0.5,,3,FALSE,FALSE,TRUE,FALSE,FALSE,0.5,0.5
1878,Day28 Cytokines R5,2,20221215mouse14_OD_R_4_0_0000030_Structure_0003,https://drive.google.com/file/d/19HjmlIu7QpsNXupX3U8JyxmfQg4XTyr3/view?usp=share_link,0.5,0.5,0.5,0.5,4,TRUE,TRUE,TRUE,FALSE,FALSE,0.5,0.5
1879,Day28 Cytokines R5,2,20221215mouse14_OD_R_4_0_0000030_Structure_0004,https://drive.google.com/file/d/152AdSuXcl0GSfgNLvvTtaDm72nkNd7lv/view?usp=share_link,,0.5,0.5,0.5,3,FALSE,TRUE,TRUE,FALSE,FALSE,0.5,0.5
1880,Day28 Cytokines R5,2,20221215mouse15_OD_R_2_0_0000002_Structure_0001 D2,https://drive.google.com/file/d/1gEw51sG-GpS6iYfWTUO7QFgDqAVuEMCv/view?usp=share_link,,2,2,3,3,FALSE,FALSE,TRUE,FALSE,FALSE,2,2
1881,Day28 Cytokines R5,2,20221215mouse15_OD_R_2_0_0000002_Structure_0002 D2,https://drive.google.com/file/d/1-E3mRsx-WtizYpYfecB5S20jyQeUgjLD/view?usp=share_link,3,3,3,3,4,TRUE,TRUE,TRUE,FALSE,FALSE,3,3
1882,Day28 Cytokines R5,2,20221215mouse15_OD_R_2_0_0000002_Structure_0003 D2,https://drive.google.com/file/d/1UuCziyhLtAsDi6qOzoayv3Tki6ihT8pH/view?usp=share_link,,4,4,4,3,FALSE,TRUE,TRUE,FALSE,FALSE,4,4
1883,Day28 Cytokines R5,2,20221215mouse15_OD_R_2_0_0000002_Structure_0004 D2,https://drive.google.com/file/d/1h4sbA0Nl_0OaWV8IvA-rkenaTGLeFMuZ/view?usp=share_link,,2,3,3,3,FALSE,FALSE,TRUE,FALSE,FALSE,3,3
1884,Day28 Cytokines R5,2,20221215mouse15_OD_R_4_0_0000009_Structure_0001 D2,https://drive.google.com/file/d/1zwmQfgmPlFT3tjZvltdsKltEqrcdtT1R/view?usp=share_link,,1,1,2,3,FALSE,FALSE,TRUE,FALSE,FALSE,1,1
1885,Day28 Cytokines R5,2,20221215mouse15_OD_R_4_0_0000009_Structure_0002 D2,https://drive.google.com/file/d/15LAtqJWQ4EqmTuk6XIp_NuUtdAmSESAK/view?usp=share_link,2,1,1,1,4,FALSE,TRUE,TRUE,FALSE,FALSE,1,1
1886,Day28 Cytokines R5,2,20221215mouse15_OD_R_4_0_0000009_Structure_0003 D2,https://drive.google.com/file/d/1p6FJuB86TW0ImAXQ24BiTPrWIJs-NS_p/view?usp=share_link,,1,1,2,3,FALSE,FALSE,TRUE,FALSE,FALSE,1,1
1887,Day28 Cytokines R5,2,20221215mouse15_OD_R_4_0_0000009_Structure_0004 D2,https://drive.google.com/file/d/1RGy-17iq-mScGn7XD1y3Piid1HxCxMB9/view?usp=share_link,,2,2,2,3,FALSE,TRUE,TRUE,FALSE,FALSE,2,2
1888,Day28 Cytokines R5,7,20221215mouse1_OD_R_2_0_0000030_Structure_0001,https://drive.google.com/file/d/1pCE9b-smAY-gyV2qk8WT3ivV16y3cFWz/view?usp=share_link,,1,1,2,3,FALSE,FALSE,TRUE,FALSE,FALSE,1,1
1889,Day28 Cytokines R5,7,20221215mouse1_OD_R_2_0_0000030_Structure_0002,https://drive.google.com/file/d/1Wt_JT2UoyO0Zs4tr1lhQi51LvZVaCLI3/view?usp=share_link,,1,1,1,3,FALSE,TRUE,TRUE,FALSE,FALSE,1,1
1890,Day28 Cytokines R5,7,20221215mouse1_OD_R_2_0_0000030_Structure_0003,https://drive.google.com/file/d/1yc9GfoDH0CEwZYphTC9HvQDmB3fNvy89/view?usp=share_link,,1,1,1,3,FALSE,TRUE,TRUE,FALSE,FALSE,1,1
1891,Day28 Cytokines R5,7,20221215mouse1_OD_R_2_0_0000030_Structure_0004,https://drive.google.com/file/d/1A0WYvB1dCuwXjCpHyEaw7DTc8azggR03/view?usp=share_link,1,1,1,1,4,TRUE,TRUE,TRUE,FALSE,FALSE,1,1
1892,Day28 Cytokines R5,7,20221215mouse1_OD_R_4_0_0000037_Structure_0001,https://drive.google.com/file/d/1Tdke4IRIUQyyKzb8zN76TNZYscaNR2f5/view?usp=share_link,,0,0,0,3,FALSE,TRUE,TRUE,FALSE,FALSE,0,0
1893,Day28 Cytokines R5,7,20221215mouse1_OD_R_4_0_0000037_Structure_0002,https://drive.google.com/file/d/19nIY5ExTsfkak51BmmNrc6vniGAmXUOO/view?usp=share_link,0.5,0.5,0.5,0.5,4,TRUE,TRUE,TRUE,FALSE,FALSE,0.5,0.5
1894,Day28 Cytokines R5,7,20221215mouse1_OD_R_4_0_0000037_Structure_0003,https://drive.google.com/file/d/1z3E0xvOdmcQY02JeZnOrCIPW_rVBA3Hi/view?usp=share_link,,3,2,2,3,FALSE,FALSE,TRUE,FALSE,FALSE,2,2
1895,Day28 Cytokines R5,7,20221215mouse1_OD_R_4_0_0000037_Structure_0004,https://drive.google.com/file/d/1sW8tV17MtW2KwBBKfmJEQaq-ssgNn5ow/view?usp=share_link,,2,2,2,3,FALSE,TRUE,TRUE,FALSE,FALSE,2,2
1896,Day28 Cytokines R5,7,20221215mouse2_OD_R_2_0_0000023_Structure_0001,https://drive.google.com/file/d/1JsxRgLc9CxB8VZjOHkAR5HL3Ip-fJ4Qo/view?usp=share_link,,3,3,3,3,FALSE,TRUE,TRUE,FALSE,FALSE,3,3
1897,Day28 Cytokines R5,7,20221215mouse2_OD_R_2_0_0000023_Structure_0002,https://drive.google.com/file/d/1V20p_e6HJAfo_MMIPFSgxyXMrwcqkxRV/view?usp=share_link,,4,3,3,3,FALSE,FALSE,TRUE,FALSE,FALSE,3,3
1898,Day28 Cytokines R5,7,20221215mouse2_OD_R_2_0_0000023_Structure_0003,https://drive.google.com/file/d/1emDBAB9qJxtPXiJsKlvCqkcBnR7cLBQQ/view?usp=share_link,,4,4,4,3,FALSE,TRUE,TRUE,FALSE,FALSE,4,4
1899,Day28 Cytokines R5,7,20221215mouse2_OD_R_2_0_0000023_Structure_0004,https://drive.google.com/file/d/1RsaSBC0qZgHSbXaYqgBg5TfOIJHjsnpU/view?usp=share_link,,4,4,4,3,FALSE,TRUE,TRUE,FALSE,FALSE,4,4
1900,Day28 Cytokines R5,7,20221215mouse2_OD_R_4_0_0000016_Structure_0001,https://drive.google.com/file/d/1UPQRnIw3ZME68USmR60Xpxp2xpDetiPn/view?usp=share_link,,1,1,1,3,FALSE,TRUE,TRUE,FALSE,FALSE,1,1
1901,Day28 Cytokines R5,7,20221215mouse2_OD_R_4_0_0000016_Structure_0002,https://drive.google.com/file/d/1zlgUBISsoHSm5jfnoxHgzWEfQ4G4AF8r/view?usp=share_link,,2,1,2,3,FALSE,FALSE,TRUE,FALSE,FALSE,2,2
1902,Day28 Cytokines R5,7,20221215mouse2_OD_R_4_0_0000016_Structure_0003,https://drive.google.com/file/d/1K05L14pydF8AeyV3geQGsEZp3TBiH33I/view?usp=share_link,,0.5,0.5,0.5,3,FALSE,TRUE,TRUE,FALSE,FALSE,0.5,0.5
1903,Day28 Cytokines R5,7,20221215mouse2_OD_R_4_0_0000016_Structure_0004,https://drive.google.com/file/d/16UTluNVIcBuLUmrzQqdIlKoagtYy4XvG/view?usp=share_link,2,2,2,2,4,TRUE,TRUE,TRUE,FALSE,FALSE,2,2
1904,Day28 Cytokines R5,7,20221215mouse4_OD_R_2_0_0000016_Structure_0001,https://drive.google.com/file/d/1VVqrGLYlg2pNkeqOxtJ3qArfO_vtd378/view?usp=share_link,,1,0.5,1,3,FALSE,FALSE,TRUE,FALSE,FALSE,1,1
1905,Day28 Cytokines R5,7,20221215mouse4_OD_R_2_0_0000016_Structure_0002,https://drive.google.com/file/d/12_F_HYsjngH8wW9xSJtVqrU2nkzkfmnn/view?usp=share_link,0.5,1,0.5,1,4,FALSE,FALSE,TRUE,TRUE,FALSE,0.5,0.5
1906,Day28 Cytokines R5,7,20221215mouse4_OD_R_2_0_0000016_Structure_0003,https://drive.google.com/file/d/10VJwenNeL-fBU4x-k_2ab8NxWotjgFt8/view?usp=share_link,1,1,1,1,4,TRUE,TRUE,TRUE,FALSE,FALSE,1,1
1907,Day28 Cytokines R5,7,20221215mouse4_OD_R_2_0_0000016_Structure_0004,https://drive.google.com/file/d/1J4YidpT9ff4ZXFjjTrcFe-EQDb0N0X_O/view?usp=share_link,,0.5,0.5,0.5,3,FALSE,TRUE,TRUE,FALSE,FALSE,0.5,0.5
1908,Day28 Cytokines R5,7,20221215mouse4_OD_R_4_0_0000023_Structure_0001,https://drive.google.com/file/d/1zQp9ofUnQYKF1PheJAZvqIfMFLm1o5cv/view?usp=share_link,,0,0,0,3,FALSE,TRUE,TRUE,FALSE,FALSE,0,0
1909,Day28 Cytokines R5,7,20221215mouse4_OD_R_4_0_0000023_Structure_0002,https://drive.google.com/file/d/1DOZaTwqtah7Me_P2Te6N0xgLgarv5ha6/view?usp=share_link,,0,0,0,3,FALSE,TRUE,TRUE,FALSE,FALSE,0,0
1910,Day28 Cytokines R5,7,20221215mouse4_OD_R_4_0_0000023_Structure_0003,https://drive.google.com/file/d/1FnrsKcoEVojHWKThyNRB_M2Gzud-Db_F/view?usp=share_link,,0,0,2,3,FALSE,TRUE,TRUE,FALSE,FALSE,0,0
1911,Day28 Cytokines R5,7,20221215mouse4_OD_R_4_0_0000023_Structure_0004,https://drive.google.com/file/d/1gGxTvWAxZSBovYISUGzEHugaVj2Uh7_w/view?usp=share_link,,0,0,0,3,FALSE,TRUE,TRUE,FALSE,FALSE,0,0
1912,Day28 Cytokines R5,7,20221215mouse5_OD_R_2_0_0000023_Structure_0001,https://drive.google.com/file/d/1OkhOW8sixdMhyk7Z27VmdlQ0bAm-_tk-/view?usp=share_link,1,1,,1,3,FALSE,TRUE,TRUE,FALSE,FALSE,1,1
1913,Day28 Cytokines R5,7,20221215mouse5_OD_R_2_0_0000023_Structure_0002,https://drive.google.com/file/d/1NLnEVbQ0NG0Lq-HgPC4JSTSHEZj20rJN/view?usp=share_link,1,1,,1,3,FALSE,TRUE,TRUE,FALSE,FALSE,1,1
1914,Day28 Cytokines R5,7,20221215mouse5_OD_R_2_0_0000023_Structure_0003,https://drive.google.com/file/d/1nUStqe8OgE-o6pCYZgUrIj_VcQxSNA8s/view?usp=share_link,1,1,,1,3,FALSE,TRUE,TRUE,FALSE,FALSE,1,1
1915,Day28 Cytokines R5,7,20221215mouse5_OD_R_2_0_0000023_Structure_0004,https://drive.google.com/file/d/1hW-weEkKMvGC18SNPLNviNxkS-PwU5uA/view?usp=share_link,,0.5,0.5,0.5,3,FALSE,TRUE,TRUE,FALSE,FALSE,0.5,0.5
1916,Day28 Cytokines R5,7,20221215mouse5_OD_R_4_0_0000016_Structure_0001,https://drive.google.com/file/d/1OGt0sH_OrFcu8FCMkJRvI1xIUNcDgwf-/view?usp=share_link,0,0,,0,3,FALSE,TRUE,TRUE,FALSE,FALSE,0,0
1917,Day28 Cytokines R5,7,20221215mouse5_OD_R_4_0_0000016_Structure_0002,https://drive.google.com/file/d/1YiNa-W4LE3hT5zex0hqZRGkdEu70kA6Y/view?usp=share_link,,0,0,0,3,FALSE,TRUE,TRUE,FALSE,FALSE,0,0
1918,Day28 Cytokines R5,7,20221215mouse5_OD_R_4_0_0000016_Structure_0003,https://drive.google.com/file/d/1rkeinuNCBnR_eNMiwLR1UQMjNgNmMFo9/view?usp=share_link,,0,0,0,3,FALSE,TRUE,TRUE,FALSE,FALSE,0,0
1919,Day28 Cytokines R5,7,20221215mouse5_OD_R_4_0_0000016_Structure_0004,https://drive.google.com/file/d/1RTGY9kKsv5Lnl4Q-Fb4xVgdpiiRUBF73/view?usp=share_link,,0,0,0,3,FALSE,TRUE,TRUE,FALSE,FALSE,0,0
1920,Day28 Cytokines R5,7,20221215mouse6_OD_R_2_0_0000016_Structure_0001 D7,https://drive.google.com/file/d/1Un-eJRdKsJ2ws4TXCstWYaWoE-hLiTlq/view?usp=share_link,,2,2,3,3,FALSE,FALSE,TRUE,FALSE,FALSE,2,2
1921,Day28 Cytokines R5,7,20221215mouse6_OD_R_2_0_0000016_Structure_0002 D7,https://drive.google.com/file/d/1U9LCeCtC1GYIfY0mCfbelRO5y3oh3dA_/view?usp=share_link,,2,2,3,3,FALSE,FALSE,TRUE,FALSE,FALSE,2,2
1922,Day28 Cytokines R5,7,20221215mouse6_OD_R_2_0_0000016_Structure_0003 D7,https://drive.google.com/file/d/1GwLn8DuXkmLFdSiuvyqP0Zy3DtFaqm5A/view?usp=share_link,,2,2,2,3,FALSE,TRUE,TRUE,FALSE,FALSE,2,2
1923,Day28 Cytokines R5,7,20221215mouse6_OD_R_2_0_0000016_Structure_0004 D7,https://drive.google.com/file/d/1WtuAKOVJQIiSglNnZQR6RA8lpUneNUZc/view?usp=share_link,,2,2,2,3,FALSE,TRUE,TRUE,FALSE,FALSE,2,2
1924,Day28 Cytokines R5,7,20221215mouse6_OD_R_4_0_0000023_Structure_0001 D7,https://drive.google.com/file/d/1hFS_iMwqgXMEDaZU3eaJw35FZo-tWoQh/view?usp=share_link,,0,0,0.5,3,FALSE,TRUE,TRUE,FALSE,FALSE,0,0
1925,Day28 Cytokines R5,7,20221215mouse6_OD_R_4_0_0000023_Structure_0002 D7,https://drive.google.com/file/d/1m77kuSEWVDm6Fw7Yy3pe7tZ8tm_OyEF1/view?usp=share_link,0,0,,0,3,FALSE,TRUE,TRUE,FALSE,FALSE,0,0
1926,Day28 Cytokines R5,7,20221215mouse6_OD_R_4_0_0000023_Structure_0003 D7,https://drive.google.com/file/d/1EailmzvTkmz-AHluavNWl7lVDp2No-xM/view?usp=share_link,,0,0,0,3,FALSE,TRUE,TRUE,FALSE,FALSE,0,0
1927,Day28 Cytokines R5,7,20221215mouse6_OD_R_4_0_0000023_Structure_0004 D7,https://drive.google.com/file/d/1_cgEMLX7TWsYuzDUHbyHN-dX2vyNybv7/view?usp=share_link,0,0,0,0,4,TRUE,TRUE,TRUE,FALSE,FALSE,0,0
1928,Day28 Cytokines R5,7,20221215mouse7_OD_R_2_0_0000023_Structure_0001,https://drive.google.com/file/d/1M2yTDzD0cRyhR288nZdFkxVuI3NR2Yne/view?usp=share_link,2,2,,2,3,FALSE,TRUE,TRUE,FALSE,FALSE,2,2
1929,Day28 Cytokines R5,7,20221215mouse7_OD_R_2_0_0000023_Structure_0002,https://drive.google.com/file/d/1RQt93g_rf7DM-eSzCPOIpCeipdLXSY-X/view?usp=share_link,,2,1,2,3,FALSE,FALSE,TRUE,FALSE,FALSE,2,2
1930,Day28 Cytokines R5,7,20221215mouse7_OD_R_2_0_0000023_Structure_0003,https://drive.google.com/file/d/1-4oCKLHgaHSTLgYX8Snx3qjEGli7RGdY/view?usp=share_link,2,2,2,2,4,TRUE,TRUE,TRUE,FALSE,FALSE,2,2
1931,Day28 Cytokines R5,7,20221215mouse7_OD_R_2_0_0000023_Structure_0004,https://drive.google.com/file/d/16s3oBcADE84XxJEFCUOneU2C697GuUoh/view?usp=share_link,2,3,2,3,4,FALSE,FALSE,TRUE,TRUE,FALSE,2,2
1932,Day28 Cytokines R5,7,20221215mouse7_OD_R_4_0_0000016_Structure_0001,https://drive.google.com/file/d/17cUkIsNfVtessVwEuwYcgghoIgz4u_4z/view?usp=share_link,0.5,0.5,0,2,4,FALSE,FALSE,TRUE,FALSE,FALSE,0.5,0.5
1933,Day28 Cytokines R5,7,20221215mouse7_OD_R_4_0_0000016_Structure_0002,https://drive.google.com/file/d/1sNGtJ9NCpSpSsuh_ckSlPE2Rofq2srzB/view?usp=share_link,,0.5,0.5,0.5,3,FALSE,TRUE,TRUE,FALSE,FALSE,0.5,0.5
1934,Day28 Cytokines R5,7,20221215mouse7_OD_R_4_0_0000016_Structure_0003,https://drive.google.com/file/d/17SxCPEShg9WWaCYfCa-SRrz-Gw0GnFOV/view?usp=share_link,0.5,1,0.5,2,4,FALSE,FALSE,TRUE,FALSE,FALSE,0.5,0.5
1935,Day28 Cytokines R5,7,20221215mouse7_OD_R_4_0_0000016_Structure_0004,https://drive.google.com/file/d/1fWMaGmiB8BXhcIcpCk9AV93Q59Af0BTq/view?usp=share_link,,1,2,2,3,FALSE,FALSE,TRUE,FALSE,FALSE,2,2
1936,Day28 Cytokines R5,7,20221215mouse8_OD_R_2_0_0000016_Structure_0001,https://drive.google.com/file/d/1fpkAoncC7LbErvYEQC4e36-SoUCnYCqf/view?usp=share_link,,1,0.5,1,3,FALSE,FALSE,TRUE,FALSE,FALSE,1,1
1937,Day28 Cytokines R5,7,20221215mouse8_OD_R_2_0_0000016_Structure_0002,https://drive.google.com/file/d/1aS-KJQDRuWFUn2uijj5SPyArnClBpenQ/view?usp=share_link,1,1,0.5,1,4,FALSE,TRUE,TRUE,FALSE,FALSE,1,1
1938,Day28 Cytokines R5,7,20221215mouse8_OD_R_2_0_0000016_Structure_0003,https://drive.google.com/file/d/1oHrE_xSCOtoRxcyMaNh0rfBjts6Hsf4Q/view?usp=share_link,1,3,,1,3,FALSE,FALSE,TRUE,FALSE,FALSE,1,1
1939,Day28 Cytokines R5,7,20221215mouse8_OD_R_2_0_0000016_Structure_0004,https://drive.google.com/file/d/1rnAUL6USWnmGp-9FaE_WzJe8a332AoGo/view?usp=share_link,1,3,0.5,1,4,FALSE,FALSE,TRUE,FALSE,FALSE,1,1
1940,Day28 Cytokines R5,7,20221215mouse8_OD_R_4_0_0000023_Structure_0001,https://drive.google.com/file/d/1i4dVbTfVqloy2HCsf2rCE0LrQ60_eRn0/view?usp=share_link,,0,0,0,3,FALSE,TRUE,TRUE,FALSE,FALSE,0,0
1941,Day28 Cytokines R5,7,20221215mouse8_OD_R_4_0_0000023_Structure_0002,https://drive.google.com/file/d/1W7JahAZ3ZM_5ftsvVK3rC-fQVf3fAdYl/view?usp=share_link,,0,0,0,3,FALSE,TRUE,TRUE,FALSE,FALSE,0,0
1942,Day28 Cytokines R5,7,20221215mouse8_OD_R_4_0_0000023_Structure_0003,https://drive.google.com/file/d/1Y87imJLxz8QWryK_Y8olZvaaaWL0qjyx/view?usp=share_link,,0.5,0.5,0.5,3,FALSE,TRUE,TRUE,FALSE,FALSE,0.5,0.5
1943,Day28 Cytokines R5,7,20221215mouse8_OD_R_4_0_0000023_Structure_0004,https://drive.google.com/file/d/1jwbi5Gos7xAQBlwTU5dIHDHyD0P_-q2Z/view?usp=share_link,,0,0,0,3,FALSE,TRUE,TRUE,FALSE,FALSE,0,0
1944,Day28 Cytokines R5,7,20221215mouse9_OD_R_2_0_0000023_Structure_0001,https://drive.google.com/file/d/15awffzpUSaVUZJtBUeGfYHp-jw2vhhPk/view?usp=share_link,0.5,0.5,0.5,0.5,4,TRUE,TRUE,TRUE,FALSE,FALSE,0.5,0.5
1945,Day28 Cytokines R5,7,20221215mouse9_OD_R_2_0_0000023_Structure_0002,https://drive.google.com/file/d/1PldrsIChoYyog4-GyW03jDxNTrlHjTTN/view?usp=share_link,,0.5,0.5,0.5,3,FALSE,TRUE,TRUE,FALSE,FALSE,0.5,0.5
1946,Day28 Cytokines R5,7,20221215mouse9_OD_R_2_0_0000023_Structure_0003,https://drive.google.com/file/d/1NRpWaFsq5c9LmPIetSGLv-ITHqTHbMVc/view?usp=share_link,0,0,,0,3,FALSE,TRUE,TRUE,FALSE,FALSE,0,0
1947,Day28 Cytokines R5,7,20221215mouse9_OD_R_2_0_0000023_Structure_0004,https://drive.google.com/file/d/11fVkUpycB0Vujsz3Zvr8ZNmHHhDqstFz/view?usp=share_link,0.5,0.5,0.5,0.5,4,TRUE,TRUE,TRUE,FALSE,FALSE,0.5,0.5
1948,Day28 Cytokines R5,7,20221215mouse9_OD_R_4_0_0000016_Structure_0001,https://drive.google.com/file/d/1LCsmsRGiyq8ADfk0xenXrBlaScgM5oCL/view?usp=share_link,0,0,,0,3,FALSE,TRUE,TRUE,FALSE,FALSE,0,0
1949,Day28 Cytokines R5,7,20221215mouse9_OD_R_4_0_0000016_Structure_0002,https://drive.google.com/file/d/1VcgvqbEdyNDnj4TBoTQyAAGKmkjSvxpp/view?usp=share_link,,0,0,0,3,FALSE,TRUE,TRUE,FALSE,FALSE,0,0
1950,Day28 Cytokines R5,7,20221215mouse9_OD_R_4_0_0000016_Structure_0003,https://drive.google.com/file/d/10otbjOyFvG58rguWihp1s-QvW8P8Krlv/view?usp=share_link,0,0,0,0,4,TRUE,TRUE,TRUE,FALSE,FALSE,0,0
1951,Day28 Cytokines R5,7,20221215mouse9_OD_R_4_0_0000016_Structure_0004,https://drive.google.com/file/d/1Rh2SZGwc-Z6uyZJqbb9Rq-pYVBJyAXtO/view?usp=share_link,,0,0,0,3,FALSE,TRUE,TRUE,FALSE,FALSE,0,0
1952,Day28 Cytokines R5,7,20221215mouse10_OD_R_2_0_0000016_Structure_0001,https://drive.google.com/file/d/1Nxskk1qP1xnfciUN9_IlyqVs-XX9zcpx/view?usp=share_link,0.5,0,,0.5,3,FALSE,FALSE,TRUE,FALSE,FALSE,0.5,0.5
1953,Day28 Cytokines R5,7,20221215mouse10_OD_R_2_0_0000016_Structure_0002,https://drive.google.com/file/d/1xLY8734LZFd0Va64j0JzVJ4OA-NhudMn/view?usp=share_link,,0.5,0.5,0.5,3,FALSE,TRUE,TRUE,FALSE,FALSE,0.5,0.5
1954,Day28 Cytokines R5,7,20221215mouse10_OD_R_2_0_0000016_Structure_0003,https://drive.google.com/file/d/1jI2RYwZZIJR9_vxptY4ELQQBor9xuN6Z/view?usp=share_link,,0.5,0.5,0.5,3,FALSE,TRUE,TRUE,FALSE,FALSE,0.5,0.5
1955,Day28 Cytokines R5,7,20221215mouse10_OD_R_2_0_0000016_Structure_0004,https://drive.google.com/file/d/1hDriMKCiStDCb-pb-lr4DmE1qrtS_79r/view?usp=share_link,,0.5,0.5,0.5,3,FALSE,TRUE,TRUE,FALSE,FALSE,0.5,0.5
1956,Day28 Cytokines R5,7,20221215mouse10_OD_R_4_0_0000023_Structure_0001,https://drive.google.com/file/d/17-FfiwCJKwp9o4TlkjZ9glgibd6M1_0n/view?usp=share_link,0,0,0,0,4,TRUE,TRUE,TRUE,FALSE,FALSE,0,0
1957,Day28 Cytokines R5,7,20221215mouse10_OD_R_4_0_0000023_Structure_0002,https://drive.google.com/file/d/1nEp7qPNiN1eBa_BvSbOmrNyJ0NXGYuqj/view?usp=share_link,0,0,,0,3,FALSE,TRUE,TRUE,FALSE,FALSE,0,0
1958,Day28 Cytokines R5,7,20221215mouse10_OD_R_4_0_0000023_Structure_0003,https://drive.google.com/file/d/1oDemKrmhkPlWEEiRfhrLL1ynitjD0HMg/view?usp=share_link,0,0,,0,3,FALSE,TRUE,TRUE,FALSE,FALSE,0,0
1959,Day28 Cytokines R5,7,20221215mouse10_OD_R_4_0_0000023_Structure_0004,https://drive.google.com/file/d/1m_Brb2VI2mu6dvBiVkhDgqjcXzNcQZ8B/view?usp=share_link,0,0,,0,3,FALSE,TRUE,TRUE,FALSE,FALSE,0,0
1960,Day28 Cytokines R5,7,20221215mouse11_OD_R_4_0_0000016_Structure_0001,https://drive.google.com/file/d/1H3VJVs3fMy5H270AE_XdTFM49iBAlHL0/view?usp=share_link,,0.5,0.5,0.5,3,FALSE,TRUE,TRUE,FALSE,FALSE,0.5,0.5
1961,Day28 Cytokines R5,7,20221215mouse11_OD_R_4_0_0000016_Structure_0002,https://drive.google.com/file/d/1UoMcqRf-OPtDyMlvTZX9ZgZPNeA5rlqy/view?usp=share_link,,0.5,0.5,0.5,3,FALSE,TRUE,TRUE,FALSE,FALSE,0.5,0.5
1962,Day28 Cytokines R5,7,20221215mouse11_OD_R_4_0_0000016_Structure_0003,https://drive.google.com/file/d/1mUqKPFuZJ2JK2xOIQf3P3FCbR29k37_X/view?usp=share_link,0.5,0.5,,0.5,3,FALSE,TRUE,TRUE,FALSE,FALSE,0.5,0.5
1963,Day28 Cytokines R5,7,20221215mouse11_OD_R_4_0_0000016_Structure_0004,https://drive.google.com/file/d/1LrqXUmUa_7RrgV0tGAW5YaADPqVT7FjQ/view?usp=share_link,0.5,0.5,,0.5,3,FALSE,TRUE,TRUE,FALSE,FALSE,0.5,0.5
1964,Day28 Cytokines R5,7,20221215mouse11_OD_R_2_0_0000023_Structure_0001,https://drive.google.com/file/d/1xQ9Tn5-JLvxTQdAdIDKPvhDu3Ax1PCl-/view?usp=share_link,,0.5,0.5,0.5,3,FALSE,TRUE,TRUE,FALSE,FALSE,0.5,0.5
1965,Day28 Cytokines R5,7,20221215mouse11_OD_R_2_0_0000023_Structure_0002,https://drive.google.com/file/d/1RL6fYRkrtYzjwu07i7PtMv9UQ1Nzp9zY/view?usp=share_link,,0,0,0,3,FALSE,TRUE,TRUE,FALSE,FALSE,0,0
1966,Day28 Cytokines R5,7,20221215mouse11_OD_R_2_0_0000023_Structure_0003,https://drive.google.com/file/d/1fZX8_jyuHEWjPFeJidsKH68pVtrih9wF/view?usp=share_link,,0,0,0,3,FALSE,TRUE,TRUE,FALSE,FALSE,0,0
1967,Day28 Cytokines R5,7,20221215mouse11_OD_R_2_0_0000023_Structure_0004,https://drive.google.com/file/d/1uALxSKx9emcLAlUeXm1IXuAJptFbseeq/view?usp=share_link,,0,0,0,3,FALSE,TRUE,TRUE,FALSE,FALSE,0,0
1968,Day28 Cytokines R5,7,20221215mouse12_OD_R_2_0_0000023_Structure_0001,https://drive.google.com/file/d/1b09d3pOWqhp4CbLBj88SNLKqL7xtecpA/view?usp=share_link,1,2,1,1,4,FALSE,TRUE,TRUE,FALSE,FALSE,1,1
1969,Day28 Cytokines R5,7,20221215mouse12_OD_R_2_0_0000023_Structure_0002,https://drive.google.com/file/d/1waeMAeb1LmbB8HMnyYyrPGM_sh684k29/view?usp=share_link,,3,1,3,3,FALSE,FALSE,TRUE,FALSE,FALSE,3,3
1970,Day28 Cytokines R5,7,20221215mouse12_OD_R_2_0_0000023_Structure_0003,https://drive.google.com/file/d/1OdwtQNJnhChu1NB8g2vQqI6Wzz14D9np/view?usp=share_link,1,3,2,2,4,FALSE,FALSE,TRUE,FALSE,FALSE,2,2
1971,Day28 Cytokines R5,7,20221215mouse12_OD_R_2_0_0000023_Structure_0004,https://drive.google.com/file/d/1MIkJW6q2OeAeQil_WaowQPpZ5GBNRga7/view?usp=share_link,2,2,,2,3,FALSE,TRUE,TRUE,FALSE,FALSE,2,2
1972,Day28 Cytokines R5,7,20221215mouse12_OD_R_4_0_0000016_Structure_0001,https://drive.google.com/file/d/1gtae5QlrSYf1tndiVrhRPJNVPxbuVCOm/view?usp=share_link,,0.5,0.5,0.5,3,FALSE,TRUE,TRUE,FALSE,FALSE,0.5,0.5
1973,Day28 Cytokines R5,7,20221215mouse12_OD_R_4_0_0000016_Structure_0002,https://drive.google.com/file/d/1oGdGvHnGJr8JWe2XNuaIlrcE2CQNns0r/view?usp=share_link,0.5,1,,0.5,3,FALSE,FALSE,TRUE,FALSE,FALSE,0.5,0.5
1974,Day28 Cytokines R5,7,20221215mouse12_OD_R_4_0_0000016_Structure_0003,https://drive.google.com/file/d/1bsEKNfiF55PGdVWrS2F9qJlR0GSAbl5o/view?usp=share_link,0.5,0.5,0.5,2,4,FALSE,TRUE,TRUE,FALSE,FALSE,0.5,0.5
1975,Day28 Cytokines R5,7,20221215mouse12_OD_R_4_0_0000016_Structure_0004,https://drive.google.com/file/d/1brmIYPKkNmp7hrJjr-0OFUfnXvdM8BRM/view?usp=share_link,0.5,2,2,2,4,FALSE,TRUE,TRUE,FALSE,FALSE,2,2
1976,Day28 Cytokines R5,7,20221215mouse13_OD_R_2_0_0000016_Structure_0001,https://drive.google.com/file/d/1gL11gQ4OotbY_yTnKdW9GHu8640C6y4B/view?usp=share_link,,1,1,1,3,FALSE,TRUE,TRUE,FALSE,FALSE,1,1
1977,Day28 Cytokines R5,7,20221215mouse13_OD_R_2_0_0000016_Structure_0002,https://drive.google.com/file/d/1hXn47Z6QPxdW2l_Xec8WhnB16ZTWp4uh/view?usp=share_link,,1,1,1,3,FALSE,TRUE,TRUE,FALSE,FALSE,1,1
1978,Day28 Cytokines R5,7,20221215mouse13_OD_R_2_0_0000016_Structure_0003,https://drive.google.com/file/d/1k4LscVPKDhfSgDOpE8lNfPS3eQlZoSCt/view?usp=share_link,,1,1,1,3,FALSE,TRUE,TRUE,FALSE,FALSE,1,1
1979,Day28 Cytokines R5,7,20221215mouse13_OD_R_2_0_0000016_Structure_0004,https://drive.google.com/file/d/1diphAS7-i2lWL7iVqji_GH63P3-ADRtp/view?usp=share_link,,1,1,1,3,FALSE,TRUE,TRUE,FALSE,FALSE,1,1
1980,Day28 Cytokines R5,7,20221215mouse13_OD_R_4_0_0000023_Structure_0001,https://drive.google.com/file/d/1PfadIDj_fWim89RZUoYTJgHuoQlDVgpi/view?usp=share_link,,1,0.5,1,3,FALSE,FALSE,TRUE,FALSE,FALSE,1,1
1981,Day28 Cytokines R5,7,20221215mouse13_OD_R_4_0_0000023_Structure_0002,https://drive.google.com/file/d/1QQ870i_nrQBsH44LaZGZlZHZifPoIUPy/view?usp=share_link,,0.5,0.5,0.5,3,FALSE,TRUE,TRUE,FALSE,FALSE,0.5,0.5
1982,Day28 Cytokines R5,7,20221215mouse13_OD_R_4_0_0000023_Structure_0003,https://drive.google.com/file/d/1eP2v5XKzwitfHk_i2okNjgU_V_3q-3yX/view?usp=share_link,,0.5,0.5,0.5,3,FALSE,TRUE,TRUE,FALSE,FALSE,0.5,0.5
1983,Day28 Cytokines R5,7,20221215mouse13_OD_R_4_0_0000023_Structure_0004,https://drive.google.com/file/d/1f5ZHpp2qDTN-tgpBaoXd2eucursDMtfo/view?usp=share_link,,1,1,2,3,FALSE,FALSE,TRUE,FALSE,FALSE,1,1
1984,Day28 Cytokines R5,7,20221215mouse14_OD_R_2_0_0000044_Structure_0001,https://drive.google.com/file/d/1ucyaMtbHBTu8X-QWGrjc8DPTRVguRJtR/view?usp=share_link,,3,3,3,3,FALSE,TRUE,TRUE,FALSE,FALSE,3,3
1985,Day28 Cytokines R5,7,20221215mouse14_OD_R_2_0_0000044_Structure_0002,https://drive.google.com/file/d/1GbSGC6XzMA76dCIKEHME2zY_RFhWIGmh/view?usp=share_link,2,1,1,,3,FALSE,FALSE,TRUE,FALSE,FALSE,1,1
1986,Day28 Cytokines R5,7,20221215mouse14_OD_R_2_0_0000044_Structure_0003,https://drive.google.com/file/d/119auWOUQvFs7rzoD8JncfdhuVxnYrlyU/view?usp=share_link,2,2,2,2,4,TRUE,TRUE,TRUE,FALSE,FALSE,2,2
1987,Day28 Cytokines R5,7,20221215mouse14_OD_R_2_0_0000044_Structure_0004,https://drive.google.com/file/d/16E1Ggy_vEZYN414IMauPG07lGuORChGz/view?usp=share_link,2,4,3,4,4,FALSE,FALSE,TRUE,FALSE,FALSE,4,4
1988,Day28 Cytokines R5,7,20221215mouse14_OD_R_4_0_0000037_Structure_0001,https://drive.google.com/file/d/1kG5wkHFkORhh_eiFYWBpRqRbn3ggeNh9/view?usp=share_link,2,3,2,,3,FALSE,FALSE,TRUE,FALSE,FALSE,2,2
1989,Day28 Cytokines R5,7,20221215mouse14_OD_R_4_0_0000037_Structure_0002,https://drive.google.com/file/d/1guC8tUi-e02040jZgbDx5LugcoyLMh7y/view?usp=share_link,,1,1,1,3,FALSE,TRUE,TRUE,FALSE,FALSE,1,1
1990,Day28 Cytokines R5,7,20221215mouse14_OD_R_4_0_0000037_Structure_0003,https://drive.google.com/file/d/1iH0R6XYnEDYMssg9uys9yyF7jfTqOld0/view?usp=share_link,2,0.5,0.5,,3,FALSE,FALSE,TRUE,FALSE,FALSE,0.5,0.5
1991,Day28 Cytokines R5,7,20221215mouse14_OD_R_4_0_0000037_Structure_0004,https://drive.google.com/file/d/1CXrIMvk7iJ161z-Wgpu0IjmjEEt4WgH2/view?usp=share_link,2,0.5,2,,3,FALSE,FALSE,TRUE,FALSE,FALSE,2,2
1992,Day28 Cytokines R5,7,20221215mouse15_OD_R_2_0_0000002_Structure_0001 D7,https://drive.google.com/file/d/1_16YP9taiP0H0w4d-Z93UNzIY2xfYcaL/view?usp=share_link,2,2,2,2,4,TRUE,TRUE,TRUE,FALSE,FALSE,2,2
1993,Day28 Cytokines R5,7,20221215mouse15_OD_R_2_0_0000002_Structure_0002 D7,https://drive.google.com/file/d/1cE0Wr96TxXdGwk3P0bub0KunjG-IBcTd/view?usp=share_link,1,1,2,2,4,FALSE,FALSE,TRUE,TRUE,FALSE,1,1
1994,Day28 Cytokines R5,7,20221215mouse15_OD_R_2_0_0000002_Structure_0003 D7,https://drive.google.com/file/d/1cz98OPblL7COVW3aiSSgo78392pvVjQ_/view?usp=share_link,,1,2,2,3,FALSE,FALSE,TRUE,FALSE,FALSE,2,2
1995,Day28 Cytokines R5,7,20221215mouse15_OD_R_2_0_0000002_Structure_0004 D7,https://drive.google.com/file/d/1OwBNceD5tyBfVAcaJvV82j8pJs_z-UPq/view?usp=share_link,,2,2,2,3,FALSE,TRUE,TRUE,FALSE,FALSE,2,2
1996,Day28 Cytokines R5,7,20221215mouse15_OD_R_4_0_0000009_Structure_0001 D7,https://drive.google.com/file/d/10acJI8jWELK1bDhb6jClWXFCV9KlDhyn/view?usp=share_link,1,0.5,0.5,2,4,FALSE,FALSE,TRUE,FALSE,FALSE,0.5,0.5
1997,Day28 Cytokines R5,7,20221215mouse15_OD_R_4_0_0000009_Structure_0002 D7,https://drive.google.com/file/d/1Qf3CihNxpuA0qv-FCPQEucWkoR1u6yPN/view?usp=share_link,,0.5,0.5,2,3,FALSE,FALSE,TRUE,FALSE,FALSE,0.5,0.5
1998,Day28 Cytokines R5,7,20221215mouse15_OD_R_4_0_0000009_Structure_0003 D7,https://drive.google.com/file/d/1gMU_kr6qZ5a1bx7BCVWDddGyL_omTQPY/view?usp=share_link,,0,0,0.5,3,FALSE,TRUE,TRUE,FALSE,FALSE,0,0
1999,Day28 Cytokines R5,7,20221215mouse15_OD_R_4_0_0000009_Structure_0004 D7,https://drive.google.com/file/d/1NR0wS2OMDdVIcFEEVkJ48QVnmDakyQFl/view?usp=share_link,1,0.5,0.5,2,4,FALSE,FALSE,TRUE,FALSE,FALSE,0.5,0.5
2000,Day28 Cytokines R5,27,20221215mouse1_OD_R_2_0_0000044_Structure_0001,https://drive.google.com/file/d/17UTtrIBvFMKmFAiL-9rqwEwKncGK5xjG/view?usp=share_link,1,1,1,1,4,TRUE,TRUE,TRUE,FALSE,FALSE,1,1
2001,Day28 Cytokines R5,27,20221215mouse1_OD_R_2_0_0000044_Structure_0002,https://drive.google.com/file/d/1ElAbTbEu-YUxtW7Z4OW7yWgdz6k4Ww71/view?usp=share_link,,1,0.5,0.5,3,FALSE,FALSE,TRUE,FALSE,FALSE,0.5,0.5
2002,Day28 Cytokines R5,27,20221215mouse1_OD_R_2_0_0000044_Structure_0003,https://drive.google.com/file/d/1uMjAoRKEVSpbqEZ_73kZxk4kSgbVSzu3/view?usp=share_link,,1,0.5,1,3,FALSE,FALSE,TRUE,FALSE,FALSE,1,1
2003,Day28 Cytokines R5,27,20221215mouse1_OD_R_2_0_0000044_Structure_0004,https://drive.google.com/file/d/1ogM_1CjySfMwZyEwvoboKhJAp5FbJqyN/view?usp=share_link,1,3,1,2,4,FALSE,FALSE,TRUE,FALSE,FALSE,1,1
2004,Day28 Cytokines R5,27,20221215mouse1_OD_R_4_0_0000051_Structure_0001,https://drive.google.com/file/d/1CjR--Pz0uZiUeGCw9LMlE6vNY_OaMY6Y/view?usp=share_link,0,0,0,0,4,TRUE,TRUE,TRUE,FALSE,FALSE,0,0
2005,Day28 Cytokines R5,27,20221215mouse1_OD_R_4_0_0000051_Structure_0002,https://drive.google.com/file/d/18GNDyM0Hhd5dwHtUFQx61nEoLOeWVUyZ/view?usp=share_link,0,0,0,0,4,TRUE,TRUE,TRUE,FALSE,FALSE,0,0
2006,Day28 Cytokines R5,27,20221215mouse1_OD_R_4_0_0000051_Structure_0003,https://drive.google.com/file/d/1k6zgyKPMS7NbPoqDxPsDxB02B00DG-1k/view?usp=share_link,,0,0,0,3,FALSE,TRUE,TRUE,FALSE,FALSE,0,0
2007,Day28 Cytokines R5,27,20221215mouse1_OD_R_4_0_0000051_Structure_0004,https://drive.google.com/file/d/1KE89pP4U_y0b-AGKBeawSYS2DpGkBO5c/view?usp=share_link,,0,0,0,3,FALSE,TRUE,TRUE,FALSE,FALSE,0,0
2008,Day28 Cytokines R5,27,20221215mouse2_OD_R_2_0_0000037_Structure_0001,https://drive.google.com/file/d/1S6PFausuKt3GJUyxsnuSeyQSOdqokeLq/view?usp=share_link,,2,3,3,3,FALSE,FALSE,TRUE,FALSE,FALSE,3,3
2009,Day28 Cytokines R5,27,20221215mouse2_OD_R_2_0_0000037_Structure_0002,https://drive.google.com/file/d/1-FATp7xrs8FU8UQu0QWPclSwcRUyZpX9/view?usp=share_link,3,3,3,3,4,TRUE,TRUE,TRUE,FALSE,FALSE,3,3
2010,Day28 Cytokines R5,27,20221215mouse2_OD_R_2_0_0000037_Structure_0003,https://drive.google.com/file/d/1ValT7cDCtVv2h42CEch1n6Ydy6d8b3Bf/view?usp=sharing,3,3,3,3,4,TRUE,TRUE,TRUE,FALSE,FALSE,3,3
2011,Day28 Cytokines R5,27,20221215mouse2_OD_R_2_0_0000037_Structure_0004,https://drive.google.com/file/d/1T9XMLPqGWmvAbhaBTtamtxW4jA3RHM5d/view?usp=share_link,,4,3,4,3,FALSE,FALSE,TRUE,FALSE,FALSE,4,4
2012,Day28 Cytokines R5,27,20221215mouse2_OD_R_4_0_0000030_Structure_0001,https://drive.google.com/file/d/1_4brTGASu8ZpPpu5XFhDG9fpBQri9BnK/view?usp=share_link,1,1,0,0.5,4,FALSE,FALSE,TRUE,FALSE,FALSE,1,1
2013,Day28 Cytokines R5,27,20221215mouse2_OD_R_4_0_0000030_Structure_0002,https://drive.google.com/file/d/1OBR5-l26YNUaV9vYCole9BTqSSSjcFln/view?usp=share_link,1,1,1,,3,FALSE,TRUE,TRUE,FALSE,FALSE,1,1
2014,Day28 Cytokines R5,27,20221215mouse2_OD_R_4_0_0000030_Structure_0003,https://drive.google.com/file/d/1X3dGOYJfCngmtr1Iw40dj3nI1-Z5FwrQ/view?usp=share_link,,2,1,2,3,FALSE,FALSE,TRUE,FALSE,FALSE,2,2
2015,Day28 Cytokines R5,27,20221215mouse2_OD_R_4_0_0000030_Structure_0004,https://drive.google.com/file/d/1V5-X1fybDZN5tzjA0VFRhg-widVKMP8l/view?usp=share_link,2,1,0.5,2,4,FALSE,FALSE,TRUE,FALSE,FALSE,2,2
2016,Day28 Cytokines R5,27,20221215mouse4_OD_R_2_0_0000030_Structure_0001,https://drive.google.com/file/d/11AsFGcfNPNTOB_I4F5Yl0HO8LOmRW8eo/view?usp=share_link,0,0,0.5,0,4,FALSE,TRUE,TRUE,FALSE,FALSE,0,0
2017,Day28 Cytokines R5,27,20221215mouse4_OD_R_2_0_0000030_Structure_0002,https://drive.google.com/file/d/1LhL0vE9iLH5QZvUHgXbb-9xiFO4bmjzB/view?usp=share_link,0,0,0,,3,FALSE,TRUE,TRUE,FALSE,FALSE,0,0
2018,Day28 Cytokines R5,27,20221215mouse4_OD_R_2_0_0000030_Structure_0003,https://drive.google.com/file/d/1_YhMofVmorqXUKwGlz6AaIxovQzsEJos/view?usp=share_link,0.5,0.5,0.5,0.5,4,TRUE,TRUE,TRUE,FALSE,FALSE,0.5,0.5
2019,Day28 Cytokines R5,27,20221215mouse4_OD_R_2_0_0000030_Structure_0004,https://drive.google.com/file/d/1LTTqmSX6BJR9oTRx9Rea5XNMpLd-SDx_/view?usp=share_link,,0,0.5,0.5,3,FALSE,FALSE,TRUE,FALSE,FALSE,0.5,0.5
2020,Day28 Cytokines R5,27,20221215mouse4_OD_R_4_0_0000037_Structure_0001,https://drive.google.com/file/d/1cUHNTQvQVsKJCyqU8JgKdd07aO7QjTu5/view?usp=share_link,0,0,0,0,4,TRUE,TRUE,TRUE,FALSE,FALSE,0,0
2021,Day28 Cytokines R5,27,20221215mouse4_OD_R_4_0_0000037_Structure_0002,https://drive.google.com/file/d/1_Wfhf1hVuBIEfG-myX2vZgDYHn21uONS/view?usp=share_link,0,0,0,0,4,TRUE,TRUE,TRUE,FALSE,FALSE,0,0
2022,Day28 Cytokines R5,27,20221215mouse4_OD_R_4_0_0000037_Structure_0003,https://drive.google.com/file/d/1iE1elpXYbElDGrDTZ67UV-tqhAuMlj50/view?usp=share_link,,0,0,0,3,FALSE,TRUE,TRUE,FALSE,FALSE,0,0
2023,Day28 Cytokines R5,27,20221215mouse4_OD_R_4_0_0000037_Structure_0004,https://drive.google.com/file/d/1lq1XDJLnkmXn1SwQ-pQdys2J831T1MgP/view?usp=share_link,0,0,0,,3,FALSE,TRUE,TRUE,FALSE,FALSE,0,0
2024,Day28 Cytokines R5,27,20221215mouse5_OD_R_2_0_0000037_Structure_0001,https://drive.google.com/file/d/1AlZdhUv-3sUcJLSNG-cPj1YQb9-ocSRG/view?usp=share_link,0.5,1,0.5,0.5,4,FALSE,TRUE,TRUE,FALSE,FALSE,0.5,0.5
2025,Day28 Cytokines R5,27,20221215mouse5_OD_R_2_0_0000037_Structure_0002,https://drive.google.com/file/d/18DG2G5s6_3skujOuL2eHlR0l_UHxBeD0/view?usp=share_link,1,1,1,1,4,TRUE,TRUE,TRUE,FALSE,FALSE,1,1
2026,Day28 Cytokines R5,27,20221215mouse5_OD_R_2_0_0000037_Structure_0003,https://drive.google.com/file/d/13F0WmgUXtJIQ46Pc498bFn526Kx2C_cB/view?usp=share_link,1,1,1,1,4,TRUE,TRUE,TRUE,FALSE,FALSE,1,1
2027,Day28 Cytokines R5,27,20221215mouse5_OD_R_2_0_0000037_Structure_0004,https://drive.google.com/file/d/11kBR4thvuFonHdPfO-yoJ3RW-NMHPv23/view?usp=share_link,0.5,0,0,0,4,FALSE,TRUE,TRUE,FALSE,FALSE,0,0
2028,Day28 Cytokines R5,27,20221215mouse5_OD_R_4_0_0000030_Structure_0001,https://drive.google.com/file/d/1hjZSbs_ZuAB4P2HqSOGOPgfxQxZm1mJv/view?usp=share_link,,0,0,0,3,FALSE,TRUE,TRUE,FALSE,FALSE,0,0
2029,Day28 Cytokines R5,27,20221215mouse5_OD_R_4_0_0000030_Structure_0002,https://drive.google.com/file/d/1SJDMV16dfuJ8ndxtgqM8m94jlRBI_8Jp/view?usp=share_link,,0,0,0,3,FALSE,TRUE,TRUE,FALSE,FALSE,0,0
2030,Day28 Cytokines R5,27,20221215mouse5_OD_R_4_0_0000030_Structure_0003,https://drive.google.com/file/d/1HmN0u4AH7HjMvSLPFirXkFqykgERlsO9/view?usp=share_link,,0,0,0,3,FALSE,TRUE,TRUE,FALSE,FALSE,0,0
2031,Day28 Cytokines R5,27,20221215mouse5_OD_R_4_0_0000030_Structure_0004,https://drive.google.com/file/d/17vBNC21LA8jRg1Aggv9ot4j3YyTvnxp9/view?usp=share_link,0,0,0,0,4,TRUE,TRUE,TRUE,FALSE,FALSE,0,0
2032,Day28 Cytokines R5,27,20221215mouse6_OD_R_2_0_0000016_Structure_0001  D27,https://drive.google.com/file/d/1SmkAN33BOY7WSGrZv3h_wSh14tf1Dijj/view?usp=share_link,,2,2,2,3,FALSE,TRUE,TRUE,FALSE,FALSE,2,2
2033,Day28 Cytokines R5,27,20221215mouse6_OD_R_2_0_0000016_Structure_0002 D27,https://drive.google.com/file/d/1BcmkHvhOMjU2NVibmsndVEoxYwZDrI25/view?usp=share_link,2,2,2,2,4,TRUE,TRUE,TRUE,FALSE,FALSE,2,2
2034,Day28 Cytokines R5,27,20221215mouse6_OD_R_2_0_0000016_Structure_0003 D27,https://drive.google.com/file/d/1S3xfxh88v2ni4Qxo-eh9-gSQ3gpmlFii/view?usp=share_link,,2,2,2,3,FALSE,TRUE,TRUE,FALSE,FALSE,2,2
2035,Day28 Cytokines R5,27,20221215mouse6_OD_R_2_0_0000016_Structure_0004 D27,https://drive.google.com/file/d/1NdvfeTubQpwkEHfeosirh-uPLbK5F7wM/view?usp=share_link,2,2,2,,3,FALSE,TRUE,TRUE,FALSE,FALSE,2,2
2036,Day28 Cytokines R5,27,20221215mouse6_OD_R_4_0_0000023_Structure_0001 D27,https://drive.google.com/file/d/1gsKFkYPGchmhz68zaFl53LNqeTB5rQ7D/view?usp=share_link,0.5,0.5,0,2,4,FALSE,FALSE,TRUE,FALSE,FALSE,0.5,0.5
2037,Day28 Cytokines R5,27,20221215mouse6_OD_R_4_0_0000023_Structure_0002 D27,https://drive.google.com/file/d/1udUUcC0o0hVNUut6UvYiVOFuzz9Zt_uB/view?usp=share_link,,0.5,0,0.5,3,FALSE,FALSE,TRUE,FALSE,FALSE,0.5,0.5
2038,Day28 Cytokines R5,27,20221215mouse6_OD_R_4_0_0000023_Structure_0003 D27,https://drive.google.com/file/d/1k4ERp3qfk_HptTvBLHsQJkRT9SlZR6PQ/view?usp=share_link,,0,0,0,3,FALSE,TRUE,TRUE,FALSE,FALSE,0,0
2039,Day28 Cytokines R5,27,20221215mouse6_OD_R_4_0_0000023_Structure_0004 D27,https://drive.google.com/file/d/1UoJoL8j2fq9DqfMDCslS9eGqi5BCktx3/view?usp=share_link,,0,0,0,3,FALSE,TRUE,TRUE,FALSE,FALSE,0,0
2040,Day28 Cytokines R5,27,20221215mouse7_OD_R_2_0_0000037_Structure_0001,https://drive.google.com/file/d/1M6B7WrYs9iX0huEYPomInp7tkj1pkAeT/view?usp=share_link,1,2,,2,3,FALSE,FALSE,TRUE,FALSE,FALSE,2,2
2041,Day28 Cytokines R5,27,20221215mouse7_OD_R_2_0_0000037_Structure_0002,https://drive.google.com/file/d/1J0mfJlg6BKlcir7dxnkD88EXoh4BCtVq/view?usp=share_link,,1,1,1,3,FALSE,TRUE,TRUE,FALSE,FALSE,1,1
2042,Day28 Cytokines R5,27,20221215mouse7_OD_R_2_0_0000037_Structure_0003,https://drive.google.com/file/d/1Ws5E-JDlljt0efBNBjnaPlUtKMIZqxUK/view?usp=share_link,,2,2,2,3,FALSE,TRUE,TRUE,FALSE,FALSE,2,2
2043,Day28 Cytokines R5,27,20221215mouse7_OD_R_2_0_0000037_Structure_0004,https://drive.google.com/file/d/1CBZf95VrsGOk7l5Z70ZkSAMdGYpJAzZm/view?usp=share_link,1,2,1,2,4,FALSE,FALSE,TRUE,TRUE,FALSE,1,1
2044,Day28 Cytokines R5,27,20221215mouse7_OD_R_4_0_0000030_Structure_0001,https://drive.google.com/file/d/1i5s9cAiRsGWe8XffaIBPg6CBhHuolDZ-/view?usp=share_link,,0,0,0,3,FALSE,TRUE,TRUE,FALSE,FALSE,0,0
2045,Day28 Cytokines R5,27,20221215mouse7_OD_R_4_0_0000030_Structure_0002,https://drive.google.com/file/d/1fVEsQBn3TrUKaInSCi9bBSFCUh1GABuJ/view?usp=share_link,,0.5,0.5,0.5,3,FALSE,TRUE,TRUE,FALSE,FALSE,0.5,0.5
2046,Day28 Cytokines R5,27,20221215mouse7_OD_R_4_0_0000030_Structure_0003,https://drive.google.com/file/d/15wI425WL6UTG9XVEWZGtv24yXwTD51sT/view?usp=share_link,0.5,0.5,0,0.5,4,FALSE,TRUE,TRUE,FALSE,FALSE,0.5,0.5
2047,Day28 Cytokines R5,27,20221215mouse7_OD_R_4_0_0000030_Structure_0004,https://drive.google.com/file/d/1SjeX5IGvMCTxUBAzqyIezRyOIvK_--Uu/view?usp=share_link,,2,0.5,2,3,FALSE,FALSE,TRUE,FALSE,FALSE,2,2
2048,Day28 Cytokines R5,27,20221215mouse8_OD_R_2_0_0000030_Structure_0001,https://drive.google.com/file/d/1_GibuntQvq1h_KzdvHNJjrcSrfI6ofBN/view?usp=share_link,0.5,0.5,0.5,0.5,4,TRUE,TRUE,TRUE,FALSE,FALSE,0.5,0.5
2049,Day28 Cytokines R5,27,20221215mouse8_OD_R_2_0_0000030_Structure_0002,https://drive.google.com/file/d/1FteF8yRWBI59FGXTFxEgdhBk0LUwUWPt/view?usp=share_link,,0,0,0,3,FALSE,TRUE,TRUE,FALSE,FALSE,0,0
2050,Day28 Cytokines R5,27,20221215mouse8_OD_R_2_0_0000030_Structure_0003,https://drive.google.com/file/d/1lwOVaJ4cPZXx2lMKTJj7W9Q11T0CqHew/view?usp=share_link,0.5,0.5,,0.5,3,FALSE,TRUE,TRUE,FALSE,FALSE,0.5,0.5
2051,Day28 Cytokines R5,27,20221215mouse8_OD_R_2_0_0000030_Structure_0004,https://drive.google.com/file/d/1A6tzaLF58TKSoEnx3V9KUnV7cufwIl60/view?usp=share_link,0.5,1,0.5,1,4,FALSE,FALSE,TRUE,TRUE,FALSE,0.5,0.5
2052,Day28 Cytokines R5,27,20221215mouse8_OD_R_4_0_0000037_Structure_0001,https://drive.google.com/file/d/1H6zSlgtKXqHguWbZLNsfO5JtKEZTGgNB/view?usp=share_link,,0,0,0,3,FALSE,TRUE,TRUE,FALSE,FALSE,0,0
2053,Day28 Cytokines R5,27,20221215mouse8_OD_R_4_0_0000037_Structure_0002,https://drive.google.com/file/d/1e-A8BhwyaYKAc-XLJ0Cl28_d7TqaAtAz/view?usp=share_link,,0,0,0.5,3,FALSE,TRUE,TRUE,FALSE,FALSE,0,0
2054,Day28 Cytokines R5,27,20221215mouse8_OD_R_4_0_0000037_Structure_0003,https://drive.google.com/file/d/1UEK7L4DgmR40MYbJD76ccJgSKUvlAw1c/view?usp=share_link,,0,0,0,3,FALSE,TRUE,TRUE,FALSE,FALSE,0,0
2055,Day28 Cytokines R5,27,20221215mouse8_OD_R_4_0_0000037_Structure_0004,https://drive.google.com/file/d/1MDOJMCWSJKEwNzfwe1XlqoeObR7lETqn/view?usp=share_link,0,0,,0,3,FALSE,TRUE,TRUE,FALSE,FALSE,0,0
2056,Day28 Cytokines R5,27,20221215mouse9_OD_R_2_0_0000037_Structure_0001,https://drive.google.com/file/d/13_lxcp6RWZnKA7jqicyxTZCKRjZ0SM1r/view?usp=share_link,0,0,0,0,4,TRUE,TRUE,TRUE,FALSE,FALSE,0,0
2057,Day28 Cytokines R5,27,20221215mouse9_OD_R_2_0_0000037_Structure_0002,https://drive.google.com/file/d/1Y8chkSc-ATieyVamX667pSd6b3Do7anu/view?usp=share_link,,0,0.5,0.5,3,FALSE,FALSE,TRUE,FALSE,FALSE,0.5,0.5
2058,Day28 Cytokines R5,27,20221215mouse9_OD_R_2_0_0000037_Structure_0003,https://drive.google.com/file/d/1DQj8tPRvluROvqCI5up8mIswSMEcUjsc/view?usp=share_link,,0,0.5,0.5,3,FALSE,FALSE,TRUE,FALSE,FALSE,0.5,0.5
2059,Day28 Cytokines R5,27,20221215mouse9_OD_R_2_0_0000037_Structure_0004,https://drive.google.com/file/d/1lRha0nPHPEKTGug3u88K27uJTUhzyrje/view?usp=share_link,0,0,,0,3,FALSE,TRUE,TRUE,FALSE,FALSE,0,0
2060,Day28 Cytokines R5,27,20221215mouse9_OD_R_4_0_0000030_Structure_0001,https://drive.google.com/file/d/1XZ4T_fhHM_p261bu_WGoGbcCPBQqXYJe/view?usp=share_link,,0,0,0,3,FALSE,TRUE,TRUE,FALSE,FALSE,0,0
2061,Day28 Cytokines R5,27,20221215mouse9_OD_R_4_0_0000030_Structure_0002,https://drive.google.com/file/d/1Z056_0ocMai4nZldZzXb-sStwpVw4p1Y/view?usp=share_link,,0,0,0,3,FALSE,TRUE,TRUE,FALSE,FALSE,0,0
2062,Day28 Cytokines R5,27,20221215mouse9_OD_R_4_0_0000030_Structure_0003,https://drive.google.com/file/d/1cwpzuZrPLVZxezsVUZ-6P5gX_jurIDGc/view?usp=share_link,0,0,0,0,4,TRUE,TRUE,TRUE,FALSE,FALSE,0,0
2063,Day28 Cytokines R5,27,20221215mouse9_OD_R_4_0_0000030_Structure_0004,https://drive.google.com/file/d/1enHKjQsLSubJca00FbRIsJpCc01GE0vN/view?usp=share_link,,0,0,0.5,3,FALSE,TRUE,TRUE,FALSE,FALSE,0,0
2064,Day28 Cytokines R5,27,20221215mouse10_OD_R_2_0_0000030_Structure_0001,https://drive.google.com/file/d/1KKhwNjiuY77TRrZhOTRzj3wtdxXlw_tD/view?usp=share_link,0.5,0,0.5,2,4,FALSE,FALSE,TRUE,FALSE,FALSE,0.5,0.5
2065,Day28 Cytokines R5,27,20221215mouse10_OD_R_2_0_0000030_Structure_0002,https://drive.google.com/file/d/1iDnrXafll-DTZeXGP6lC39b208vhKb_l/view?usp=share_link,,0,0,0,3,FALSE,TRUE,TRUE,FALSE,FALSE,0,0
2066,Day28 Cytokines R5,27,20221215mouse10_OD_R_2_0_0000030_Structure_0003,https://drive.google.com/file/d/1o9h-ljUnZL-_ftncp4OjuW2-5KYuMm8v/view?usp=share_link,0,0,,0,3,FALSE,TRUE,TRUE,FALSE,FALSE,0,0
2067,Day28 Cytokines R5,27,20221215mouse10_OD_R_2_0_0000030_Structure_0004,https://drive.google.com/file/d/1G8h4KrJn58kk_XXTIWBoinBwewBvDV_j/view?usp=share_link,,0,0,0,3,FALSE,TRUE,TRUE,FALSE,FALSE,0,0
2068,Day28 Cytokines R5,27,20221215mouse10_OD_R_4_0_0000037_Structure_0001,https://drive.google.com/file/d/1OI9U9orX6pNxr_rydZJdBWIIDF25V1XD/view?usp=share_link,0.5,0,,0,3,FALSE,TRUE,TRUE,FALSE,FALSE,0,0
2069,Day28 Cytokines R5,27,20221215mouse10_OD_R_4_0_0000037_Structure_0002,https://drive.google.com/file/d/1wulfOwl4WFN-3TmNh5ljpJso78gsywE2/view?usp=share_link,,0,0,0,3,FALSE,TRUE,TRUE,FALSE,FALSE,0,0
2070,Day28 Cytokines R5,27,20221215mouse10_OD_R_4_0_0000037_Structure_0003,https://drive.google.com/file/d/1FSFISHnsjWMdr6hZLoBvUBARD-gC0p3s/view?usp=share_link,,0,0,0,3,FALSE,TRUE,TRUE,FALSE,FALSE,0,0
2071,Day28 Cytokines R5,27,20221215mouse10_OD_R_4_0_0000037_Structure_0004,https://drive.google.com/file/d/1QZ8UG7FPrlMuRsR9OVdhk3nXiw6riyMP/view?usp=share_link,,0,0,0,3,FALSE,TRUE,TRUE,FALSE,FALSE,0,0
2072,Day28 Cytokines R5,27,20221215mouse11_OD_R_2_0_0000037_Structure_0001,https://drive.google.com/file/d/1zOJ618uauRH5RaOpjeci2DZt9F8yUY29/view?usp=share_link,,0,0,0,3,FALSE,TRUE,TRUE,FALSE,FALSE,0,0
2073,Day28 Cytokines R5,27,20221215mouse11_OD_R_2_0_0000037_Structure_0002,https://drive.google.com/file/d/1DwoRlFUqTo52dCYtbgCgw5AO_p-yB1p_/view?usp=share_link,,0,0,0,3,FALSE,TRUE,TRUE,FALSE,FALSE,0,0
2074,Day28 Cytokines R5,27,20221215mouse11_OD_R_2_0_0000037_Structure_0003,https://drive.google.com/file/d/19f4-YSzmzGTzfXoC9XMG79ag62qG9URL/view?usp=share_link,0,0.5,0.5,0.5,4,FALSE,TRUE,TRUE,FALSE,FALSE,0.5,0.5
2075,Day28 Cytokines R5,27,20221215mouse11_OD_R_2_0_0000037_Structure_0004,https://drive.google.com/file/d/1wgiAO-ke-GrqMhTMwTCiAzYtQWAI_6UL/view?usp=share_link,,1,0,0,3,FALSE,TRUE,TRUE,FALSE,FALSE,0,0
2076,Day28 Cytokines R5,27,20221215mouse11_OD_R_4_0_0000030_Structure_0001,https://drive.google.com/file/d/1Md9LG9jJm2QCZ9jCL5759au8z8mL64w_/view?usp=share_link,0.5,0.5,,0.5,3,FALSE,TRUE,TRUE,FALSE,FALSE,0.5,0.5
2077,Day28 Cytokines R5,27,20221215mouse11_OD_R_4_0_0000030_Structure_0002,https://drive.google.com/file/d/1RekoHqZ0oAiRKdhrFDyKJWtO_2FzuBW4/view?usp=share_link,,0,0,0.5,3,FALSE,TRUE,TRUE,FALSE,FALSE,0,0
2078,Day28 Cytokines R5,27,20221215mouse11_OD_R_4_0_0000030_Structure_0003,https://drive.google.com/file/d/1or0yc1heNQS8oL6fdQpJN_7mSQ4IZZLJ/view?usp=share_link,,0.5,0,0.5,3,FALSE,FALSE,TRUE,FALSE,FALSE,0.5,0.5
2079,Day28 Cytokines R5,27,20221215mouse11_OD_R_4_0_0000030_Structure_0004,https://drive.google.com/file/d/1yFuTeYlK9JK5wX2X74KUlZ9e4TNyPWHm/view?usp=share_link,,0,0,0,3,FALSE,TRUE,TRUE,FALSE,FALSE,0,0
2080,Day28 Cytokines R5,27,20221215mouse12_OD_R_2_0_0000030_Structure_0001,https://drive.google.com/file/d/1vL3_Y5d2xZSBd8QTOQGE3onCQtx-jWLc/view?usp=share_link,,0.5,0.5,0.5,3,FALSE,TRUE,TRUE,FALSE,FALSE,0.5,0.5
2081,Day28 Cytokines R5,27,20221215mouse12_OD_R_2_0_0000030_Structure_0002,https://drive.google.com/file/d/1SQ9uaQ6NGMuK2m9QhsP1C9sBK1CAzyp3/view?usp=share_link,,1,0.5,1,3,FALSE,FALSE,TRUE,FALSE,FALSE,1,1
2082,Day28 Cytokines R5,27,20221215mouse12_OD_R_2_0_0000030_Structure_0003,https://drive.google.com/file/d/1wd8hffx20Qac89ShwDxM_PxQtgoNcl_G/view?usp=share_link,,0.5,0.5,0.5,3,FALSE,TRUE,TRUE,FALSE,FALSE,0.5,0.5
2083,Day28 Cytokines R5,27,20221215mouse12_OD_R_2_0_0000030_Structure_0004,https://drive.google.com/file/d/1m8tvxjhkiiEthIZcjoSNEdgGf2YDbdpl/view?usp=share_link,0.5,0.5,,0.5,3,FALSE,TRUE,TRUE,FALSE,FALSE,0.5,0.5
2084,Day28 Cytokines R5,27,20221215mouse12_OD_R_4_0_0000037_Structure_0001,https://drive.google.com/file/d/1Zji8MRr9QvzNIF5wzbbhgAVFy8hxLSA6/view?usp=share_link,,0,0,0,3,FALSE,TRUE,TRUE,FALSE,FALSE,0,0
2085,Day28 Cytokines R5,27,20221215mouse12_OD_R_4_0_0000037_Structure_0002,https://drive.google.com/file/d/1dh2mkNIOYpcuJ4ycqhTI305LgCcCGVin/view?usp=share_link,,0,0,0.5,3,FALSE,TRUE,TRUE,FALSE,FALSE,0,0
2086,Day28 Cytokines R5,27,20221215mouse12_OD_R_4_0_0000037_Structure_0003,https://drive.google.com/file/d/18qkR5FrK-FSx33L-fLZlLHFNEirLiRU9/view?usp=share_link,0,0,0,0,4,TRUE,TRUE,TRUE,FALSE,FALSE,0,0
2087,Day28 Cytokines R5,27,20221215mouse12_OD_R_4_0_0000037_Structure_0004,https://drive.google.com/file/d/1FVkdif5W_6KCwFzFOZZUP76_pmT5YbgX/view?usp=share_link,,0.5,0.5,0.5,3,FALSE,TRUE,TRUE,FALSE,FALSE,0.5,0.5
2088,Day28 Cytokines R5,27,20221215mouse13_OD_R_2_0_0000037_Structure_0001,https://drive.google.com/file/d/1QrXi4fvHKuIe7hRfBGYBw3-9MHm_cuz8/view?usp=share_link,,0.5,0.5,0.5,3,FALSE,TRUE,TRUE,FALSE,FALSE,0.5,0.5
2089,Day28 Cytokines R5,27,20221215mouse13_OD_R_2_0_0000037_Structure_0002,https://drive.google.com/file/d/1lhiD8SFgwPFDPTZjQMHm-KxpsuTixSSE/view?usp=share_link,0.5,0,0.5,1,4,FALSE,FALSE,TRUE,FALSE,FALSE,0.5,0.5
2090,Day28 Cytokines R5,27,20221215mouse13_OD_R_2_0_0000037_Structure_0003,https://drive.google.com/file/d/17X5SV2ocfVZCFZruzzYi7K3GvgDZylNB/view?usp=share_link,0.5,0.5,0.5,0.5,4,TRUE,TRUE,TRUE,FALSE,FALSE,0.5,0.5
2091,Day28 Cytokines R5,27,20221215mouse13_OD_R_2_0_0000037_Structure_0004,https://drive.google.com/file/d/1V7kgZjZWH5VO0bhXO5kNbhTgoHg2pUTS/view?usp=share_link,,1,1,1,3,FALSE,TRUE,TRUE,FALSE,FALSE,1,1
2092,Day28 Cytokines R5,27,20221215mouse13_OD_R_4_0_0000030_Structure_0001,https://drive.google.com/file/d/116SfyIWGPDUiPRD3YNvvRlx9HXSqBct4/view?usp=share_link,0.5,0,0,0,4,FALSE,TRUE,TRUE,FALSE,FALSE,0,0
2093,Day28 Cytokines R5,27,20221215mouse13_OD_R_4_0_0000030_Structure_0002,https://drive.google.com/file/d/1hJe2pZMu0rhXaAQEt-APqsexGIAAo3jN/view?usp=share_link,,0,0,0,3,FALSE,TRUE,TRUE,FALSE,FALSE,0,0
2094,Day28 Cytokines R5,27,20221215mouse13_OD_R_4_0_0000030_Structure_0003,https://drive.google.com/file/d/1vMKEovb7sRaOrrCM5n0Hqr5gHUwgxp5P/view?usp=sharing,,2,2,2,3,FALSE,TRUE,TRUE,FALSE,FALSE,2,2
2095,Day28 Cytokines R5,27,20221215mouse13_OD_R_4_0_0000030_Structure_0004,https://drive.google.com/file/d/1Uzq_0DNPEX-tenIfFt_Ve0yDX_unW8h0/view?usp=share_link,,2,0.5,2,3,FALSE,FALSE,TRUE,FALSE,FALSE,2,2
2096,Day28 Cytokines R5,27,20221215mouse14_OD_R_2_0_0000058_Structure_0001,https://drive.google.com/file/d/13ebhvuvkUhDI9dvs8z_ApC26eZVGtPom/view?usp=share_link,4,4,4,4,4,TRUE,TRUE,TRUE,FALSE,FALSE,4,4
2097,Day28 Cytokines R5,27,20221215mouse14_OD_R_2_0_0000058_Structure_0002,https://drive.google.com/file/d/1d7BL5gFkSqvVoCvWtp-HhTaa_u3FsylW/view?usp=share_link,4,2,3,4,4,FALSE,FALSE,TRUE,FALSE,FALSE,4,4
2098,Day28 Cytokines R5,27,20221215mouse14_OD_R_2_0_0000058_Structure_0003,https://drive.google.com/file/d/1wvCOo60iFUF-dz5HfxBdgQkK1zA2mQZm/view?usp=share_link,,4,4,4,3,FALSE,TRUE,TRUE,FALSE,FALSE,4,4
2099,Day28 Cytokines R5,27,20221215mouse14_OD_R_2_0_0000058_Structure_0004,https://drive.google.com/file/d/1DEuphjC0C6NlFvIpIkaJ6WAo3nZgEdTw/view?usp=share_link,4,4,3,,3,FALSE,FALSE,TRUE,FALSE,FALSE,4,4
2100,Day28 Cytokines R5,27,20221215mouse14_OD_R_4_0_0000051_Structure_0001,https://drive.google.com/file/d/1pNctPgcWuAPxkSLBsayFaufVffGFCOtZ/view?usp=share_link,100,100,2,3,4,FALSE,FALSE,TRUE,FALSE,FALSE,100,100
2101,Day28 Cytokines R5,27,20221215mouse14_OD_R_4_0_0000051_Structure_0002,https://drive.google.com/file/d/1gN5xW7-pxJctiCM-ixWlyvLpFGW1Jq-J/view?usp=share_link,100,100,100,,3,FALSE,TRUE,TRUE,FALSE,FALSE,100,100
2102,Day28 Cytokines R5,27,20221215mouse14_OD_R_4_0_0000051_Structure_0003,https://drive.google.com/file/d/179gCEGy7cTlmzi7S_q0wzfSB7_h7F6JF/view?usp=share_link,3,1,1,,3,FALSE,FALSE,TRUE,FALSE,FALSE,1,1
2103,Day28 Cytokines R5,27,20221215mouse14_OD_R_4_0_0000051_Structure_0004,https://drive.google.com/file/d/1xPOWvNk_xJoSnWbLY6KDCbCX-5bkV9lb/view?usp=share_link,100,100,2,3,4,FALSE,FALSE,TRUE,FALSE,FALSE,100,100
2104,Day28 Cytokines R5,27,20221215mouse15_OD_R_2_0_0000016_Structure_0001,https://drive.google.com/file/d/1aU_ZxHSedIW5kTO9nKWsDp3WLNG7rmzJ/view?usp=share_link,1,1,1,0.5,4,FALSE,TRUE,TRUE,FALSE,FALSE,1,1
2105,Day28 Cytokines R5,27,20221215mouse15_OD_R_2_0_0000016_Structure_0002,https://drive.google.com/file/d/1u7_yyeXEfO4oTvmm13wJ8CtUbQrV6crR/view?usp=share_link,,0.5,1,1,3,FALSE,FALSE,TRUE,FALSE,FALSE,1,1
2106,Day28 Cytokines R5,27,20221215mouse15_OD_R_2_0_0000016_Structure_0003,https://drive.google.com/file/d/1xQKoAuVgLBNX5JHu0BZ9c3Wnk37O5PcM/view?usp=share_link,,1,1,1,3,FALSE,TRUE,TRUE,FALSE,FALSE,1,1
2107,Day28 Cytokines R5,27,20221215mouse15_OD_R_2_0_0000016_Structure_0004,https://drive.google.com/file/d/1GM6KbvMyMTO4ofo9XvcDcF9ZuYGEUL-i/view?usp=share_link,,1,1,1,3,FALSE,TRUE,TRUE,FALSE,FALSE,1,1
2108,Day28 Cytokines R5,27,20221215mouse15_OD_R_4_0_0000023_Structure_0001,https://drive.google.com/file/d/1C-ECAOPMyQg7wx13i8EOMGeSOiH9O7sm/view?usp=share_link,0,0,0,0,4,TRUE,TRUE,TRUE,FALSE,FALSE,0,0
2109,Day28 Cytokines R5,27,20221215mouse15_OD_R_4_0_0000023_Structure_0002,https://drive.google.com/file/d/1qzf90GW3Qgyfmy7HII3NOAt_Vf0V8rxB/view?usp=share_link,,0,0,0,3,FALSE,TRUE,TRUE,FALSE,FALSE,0,0
2110,Day28 Cytokines R5,27,20221215mouse15_OD_R_4_0_0000023_Structure_0003,https://drive.google.com/file/d/1xYVM2KeVGVnl7GkHGrp66o85F8fAVDkJ/view?usp=share_link,,0,0,0,3,FALSE,TRUE,TRUE,FALSE,FALSE,0,0
2111,Day28 Cytokines R5,27,20221215mouse15_OD_R_4_0_0000023_Structure_0004,https://drive.google.com/file/d/18PA3K4KY_IaHojhCDjkWr2zsO4aR3oHi/view?usp=share_link,0,0,0,0,4,TRUE,TRUE,TRUE,FALSE,FALSE,0,0
2112,PMU Day7 controls for GFP,1,20230508mouse19_OD_R_4_0_0000016_Structure_0001,https://drive.google.com/file/d/1FtNwDiAtl5Pc0fTDZC96U8kVcpU2PrJe/view?usp=drive_link,3,3,2,,3,FALSE,FALSE,TRUE,FALSE,FALSE,3,3
2113,PMU Day7 controls for GFP,1,20230508mouse19_OD_R_4_0_0000016_Structure_0002,https://drive.google.com/file/d/1k8WfpbU3VOky0vb_AFUmEg0mNq37UP6u/view?usp=drive_link,3,3,2,,3,FALSE,FALSE,TRUE,FALSE,FALSE,3,3
2114,PMU Day7 controls for GFP,1,20230508mouse19_OD_R_4_0_0000016_Structure_0003,https://drive.google.com/file/d/1pRAzKzZ1OHEIU1TxtYSezOgdKmrk3BWO/view?usp=drive_link,,3,3,3,3,FALSE,TRUE,TRUE,FALSE,FALSE,3,3
2115,PMU Day7 controls for GFP,1,20230508mouse19_OD_R_4_0_0000016_Structure_0004,https://drive.google.com/file/d/1i5UW8A2ZdfygKUh9S6mIby2fNz35i2Jm/view?usp=drive_link,4,3,3,,3,FALSE,FALSE,TRUE,FALSE,FALSE,3,3
2116,PMU Day7 controls for GFP,1,20230508mouse19_OD_R_2_0_0000023_Structure_0001,https://drive.google.com/file/d/1ovbjxv9KDa_2Hu7i8Nj7aNek8isYxxaP/view?usp=drive_link,,2,2,2,3,FALSE,TRUE,TRUE,FALSE,FALSE,2,2
2117,PMU Day7 controls for GFP,1,20230508mouse19_OD_R_2_0_0000023_Structure_0002,https://drive.google.com/file/d/1NiW6akKkIJv0bfEV5grNxIfKBDq-uuHL/view?usp=drive_link,1,2,1,,3,FALSE,FALSE,TRUE,FALSE,FALSE,1,1
2118,PMU Day7 controls for GFP,1,20230508mouse19_OD_R_2_0_0000023_Structure_0003,https://drive.google.com/file/d/1IQfC7Lyil4VI2DcHiSWRJao0FeCESsdz/view?usp=drive_link,2,2,1,,3,FALSE,FALSE,TRUE,FALSE,FALSE,2,2
2119,PMU Day7 controls for GFP,1,20230508mouse19_OD_R_2_0_0000023_Structure_0004,https://drive.google.com/file/d/18QCSjRP7xaIWyMsZsGtoOQhMWYOYZpAl/view?usp=drive_link,2,2,1,,3,FALSE,FALSE,TRUE,FALSE,FALSE,2,2
2120,PMU Day7 controls for GFP,1,20230508mouse20_OD_R_4_0_0000009_Structure_0001 D1,https://drive.google.com/file/d/1-VfQZhupyfqEcpWbeY1Wq8EwVqpVbo_i/view?usp=drive_link,0.5,0.5,0,,3,FALSE,FALSE,TRUE,FALSE,FALSE,0.5,0.5
2121,PMU Day7 controls for GFP,1,20230508mouse20_OD_R_4_0_0000009_Structure_0002 D1,https://drive.google.com/file/d/1bPeSd2OG3fqRQDiV5_oECBvf-OFzqNbQ/view?usp=drive_link,0,0.5,0,,3,FALSE,TRUE,TRUE,FALSE,FALSE,0,0
2122,PMU Day7 controls for GFP,1,20230508mouse20_OD_R_4_0_0000009_Structure_0003 D1,https://drive.google.com/file/d/1jmEBJ96kg1kX37HpFFmiZF3rn7rMedp_/view?usp=drive_link,0,0,0,,3,FALSE,TRUE,TRUE,FALSE,FALSE,0,0
2123,PMU Day7 controls for GFP,1,20230508mouse20_OD_R_4_0_0000009_Structure_0004 D1,https://drive.google.com/file/d/11dDWpvvJQiKi_ieA3PREM8jFDzaguIgx/view?usp=drive_link,2,0.5,0.5,,3,FALSE,FALSE,TRUE,FALSE,FALSE,0.5,0.5
2124,PMU Day7 controls for GFP,1,20230508mouse20_OD_R_2_0_0000002_Structure_0001 D1,https://drive.google.com/file/d/1qLzsTu_ZJRgAD155-oaJx0b69aw1SJKi/view?usp=drive_link,,1,1,1,3,FALSE,TRUE,TRUE,FALSE,FALSE,1,1
2125,PMU Day7 controls for GFP,1,20230508mouse20_OD_R_2_0_0000002_Structure_0002 D1,https://drive.google.com/file/d/1E-CdtlwY-QstrnmBqjvLVhEdr2FjNq_u/view?usp=drive_link,1,1,1,,3,FALSE,TRUE,TRUE,FALSE,FALSE,1,1
2126,PMU Day7 controls for GFP,1,20230508mouse20_OD_R_2_0_0000002_Structure_0003 D1,https://drive.google.com/file/d/1I4s67cBLv1mKCAYkaLxB0ivXzm2BJQHS/view?usp=drive_link,1,1,1,,3,FALSE,TRUE,TRUE,FALSE,FALSE,1,1
2127,PMU Day7 controls for GFP,1,20230508mouse20_OD_R_2_0_0000002_Structure_0004 D1,https://drive.google.com/file/d/1qdeT_TBnKxFDaKi25VRaV-4YsVFlsGfu/view?usp=drive_link,,1,1,1,3,FALSE,TRUE,TRUE,FALSE,FALSE,1,1
2128,PMU Day7 controls for GFP,7,20230508mouse20_OD_R_4_0_0000009_Structure_0001 D7,https://drive.google.com/file/d/1hMfRFbV710xMmF1WxWbKDux-rbMm0oqG/view?usp=drive_link,0.5,0.5,0.5,,3,FALSE,TRUE,TRUE,FALSE,FALSE,0.5,0.5
2129,PMU Day7 controls for GFP,7,20230508mouse20_OD_R_4_0_0000009_Structure_0002 D7,https://drive.google.com/file/d/1001S652mCu8BTr48RPsiZvN46F5buaY-/view?usp=drive_link,0,0,0,,3,FALSE,TRUE,TRUE,FALSE,FALSE,0,0
2130,PMU Day7 controls for GFP,7,20230508mouse20_OD_R_4_0_0000009_Structure_0003 D7,https://drive.google.com/file/d/15zGuhxePH6ajT3RWpQntMIOfpfZtCzxK/view?usp=drive_link,0,0,0,,3,FALSE,TRUE,TRUE,FALSE,FALSE,0,0
2131,PMU Day7 controls for GFP,7,20230508mouse20_OD_R_4_0_0000009_Structure_0004 D7,https://drive.google.com/file/d/1WTGXX0YPDoSvRT0OT-At6BUeUxV3K9IK/view?usp=drive_link,,0,0,0.5,3,FALSE,TRUE,TRUE,FALSE,FALSE,0,0
2132,PMU Day7 controls for GFP,7,20230508mouse20_OD_R_2_0_0000002_Structure_0001 D7,https://drive.google.com/file/d/1IGlj2QglThsRzjFB9uzlUDmZdmiVWvaJ/view?usp=drive_link,0.5,1,0.5,,3,FALSE,FALSE,TRUE,FALSE,FALSE,0.5,0.5
2133,PMU Day7 controls for GFP,7,20230508mouse20_OD_R_2_0_0000002_Structure_0002 D7,https://drive.google.com/file/d/1J4GYR0Kf9oG9BrcK6vl8VK1pKnz9NYsC/view?usp=drive_link,0.5,1,0.5,,3,FALSE,FALSE,TRUE,FALSE,FALSE,0.5,0.5
2134,PMU Day7 controls for GFP,7,20230508mouse20_OD_R_2_0_0000002_Structure_0003 D7,https://drive.google.com/file/d/1wOxONO10MaFhyfDaYeL-NTdOkK-eCsIm/view?usp=drive_link,,1,1,1,3,FALSE,TRUE,TRUE,FALSE,FALSE,1,1
2135,PMU Day7 controls for GFP,7,20230508mouse20_OD_R_2_0_0000002_Structure_0004 D7,https://drive.google.com/file/d/1HDDGMHmnlI4TNc9iiKgW4P2-uIdOWCgO/view?usp=drive_link,0.5,1,0.5,,3,FALSE,FALSE,TRUE,FALSE,FALSE,0.5,0.5
2136,AT#9 CD45.1 Donors,1,20241003mouse1_OD_R_2_0_0000002_Structure_0001,https://drive.google.com/file/d/1oaT0cX-DcRjHaFYnk3qySRwWR7AzPyN8/view?usp=drive_link,1,0.5,0.5,,3,FALSE,FALSE,TRUE,FALSE,FALSE,0.5,0.5
2137,AT#9 CD45.1 Donors,1,20241003mouse1_OD_R_2_0_0000002_Structure_0002,https://drive.google.com/file/d/1SUBFq5JY7rEJyhEdvvyt0t5PNhWF85-Z/view?usp=drive_link,100,0,0.5,0,4,FALSE,FALSE,TRUE,FALSE,FALSE,0,0
2138,AT#9 CD45.1 Donors,1,20241003mouse1_OD_R_2_0_0000002_Structure_0003,https://drive.google.com/file/d/1aLUWZTfC-V2oWmKLk51wSmWTs6lIqMSD/view?usp=drive_link,100,0.5,0.5,,3,FALSE,FALSE,TRUE,FALSE,FALSE,0.5,0.5
2139,AT#9 CD45.1 Donors,1,20241003mouse1_OD_R_2_0_0000002_Structure_0004,https://drive.google.com/file/d/1DoT19mekI8qLWBsvjDI9aTDBxJ-y2eEu/view?usp=drive_link,100,1,0.5,1,4,FALSE,FALSE,TRUE,FALSE,FALSE,1,1
2140,AT#9 CD45.1 Donors,1,20241003mouse2_OD_R_2_0_0000002_Structure_0001,https://drive.google.com/file/d/12i4O1MNTDYDUJR48sscJqRLXSEsYew5t/view?usp=drive_link,2,2,2,,3,FALSE,TRUE,TRUE,FALSE,FALSE,2,2
2141,AT#9 CD45.1 Donors,1,20241003mouse2_OD_R_2_0_0000002_Structure_0002,https://drive.google.com/file/d/1tn8rRdxUKd21r7P7wHu_B26_1Fgu7aOv/view?usp=drive_link,1,1,1,,3,FALSE,TRUE,TRUE,FALSE,FALSE,1,1
2142,AT#9 CD45.1 Donors,1,20241003mouse2_OD_R_2_0_0000002_Structure_0003,https://drive.google.com/file/d/1NjNHw547JLqgUsTvoLaqFU8wNoxUMyR2/view?usp=drive_link,1,0.5,0.5,,3,FALSE,FALSE,TRUE,FALSE,FALSE,0.5,0.5
2143,AT#9 CD45.1 Donors,1,20241003mouse2_OD_R_2_0_0000002_Structure_0004,https://drive.google.com/file/d/1G5bPmdt-mZcVSlO7chkMiJ5m1Qhau7Ux/view?usp=drive_link,1,2,1,,3,FALSE,FALSE,TRUE,FALSE,FALSE,1,1
2144,AT#9 CD45.1 Donors,1,20241003mouse3_OD_R_2_0_0000002_Structure_0001,https://drive.google.com/file/d/10RfK24ppJZMQePNsqJfhm7-c8s-XxhfU/view?usp=drive_link,3,3,3,,3,FALSE,TRUE,TRUE,FALSE,FALSE,3,3
2145,AT#9 CD45.1 Donors,1,20241003mouse3_OD_R_2_0_0000002_Structure_0002,https://drive.google.com/file/d/1DjcKo0e0LqOQH2Es90xmgzRv7VH3isA0/view?usp=drive_link,3,3,3,,3,FALSE,TRUE,TRUE,FALSE,FALSE,3,3
2146,AT#9 CD45.1 Donors,1,20241003mouse3_OD_R_2_0_0000002_Structure_0003,https://drive.google.com/file/d/1mXFz57qECqCL76HXMfoeISoLzOEGjVxy/view?usp=drive_link,3,3,3,,3,FALSE,TRUE,TRUE,FALSE,FALSE,3,3
2147,AT#9 CD45.1 Donors,1,20241003mouse3_OD_R_2_0_0000002_Structure_0004,https://drive.google.com/file/d/1pZXH6IE30xjKBWgLn0N7iLwz3e2-2HRR/view?usp=drive_link,4,3,3,,3,FALSE,FALSE,TRUE,FALSE,FALSE,3,3
2148,20240109,PMU D28,20231205mouse1_OD_R_2_0_0000058_Structure_0001,https://drive.google.com/file/d/1090yeQz32Tk93yWhIG4EfcXyZQQrsmV5/view?usp=drive_link,,0.5,0.5,0.5,3,FALSE,TRUE,TRUE,FALSE,FALSE,0.5,0.5
2149,20240109,PMU D28,20231205mouse1_OD_R_2_0_0000058_Structure_0002,https://drive.google.com/file/d/11W1pAVGoQfvGKlzsyVRUHbc_1_uqW0gz/view?usp=drive_link,,0,0,0,3,FALSE,TRUE,TRUE,FALSE,FALSE,0,0
2150,20240109,PMU D28,20231205mouse1_OD_R_2_0_0000058_Structure_0003,https://drive.google.com/file/d/1zexS90UyqkIlLf2UTUw9iX9uj097mamU/view?usp=drive_link,,0,0,0,3,FALSE,TRUE,TRUE,FALSE,FALSE,0,0
2151,20240109,PMU D28,20231205mouse1_OD_R_2_0_0000058_Structure_0004,https://drive.google.com/file/d/19tprv1gp1fwtERPP83FsxTi9iOuuK_es/view?usp=drive_link,,0,0,0,3,FALSE,TRUE,TRUE,FALSE,FALSE,0,0
2152,20240109,PMU D28,20231205mouse1_OD_R_4_0_0000065_Structure_0001,https://drive.google.com/file/d/1uA07Drs-oPJgoyqtxKut_vzyE_9CRumJ/view?usp=drive_link,,0,0,0,3,FALSE,TRUE,TRUE,FALSE,FALSE,0,0
2153,20240109,PMU D28,20231205mouse1_OD_R_4_0_0000065_Structure_0002,https://drive.google.com/file/d/1ps2irga11OYcERxAJJZw1kYjMeM02KJp/view?usp=drive_link,,0,0,0,3,FALSE,TRUE,TRUE,FALSE,FALSE,0,0
2154,20240109,PMU D28,20231205mouse1_OD_R_4_0_0000065_Structure_0003,https://drive.google.com/file/d/1nfzT8z9l1zwxUoJYjmlCK0Lf2IGBL2Pn/view?usp=drive_link,,0,0,0,3,FALSE,TRUE,TRUE,FALSE,FALSE,0,0
2155,20240109,PMU D28,20231205mouse1_OD_R_4_0_0000065_Structure_0004,https://drive.google.com/file/d/1wC6lQ2zMSDWO5EWlYp71QKecKRDD5snF/view?usp=drive_link,,0,0,0,3,FALSE,TRUE,TRUE,FALSE,FALSE,0,0
2156,20240109,PMU D28,20231205mouse1_OS_R_2_0_0000079_Structure_0001,https://drive.google.com/file/d/191i8U4qTijsqHVEBSRIaqW2Ew3wR6JZz/view?usp=drive_link,,0,0,0,3,FALSE,TRUE,TRUE,FALSE,FALSE,0,0
2157,20240109,PMU D28,20231205mouse1_OS_R_2_0_0000079_Structure_0002,https://drive.google.com/file/d/1NwEZBgCP5b3WSNK1gq_Tz6TOgc0g22Y8/view?usp=drive_link,,0,0,0,3,FALSE,TRUE,TRUE,FALSE,FALSE,0,0
2158,20240109,PMU D28,20231205mouse1_OS_R_2_0_0000079_Structure_0003,https://drive.google.com/file/d/15bKA2O_vSDvHnP6n-b0r_ESiWDiO8R4m/view?usp=drive_link,,0,0,0,3,FALSE,TRUE,TRUE,FALSE,FALSE,0,0
2159,20240109,PMU D28,20231205mouse1_OS_R_2_0_0000079_Structure_0004,https://drive.google.com/file/d/1rK33hE137Po88gn7A5LRe7jQ503aqRoX/view?usp=drive_link,,0,0,0,3,FALSE,TRUE,TRUE,FALSE,FALSE,0,0
2160,20240109,PMU D28,20231205mouse1_OS_R_4_0_0000072_Structure_0001,https://drive.google.com/file/d/1nlkPtndHNTnq-OsbO4_p4NyJztGXS8yI/view?usp=drive_link,,0,0,0,3,FALSE,TRUE,TRUE,FALSE,FALSE,0,0
2161,20240109,PMU D28,20231205mouse1_OS_R_4_0_0000072_Structure_0002,https://drive.google.com/file/d/1OU5IjnZD3EvIKPNmOogUmSe2QWbLag80/view?usp=drive_link,,0,0,0,3,FALSE,TRUE,TRUE,FALSE,FALSE,0,0
2162,20240109,PMU D28,20231205mouse1_OS_R_4_0_0000072_Structure_0003,https://drive.google.com/file/d/1ca-XgKQK4XN3NsO7LriBOWQt-jpmmEoG/view?usp=drive_link,,0,0,0,3,FALSE,TRUE,TRUE,FALSE,FALSE,0,0
2163,20240109,PMU D28,20231205mouse1_OS_R_4_0_0000072_Structure_0004,https://drive.google.com/file/d/10LatXyBDR8YuqzI2B6xZnBywNu1dKq6Y/view?usp=drive_link,,0,0,0,3,FALSE,TRUE,TRUE,FALSE,FALSE,0,0
2164,20240109,PMU D28,20231205mouse2_OD_R_2_0_0000079_Structure_0001,https://drive.google.com/file/d/16aQyik7Pq_Oay0bgg-HKu05U26NPFJQ1/view?usp=drive_link,,1,1,1,3,FALSE,TRUE,TRUE,FALSE,FALSE,1,1
2165,20240109,PMU D28,20231205mouse2_OD_R_2_0_0000079_Structure_0002,https://drive.google.com/file/d/1OXCLVZy8ToF2wmN03HuD4VYyNABE_x5Z/view?usp=drive_link,,0.5,0.5,0.5,3,FALSE,TRUE,TRUE,FALSE,FALSE,0.5,0.5
2166,20240109,PMU D28,20231205mouse2_OD_R_2_0_0000079_Structure_0003,https://drive.google.com/file/d/1_4fNwolzl83HU9VM7q6EmsaoamnBzD-t/view?usp=drive_link,,0.5,0.5,0.5,3,FALSE,TRUE,TRUE,FALSE,FALSE,0.5,0.5
2167,20240109,PMU D28,20231205mouse2_OD_R_2_0_0000079_Structure_0004,https://drive.google.com/file/d/1iLP7p8HjEz8npoh-m7eTJ9zsQlWikbJA/view?usp=drive_link,,2,1,2,3,FALSE,FALSE,TRUE,FALSE,FALSE,2,2
2168,20240109,PMU D28,20231205mouse2_OD_R_4_0_0000072_Structure_0001,https://drive.google.com/file/d/1RXVrTNf_9weZZICqWr5px1HXnIVsUo71/view?usp=drive_link,,2,2,2,3,FALSE,TRUE,TRUE,FALSE,FALSE,2,2
2169,20240109,PMU D28,20231205mouse2_OD_R_4_0_0000072_Structure_0002,https://drive.google.com/file/d/1HjRJNA_G-jBLfmNQ_dR66zEJLdwuxnuz/view?usp=drive_link,,1,0.5,1,3,FALSE,FALSE,TRUE,FALSE,FALSE,1,1
2170,20240109,PMU D28,20231205mouse2_OD_R_4_0_0000072_Structure_0003,https://drive.google.com/file/d/1gGHIocpNcA1-KGAN1-d-zkamfZA2Vdee/view?usp=drive_link,,1,0.5,1,3,FALSE,FALSE,TRUE,FALSE,FALSE,1,1
2171,20240109,PMU D28,20231205mouse2_OD_R_4_0_0000072_Structure_0004,https://drive.google.com/file/d/1CZXX3XDl9oOkaPjDEgLpvULbdeIW6YNY/view?usp=drive_link,,2,2,2,3,FALSE,TRUE,TRUE,FALSE,FALSE,2,2
2172,20240109,PMU D28,20231205mouse2_OS_R_2_0_0000058_Structure_0001,https://drive.google.com/file/d/14LcfNn0AGHU0QC6JYbv1kmxVIyngGL9d/view?usp=drive_link,,0,0,0,3,FALSE,TRUE,TRUE,FALSE,FALSE,0,0
2173,20240109,PMU D28,20231205mouse2_OS_R_2_0_0000058_Structure_0002,https://drive.google.com/file/d/1qEzS6E3YD8eoahPbFvTLpaJTXrIXQXDa/view?usp=drive_link,,0,0,0,3,FALSE,TRUE,TRUE,FALSE,FALSE,0,0
2174,20240109,PMU D28,20231205mouse2_OS_R_2_0_0000058_Structure_0003,https://drive.google.com/file/d/1dRabZqm5ezczJO_b-xpdzJQwsYb7yJRn/view?usp=drive_link,,0,0,0,3,FALSE,TRUE,TRUE,FALSE,FALSE,0,0
2175,20240109,PMU D28,20231205mouse2_OS_R_2_0_0000058_Structure_0004,https://drive.google.com/file/d/1coS_RTvJe8CAMrcK5bts3gJmLPw4e0k3/view?usp=drive_link,,0,0,0,3,FALSE,TRUE,TRUE,FALSE,FALSE,0,0
2176,20240109,PMU D28,20231205mouse2_OS_R_4_0_0000065_Structure_0001,https://drive.google.com/file/d/1FDg4pJzqftL-xYk39F0I3Gta75919JiS/view?usp=drive_link,,0,0,0,3,FALSE,TRUE,TRUE,FALSE,FALSE,0,0
2177,20240109,PMU D28,20231205mouse2_OS_R_4_0_0000065_Structure_0002,https://drive.google.com/file/d/1KQozLQ2tK0shetcT4iXeEYVzHiqXgTTo/view?usp=drive_link,,0,0,0,3,FALSE,TRUE,TRUE,FALSE,FALSE,0,0
2178,20240109,PMU D28,20231205mouse2_OS_R_4_0_0000065_Structure_0003,https://drive.google.com/file/d/1vmhx7hYKu4rUcToYSjmPlXYNvSXIUhFb/view?usp=drive_link,,0,0,0,3,FALSE,TRUE,TRUE,FALSE,FALSE,0,0
2179,20240109,PMU D28,20231205mouse2_OS_R_4_0_0000065_Structure_0004,https://drive.google.com/file/d/1c_OqPkLrELOcjKsiboNqCtJxbnfQhP6Q/view?usp=drive_link,,1,0,0,3,FALSE,TRUE,TRUE,FALSE,FALSE,0,0
2180,20240109,PMU D28,20231205mouse3_OD_R_2_0_0000044_Structure_0001,https://drive.google.com/file/d/1f2l1cqR8iKZx9E6aBioyJQyeafRxUBkg/view?usp=drive_link,,1,1,1,3,FALSE,TRUE,TRUE,FALSE,FALSE,1,1
2181,20240109,PMU D28,20231205mouse3_OD_R_2_0_0000044_Structure_0002,https://drive.google.com/file/d/1iAtM4ZAkrxnR8C2M5flazEzAGlagurr5/view?usp=drive_link,,0.5,0.5,0.5,3,FALSE,TRUE,TRUE,FALSE,FALSE,0.5,0.5
2182,20240109,PMU D28,20231205mouse3_OD_R_2_0_0000044_Structure_0003,https://drive.google.com/file/d/1p77_S_-rVUfG6A1rh8o5yzrPtBXg2azr/view?usp=drive_link,,0.5,1,1,3,FALSE,FALSE,TRUE,FALSE,FALSE,1,1
2183,20240109,PMU D28,20231205mouse3_OD_R_2_0_0000044_Structure_0004,https://drive.google.com/file/d/1QMAiuFzYQC5d4bDayFrOY9fBsOdMjD2k/view?usp=drive_link,,0.5,0.5,0.5,3,FALSE,TRUE,TRUE,FALSE,FALSE,0.5,0.5
2184,20240109,PMU D28,20231205mouse3_OD_R_4_0_0000051_Structure_0001,https://drive.google.com/file/d/1w8eOh-91awHeMpyP6uaXNVp4gtXXknYt/view?usp=drive_link,,0.5,0.5,0.5,3,FALSE,TRUE,TRUE,FALSE,FALSE,0.5,0.5
2185,20240109,PMU D28,20231205mouse3_OD_R_4_0_0000051_Structure_0002,https://drive.google.com/file/d/1fayELUxB-jsAXVYY0aVaG184Yi4YFS2g/view?usp=drive_link,,1,0.5,1,3,FALSE,FALSE,TRUE,FALSE,FALSE,1,1
2186,20240109,PMU D28,20231205mouse3_OD_R_4_0_0000051_Structure_0003,https://drive.google.com/file/d/1mXqYHXKZ7ZKqPdSQunrvTv36YuYwsGWc/view?usp=drive_link,,0.5,0.5,0.5,3,FALSE,TRUE,TRUE,FALSE,FALSE,0.5,0.5
2187,20240109,PMU D28,20231205mouse3_OD_R_4_0_0000051_Structure_0004,https://drive.google.com/file/d/17BwNHqCIsJgRxDdqkdeqQzPJlcgn7LIa/view?usp=drive_link,,2,2,2,3,FALSE,TRUE,TRUE,FALSE,FALSE,2,2
2188,20240109,PMU D28,20231205mouse3_OS_R_2_0_0000065_Structure_0001,https://drive.google.com/file/d/1u02k4qcCk6ButiOp-9rw-duNHBdb1uX8/view?usp=drive_link,,0,0,0,3,FALSE,TRUE,TRUE,FALSE,FALSE,0,0
2189,20240109,PMU D28,20231205mouse3_OS_R_2_0_0000065_Structure_0002,https://drive.google.com/file/d/1U-ZiCkHQt83pVXkd6OP4JbwHTkm84CPS/view?usp=drive_link,,0,0,0,3,FALSE,TRUE,TRUE,FALSE,FALSE,0,0
2190,20240109,PMU D28,20231205mouse3_OS_R_2_0_0000065_Structure_0003,https://drive.google.com/file/d/1BmDtJSQbrWf8-veh0nHauwza5foIXLR9/view?usp=drive_link,,0,0,0,3,FALSE,TRUE,TRUE,FALSE,FALSE,0,0
2191,20240109,PMU D28,20231205mouse3_OS_R_2_0_0000065_Structure_0004,https://drive.google.com/file/d/1dTWUBShjSNqq7RaKu9eBTrpUqDpWTJYR/view?usp=drive_link,,0,0,0,3,FALSE,TRUE,TRUE,FALSE,FALSE,0,0
2192,20240109,PMU D28,20231205mouse3_OS_R_4_0_0000058_Structure_0001,https://drive.google.com/file/d/12YMzNT1hmEEnocXnP1WAmAv0WbPTB2uo/view?usp=drive_link,,0,0,0,3,FALSE,TRUE,TRUE,FALSE,FALSE,0,0
2193,20240109,PMU D28,20231205mouse3_OS_R_4_0_0000058_Structure_0002,https://drive.google.com/file/d/1ENTiauivUp9Asw-Rt27YyoX0689piAKz/view?usp=drive_link,,0,0,0,3,FALSE,TRUE,TRUE,FALSE,FALSE,0,0
2194,20240109,PMU D28,20231205mouse3_OS_R_4_0_0000058_Structure_0003,https://drive.google.com/file/d/1AToNDjsOzfMrdpAHl_bny8drE7v_TX0z/view?usp=drive_link,,0,0,0,3,FALSE,TRUE,TRUE,FALSE,FALSE,0,0
2195,20240109,PMU D28,20231205mouse3_OS_R_4_0_0000058_Structure_0004,https://drive.google.com/file/d/1vjIXBmLIdnyhZMP1n02rlZCMjYKWD9zQ/view?usp=drive_link,,0,0.5,0,3,FALSE,TRUE,TRUE,FALSE,FALSE,0,0
2196,20240109,PMU D28,20231205mouse4_OD_R_2_0_0000079_Structure_0001,https://drive.google.com/file/d/1gmSBbfh9HIIrx6FvoZgYaEQzztFBi3Mf/view?usp=drive_link,2,100,100,2,4,FALSE,FALSE,TRUE,TRUE,TRUE,2,2
2197,20240109,PMU D28,20231205mouse4_OD_R_2_0_0000079_Structure_0002,https://drive.google.com/file/d/1wEd0wTidSVXffoF9wIeoZTEVAmZ24rYy/view?usp=drive_link,1,100,100,2,4,FALSE,FALSE,TRUE,FALSE,FALSE,100,100
2198,20240109,PMU D28,20231205mouse4_OD_R_2_0_0000079_Structure_0003,https://drive.google.com/file/d/1ybqaRVZSKi1QyC6dHI_BEwdmlL7u5dJ6/view?usp=drive_link,2,100,100,3,4,FALSE,FALSE,TRUE,FALSE,FALSE,100,100
2199,20240109,PMU D28,20231205mouse4_OD_R_2_0_0000079_Structure_0004,https://drive.google.com/file/d/1xeKsXLugKvcDJ4vMCaAIFs8GQL5PZAKT/view?usp=drive_link,3,100,100,3,4,FALSE,FALSE,TRUE,TRUE,TRUE,3,3
2200,20240109,PMU D28,20231205mouse4_OD_R_4_0_0000086_Structure_0001,https://drive.google.com/file/d/19KnxoeKUWJce-wz4r4TNlkLggQ6IPpaW/view?usp=drive_link,,3,1,1,3,FALSE,FALSE,TRUE,FALSE,FALSE,1,1
2201,20240109,PMU D28,20231205mouse4_OD_R_4_0_0000086_Structure_0002,https://drive.google.com/file/d/1c7F4O5cAAr4dIGlyX1n7ggxPpWkKegW9/view?usp=drive_link,,2,2,2,3,FALSE,TRUE,TRUE,FALSE,FALSE,2,2
2202,20240109,PMU D28,20231205mouse4_OD_R_4_0_0000086_Structure_0003,https://drive.google.com/file/d/1n_2fQwggvDMM_KFC5MDi3spIbuLuGgDu/view?usp=drive_link,,3,2,2,3,FALSE,FALSE,TRUE,FALSE,FALSE,2,2
2203,20240109,PMU D28,20231205mouse4_OD_R_4_0_0000086_Structure_0004,https://drive.google.com/file/d/1H4YuIas6lvYMvzVOSyI4vP3_6YPeOaJ_/view?usp=drive_link,,2,2,2,3,FALSE,TRUE,TRUE,FALSE,FALSE,2,2
2204,20240109,PMU D28,20231205mouse4_OS_R_2_0_0000065_Structure_0001,https://drive.google.com/file/d/1ToaGU66gc9uraWyMdCTBKq_HqnFIwAXz/view?usp=drive_link,,0,0,0,3,FALSE,TRUE,TRUE,FALSE,FALSE,0,0
2205,20240109,PMU D28,20231205mouse4_OS_R_2_0_0000065_Structure_0002,https://drive.google.com/file/d/16GgDGJcxn1a_nSiyxlpA51h_TnEXnQ0M/view?usp=drive_link,,0,0,0,3,FALSE,TRUE,TRUE,FALSE,FALSE,0,0
2206,20240109,PMU D28,20231205mouse4_OS_R_2_0_0000065_Structure_0003,https://drive.google.com/file/d/1wMgCW92GMFRv5-LRbdIDVUzVDiPrarjt/view?usp=drive_link,,0,0,0,3,FALSE,TRUE,TRUE,FALSE,FALSE,0,0
2207,20240109,PMU D28,20231205mouse4_OS_R_2_0_0000065_Structure_0004,https://drive.google.com/file/d/1awQLoSYo1XdTn9BnXiSKwzLm-RRGdpE7/view?usp=drive_link,,0.5,0.5,0.5,3,FALSE,TRUE,TRUE,FALSE,FALSE,0.5,0.5
2208,20240109,PMU D28,20231205mouse4_OS_R_4_0_0000072_Structure_0001,https://drive.google.com/file/d/1scBySscKqr_12IbYuS6xxY8l_kr7O0RJ/view?usp=drive_link,,0,0,0,3,FALSE,TRUE,TRUE,FALSE,FALSE,0,0
2209,20240109,PMU D28,20231205mouse4_OS_R_4_0_0000072_Structure_0002,https://drive.google.com/file/d/177I4AA-NzhHsy3_epIxKEoJHXTKaLY76/view?usp=drive_link,,0,0,0,3,FALSE,TRUE,TRUE,FALSE,FALSE,0,0
2210,20240109,PMU D28,20231205mouse4_OS_R_4_0_0000072_Structure_0003,https://drive.google.com/file/d/1AS-aNzjSSi1c0JHzW7cF-bjKT79o0whf/view?usp=drive_link,,0,0,0,3,FALSE,TRUE,TRUE,FALSE,FALSE,0,0
2211,20240109,PMU D28,20231205mouse4_OS_R_4_0_0000072_Structure_0004,https://drive.google.com/file/d/1oCnhJ0kgRmyRcyrEw1kUnsi1kjiYQ9ld/view?usp=drive_link,,0,0,0,3,FALSE,TRUE,TRUE,FALSE,FALSE,0,0
2212,20240109,PMU D28,20231205mouse5_OD_R_2_0_0000072_Structure_0001,https://drive.google.com/file/d/1NVjZM6lPiwMp3TnC-9pS89LscTs4qcN3/view?usp=drive_link,,2,2,2,3,FALSE,TRUE,TRUE,FALSE,FALSE,2,2
2213,20240109,PMU D28,20231205mouse5_OD_R_2_0_0000072_Structure_0002,https://drive.google.com/file/d/1ELu5-fcwICcRn3_i38GA6tGnClv1-DhE/view?usp=drive_link,,2,1,1,3,FALSE,FALSE,TRUE,FALSE,FALSE,1,1
2214,20240109,PMU D28,20231205mouse5_OD_R_2_0_0000072_Structure_0003,https://drive.google.com/file/d/1zQtBLDhdNUkS55FPXUUIS3mn7-PEanni/view?usp=drive_link,,1,1,1,3,FALSE,TRUE,TRUE,FALSE,FALSE,1,1
2215,20240109,PMU D28,20231205mouse5_OD_R_2_0_0000072_Structure_0004,https://drive.google.com/file/d/19w0fUFE0UKrN-FBOiR9BVtHuAX06zz6A/view?usp=drive_link,,100,2,2,3,FALSE,FALSE,TRUE,FALSE,FALSE,2,2
2216,20240109,PMU D28,20231205mouse5_OD_R_4_0_0000065_Structure_0001,https://drive.google.com/file/d/11l-BkKvdvK6SlgHyj8_QfUgjJ-px579p/view?usp=drive_link,,2,2,2,3,FALSE,TRUE,TRUE,FALSE,FALSE,2,2
2217,20240109,PMU D28,20231205mouse5_OD_R_4_0_0000065_Structure_0002,https://drive.google.com/file/d/1Rg3PYqcK4utM-LVDXglOOVyUop5WTjQh/view?usp=drive_link,,0,1,1,3,FALSE,FALSE,TRUE,FALSE,FALSE,1,1
2218,20240109,PMU D28,20231205mouse5_OD_R_4_0_0000065_Structure_0003,https://drive.google.com/file/d/1VXLgWif3ocH-yPAIjF6ZwEO81LCtSpVm/view?usp=drive_link,,2,2,2,3,FALSE,TRUE,TRUE,FALSE,FALSE,2,2
2219,20240109,PMU D28,20231205mouse5_OD_R_4_0_0000065_Structure_0004,https://drive.google.com/file/d/1PjIMtfBsujSiLVBkErx10tusRw6ZM6M7/view?usp=drive_link,,1,1,1,3,FALSE,TRUE,TRUE,FALSE,FALSE,1,1
2220,20240109,PMU D28,20231205mouse5_OS_R_2_0_0000086_Structure_0001,https://drive.google.com/file/d/1KW205s3TflYUkC5VIqoUSmLkvQt0UcZ6/view?usp=drive_link,,0,0,0,3,FALSE,TRUE,TRUE,FALSE,FALSE,0,0
2221,20240109,PMU D28,20231205mouse5_OS_R_2_0_0000086_Structure_0002,https://drive.google.com/file/d/19r6HGDq4I0FZ6Pecq8i9bY37NjvZwqu0/view?usp=drive_link,,0,0,0,3,FALSE,TRUE,TRUE,FALSE,FALSE,0,0
2222,20240109,PMU D28,20231205mouse5_OS_R_2_0_0000086_Structure_0003,https://drive.google.com/file/d/1SLAG-P1KhgYIwz3_bWPToEcvx--kPn_W/view?usp=drive_link,,0,0,0,3,FALSE,TRUE,TRUE,FALSE,FALSE,0,0
2223,20240109,PMU D28,20231205mouse5_OS_R_2_0_0000086_Structure_0004,https://drive.google.com/file/d/11pPcdFdarIyw6K31kuis_RLP9LJqPBF9/view?usp=drive_link,,0,0,0,3,FALSE,TRUE,TRUE,FALSE,FALSE,0,0
2224,20240109,PMU D28,20231205mouse5_OS_R_4_0_0000079_Structure_0001,https://drive.google.com/file/d/1Txh4QoYnSj3U17KlrdJYkEp4mq2q68A9/view?usp=drive_link,,0,0,0,3,FALSE,TRUE,TRUE,FALSE,FALSE,0,0
2225,20240109,PMU D28,20231205mouse5_OS_R_4_0_0000079_Structure_0002,https://drive.google.com/file/d/1dbSOIREvVXSBoSuuACTVENXTxaQiwLMU/view?usp=drive_link,,0,0,0,3,FALSE,TRUE,TRUE,FALSE,FALSE,0,0
2226,20240109,PMU D28,20231205mouse5_OS_R_4_0_0000079_Structure_0003,https://drive.google.com/file/d/1Wy9qfu75mkXd23NvS6l8An-6H-Ln8A3h/view?usp=drive_link,,0,0,0,3,FALSE,TRUE,TRUE,FALSE,FALSE,0,0
2227,20240109,PMU D28,20231205mouse5_OS_R_4_0_0000079_Structure_0004,https://drive.google.com/file/d/1l8hk3h8npPBWNTf1GuX1shy52jNC2UDq/view?usp=drive_link,,0,0,0,3,FALSE,TRUE,TRUE,FALSE,FALSE,0,0
2228,20230807,PMU/UMU/Sham D56,20230807mouse1_OD_R_2_0_0000002_Structure_0001,https://drive.google.com/file/d/1UyeARgx9SwcsbDAFPgGsKruNb3f4tMks/view?usp=drive_link,,0.5,0.5,0.5,3,FALSE,TRUE,TRUE,FALSE,FALSE,0.5,0.5
2229,20230807,PMU/UMU/Sham D56,20230807mouse1_OD_R_2_0_0000002_Structure_0002,https://drive.google.com/file/d/10woaOJ1TjmcMPy7AEAJbMTguOGQti-nq/view?usp=drive_link,,0,0,0,3,FALSE,TRUE,TRUE,FALSE,FALSE,0,0
2230,20230807,PMU/UMU/Sham D56,20230807mouse1_OD_R_2_0_0000002_Structure_0003,https://drive.google.com/file/d/1I9Lp-pf9LzgN2Xf3MGopn3tf5DJtuKQf/view?usp=drive_link,,1,0.5,0.5,3,FALSE,FALSE,TRUE,FALSE,FALSE,0.5,0.5
2231,20230807,PMU/UMU/Sham D56,20230807mouse1_OD_R_2_0_0000002_Structure_0004,https://drive.google.com/file/d/1Dqw-qVSoPoC0H5Hn55w-JbKLDq4_rUsf/view?usp=drive_link,,1,0.5,0.5,3,FALSE,FALSE,TRUE,FALSE,FALSE,0.5,0.5
2232,20230807,PMU/UMU/Sham D56,20230807mouse1_OS_R_2_0_0000009_Structure_0001,https://drive.google.com/file/d/1zkKlOww6MGvcjEvpXe1cih_GpsVO1XBk/view?usp=drive_link,,0,0,0,3,FALSE,TRUE,TRUE,FALSE,FALSE,0,0
2233,20230807,PMU/UMU/Sham D56,20230807mouse1_OS_R_2_0_0000009_Structure_0002,https://drive.google.com/file/d/1IUwjtuNUorEbIg_infRGVgrG94nJwHbF/view?usp=drive_link,,0,0,0,3,FALSE,TRUE,TRUE,FALSE,FALSE,0,0
2234,20230807,PMU/UMU/Sham D56,20230807mouse1_OS_R_2_0_0000009_Structure_0003,https://drive.google.com/file/d/1S07FbemHs1c2VN2_nQt2IU_PyRKaoUs1/view?usp=drive_link,,0,0,0,3,FALSE,TRUE,TRUE,FALSE,FALSE,0,0
2235,20230807,PMU/UMU/Sham D56,20230807mouse1_OS_R_2_0_0000009_Structure_0004,https://drive.google.com/file/d/1PkWAiQsvVr5HAdO4zVBgdnyRQIINRIw-/view?usp=drive_link,,0,0,0,3,FALSE,TRUE,TRUE,FALSE,FALSE,0,0
2236,20230807,PMU/UMU/Sham D56,20230807mouse2_OD_R_2_0_0000002_Structure_0001,https://drive.google.com/file/d/1wkWNBtsNLj8ab2y505rLQb4Ja5QWLbxu/view?usp=drive_link,,0.5,0,0.5,3,FALSE,FALSE,TRUE,FALSE,FALSE,0.5,0.5
2237,20230807,PMU/UMU/Sham D56,20230807mouse2_OD_R_2_0_0000002_Structure_0002,https://drive.google.com/file/d/17ObJ9UPKUH2iKus7XcyvncxD-REKSbf3/view?usp=drive_link,,0,0,0,3,FALSE,TRUE,TRUE,FALSE,FALSE,0,0
2238,20230807,PMU/UMU/Sham D56,20230807mouse2_OD_R_2_0_0000002_Structure_0003,https://drive.google.com/file/d/1hsdimOqGXLtvqtAOoyZY2st5KfDrQjZr/view?usp=drive_link,,0.5,0.5,0.5,3,FALSE,TRUE,TRUE,FALSE,FALSE,0.5,0.5
2239,20230807,PMU/UMU/Sham D56,20230807mouse2_OD_R_2_0_0000002_Structure_0004,https://drive.google.com/file/d/1NVoPV2bD3wkiQBqIE8kApcmP9ZeMCKaM/view?usp=drive_link,,0,0,0,3,FALSE,TRUE,TRUE,FALSE,FALSE,0,0
2240,20230807,PMU/UMU/Sham D56,20230807mouse2_OS_R_2_0_0000009_Structure_0001,https://drive.google.com/file/d/1DstzWXMD6KNTGGzXm4j8BFaSfNHl64sB/view?usp=drive_link,,0,0,0,3,FALSE,TRUE,TRUE,FALSE,FALSE,0,0
2241,20230807,PMU/UMU/Sham D56,20230807mouse2_OS_R_2_0_0000009_Structure_0002,https://drive.google.com/file/d/1UJSDWCxXwtOvWhkdIqef6sF29gkXbJsv/view?usp=drive_link,,0,0,0,3,FALSE,TRUE,TRUE,FALSE,FALSE,0,0
2242,20230807,PMU/UMU/Sham D56,20230807mouse2_OS_R_2_0_0000009_Structure_0003,https://drive.google.com/file/d/1c2dDCA1l9wFYF4tbuInHsK5SelXNCW6h/view?usp=drive_link,,0,0,0,3,FALSE,TRUE,TRUE,FALSE,FALSE,0,0
2243,20230807,PMU/UMU/Sham D56,20230807mouse2_OS_R_2_0_0000009_Structure_0004,https://drive.google.com/file/d/1Ee3vz4vxUrSudkt3t4v-Elvu2qZFXPAU/view?usp=drive_link,,0,0,0,3,FALSE,TRUE,TRUE,FALSE,FALSE,0,0
2244,20230807,PMU/UMU/Sham D56,20230807mouse3_OD_R_2_0_0000009_Structure_0001,https://drive.google.com/file/d/188B48Se8uV0EPxdomZEBbW23uDkoDEqw/view?usp=drive_link,,0.5,0.5,0.5,3,FALSE,TRUE,TRUE,FALSE,FALSE,0.5,0.5
2245,20230807,PMU/UMU/Sham D56,20230807mouse3_OD_R_2_0_0000009_Structure_0002,https://drive.google.com/file/d/1_96-Q-Hv_HRl_EhCIeaycK2KpSnzA6re/view?usp=drive_link,,0,0,0,3,FALSE,TRUE,TRUE,FALSE,FALSE,0,0
2246,20230807,PMU/UMU/Sham D56,20230807mouse3_OD_R_2_0_0000009_Structure_0003,https://drive.google.com/file/d/1C1TNTeqcwxhmyaKFsYCo2Sll4fGP-Cus/view?usp=drive_link,,0.5,0,0.5,3,FALSE,FALSE,TRUE,FALSE,FALSE,0.5,0.5
2247,20230807,PMU/UMU/Sham D56,20230807mouse3_OD_R_2_0_0000009_Structure_0004,https://drive.google.com/file/d/15SzdUCOkAz8eEP1XlLQR6vnVPcso20-E/view?usp=drive_link,,0.5,0.5,0.5,3,FALSE,TRUE,TRUE,FALSE,FALSE,0.5,0.5
2248,20230807,PMU/UMU/Sham D56,20230807mouse3_OS_R_2_0_0000002_Structure_0001,https://drive.google.com/file/d/1evGyuyEe4GJ7xy3CAb9KqwnUoQzKwnA1/view?usp=drive_link,,0,0,0,3,FALSE,TRUE,TRUE,FALSE,FALSE,0,0
2249,20230807,PMU/UMU/Sham D56,20230807mouse3_OS_R_2_0_0000002_Structure_0002,https://drive.google.com/file/d/1m3luoUO4NT9uLJtq12iQz8IN4GoOSVSj/view?usp=drive_link,,0,0,0,3,FALSE,TRUE,TRUE,FALSE,FALSE,0,0
2250,20230807,PMU/UMU/Sham D56,20230807mouse3_OS_R_2_0_0000002_Structure_0003,https://drive.google.com/file/d/1wyIDHhnEFwyN9VwCUgzzJLwUmSMBnVyr/view?usp=drive_link,,0,0,0,3,FALSE,TRUE,TRUE,FALSE,FALSE,0,0
2251,20230807,PMU/UMU/Sham D56,20230807mouse3_OS_R_2_0_0000002_Structure_0004,https://drive.google.com/file/d/1QxE7wx9FDJtiac9NzBdkFIGastPLpq1S/view?usp=drive_link,,0,0,0,3,FALSE,TRUE,TRUE,FALSE,FALSE,0,0
2252,20230807,PMU/UMU/Sham D56,20230807mouse4_OD_R_2_0_0000002_Structure_0001,https://drive.google.com/file/d/192_KCOAKvPhnr5CEvjX9DK8eRk448p03/view?usp=drive_link,,0.5,0.5,0.5,3,FALSE,TRUE,TRUE,FALSE,FALSE,0.5,0.5
2253,20230807,PMU/UMU/Sham D56,20230807mouse4_OD_R_2_0_0000002_Structure_0002,https://drive.google.com/file/d/1YHNBvdxIPcxrFLoBOJguiFTux8W4KTwy/view?usp=drive_link,,0,0,0,3,FALSE,TRUE,TRUE,FALSE,FALSE,0,0
2254,20230807,PMU/UMU/Sham D56,20230807mouse4_OD_R_2_0_0000002_Structure_0003,https://drive.google.com/file/d/1B0o_vSC-Wj5Rha8lKuPZSLIspEhdNFPc/view?usp=drive_link,,0,0,0,3,FALSE,TRUE,TRUE,FALSE,FALSE,0,0
2255,20230807,PMU/UMU/Sham D56,20230807mouse4_OD_R_2_0_0000002_Structure_0004,https://drive.google.com/file/d/1APt8E0kHhn83dtzbDAIxZNIMwQFXE_Se/view?usp=drive_link,,0,0,0,3,FALSE,TRUE,TRUE,FALSE,FALSE,0,0
2256,20230807,PMU/UMU/Sham D56,20230807mouse5_OD_R_2_0_0000002_Structure_0001,https://drive.google.com/file/d/1N1ocdoaqhp8aqruTRM38WwaAWvW52ivN/view?usp=drive_link,,0,0.5,0.5,3,FALSE,FALSE,TRUE,FALSE,FALSE,0.5,0.5
2257,20230807,PMU/UMU/Sham D56,20230807mouse5_OD_R_2_0_0000002_Structure_0002,https://drive.google.com/file/d/1ZItVGltuOruar_nTHxxPo19znL8mKg9O/view?usp=drive_link,,0.5,0.5,0.5,3,FALSE,TRUE,TRUE,FALSE,FALSE,0.5,0.5
2258,20230807,PMU/UMU/Sham D56,20230807mouse5_OD_R_2_0_0000002_Structure_0003,https://drive.google.com/file/d/14ZVEzY7Yl85aF14QXXoT_2Ou0jxhU9hZ/view?usp=drive_link,,0.5,0.5,0.5,3,FALSE,TRUE,TRUE,FALSE,FALSE,0.5,0.5
2259,20230807,PMU/UMU/Sham D56,20230807mouse5_OD_R_2_0_0000002_Structure_0004,https://drive.google.com/file/d/1fNP3Xf8VVj2SmTmigTx2PdCETBOVRr9W/view?usp=drive_link,,0.5,0.5,0.5,3,FALSE,TRUE,TRUE,FALSE,FALSE,0.5,0.5
2260,20230807,PMU/UMU/Sham D56,20230807mouse6_OD_R_2_0_0000002_Structure_0001,https://drive.google.com/file/d/1kOeapiK__KEDDNpNPyZGdbd2eHBTLi7t/view?usp=drive_link,0.5,0.5,0,1,4,FALSE,FALSE,TRUE,FALSE,FALSE,0.5,0.5
2261,20230807,PMU/UMU/Sham D56,20230807mouse6_OD_R_2_0_0000002_Structure_0002,https://drive.google.com/file/d/1uDT65qtuJpGJwfaNWwZ-7W_3GfoSLskH/view?usp=drive_link,,0,0,0,3,FALSE,TRUE,TRUE,FALSE,FALSE,0,0
2262,20230807,PMU/UMU/Sham D56,20230807mouse6_OD_R_2_0_0000002_Structure_0003,https://drive.google.com/file/d/1kbowionmKDJzsFeNb5C41aweFh-P2lsR/view?usp=drive_link,,0,0,0.5,3,FALSE,TRUE,TRUE,FALSE,FALSE,0,0
2263,20230807,PMU/UMU/Sham D56,20230807mouse6_OD_R_2_0_0000002_Structure_0004,https://drive.google.com/file/d/1Lul94xm0gqgbwXxhWNe3MOSQHbjsiCrq/view?usp=drive_link,,0,0,0.5,3,FALSE,TRUE,TRUE,FALSE,FALSE,0,0
2264,20230807,PMU/UMU/Sham D56,20230807mouse7_OD_R_2_0_0000002_Structure_0001,https://drive.google.com/file/d/1fCq2Z2vM__tgCO8RF26GD6nTtNvSyidH/view?usp=drive_link,,0,0,0,3,FALSE,TRUE,TRUE,FALSE,FALSE,0,0
2265,20230807,PMU/UMU/Sham D56,20230807mouse7_OD_R_2_0_0000002_Structure_0002,https://drive.google.com/file/d/1KulRUWjCkEdhSjAhjzXOCRdKCBmOlq-K/view?usp=drive_link,,0,0,0,3,FALSE,TRUE,TRUE,FALSE,FALSE,0,0
2266,20230807,PMU/UMU/Sham D56,20230807mouse7_OD_R_2_0_0000002_Structure_0003,https://drive.google.com/file/d/1ivEfGLqupBH14dnF5cp1gEXX3CS4EhSv/view?usp=drive_link,,0,0,0,3,FALSE,TRUE,TRUE,FALSE,FALSE,0,0
2267,20230807,PMU/UMU/Sham D56,20230807mouse7_OD_R_2_0_0000002_Structure_0004,https://drive.google.com/file/d/1vd3wTMETO6p_vktCJz9oqkOQ0mWHQURE/view?usp=drive_link,,0,0,0,3,FALSE,TRUE,TRUE,FALSE,FALSE,0,0
2268,20230807,PMU/UMU/Sham D56,20230807mouse8_OD_R_2_0_0000002_Structure_0001,https://drive.google.com/file/d/15grl8tVf5dEcekfKKDNjvkurdBdfa-Q0/view?usp=drive_link,,0,0,0,3,FALSE,TRUE,TRUE,FALSE,FALSE,0,0
2269,20230807,PMU/UMU/Sham D56,20230807mouse8_OD_R_2_0_0000002_Structure_0002,https://drive.google.com/file/d/1PPahXkHZtt4ssDkqCuuedNg1f-UvVzxt/view?usp=drive_link,,0,0,0,3,FALSE,TRUE,TRUE,FALSE,FALSE,0,0
2270,20230807,PMU/UMU/Sham D56,20230807mouse8_OD_R_2_0_0000002_Structure_0003,https://drive.google.com/file/d/1ov0zOWm6DvHYnG0maRtegwW_2BRY2phG/view?usp=drive_link,,0,0,0,3,FALSE,TRUE,TRUE,FALSE,FALSE,0,0
2271,20230807,PMU/UMU/Sham D56,20230807mouse8_OD_R_2_0_0000002_Structure_0004,https://drive.google.com/file/d/13RvsyuD2PydmHEKego1sWzwJIEDl3Oe8/view?usp=drive_link,,0,0,0,3,FALSE,TRUE,TRUE,FALSE,FALSE,0,0
2272,20230807,PMU/UMU/Sham D56,20230807mouse9_OD_R_2_0_0000002_Structure_0001,https://drive.google.com/file/d/1MBkh5Uinx5B95Mko2txA0f6P-EgzmNHa/view?usp=drive_link,,0,0,0.5,3,FALSE,TRUE,TRUE,FALSE,FALSE,0,0
2273,20230807,PMU/UMU/Sham D56,20230807mouse9_OD_R_2_0_0000002_Structure_0002,https://drive.google.com/file/d/1Q_WdjLbtpqINVJ62Cdx7ih1I-Hc1YqLf/view?usp=drive_link,,0,0,0.5,3,FALSE,TRUE,TRUE,FALSE,FALSE,0,0
2274,20230807,PMU/UMU/Sham D56,20230807mouse9_OD_R_2_0_0000002_Structure_0003,https://drive.google.com/file/d/1PQ1r3JbNyd3iaCGHg29cUrC0dSIMScRl/view?usp=drive_link,,0,0,0,3,FALSE,TRUE,TRUE,FALSE,FALSE,0,0
2275,20230807,PMU/UMU/Sham D56,20230807mouse9_OD_R_2_0_0000002_Structure_0004,https://drive.google.com/file/d/10F_BM6zy3iJcd36ibiNvrR_8Lz88VA53/view?usp=drive_link,,0,0.5,0.5,3,FALSE,FALSE,TRUE,FALSE,FALSE,0.5,0.5
2276,20231031,PMU D24,20231114_OD_R_2_0_0000016_Structure_0001,https://drive.google.com/file/d/1N464-ZcHvNOrz5ALPSp3WaB9Q_cj8xWo/view?usp=drive_link,,2,1,2,3,FALSE,FALSE,TRUE,FALSE,FALSE,2,2
2277,20231031,PMU D24,20231114_OD_R_2_0_0000016_Structure_0002,https://drive.google.com/file/d/1C9f9SvVp5CEY2X1kuZS_zcz6s3SjSVMy/view?usp=drive_link,,2,1,1,3,FALSE,FALSE,TRUE,FALSE,FALSE,1,1
2278,20231031,PMU D24,20231114_OD_R_2_0_0000016_Structure_0003,https://drive.google.com/file/d/1UxoiQ5YwWVawKdB455hP8PBtytPwGlZu/view?usp=drive_link,,1,1,1,3,FALSE,TRUE,TRUE,FALSE,FALSE,1,1
2279,20231031,PMU D24,20231114_OD_R_2_0_0000016_Structure_0004,https://drive.google.com/file/d/1NiBWrUSwWo1sphqJ0-XvzD7AgNuPy76a/view?usp=drive_link,,0,1,1,3,FALSE,FALSE,TRUE,FALSE,FALSE,1,1
2280,20231031,PMU D24,20231114_OD_R_4_0_0000009_Structure_0001,https://drive.google.com/file/d/1rxJda_x44EUlrfie1OxtyJknSn3tuKgA/view?usp=drive_link,,0,0,0,3,FALSE,TRUE,TRUE,FALSE,FALSE,0,0
2281,20231031,PMU D24,20231114_OD_R_4_0_0000009_Structure_0002,https://drive.google.com/file/d/1BvfS8ASH8poD1pr12jSE0CO5VBccTQg1/view?usp=drive_link,,0,0,0,3,FALSE,TRUE,TRUE,FALSE,FALSE,0,0
2282,20231031,PMU D24,20231114_OD_R_4_0_0000009_Structure_0003,https://drive.google.com/file/d/1peuzMdvMeg8L8zS4YMBr7rr4Ddkms3bF/view?usp=drive_link,,0,0,0,3,FALSE,TRUE,TRUE,FALSE,FALSE,0,0
2283,20231031,PMU D24,20231114_OD_R_4_0_0000009_Structure_0004,https://drive.google.com/file/d/10bTasNmeTk7QbONxbsqZteCpTTQASidQ/view?usp=drive_link,,0,0,0,3,FALSE,TRUE,TRUE,FALSE,FALSE,0,0
2284,20231031,PMU D24,20231114moouse2_OD_R_2_0_0000009_Structure_0001,https://drive.google.com/file/d/1y78bdmC01Mc4yCYyuYF0nYZkinOU4G3m/view?usp=drive_link,,2,1,2,3,FALSE,FALSE,TRUE,FALSE,FALSE,2,2
2285,20231031,PMU D24,20231114moouse2_OD_R_2_0_0000009_Structure_0002,https://drive.google.com/file/d/1ff_3aUnc7zIyj0muUmt4tlEOI020WYnn/view?usp=drive_link,,0.5,1,1,3,FALSE,FALSE,TRUE,FALSE,FALSE,1,1
2286,20231031,PMU D24,20231114moouse2_OD_R_2_0_0000009_Structure_0003,https://drive.google.com/file/d/1BIKfIga66OOZavrWFncEKxjLvwlgYTbt/view?usp=drive_link,,2,1,2,3,FALSE,FALSE,TRUE,FALSE,FALSE,2,2
2287,20231031,PMU D24,20231114moouse2_OD_R_2_0_0000009_Structure_0004,https://drive.google.com/file/d/1X7Yq0M8pzJnLbyDMJqEPIjZzsSTDAswb/view?usp=drive_link,,2,2,2,3,FALSE,TRUE,TRUE,FALSE,FALSE,2,2
2288,20231031,PMU D24,20231114moouse2_OD_R_4_0_0000016_Structure_0001,https://drive.google.com/file/d/1VnyBzEGBDpSsS0mbZTuwVZ8Ukdb98cBS/view?usp=drive_link,,1,1,1,3,FALSE,TRUE,TRUE,FALSE,FALSE,1,1
2289,20231031,PMU D24,20231114moouse2_OD_R_4_0_0000016_Structure_0002,https://drive.google.com/file/d/1Ztips_gYTEotO3-R5upBisuFps91xCm6/view?usp=drive_link,,0.5,0.5,0.5,3,FALSE,TRUE,TRUE,FALSE,FALSE,0.5,0.5
2290,20231031,PMU D24,20231114moouse2_OD_R_4_0_0000016_Structure_0003,https://drive.google.com/file/d/17AGjFHltOThRfX5Y_lqIGFuIXUcmaFBl/view?usp=drive_link,,1,0.5,1,3,FALSE,FALSE,TRUE,FALSE,FALSE,1,1
2291,20231031,PMU D24,20231114moouse2_OD_R_4_0_0000016_Structure_0004,https://drive.google.com/file/d/1vdvyct6VEU98Q28RGph4Umy5g5DOFIlU/view?usp=drive_link,,1,0.5,0.5,3,FALSE,FALSE,TRUE,FALSE,FALSE,0.5,0.5
2292,20231031,PMU D24,20231114mouse1_OD_R_2_0_0000016_Structure_0001,https://drive.google.com/file/d/1KfAI9Dj5Y5ILP244OZBUwp4rqbVGxGAx/view?usp=drive_link,,2,2,2,3,FALSE,TRUE,TRUE,FALSE,FALSE,2,2
2293,20231031,PMU D24,20231114mouse1_OD_R_2_0_0000016_Structure_0002,https://drive.google.com/file/d/1Hp0YAJNiFbMS4GAmZhpezluM6l-PzHRB/view?usp=drive_link,,0,1,1,3,FALSE,FALSE,TRUE,FALSE,FALSE,1,1
2294,20231031,PMU D24,20231114mouse1_OD_R_2_0_0000016_Structure_0003,https://drive.google.com/file/d/1mqmWeP6aGz4ae7-vWGFILxZws0xcfBwu/view?usp=drive_link,,2,1,2,3,FALSE,FALSE,TRUE,FALSE,FALSE,2,2
2295,20231031,PMU D24,20231114mouse1_OD_R_2_0_0000016_Structure_0004,https://drive.google.com/file/d/1k_EmJaIKrEyHd-SKJoi1wvGr0z3F6jnc/view?usp=drive_link,,2,1,1,3,FALSE,FALSE,TRUE,FALSE,FALSE,1,1
2296,20231031,PMU D24,20231114mouse1_OD_R_4_0_0000009_Structure_0001,https://drive.google.com/file/d/1l4wp38gfhCGfDQJFF_n6z3We_ljE3k-7/view?usp=drive_link,,0.5,0.5,0.5,3,FALSE,TRUE,TRUE,FALSE,FALSE,0.5,0.5
2297,20231031,PMU D24,20231114mouse1_OD_R_4_0_0000009_Structure_0002,https://drive.google.com/file/d/1rXM8wenEDNma5Q8RT0U5sYpKMY0B_kyW/view?usp=drive_link,,0,0,0,3,FALSE,TRUE,TRUE,FALSE,FALSE,0,0
2298,20231031,PMU D24,20231114mouse1_OD_R_4_0_0000009_Structure_0003,https://drive.google.com/file/d/1T2QB_OJGWnmxi8FehbJyK9__eRlop3N_/view?usp=drive_link,,0,0,0,3,FALSE,TRUE,TRUE,FALSE,FALSE,0,0
2299,20231031,PMU D24,20231114mouse1_OD_R_4_0_0000009_Structure_0004,https://drive.google.com/file/d/1I8IOQX4YCyV_855YQ56xOB0_uid78sJS/view?usp=drive_link,,0,0,0,3,FALSE,TRUE,TRUE,FALSE,FALSE,0,0
2300,20231031,PMU D24,20231114mouse4_OD_R_2_0_0000009_Structure_0001,https://drive.google.com/file/d/14hnWwmrbVN_AixHftqJ68sWXuUZIZrGX/view?usp=drive_link,,1,1,1,3,FALSE,TRUE,TRUE,FALSE,FALSE,1,1
2301,20231031,PMU D24,20231114mouse4_OD_R_2_0_0000009_Structure_0002,https://drive.google.com/file/d/1LEMCdOVcJXP457qhi7HaHFvFqDMZrnPB/view?usp=drive_link,,1,0.5,0.5,3,FALSE,FALSE,TRUE,FALSE,FALSE,0.5,0.5
2302,20231031,PMU D24,20231114mouse4_OD_R_2_0_0000009_Structure_0003,https://drive.google.com/file/d/1-PYKA4utVSEVjCmrINbO5-4Kwy6x6Wrl/view?usp=drive_link,,1,1,1,3,FALSE,TRUE,TRUE,FALSE,FALSE,1,1
2303,20231031,PMU D24,20231114mouse4_OD_R_2_0_0000009_Structure_0004,https://drive.google.com/file/d/12y_u2UsMEnwWBqV0cgPliOi1m7XMa1IB/view?usp=drive_link,,2,1,2,3,FALSE,FALSE,TRUE,FALSE,FALSE,2,2
2304,20231031,PMU D24,20231114mouse4_OD_R_4_0_0000016_Structure_0001,https://drive.google.com/file/d/1ZQzfjbYDWU2OO1IAkReLoEN-a8bQc6sO/view?usp=drive_link,,0.5,0.5,0.5,3,FALSE,TRUE,TRUE,FALSE,FALSE,0.5,0.5
2305,20231031,PMU D24,20231114mouse4_OD_R_4_0_0000016_Structure_0002,https://drive.google.com/file/d/1cIuW-Zrsx4kh_BjVzs7PAU8VFoas9Jxb/view?usp=drive_link,,0,0.5,0.5,3,FALSE,FALSE,TRUE,FALSE,FALSE,0.5,0.5
2306,20231031,PMU D24,20231114mouse4_OD_R_4_0_0000016_Structure_0003,https://drive.google.com/file/d/19IangtBsqnRf7XFx5Sw7MKLoERYS4ccd/view?usp=drive_link,,0,0,0,3,FALSE,TRUE,TRUE,FALSE,FALSE,0,0
2307,20231031,PMU D24,20231114mouse4_OD_R_4_0_0000016_Structure_0004,https://drive.google.com/file/d/1vcCFnR_1YHvizjWidcwSXYEkZHOIT6i-/view?usp=drive_link,,2,0.5,0.5,3,FALSE,FALSE,TRUE,FALSE,FALSE,0.5,0.5
2308,20231031,PMU D24,20231114mouse5_OD_R_2_0_0000016_Structure_0001,https://drive.google.com/file/d/1bP6HMZcx1nzokvoqVEdh4u-ut7bCn3Om/view?usp=drive_link,,0.5,0.5,0.5,3,FALSE,TRUE,TRUE,FALSE,FALSE,0.5,0.5
2309,20231031,PMU D24,20231114mouse5_OD_R_2_0_0000016_Structure_0002,https://drive.google.com/file/d/1fEvsndV_jAaNLkU5CYu0P_MyAx70Ie6X/view?usp=drive_link,,0.5,0.5,0.5,3,FALSE,TRUE,TRUE,FALSE,FALSE,0.5,0.5
2310,20231031,PMU D24,20231114mouse5_OD_R_2_0_0000016_Structure_0003,https://drive.google.com/file/d/1e5Kfuoy6FPJo_FThm8u0bThrbitarXl9/view?usp=drive_link,,0.5,0.5,0.5,3,FALSE,TRUE,TRUE,FALSE,FALSE,0.5,0.5
2311,20231031,PMU D24,20231114mouse5_OD_R_2_0_0000016_Structure_0004,https://drive.google.com/file/d/1xI2hPDaU2uzck31gLgn0ukf1mOzQsNeQ/view?usp=drive_link,,0.5,0.5,0.5,3,FALSE,TRUE,TRUE,FALSE,FALSE,0.5,0.5
2312,20231031,PMU D24,20231114mouse5_OD_R_4_0_0000009_Structure_0001,https://drive.google.com/file/d/1vtOVaXj6a5qLMAckWedeEF7svbL3TU7I/view?usp=drive_link,,0,0,0,3,FALSE,TRUE,TRUE,FALSE,FALSE,0,0
2313,20231031,PMU D24,20231114mouse5_OD_R_4_0_0000009_Structure_0002,https://drive.google.com/file/d/1SGGk1oXFNkaH6WGKRMpQVFq_6XB7CDMX/view?usp=drive_link,,0,0,0,3,FALSE,TRUE,TRUE,FALSE,FALSE,0,0
2314,20231031,PMU D24,20231114mouse5_OD_R_4_0_0000009_Structure_0003,https://drive.google.com/file/d/1pX5BV0idySpfgmlP5BMXuqf2h-myJYwv/view?usp=drive_link,,0,0,0,3,FALSE,TRUE,TRUE,FALSE,FALSE,0,0
2315,20231031,PMU D24,20231114mouse5_OD_R_4_0_0000009_Structure_0004,https://drive.google.com/file/d/1b2HYzD_FVkJD0YXpS5cY72mwykX83aM6/view?usp=drive_link,,0.5,0,0.5,3,FALSE,FALSE,TRUE,FALSE,FALSE,0.5,0.5
2316,20231120,PMU D7,20231114moouse2_OD_R_2_0_0000030_Structure_0001,https://drive.google.com/file/d/1OKDiOGKgVZQEPmclxg_9vFH1FUR_365c/view?usp=drive_link,,2,2,2,3,FALSE,TRUE,TRUE,FALSE,FALSE,2,2
2317,20231120,PMU D7,20231114moouse2_OD_R_2_0_0000030_Structure_0002,https://drive.google.com/file/d/1RG4OuH0o2JMHSGwMxyyoI9FJDpDJxoSt/view?usp=drive_link,,2,1,2,3,FALSE,FALSE,TRUE,FALSE,FALSE,2,2
2318,20231120,PMU D7,20231114moouse2_OD_R_2_0_0000030_Structure_0003,https://drive.google.com/file/d/1xCuVjwJTq-8Y7fw8Md_CYfD7F3u58TMi/view?usp=drive_link,,2,1,2,3,FALSE,FALSE,TRUE,FALSE,FALSE,2,2
2319,20231120,PMU D7,20231114moouse2_OD_R_2_0_0000030_Structure_0004,https://drive.google.com/file/d/1hVfWIrszriASb4UMwuBUXIFcGLLH6CS9/view?usp=drive_link,,2,1,2,3,FALSE,FALSE,TRUE,FALSE,FALSE,2,2
2320,20231120,PMU D7,20231114moouse2_OD_R_4_0_0000023_Structure_0001,https://drive.google.com/file/d/1ZUYpQGGHJWXlcp7tyf1TIbJKeo9ETdp2/view?usp=drive_link,,1,0.5,0.5,3,FALSE,FALSE,TRUE,FALSE,FALSE,0.5,0.5
2321,20231120,PMU D7,20231114moouse2_OD_R_4_0_0000023_Structure_0002,https://drive.google.com/file/d/1_oPjFquf4OdNaavdswXWyFRigoWuAr_u/view?usp=drive_link,,0.5,0.5,0.5,3,FALSE,TRUE,TRUE,FALSE,FALSE,0.5,0.5
2322,20231120,PMU D7,20231114moouse2_OD_R_4_0_0000023_Structure_0003,https://drive.google.com/file/d/1H5wcjk57Fv7wh8l2hhkgM8vfUsr8svpB/view?usp=drive_link,,2,0.5,2,3,FALSE,FALSE,TRUE,FALSE,FALSE,2,2
2323,20231120,PMU D7,20231114moouse2_OD_R_4_0_0000023_Structure_0004,https://drive.google.com/file/d/1B8GSQ81AKTuJ8MWiM-c-vXktUsqurL-Q/view?usp=drive_link,,0.5,2,2,3,FALSE,FALSE,TRUE,FALSE,FALSE,2,2
2324,20231120,PMU D7,20231114moouse2_OD_R_2_0_0000044_Structure_0001,https://drive.google.com/file/d/1wqPhWbHNCR_5XgmRp6ZtELhWsvjQ5A6a/view?usp=drive_link,,2,2,2,3,FALSE,TRUE,TRUE,FALSE,FALSE,2,2
2325,20231120,PMU D7,20231114moouse2_OD_R_2_0_0000044_Structure_0002,https://drive.google.com/file/d/18sAIB-Tz-FNO__dobWX2vncH6UiJys9Y/view?usp=drive_link,,2,2,2,3,FALSE,TRUE,TRUE,FALSE,FALSE,2,2
2326,20231120,PMU D7,20231114moouse2_OD_R_2_0_0000044_Structure_0003,https://drive.google.com/file/d/1lDTPDLCo8WkWAMacZxM9RTjz-Wq_OLI_/view?usp=drive_link,,2,1,2,3,FALSE,FALSE,TRUE,FALSE,FALSE,2,2
2327,20231120,PMU D7,20231114moouse2_OD_R_2_0_0000044_Structure_0004,https://drive.google.com/file/d/1DIvgOA62w718sXWypFRRFTLmLB050OCi/view?usp=drive_link,,3,3,3,3,FALSE,TRUE,TRUE,FALSE,FALSE,3,3
2328,20231120,PMU D7,20231114moouse2_OD_R_4_0_0000037_Structure_0001,https://drive.google.com/file/d/1sP29v6pEm5iITSEi-DooRsZ73r9yfvZ1/view?usp=drive_link,,0.5,0.5,0.5,3,FALSE,TRUE,TRUE,FALSE,FALSE,0.5,0.5
2329,20231120,PMU D7,20231114moouse2_OD_R_4_0_0000037_Structure_0002,https://drive.google.com/file/d/1X8MZSpdR6OnjhIEpjrG7oKDRUOaUefLu/view?usp=drive_link,,0,0,0,3,FALSE,TRUE,TRUE,FALSE,FALSE,0,0
2330,20231120,PMU D7,20231114moouse2_OD_R_4_0_0000037_Structure_0003,https://drive.google.com/file/d/1oR7mKHBATnBNc3DkvKv0yit84pTXPRvB/view?usp=drive_link,,0,0,0,3,FALSE,TRUE,TRUE,FALSE,FALSE,0,0
2331,20231120,PMU D7,20231114moouse2_OD_R_4_0_0000037_Structure_0004,https://drive.google.com/file/d/1DFlNgbQyKdeBOqVzwoubIUtVwO5jJ4kf/view?usp=drive_link,,0.5,0,0.5,3,FALSE,FALSE,TRUE,FALSE,FALSE,0.5,0.5
2332,20231120,PMU D7,20231114mouse5_OD_R_2_0_0000037_Structure_0001,https://drive.google.com/file/d/1ZD5EmHuSV16iaiJ2M4pmNLKileP4XacG/view?usp=drive_link,,2,2,2,3,FALSE,TRUE,TRUE,FALSE,FALSE,2,2
2333,20231120,PMU D7,20231114mouse5_OD_R_2_0_0000037_Structure_0002,https://drive.google.com/file/d/1xmYaYZ_x5EWbXEUgw3memqs_lHknfMKD/view?usp=drive_link,,2,2,2,3,FALSE,TRUE,TRUE,FALSE,FALSE,2,2
2334,20231120,PMU D7,20231114mouse5_OD_R_2_0_0000037_Structure_0003,https://drive.google.com/file/d/1nr9Rlu5MwLhyXnA82Wd6S00yGJ7E5KKd/view?usp=drive_link,,2,2,2,3,FALSE,TRUE,TRUE,FALSE,FALSE,2,2
2335,20231120,PMU D7,20231114mouse5_OD_R_2_0_0000037_Structure_0004,https://drive.google.com/file/d/1jGbAoLG64FhDj0I8XaKJMFKUSti7FVab/view?usp=drive_link,,2,2,2,3,FALSE,TRUE,TRUE,FALSE,FALSE,2,2
2336,20231120,PMU D7,20231114mouse5_OD_R_4_0_0000044_Structure_0001,https://drive.google.com/file/d/1lfFnsjIb-6Vh_yIh0f0uULbg1umCTwUk/view?usp=drive_link,,0.5,0.5,2,3,FALSE,FALSE,TRUE,FALSE,FALSE,0.5,0.5
2337,20231120,PMU D7,20231114mouse5_OD_R_4_0_0000044_Structure_0002,https://drive.google.com/file/d/1SzX1pAveLyRRXcDmbfq6pSnvd5i6B7fY/view?usp=drive_link,,1,1,1,3,FALSE,TRUE,TRUE,FALSE,FALSE,1,1
2338,20231120,PMU D7,20231114mouse5_OD_R_4_0_0000044_Structure_0003,https://drive.google.com/file/d/1fT5481monx52xMH4ggtByEjyxbJRthpb/view?usp=drive_link,,2,2,2,3,FALSE,TRUE,TRUE,FALSE,FALSE,2,2
2339,20231120,PMU D7,20231114mouse5_OD_R_4_0_0000044_Structure_0004,https://drive.google.com/file/d/13xbY8jZYKvjcdNBJFOuh8R0VKtihxNLD/view?usp=drive_link,,0,0.5,0.5,3,FALSE,FALSE,TRUE,FALSE,FALSE,0.5,0.5
2340,20231120,PMU D7,20231114mouse8_OD_R_2_0_0000037_Structure_0001,https://drive.google.com/file/d/1XKSosrPOSGn8ogykSJExeUtTh3dSX4ce/view?usp=drive_link,,2,1,2,3,FALSE,FALSE,TRUE,FALSE,FALSE,2,2
2341,20231120,PMU D7,20231114mouse8_OD_R_2_0_0000037_Structure_0002,https://drive.google.com/file/d/1JZF9Gx70RIHlnVDaFPEgmSYyLx3hLQ62/view?usp=drive_link,,1,1,1,3,FALSE,TRUE,TRUE,FALSE,FALSE,1,1
2342,20231120,PMU D7,20231114mouse8_OD_R_2_0_0000037_Structure_0003,https://drive.google.com/file/d/1AE-Tt5922G8FLrBYtv6Seyr1_zwPUg6m/view?usp=drive_link,,1,0.5,1,3,FALSE,FALSE,TRUE,FALSE,FALSE,1,1
2343,20231120,PMU D7,20231114mouse8_OD_R_2_0_0000037_Structure_0004,https://drive.google.com/file/d/1-YafovS4W-g3qxDOb1yR6l-7YlQ6bUER/view?usp=drive_link,,1,1,1,3,FALSE,TRUE,TRUE,FALSE,FALSE,1,1
2344,20231120,PMU D7,20231114mouse8_OD_R_4_0_0000044_Structure_0001,https://drive.google.com/file/d/12aBtBxfCL1oOl9aRMg20xGowca2grM-S/view?usp=drive_link,,2,2,2,3,FALSE,TRUE,TRUE,FALSE,FALSE,2,2
2345,20231120,PMU D7,20231114mouse8_OD_R_4_0_0000044_Structure_0002,https://drive.google.com/file/d/1vyogzo1u1sF378XrunnMjLQx94xALqsR/view?usp=drive_link,,2,1,2,3,FALSE,FALSE,TRUE,FALSE,FALSE,2,2
2346,20231120,PMU D7,20231114mouse8_OD_R_4_0_0000044_Structure_0003,https://drive.google.com/file/d/1E7WoPWuqrso9Tss-f0FJLpKGr6osZDIE/view?usp=drive_link,,1,1,1,3,FALSE,TRUE,TRUE,FALSE,FALSE,1,1
2347,20231120,PMU D7,20231114mouse8_OD_R_4_0_0000044_Structure_0004,https://drive.google.com/file/d/1iYlxtgVZWcfWUyueYkCfJOS9QT1D7lo8/view?usp=drive_link,,1,2,2,3,FALSE,FALSE,TRUE,FALSE,FALSE,2,2
2348,20231120,PMU D7,20231114mouse1_OD_R_2_0_0000023_Structure_0001,https://drive.google.com/file/d/1pswlsNYbWFRopURhrYdSQjYzPoyU8frX/view?usp=drive_link,,2,2,2,3,FALSE,TRUE,TRUE,FALSE,FALSE,2,2
2349,20231120,PMU D7,20231114mouse1_OD_R_2_0_0000023_Structure_0002,https://drive.google.com/file/d/1d9CKF0eIQargMUhRsirlIALdlDxv-5g_/view?usp=drive_link,,2,2,2,3,FALSE,TRUE,TRUE,FALSE,FALSE,2,2
2350,20231120,PMU D7,20231114mouse1_OD_R_2_0_0000023_Structure_0003,https://drive.google.com/file/d/1Bz8iwhsWJzmA2_CVyLMSQz6Y60NcAxNK/view?usp=drive_link,,2,2,2,3,FALSE,TRUE,TRUE,FALSE,FALSE,2,2
2351,20231120,PMU D7,20231114mouse1_OD_R_2_0_0000023_Structure_0004,https://drive.google.com/file/d/19vGo-sQeh15BLkKsfMp3Ax9WpxAx8H28/view?usp=drive_link,,2,2,2,3,FALSE,TRUE,TRUE,FALSE,FALSE,2,2
2352,20231120,PMU D7,20231114mouse1_OD_R_4_0_0000030_Structure_0001,https://drive.google.com/file/d/1hCCl4uigs6ty1YpRGvWWe6-JAVQLs1I6/view?usp=drive_link,,1,1,1,3,FALSE,TRUE,TRUE,FALSE,FALSE,1,1
2353,20231120,PMU D7,20231114mouse1_OD_R_4_0_0000030_Structure_0002,https://drive.google.com/file/d/1IVnZZH4alzqoCJRTTN1ZqMO-dujOaR3a/view?usp=drive_link,,1,1,1,3,FALSE,TRUE,TRUE,FALSE,FALSE,1,1
2354,20231120,PMU D7,20231114mouse1_OD_R_4_0_0000030_Structure_0003,https://drive.google.com/file/d/1NQcAbeA1vsTNkbRhBov1FXL3b_N308-p/view?usp=drive_link,,2,2,2,3,FALSE,TRUE,TRUE,FALSE,FALSE,2,2
2355,20231120,PMU D7,20231114mouse1_OD_R_4_0_0000030_Structure_0004,https://drive.google.com/file/d/1afmIFJT4WpO6fAzQi2Z0xsCMxO27WUGp/view?usp=drive_link,,2,2,2,3,FALSE,TRUE,TRUE,FALSE,FALSE,2,2
2356,20231120,PMU D7,20231114_OD_R_2_0_0000023_Structure_0001,https://drive.google.com/file/d/1csBSnNfe6Fup5Y3oXtFalbZ8KcvJ7MnX/view?usp=drive_link,,1,1,1,3,FALSE,TRUE,TRUE,FALSE,FALSE,1,1
2357,20231120,PMU D7,20231114_OD_R_2_0_0000023_Structure_0002,https://drive.google.com/file/d/1QqH93JnRlZmOPzk30yDjV98Z9o5wU1HO/view?usp=drive_link,,1,0.5,1,3,FALSE,FALSE,TRUE,FALSE,FALSE,1,1
2358,20231120,PMU D7,20231114_OD_R_2_0_0000023_Structure_0003,https://drive.google.com/file/d/1NVqS6hVvKlIr7KPJyjyN-lZ29SyiQzk5/view?usp=drive_link,,0.5,1,1,3,FALSE,FALSE,TRUE,FALSE,FALSE,1,1
2359,20231120,PMU D7,20231114_OD_R_2_0_0000023_Structure_0004,https://drive.google.com/file/d/1l4fohfz5MLRbaSN0zeRNHsTuws0VWY8e/view?usp=drive_link,,0.5,0.5,0.5,3,FALSE,TRUE,TRUE,FALSE,FALSE,0.5,0.5
2360,20231120,PMU D7,20231114_OD_R_4_0_0000030_Structure_0001,https://drive.google.com/file/d/1tO8R_UHNkzHvdoh5mfRTvzPw0CcNJeQC/view?usp=drive_link,,0,0,0,3,FALSE,TRUE,TRUE,FALSE,FALSE,0,0
2361,20231120,PMU D7,20231114_OD_R_4_0_0000030_Structure_0002,https://drive.google.com/file/d/1bfED4x6h00utJiqGXdhzMK_xOWwjJPi8/view?usp=drive_link,,0,0,0,3,FALSE,TRUE,TRUE,FALSE,FALSE,0,0
2362,20231120,PMU D7,20231114_OD_R_4_0_0000030_Structure_0003,https://drive.google.com/file/d/1_5unm4RYs3_vv7iI3-MlGdDMxpZm4HhQ/view?usp=drive_link,,0,0,0,3,FALSE,TRUE,TRUE,FALSE,FALSE,0,0
2363,20231120,PMU D7,20231114_OD_R_4_0_0000030_Structure_0004,https://drive.google.com/file/d/1VdF9zXnFDuOOdPSFNNbOwi5o25tjX3z4/view?usp=drive_link,,0,0,0,3,FALSE,TRUE,TRUE,FALSE,FALSE,0,0
2364,20231120,PMU D7,20231114mouse4_OD_R_2_0_0000030_Structure_0001,https://drive.google.com/file/d/1AtWLtkxIW54cqfh05xqpJzU_WOmOisyI/view?usp=drive_link,,2,2,2,3,FALSE,TRUE,TRUE,FALSE,FALSE,2,2
2365,20231120,PMU D7,20231114mouse4_OD_R_2_0_0000030_Structure_0002,https://drive.google.com/file/d/1-h9z85-fiN7kss1Uo_Bpf_MZdWw_85vD/view?usp=drive_link,,2,2,2,3,FALSE,TRUE,TRUE,FALSE,FALSE,2,2
2366,20231120,PMU D7,20231114mouse4_OD_R_2_0_0000030_Structure_0003,https://drive.google.com/file/d/142q3iEFyv0hKGoiLAHuNXAsKUhnQbWdb/view?usp=drive_link,,3,2,2,3,FALSE,FALSE,TRUE,FALSE,FALSE,2,2
2367,20231120,PMU D7,20231114mouse4_OD_R_2_0_0000030_Structure_0004,https://drive.google.com/file/d/1CcgtYVXQ1oX7tgu5UCUFKTHXvmwlMkYB/view?usp=drive_link,,2,2,2,3,FALSE,TRUE,TRUE,FALSE,FALSE,2,2
2368,20231120,PMU D7,20231114mouse4_OD_R_4_0_0000023_Structure_0001,https://drive.google.com/file/d/1NUGRuEksid4KRsrBjFeq8gRPBFg5la6e/view?usp=drive_link,,1,1,1,3,FALSE,TRUE,TRUE,FALSE,FALSE,1,1
2369,20231120,PMU D7,20231114mouse4_OD_R_4_0_0000023_Structure_0002,https://drive.google.com/file/d/11TAj8RC2NE-IUxPu3dzKa103hQOXCKJd/view?usp=drive_link,,0,0.5,0.5,3,FALSE,FALSE,TRUE,FALSE,FALSE,0.5,0.5
2370,20231120,PMU D7,20231114mouse4_OD_R_4_0_0000023_Structure_0003,https://drive.google.com/file/d/1PQVuHL1L5dsGbraqvTgi0yB97Vk7b_Wx/view?usp=drive_link,,1,0.5,1,3,FALSE,FALSE,TRUE,FALSE,FALSE,1,1
2371,20231120,PMU D7,20231114mouse4_OD_R_4_0_0000023_Structure_0004,https://drive.google.com/file/d/1sHHM0I_VpGJ-HPJmfS8TB_W1u2NGozFv/view?usp=drive_link,,1,0.5,1,3,FALSE,FALSE,TRUE,FALSE,FALSE,1,1
2372,20231120,PMU D7,20231114_OD_R_2_0_0000037_Structure_0001,https://drive.google.com/file/d/1SUwqvDQa-WmWNVe4FYzgYUJt20_n6ke1/view?usp=drive_link,,1,0.5,1,3,FALSE,FALSE,TRUE,FALSE,FALSE,1,1
2373,20231120,PMU D7,20231114_OD_R_2_0_0000037_Structure_0002,https://drive.google.com/file/d/1_kQWQOfiaFnekIj-US21McPrzPlydiZl/view?usp=drive_link,,2,2,2,3,FALSE,TRUE,TRUE,FALSE,FALSE,2,2
2374,20231120,PMU D7,20231114_OD_R_2_0_0000037_Structure_0003,https://drive.google.com/file/d/13MdBZSzP4-0W4a4Oy8-kD4kNTQRiHN6r/view?usp=drive_link,,1,0.5,1,3,FALSE,FALSE,TRUE,FALSE,FALSE,1,1
2375,20231120,PMU D7,20231114_OD_R_2_0_0000037_Structure_0004,https://drive.google.com/file/d/17pNIDz764wbzMFmOVI9sTHibPQkW5M51/view?usp=drive_link,,1,0.5,1,3,FALSE,FALSE,TRUE,FALSE,FALSE,1,1
2376,20231120,PMU D7,20231114_OD_R_4_0_0000044_Structure_0001,https://drive.google.com/file/d/1hf866bpRTUg9G9MkYynpo-Ijzm8ADEXW/view?usp=drive_link,,0,0,0,3,FALSE,TRUE,TRUE,FALSE,FALSE,0,0
2377,20231120,PMU D7,20231114_OD_R_4_0_0000044_Structure_0002,https://drive.google.com/file/d/1GDRWiNdF4V87NQHe7_hO9IT8XtRY08cy/view?usp=drive_link,,0,0,0,3,FALSE,TRUE,TRUE,FALSE,FALSE,0,0
2378,20231120,PMU D7,20231114_OD_R_4_0_0000044_Structure_0003,https://drive.google.com/file/d/1Gp34iEMF3w_uKAH9nGNdKvFAt7OHvNnM/view?usp=drive_link,,0,0,0,3,FALSE,TRUE,TRUE,FALSE,FALSE,0,0
2379,20231120,PMU D7,20231114_OD_R_4_0_0000044_Structure_0004,https://drive.google.com/file/d/1IH_tjdjDel4b4iavJqBmvfZSUeOtQ40H/view?usp=drive_link,,0,0.5,0.5,3,FALSE,FALSE,TRUE,FALSE,FALSE,0.5,0.5
2380,20231120,PMU D7,20231114mouse9_OD_R_2_0_0000030_Structure_0001,https://drive.google.com/file/d/1Qss4xGffq3XdYtYaRGBuK79kEIwmyJ9o/view?usp=drive_link,,3,2,2,3,FALSE,FALSE,TRUE,FALSE,FALSE,2,2
2381,20231120,PMU D7,20231114mouse9_OD_R_2_0_0000030_Structure_0002,https://drive.google.com/file/d/1eS9cl7RKI4rtmQPfVtn7amsrpC2ePY4g/view?usp=drive_link,,2,2,2,3,FALSE,TRUE,TRUE,FALSE,FALSE,2,2
2382,20231120,PMU D7,20231114mouse9_OD_R_2_0_0000030_Structure_0003,https://drive.google.com/file/d/1yX3qS8VuP4al-oWizlJXOe2J8crxHedE/view?usp=drive_link,,2,1,2,3,FALSE,FALSE,TRUE,FALSE,FALSE,2,2
2383,20231120,PMU D7,20231114mouse9_OD_R_2_0_0000030_Structure_0004,https://drive.google.com/file/d/1-Rnz6V9IoufNe0Y4-6mOdPzrwC_jtxva/view?usp=drive_link,,3,2,2,3,FALSE,FALSE,TRUE,FALSE,FALSE,2,2
2384,20231120,PMU D7,20231114mouse9_OD_R_4_0_0000023_Structure_0001,https://drive.google.com/file/d/1FyoHO8P3E5ZzIhYHhcBGuCQ_mAQZU_Zg/view?usp=drive_link,,2,1,2,3,FALSE,FALSE,TRUE,FALSE,FALSE,2,2
2385,20231120,PMU D7,20231114mouse9_OD_R_4_0_0000023_Structure_0002,https://drive.google.com/file/d/10I8ZT1D7NQ2C4RSK_1y3JuCMou-pQ6UR/view?usp=drive_link,,2,2,2,3,FALSE,TRUE,TRUE,FALSE,FALSE,2,2
2386,20231120,PMU D7,20231114mouse9_OD_R_4_0_0000023_Structure_0003,https://drive.google.com/file/d/1NDEjYBrVqBOpbZ9t_AGA3VGMEpdA3wX7/view?usp=drive_link,,2,0,2,3,FALSE,FALSE,TRUE,FALSE,FALSE,2,2
2387,20231120,PMU D7,20231114mouse9_OD_R_4_0_0000023_Structure_0004,https://drive.google.com/file/d/1X2uRKsCp-fxlF42x7D1jHTijeQpytoV7/view?usp=drive_link,,2,2,2,3,FALSE,TRUE,TRUE,FALSE,FALSE,2,2
2388,20231121,UMU D28,20231218mouse1_OD_R_2_0_0000009_Structure_0001,https://drive.google.com/file/d/1a51kvIQG-vw2v_9ox42o5qP3mlR8j4fy/view?usp=drive_link,2,1,3,2,4,FALSE,FALSE,TRUE,FALSE,FALSE,2,2
2389,20231121,UMU D28,20231218mouse1_OD_R_2_0_0000009_Structure_0002,https://drive.google.com/file/d/1VaSPNMoQg2DwaEdhaKY9QPIMJPwIyttm/view?usp=drive_link,,2,1,2,3,FALSE,FALSE,TRUE,FALSE,FALSE,2,2
2390,20231121,UMU D28,20231218mouse1_OD_R_2_0_0000009_Structure_0003,https://drive.google.com/file/d/1GCFukDGDnTBgjnEbe5KmJq1wsfKdDkPe/view?usp=drive_link,,2,3,2,3,FALSE,FALSE,TRUE,FALSE,FALSE,2,2
2391,20231121,UMU D28,20231218mouse1_OD_R_2_0_0000009_Structure_0004,https://drive.google.com/file/d/1HDceWSV-Jxr3wf8AdcIUiB2KRQHa0cvf/view?usp=drive_link,,1,1,1,3,FALSE,TRUE,TRUE,FALSE,FALSE,1,1
2392,20231121,UMU D28,20231218mouse1_OD_R_4_0_0000002_Structure_0001,https://drive.google.com/file/d/18kvpxD8GrsVC2mvQx9FIzbCxIkWGbonu/view?usp=drive_link,,0.5,0.5,0.5,3,FALSE,TRUE,TRUE,FALSE,FALSE,0.5,0.5
2393,20231121,UMU D28,20231218mouse1_OD_R_4_0_0000002_Structure_0002,https://drive.google.com/file/d/16KCsphiXD9norC1goU9ss6cahuRPVvjk/view?usp=drive_link,,0,0,0,3,FALSE,TRUE,TRUE,FALSE,FALSE,0,0
2394,20231121,UMU D28,20231218mouse1_OD_R_4_0_0000002_Structure_0003,https://drive.google.com/file/d/1ykik66L9bFUibMxKqP22MioPOEjcYAA4/view?usp=drive_link,,0.5,0.5,0.5,3,FALSE,TRUE,TRUE,FALSE,FALSE,0.5,0.5
2395,20231121,UMU D28,20231218mouse1_OD_R_4_0_0000002_Structure_0004,https://drive.google.com/file/d/1XrmBZ6gM9S2eB8m-rjv-i29QE-L5HPHM/view?usp=drive_link,,0,0,0,3,FALSE,TRUE,TRUE,FALSE,FALSE,0,0
2396,20231121,UMU D28,20231218mouse2_OD_R_2_0_0000002_Structure_0001,https://drive.google.com/file/d/1DTQYhx3HCw94DNDzFItPD55zC2ObfOXy/view?usp=drive_link,,0.5,1,0.5,3,FALSE,FALSE,TRUE,FALSE,FALSE,0.5,0.5
2397,20231121,UMU D28,20231218mouse2_OD_R_2_0_0000002_Structure_0002,https://drive.google.com/file/d/1O1pKIR6hjJyFzLkvLtHmp86dk3uOpQNR/view?usp=drive_link,,0.5,0.5,0.5,3,FALSE,TRUE,TRUE,FALSE,FALSE,0.5,0.5
2398,20231121,UMU D28,20231218mouse2_OD_R_2_0_0000002_Structure_0003,https://drive.google.com/file/d/1EyD0m-VEQEnqqmRxr7XzscbpmH5hDXSB/view?usp=drive_link,,1,0.5,1,3,FALSE,FALSE,TRUE,FALSE,FALSE,1,1
2399,20231121,UMU D28,20231218mouse2_OD_R_2_0_0000002_Structure_0004,https://drive.google.com/file/d/1xxmtyJC7A2jKK9V0GhC7BXRrgetCebXW/view?usp=drive_link,,0,0,0,3,FALSE,TRUE,TRUE,FALSE,FALSE,0,0
2400,20231121,UMU D28,20231218mouse2_OD_R_4_0_0000009_Structure_0001,https://drive.google.com/file/d/16etIf9da-BEHZ2hB51e54O632mpSJU-e/view?usp=drive_link,,0,0,0,3,FALSE,TRUE,TRUE,FALSE,FALSE,0,0
2401,20231121,UMU D28,20231218mouse2_OD_R_4_0_0000009_Structure_0002,https://drive.google.com/file/d/1qhwYWIlL-M10EnSAahkrzRlAdHsln3Uc/view?usp=drive_link,,0,0,0,3,FALSE,TRUE,TRUE,FALSE,FALSE,0,0
2402,20231121,UMU D28,20231218mouse2_OD_R_4_0_0000009_Structure_0003,https://drive.google.com/file/d/1tc_kXKDiyVnoUBfRMmtloqAnssRoX08L/view?usp=drive_link,,0,0,0,3,FALSE,TRUE,TRUE,FALSE,FALSE,0,0
2403,20231121,UMU D28,20231218mouse2_OD_R_4_0_0000009_Structure_0004,https://drive.google.com/file/d/1ED366XezAFxrGfRN35I5kASSTnBKYKi7/view?usp=drive_link,,0,0,0,3,FALSE,TRUE,TRUE,FALSE,FALSE,0,0
2404,20231121,UMU D28,20231218mouse3_OD_R_2_0_0000009_Structure_0001,https://drive.google.com/file/d/1nD78-Ys12r-E94Cp5llguZy81ArUa7IQ/view?usp=drive_link,,0.5,0.5,0.5,3,FALSE,TRUE,TRUE,FALSE,FALSE,0.5,0.5
2405,20231121,UMU D28,20231218mouse3_OD_R_2_0_0000009_Structure_0002,https://drive.google.com/file/d/1_xxs3LCXiBvacyrAX9qWqdQBSqpz6dxZ/view?usp=drive_link,,0,0.5,0.5,3,FALSE,FALSE,TRUE,FALSE,FALSE,0.5,0.5
2406,20231121,UMU D28,20231218mouse3_OD_R_2_0_0000009_Structure_0003,https://drive.google.com/file/d/1HeMXpuztOD-i-KN-x547OUFn3Y6Yv61R/view?usp=drive_link,,0,0.5,0.5,3,FALSE,FALSE,TRUE,FALSE,FALSE,0.5,0.5
2407,20231121,UMU D28,20231218mouse3_OD_R_2_0_0000009_Structure_0004,https://drive.google.com/file/d/16HDzRzFT2g0-s2bxPqVneNajjxizSa63/view?usp=drive_link,,0.5,0.5,0.5,3,FALSE,TRUE,TRUE,FALSE,FALSE,0.5,0.5
2408,20231121,UMU D28,20231218mouse3_OD_R_4_0_0000002_Structure_0001,https://drive.google.com/file/d/1VLa4Zs1V7X954p0KTQYnla3AJ7Pqu-Jy/view?usp=drive_link,,0,0,0,3,FALSE,TRUE,TRUE,FALSE,FALSE,0,0
2409,20231121,UMU D28,20231218mouse3_OD_R_4_0_0000002_Structure_0002,https://drive.google.com/file/d/1nB536NPuKe9lL9vogzM5eKOb2ICjmgzd/view?usp=drive_link,,0,0,0,3,FALSE,TRUE,TRUE,FALSE,FALSE,0,0
2410,20231121,UMU D28,20231218mouse3_OD_R_4_0_0000002_Structure_0003,https://drive.google.com/file/d/1UCBm8orGDs-UsRKQRqBfkcRS30PJztWc/view?usp=drive_link,,0,0,0,3,FALSE,TRUE,TRUE,FALSE,FALSE,0,0
2411,20231121,UMU D28,20231218mouse3_OD_R_4_0_0000002_Structure_0004,https://drive.google.com/file/d/1jY0shYTRSlg9csKigB7V227IfEwgM4re/view?usp=drive_link,,0,0,0,3,FALSE,TRUE,TRUE,FALSE,FALSE,0,0
2412,20231121,UMU D28,20231218mouse4_OD_R_2_0_0000002_Structure_0001,https://drive.google.com/file/d/1tWMdxkpjCHcdmQojKGMzjGwuvWYYV_Si/view?usp=drive_link,,1,1,1,3,FALSE,TRUE,TRUE,FALSE,FALSE,1,1
2413,20231121,UMU D28,20231218mouse4_OD_R_2_0_0000002_Structure_0002,https://drive.google.com/file/d/1BC80KJSQb1o-rknvcjgiyVgJOZ8lWDPA/view?usp=drive_link,,1,0.5,0.5,3,FALSE,FALSE,TRUE,FALSE,FALSE,0.5,0.5
2414,20231121,UMU D28,20231218mouse4_OD_R_2_0_0000002_Structure_0003,https://drive.google.com/file/d/1c25kKabYHHWtaRUX7eDmA6fLMqUY5oD8/view?usp=drive_link,,1,0.5,0.5,3,FALSE,FALSE,TRUE,FALSE,FALSE,0.5,0.5
2415,20231121,UMU D28,20231218mouse4_OD_R_2_0_0000002_Structure_0004,https://drive.google.com/file/d/1ILnJY_hfKuX01z1lA2iv4tF_o5I-D2Ey/view?usp=drive_link,,1,0.5,0.5,3,FALSE,FALSE,TRUE,FALSE,FALSE,0.5,0.5
2416,20231121,UMU D28,20231218mouse4_OD_R_4_0_0000009_Structure_0001,https://drive.google.com/file/d/1xmAiKzMx70K5RNC_VO9aK3yLMYGHTBl2/view?usp=drive_link,,0,0,0,3,FALSE,TRUE,TRUE,FALSE,FALSE,0,0
2417,20231121,UMU D28,20231218mouse4_OD_R_4_0_0000009_Structure_0002,https://drive.google.com/file/d/1-kpumH89jJGvDFwgD1DrJqoM0PHcXqMR/view?usp=drive_link,,0,0,0,3,FALSE,TRUE,TRUE,FALSE,FALSE,0,0
2418,20231121,UMU D28,20231218mouse4_OD_R_4_0_0000009_Structure_0003,https://drive.google.com/file/d/1oLP0sH5BOd19m_zjprFADnEYOWGQgVey/view?usp=drive_link,,0,0,0,3,FALSE,TRUE,TRUE,FALSE,FALSE,0,0
2419,20231121,UMU D28,20231218mouse4_OD_R_4_0_0000009_Structure_0004,https://drive.google.com/file/d/1r4FMWM5Csb_RM2t2mU_anDsY_oTn6xWB/view?usp=drive_link,,0,0,0,3,FALSE,TRUE,TRUE,FALSE,FALSE,0,0
2420,20231219,PMU D7 R&L,20231205mouse1_OD_R_2_0_0000009_Structure_0001,https://drive.google.com/file/d/1jUqIoPlL8n1DuwvP_0ptQ_X-y-bZc5A2/view?usp=drive_link,,1,1,1,3,FALSE,TRUE,TRUE,FALSE,FALSE,1,1
2421,20231219,PMU D7 R&L,20231205mouse1_OD_R_2_0_0000009_Structure_0002,https://drive.google.com/file/d/1zjlXGjx24tATpoQASn_UpMuSH9OVTkt4/view?usp=drive_link,,1,1,1,3,FALSE,TRUE,TRUE,FALSE,FALSE,1,1
2422,20231219,PMU D7 R&L,20231205mouse1_OD_R_2_0_0000009_Structure_0003,https://drive.google.com/file/d/1_Lb_-w48nZkLXTtjkQpW_hdpMsf0sDxX/view?usp=drive_link,,1,1,1,3,FALSE,TRUE,TRUE,FALSE,FALSE,1,1
2423,20231219,PMU D7 R&L,20231205mouse1_OD_R_2_0_0000009_Structure_0004,https://drive.google.com/file/d/16JslcHw5dSiit76UpWksybnnuoNI7piI/view?usp=drive_link,,1,1,1,3,FALSE,TRUE,TRUE,FALSE,FALSE,1,1
2424,20231219,PMU D7 R&L,20231205mouse1_OD_R_4_0_0000002_Structure_0001,https://drive.google.com/file/d/1-hl16DK0Kjyc3Jc2qfcMRahE4EVe7oWa/view?usp=drive_link,,0.5,0.5,0.5,3,FALSE,TRUE,TRUE,FALSE,FALSE,0.5,0.5
2425,20231219,PMU D7 R&L,20231205mouse1_OD_R_4_0_0000002_Structure_0002,https://drive.google.com/file/d/1VLZ1PG0G87JJNX-qZ2j7SgPUU4iJFuUr/view?usp=drive_link,,0,0,2,3,FALSE,TRUE,TRUE,FALSE,FALSE,0,0
2426,20231219,PMU D7 R&L,20231205mouse1_OD_R_4_0_0000002_Structure_0003,https://drive.google.com/file/d/19ZJGyzYf68Ni5RCzm2bXc46P52r6WgCp/view?usp=drive_link,,0,0,0.5,3,FALSE,TRUE,TRUE,FALSE,FALSE,0,0
2427,20231219,PMU D7 R&L,20231205mouse1_OD_R_4_0_0000002_Structure_0004,https://drive.google.com/file/d/1mOH6k4xZLDZ-eetNPrV6fJDlbed613af/view?usp=drive_link,,0,0,0,3,FALSE,TRUE,TRUE,FALSE,FALSE,0,0
2428,20231219,PMU D7 R&L,20231205mouse1_OS_R_2_0_0000016_Structure_0001,https://drive.google.com/file/d/1a_3EoC62qI3uQRGI1pAWQNnoAX8DAc-K/view?usp=drive_link,,0,0,0,3,FALSE,TRUE,TRUE,FALSE,FALSE,0,0
2429,20231219,PMU D7 R&L,20231205mouse1_OS_R_2_0_0000016_Structure_0002,https://drive.google.com/file/d/1OCB9VQFNsQKKFfx7Gltf0c6GwJbG_H2o/view?usp=drive_link,,0,0,0,3,FALSE,TRUE,TRUE,FALSE,FALSE,0,0
2430,20231219,PMU D7 R&L,20231205mouse1_OS_R_2_0_0000016_Structure_0003,https://drive.google.com/file/d/1BD04GDks7W4nOfJKAnpcrFQEGReserh4/view?usp=drive_link,,0,0,0,3,FALSE,TRUE,TRUE,FALSE,FALSE,0,0
2431,20231219,PMU D7 R&L,20231205mouse1_OS_R_2_0_0000016_Structure_0004,https://drive.google.com/file/d/1oPmbBYzFEejc2Fc61fi_5dk_ldTK88t_/view?usp=drive_link,,0,0,0,3,FALSE,TRUE,TRUE,FALSE,FALSE,0,0
2432,20231219,PMU D7 R&L,20231205mouse1_OS_R_4_0_0000023_Structure_0001,https://drive.google.com/file/d/16P9yS48B7AD307y5mX1UIVOQv_Ls4Ju8/view?usp=drive_link,,0,0,0,3,FALSE,TRUE,TRUE,FALSE,FALSE,0,0
2433,20231219,PMU D7 R&L,20231205mouse1_OS_R_4_0_0000023_Structure_0002,https://drive.google.com/file/d/1NLRqGhOhX4jSx_Wh5taQvOddPibdlb7L/view?usp=drive_link,,0,0,0,3,FALSE,TRUE,TRUE,FALSE,FALSE,0,0
2434,20231219,PMU D7 R&L,20231205mouse1_OS_R_4_0_0000023_Structure_0003,https://drive.google.com/file/d/1NK_oiDbTPigdmdR2tpGRNmA4fzBOQz9B/view?usp=drive_link,,0,0,0,3,FALSE,TRUE,TRUE,FALSE,FALSE,0,0
2435,20231219,PMU D7 R&L,20231205mouse1_OS_R_4_0_0000023_Structure_0004,https://drive.google.com/file/d/1T_xuaISUtYdFDrp13jc_DV5DbBeU3FaO/view?usp=drive_link,,0,0,0,3,FALSE,TRUE,TRUE,FALSE,FALSE,0,0
2436,20231219,PMU D7 R&L,20231205mouse2_OD_R_2_0_0000016_Structure_0001,https://drive.google.com/file/d/1Xn-p1tSXj2L-jkjKNB0h3B3TTcE35cxb/view?usp=drive_link,,2,1,2,3,FALSE,FALSE,TRUE,FALSE,FALSE,2,2
2437,20231219,PMU D7 R&L,20231205mouse2_OD_R_2_0_0000016_Structure_0002,https://drive.google.com/file/d/1hghQe-ojjs4fjZSEyraJc-GAgpGI55XE/view?usp=drive_link,,0.5,0.5,0.5,3,FALSE,TRUE,TRUE,FALSE,FALSE,0.5,0.5
2438,20231219,PMU D7 R&L,20231205mouse2_OD_R_2_0_0000016_Structure_0003,https://drive.google.com/file/d/1i_PCgJfc-EdXIznPR-77bh1fBJcbUMsW/view?usp=drive_link,,1,0.5,1,3,FALSE,FALSE,TRUE,FALSE,FALSE,1,1
2439,20231219,PMU D7 R&L,20231205mouse2_OD_R_2_0_0000016_Structure_0004,https://drive.google.com/file/d/1VA1mQwRhm6HJGXGjcmpgCPxEt7rw5WPf/view?usp=drive_link,,2,2,2,3,FALSE,TRUE,TRUE,FALSE,FALSE,2,2
2440,20231219,PMU D7 R&L,20231205mouse2_OD_R_4_0_0000023_Structure_0001,https://drive.google.com/file/d/1YNKqFdpY5TD8pJjtKq9v4KGD1to5omDu/view?usp=drive_link,,0.5,0.5,0.5,3,FALSE,TRUE,TRUE,FALSE,FALSE,0.5,0.5
2441,20231219,PMU D7 R&L,20231205mouse2_OD_R_4_0_0000023_Structure_0002,https://drive.google.com/file/d/18bbtF2KIv6b9_1ULRkmJnJkvIbc3eJ9G/view?usp=drive_link,,0.5,0,0.5,3,FALSE,FALSE,TRUE,FALSE,FALSE,0.5,0.5
2442,20231219,PMU D7 R&L,20231205mouse2_OD_R_4_0_0000023_Structure_0003,https://drive.google.com/file/d/1KLF9HJb08yeU-g9BRwTD3CjBf2bhTHxE/view?usp=drive_link,2,2,0.5,1,4,FALSE,FALSE,TRUE,FALSE,FALSE,2,2
2443,20231219,PMU D7 R&L,20231205mouse2_OD_R_4_0_0000023_Structure_0004,https://drive.google.com/file/d/1jFCB86xKetJk-83aNsI6S41E3Yf9gQ9Q/view?usp=drive_link,,0.5,0.5,0.5,3,FALSE,TRUE,TRUE,FALSE,FALSE,0.5,0.5
2444,20231219,PMU D7 R&L,20231205mouse2_OS_R_2_0_0000009_Structure_0001,https://drive.google.com/file/d/1lXr9YqXBqKAlTF6iZ_c8i1zTTs9jCbu6/view?usp=drive_link,,0,0,0,3,FALSE,TRUE,TRUE,FALSE,FALSE,0,0
2445,20231219,PMU D7 R&L,20231205mouse2_OS_R_2_0_0000009_Structure_0002,https://drive.google.com/file/d/1zyR1ohfOJ4zVes_fJA8wh9nt4R-Wfxds/view?usp=drive_link,,0,0,0,3,FALSE,TRUE,TRUE,FALSE,FALSE,0,0
2446,20231219,PMU D7 R&L,20231205mouse2_OS_R_2_0_0000009_Structure_0003,https://drive.google.com/file/d/1-Ju4SOVRZbv3LmtPEual-8AkUz8aQ5fq/view?usp=drive_link,,0,0,0,3,FALSE,TRUE,TRUE,FALSE,FALSE,0,0
2447,20231219,PMU D7 R&L,20231205mouse2_OS_R_2_0_0000009_Structure_0004,https://drive.google.com/file/d/1v34Y4H9EJ29-8Y8YQkx6Lt1U5Z30LaQP/view?usp=drive_link,,0,0,0,3,FALSE,TRUE,TRUE,FALSE,FALSE,0,0
2448,20231219,PMU D7 R&L,20231205mouse2_OS_R_4_0_0000002_Structure_0001,https://drive.google.com/file/d/1MViBwx9Zy8Ql4hE5xPs2_O2ydHfbayQI/view?usp=drive_link,,0,0,0,3,FALSE,TRUE,TRUE,FALSE,FALSE,0,0
2449,20231219,PMU D7 R&L,20231205mouse2_OS_R_4_0_0000002_Structure_0002,https://drive.google.com/file/d/1BXCTV0fSo5CR2d5zd_RHan9udgygotzF/view?usp=drive_link,,0,0,0,3,FALSE,TRUE,TRUE,FALSE,FALSE,0,0
2450,20231219,PMU D7 R&L,20231205mouse2_OS_R_4_0_0000002_Structure_0003,https://drive.google.com/file/d/1Ax17xAxCslrVUW4cuXv-VgEsPwgzq5c3/view?usp=drive_link,,0,0,0,3,FALSE,TRUE,TRUE,FALSE,FALSE,0,0
2451,20231219,PMU D7 R&L,20231205mouse2_OS_R_4_0_0000002_Structure_0004,https://drive.google.com/file/d/16IVfH0shqMp10kmFuOqSilOgIveAoR4m/view?usp=drive_link,,0,0,0,3,FALSE,TRUE,TRUE,FALSE,FALSE,0,0
2452,20231219,PMU D7 R&L,20231205mouse3_OD_R_2_0_0000009_Structure_0001,https://drive.google.com/file/d/1ukyGnlXc7YIBAp6rLex8MqKgLtpOLR9s/view?usp=drive_link,,3,2,3,3,FALSE,FALSE,TRUE,FALSE,FALSE,3,3
2453,20231219,PMU D7 R&L,20231205mouse3_OD_R_2_0_0000009_Structure_0002,https://drive.google.com/file/d/1po5KL6vBRphf_VXHhEeeZJpmVG_1ZdOc/view?usp=drive_link,,2,2,2,3,FALSE,TRUE,TRUE,FALSE,FALSE,2,2
2454,20231219,PMU D7 R&L,20231205mouse3_OD_R_2_0_0000009_Structure_0003,https://drive.google.com/file/d/1ecPd3pHerZhoTvAsAgE748kst9XGpCQ6/view?usp=drive_link,,2,2,2,3,FALSE,TRUE,TRUE,FALSE,FALSE,2,2
2455,20231219,PMU D7 R&L,20231205mouse3_OD_R_2_0_0000009_Structure_0004,https://drive.google.com/file/d/1Qr0BD8DXujVQwSmLyTb9g__XvV0jpgdS/view?usp=drive_link,,2,2,2,3,FALSE,TRUE,TRUE,FALSE,FALSE,2,2
2456,20231219,PMU D7 R&L,20231205mouse3_OD_R_4_0_0000002_Structure_0001,https://drive.google.com/file/d/13PkgkCinZq4nATL9sKCzW-ElTe2Di5OL/view?usp=drive_link,,0.5,0,0.5,3,FALSE,FALSE,TRUE,FALSE,FALSE,0.5,0.5
2457,20231219,PMU D7 R&L,20231205mouse3_OD_R_4_0_0000002_Structure_0002,https://drive.google.com/file/d/1gVM8t8ENdaoMdHDXCnSQsCxlK-kN8opx/view?usp=drive_link,,0,0,0,3,FALSE,TRUE,TRUE,FALSE,FALSE,0,0
2458,20231219,PMU D7 R&L,20231205mouse3_OD_R_4_0_0000002_Structure_0003,https://drive.google.com/file/d/1mZKzU8YC6iF1yHukInDRzFVlJpXlhjKk/view?usp=drive_link,,2,0,2,3,FALSE,FALSE,TRUE,FALSE,FALSE,2,2
2459,20231219,PMU D7 R&L,20231205mouse3_OD_R_4_0_0000002_Structure_0004,https://drive.google.com/file/d/1UVBlVkHYfcCQxh52GcHrvV528ZrOIBrC/view?usp=drive_link,,2,2,2,3,FALSE,TRUE,TRUE,FALSE,FALSE,2,2
2460,20231219,PMU D7 R&L,20231205mouse3_OS_R_2_0_0000016_Structure_0001,https://drive.google.com/file/d/16V5YCyQNAurv9bmrv1JEMqSaydL29MEB/view?usp=drive_link,,0,0,0,3,FALSE,TRUE,TRUE,FALSE,FALSE,0,0
2461,20231219,PMU D7 R&L,20231205mouse3_OS_R_2_0_0000016_Structure_0002,https://drive.google.com/file/d/1aXKAceUFq77tOJMkhNVXL-SntVMKSg2U/view?usp=drive_link,,0.5,0.5,0,3,FALSE,FALSE,TRUE,FALSE,FALSE,0.5,0.5
2462,20231219,PMU D7 R&L,20231205mouse3_OS_R_2_0_0000016_Structure_0003,https://drive.google.com/file/d/1YQfdUdjnZi4fDFcQ-LmN5RvNiOkMfz6d/view?usp=drive_link,,0,0,0,3,FALSE,TRUE,TRUE,FALSE,FALSE,0,0
2463,20231219,PMU D7 R&L,20231205mouse3_OS_R_2_0_0000016_Structure_0004,https://drive.google.com/file/d/13jwI4rOzsiMXrqJMVMQhBCjw4MlnAl6T/view?usp=drive_link,,0.5,0,0,3,FALSE,TRUE,TRUE,FALSE,FALSE,0,0
2464,20231219,PMU D7 R&L,20231205mouse3_OS_R_4_0_0000023_Structure_0001,https://drive.google.com/file/d/1EA2aVvG5GLAtYc7VADS0dEKH0qpqWKjA/view?usp=drive_link,,0,0,0,3,FALSE,TRUE,TRUE,FALSE,FALSE,0,0
2465,20231219,PMU D7 R&L,20231205mouse3_OS_R_4_0_0000023_Structure_0002,https://drive.google.com/file/d/1QoFHLIhKphTpVo-U-uyMs44KqxfLQFs2/view?usp=drive_link,,0,0,0,3,FALSE,TRUE,TRUE,FALSE,FALSE,0,0
2466,20231219,PMU D7 R&L,20231205mouse3_OS_R_4_0_0000023_Structure_0003,https://drive.google.com/file/d/1MAM1gxiOPaRc0sFkWnfei1myfGaOLdgB/view?usp=drive_link,,0,0,0,3,FALSE,TRUE,TRUE,FALSE,FALSE,0,0
2467,20231219,PMU D7 R&L,20231205mouse3_OS_R_4_0_0000023_Structure_0004,https://drive.google.com/file/d/1uRuPXq3mKaQ-qGcn6t_mFEwmqa6n4n73/view?usp=drive_link,,0,0,0,3,FALSE,TRUE,TRUE,FALSE,FALSE,0,0
2468,20231219,PMU D7 R&L,20231205mouse4_OD_R_2_0_0000016_Structure_0001,https://drive.google.com/file/d/15fMYhvbMbWa2eGvT_j1JaD48wKM8dXxe/view?usp=drive_link,3,4,2,3,4,FALSE,FALSE,TRUE,FALSE,FALSE,3,3
2469,20231219,PMU D7 R&L,20231205mouse4_OD_R_2_0_0000016_Structure_0002,https://drive.google.com/file/d/1788vYI8NlPpkKFDWUgMACC6tgJmtt9N-/view?usp=drive_link,,2,2,2,3,FALSE,TRUE,TRUE,FALSE,FALSE,2,2
2470,20231219,PMU D7 R&L,20231205mouse4_OD_R_2_0_0000016_Structure_0003,https://drive.google.com/file/d/1fcNbLGEgjnh7TvuKtMYZIr1YoQMQBA_5/view?usp=drive_link,,3,2,3,3,FALSE,FALSE,TRUE,FALSE,FALSE,3,3
2471,20231219,PMU D7 R&L,20231205mouse4_OD_R_2_0_0000016_Structure_0004,https://drive.google.com/file/d/1XJ8lGnJleRpu2gf-2xPELTV5Z6Yg_ZQw/view?usp=drive_link,,2,3,2,3,FALSE,FALSE,TRUE,FALSE,FALSE,2,2
2472,20231219,PMU D7 R&L,20231205mouse4_OD_R_4_0_0000030_Structure_0001,https://drive.google.com/file/d/14rFuEtbGiPSZy0iswzJl6W1GSN2gHwbF/view?usp=drive_link,,2,1,2,3,FALSE,FALSE,TRUE,FALSE,FALSE,2,2
2473,20231219,PMU D7 R&L,20231205mouse4_OD_R_4_0_0000030_Structure_0002,https://drive.google.com/file/d/124QMJSZFmqrXY_ieBzbR7uDlIZjs9KR0/view?usp=drive_link,,2,2,2,3,FALSE,TRUE,TRUE,FALSE,FALSE,2,2
2474,20231219,PMU D7 R&L,20231205mouse4_OD_R_4_0_0000030_Structure_0003,https://drive.google.com/file/d/1jnlDZQtpKoYDl5ZCYS95g2yr_PXwZcRh/view?usp=drive_link,,2,2,2,3,FALSE,TRUE,TRUE,FALSE,FALSE,2,2
2475,20231219,PMU D7 R&L,20231205mouse4_OD_R_4_0_0000030_Structure_0004,https://drive.google.com/file/d/1Q3YdFsNRhy6lypt_oJlhIlHRvXJ7Sc1X/view?usp=drive_link,,3,2,2-Jan,3,FALSE,FALSE,TRUE,FALSE,FALSE,2,2
2476,20231219,PMU D7 R&L,20231205mouse4_OS_R_2_0_0000009_Structure_0001,https://drive.google.com/file/d/18KjHZR-tZ6cTX0vFntatj95gBYZwDbAg/view?usp=drive_link,,0,0,0,3,FALSE,TRUE,TRUE,FALSE,FALSE,0,0
2477,20231219,PMU D7 R&L,20231205mouse4_OS_R_2_0_0000009_Structure_0002,https://drive.google.com/file/d/1d9WB8YrBN5ChD0fUGWxcuV3_-b41HMKG/view?usp=drive_link,,0,0,0,3,FALSE,TRUE,TRUE,FALSE,FALSE,0,0
2478,20231219,PMU D7 R&L,20231205mouse4_OS_R_2_0_0000009_Structure_0003,https://drive.google.com/file/d/1JdaaJHC6p9PdqIOAg5hdVLjeBOroC17Q/view?usp=drive_link,,0,0,0,3,FALSE,TRUE,TRUE,FALSE,FALSE,0,0
2479,20231219,PMU D7 R&L,20231205mouse4_OS_R_2_0_0000009_Structure_0004,https://drive.google.com/file/d/1VVUVV6cCP-x9xdzCHFxlfs01dCm0PmX6/view?usp=drive_link,,0,0,0,3,FALSE,TRUE,TRUE,FALSE,FALSE,0,0
2480,20231219,PMU D7 R&L,20231205mouse4_OS_R_4_0_0000002_Structure_0001,https://drive.google.com/file/d/1XJnXBVm58gGw6fYqQ5zs9DfxjIaV3uHG/view?usp=drive_link,,0,0,0,3,FALSE,TRUE,TRUE,FALSE,FALSE,0,0
2481,20231219,PMU D7 R&L,20231205mouse4_OS_R_4_0_0000002_Structure_0002,https://drive.google.com/file/d/1EQjavJEHHnC_legx9SV5rlGMdAmoc9GU/view?usp=drive_link,,0,0,0,3,FALSE,TRUE,TRUE,FALSE,FALSE,0,0
2482,20231219,PMU D7 R&L,20231205mouse4_OS_R_4_0_0000002_Structure_0003,https://drive.google.com/file/d/1ZJTLGn4CEvjq-_0oXORac4Z7nXS4mhQZ/view?usp=drive_link,,0,0,0,3,FALSE,TRUE,TRUE,FALSE,FALSE,0,0
2483,20231219,PMU D7 R&L,20231205mouse4_OS_R_4_0_0000002_Structure_0004,https://drive.google.com/file/d/1l7VkSmJCOsz9XlpLklJt4DoUyfmaFq1J/view?usp=drive_link,,0,0,0,3,FALSE,TRUE,TRUE,FALSE,FALSE,0,0
2484,20231219,PMU D7 R&L,20231205mouse5_OD_R_2_0_0000009_Structure_0001,https://drive.google.com/file/d/1OZ5S17tTge3WlhPnv6nZzaMKS98jWoKo/view?usp=drive_link,,3,2,3,3,FALSE,FALSE,TRUE,FALSE,FALSE,3,3
2485,20231219,PMU D7 R&L,20231205mouse5_OD_R_2_0_0000009_Structure_0002,https://drive.google.com/file/d/1BPlyFrQf-V3F141pZZWcuYCSB6iPKmkS/view?usp=drive_link,,2,2,2,3,FALSE,TRUE,TRUE,FALSE,FALSE,2,2
2486,20231219,PMU D7 R&L,20231205mouse5_OD_R_2_0_0000009_Structure_0003,https://drive.google.com/file/d/1cihegGDnUxlgnM5O9Y9gXvirMbnMMtd_/view?usp=drive_link,,2,2,2,3,FALSE,TRUE,TRUE,FALSE,FALSE,2,2
2487,20231219,PMU D7 R&L,20231205mouse5_OD_R_2_0_0000009_Structure_0004,https://drive.google.com/file/d/1blbeVdcFxDXS0mZSgUt5-brLvnKaGQJs/view?usp=drive_link,,2,2,2,3,FALSE,TRUE,TRUE,FALSE,FALSE,2,2
2488,20231219,PMU D7 R&L,20231205mouse5_OD_R_4_0_0000002_Structure_0001,https://drive.google.com/file/d/168CphLb5svlY6VY7YC7gNE_FTISUA2Ym/view?usp=drive_link,,0,0,0,3,FALSE,TRUE,TRUE,FALSE,FALSE,0,0
2489,20231219,PMU D7 R&L,20231205mouse5_OD_R_4_0_0000002_Structure_0002,https://drive.google.com/file/d/1Di21ErLStfrhsNpXdp0QHdhd2TEnqBqG/view?usp=drive_link,,0.5,0.5,0.5,3,FALSE,TRUE,TRUE,FALSE,FALSE,0.5,0.5
2490,20231219,PMU D7 R&L,20231205mouse5_OD_R_4_0_0000002_Structure_0003,https://drive.google.com/file/d/1tubys1KD0wQmIC_igSd98NddWv7gO9_k/view?usp=drive_link,,1,1,1,3,FALSE,TRUE,TRUE,FALSE,FALSE,1,1
2491,20231219,PMU D7 R&L,20231205mouse5_OD_R_4_0_0000002_Structure_0004,https://drive.google.com/file/d/1qQhZ2VBJeTWheumFwQYBDwzb44bEjUSS/view?usp=drive_link,,2,2,2,3,FALSE,TRUE,TRUE,FALSE,FALSE,2,2
2492,20231219,PMU D7 R&L,20231205mouse5_OS_R_2_0_0000016_Structure_0001,https://drive.google.com/file/d/1ySRG0V0r0ZPdtuUQx7NKt0bri6mJZCHR/view?usp=drive_link,,0,0.5,0,3,FALSE,TRUE,TRUE,FALSE,FALSE,0,0
2493,20231219,PMU D7 R&L,20231205mouse5_OS_R_2_0_0000016_Structure_0002,https://drive.google.com/file/d/1gsChpImRNlvnpraQlowEka8RtfK_rWPu/view?usp=drive_link,,0,0,0,3,FALSE,TRUE,TRUE,FALSE,FALSE,0,0
2494,20231219,PMU D7 R&L,20231205mouse5_OS_R_2_0_0000016_Structure_0003,https://drive.google.com/file/d/1CwDyDr2ICzSIijELGLQMpRELgbCL3JwD/view?usp=drive_link,,0,0,0,3,FALSE,TRUE,TRUE,FALSE,FALSE,0,0
2495,20231219,PMU D7 R&L,20231205mouse5_OS_R_2_0_0000016_Structure_0004,https://drive.google.com/file/d/1Oto8eypCEZQOOngEO5npP4LuRgGzBINo/view?usp=drive_link,,0,0,0,3,FALSE,TRUE,TRUE,FALSE,FALSE,0,0
2496,20231219,PMU D7 R&L,20231205mouse5_OS_R_4_0_0000023_Structure_0001,https://drive.google.com/file/d/1dRrcgla2Lv7SZAO7dU2aBdpTBzlGTZtZ/view?usp=drive_link,,0,0,0,3,FALSE,TRUE,TRUE,FALSE,FALSE,0,0
2497,20231219,PMU D7 R&L,20231205mouse5_OS_R_4_0_0000023_Structure_0002,https://drive.google.com/file/d/1zLW6EsNMGBNvr6uJzoBCFFSHlCbBdJuO/view?usp=drive_link,,0,0,0,3,FALSE,TRUE,TRUE,FALSE,FALSE,0,0
2498,20231219,PMU D7 R&L,20231205mouse5_OS_R_4_0_0000023_Structure_0003,https://drive.google.com/file/d/150IhCx23MfAnXteGL1MG3xlgzbecs8nG/view?usp=drive_link,,0,0,0,3,FALSE,TRUE,TRUE,FALSE,FALSE,0,0
2499,20231219,PMU D7 R&L,20231205mouse5_OS_R_4_0_0000023_Structure_0004,https://drive.google.com/file/d/15WcOdG4w_BeEfPwAe6fUjTA6Zjrt4g4q/view?usp=drive_link,,0,0,0,3,FALSE,TRUE,TRUE,FALSE,FALSE,0,0
2500,20231221,PMU D25 R&L,20231205mouse1_OD_R_2_0_0000030_Structure_0001,https://drive.google.com/file/d/138qmMGOGmec1BnuY2-hbBqCwjive_zFz/view?usp=drive_link,1,100,100,1,4,FALSE,FALSE,TRUE,TRUE,TRUE,1,1
2501,20231221,PMU D25 R&L,20231205mouse1_OD_R_2_0_0000030_Structure_0002,https://drive.google.com/file/d/1b-48Qp9esOHny577qfyO9WIdAQC2wJzL/view?usp=drive_link,0.5,100,100,1,4,FALSE,FALSE,TRUE,FALSE,FALSE,100,100
2502,20231221,PMU D25 R&L,20231205mouse1_OD_R_2_0_0000030_Structure_0003,https://drive.google.com/file/d/16MaUZIUzkgMXVHFd8VWEmgjl5YVTLCkv/view?usp=drive_link,1,100,100,1,4,FALSE,FALSE,TRUE,TRUE,TRUE,1,1
2503,20231221,PMU D25 R&L,20231205mouse1_OD_R_2_0_0000030_Structure_0004,https://drive.google.com/file/d/1USVBzq9nsJU8TlqxMpw3BDlwEutBQ3IV/view?usp=drive_link,2,100,100,1,4,FALSE,FALSE,TRUE,FALSE,FALSE,100,100
2504,20231221,PMU D25 R&L,20231205mouse1_OD_R_4_0_0000037_Structure_0001,https://drive.google.com/file/d/1pt57epnOeYuAeob3qtgfWxJBdoiILVl9/view?usp=drive_link,,3,2,2,3,FALSE,FALSE,TRUE,FALSE,FALSE,2,2
2505,20231221,PMU D25 R&L,20231205mouse1_OD_R_4_0_0000037_Structure_0002,https://drive.google.com/file/d/1_YYHBiZ4ZlOvdU0uCspzOj9XthEaLuBF/view?usp=drive_link,,3,2,2,3,FALSE,FALSE,TRUE,FALSE,FALSE,2,2
2506,20231221,PMU D25 R&L,20231205mouse1_OD_R_4_0_0000037_Structure_0003,https://drive.google.com/file/d/1Kmw7yuLa0UoYwT6PiztTUAkPfJhiOEOk/view?usp=drive_link,,1,2,2,3,FALSE,FALSE,TRUE,FALSE,FALSE,2,2
2507,20231221,PMU D25 R&L,20231205mouse1_OD_R_4_0_0000037_Structure_0004,https://drive.google.com/file/d/1CrGDlA7zXI49-WeK_9MCZkeGUHlpdPRT/view?usp=drive_link,,3,2,2,3,FALSE,FALSE,TRUE,FALSE,FALSE,2,2
2508,20231221,PMU D25 R&L,20231205mouse1_OS_R_2_0_0000051_Structure_0001,https://drive.google.com/file/d/1GJjDPxDB5AEe-A-tuj6qcxDHXEN_gFlC/view?usp=drive_link,,2,0,0,3,FALSE,TRUE,TRUE,FALSE,FALSE,0,0
2509,20231221,PMU D25 R&L,20231205mouse1_OS_R_2_0_0000051_Structure_0002,https://drive.google.com/file/d/1yFg2dsS-ypgfKuhGdcLKjfAD7W08vKq3/view?usp=drive_link,,0,0,0,3,FALSE,TRUE,TRUE,FALSE,FALSE,0,0
2510,20231221,PMU D25 R&L,20231205mouse1_OS_R_2_0_0000051_Structure_0003,https://drive.google.com/file/d/1Q8rFjvElimyz_lE6P7v6UCFZ5Y_7B2i7/view?usp=drive_link,,0,0,0,3,FALSE,TRUE,TRUE,FALSE,FALSE,0,0
2511,20231221,PMU D25 R&L,20231205mouse1_OS_R_2_0_0000051_Structure_0004,https://drive.google.com/file/d/1iNUg505U4lPbzKZR1KwBXOGDBJam3Dr8/view?usp=drive_link,,0,0,0,3,FALSE,TRUE,TRUE,FALSE,FALSE,0,0
2512,20231221,PMU D25 R&L,20231205mouse1_OS_R_4_0_0000044_Structure_0001,https://drive.google.com/file/d/1CU-pmZq1wgwwChCJ5dy0IGYhVihE2TCj/view?usp=drive_link,,0,0,0,3,FALSE,TRUE,TRUE,FALSE,FALSE,0,0
2513,20231221,PMU D25 R&L,20231205mouse1_OS_R_4_0_0000044_Structure_0002,https://drive.google.com/file/d/1sQ3yPLrokzvsYK0OSEc9gkhBSFNyjZja/view?usp=drive_link,,0,0,0,3,FALSE,TRUE,TRUE,FALSE,FALSE,0,0
2514,20231221,PMU D25 R&L,20231205mouse1_OS_R_4_0_0000044_Structure_0003,https://drive.google.com/file/d/1vvW6vYxqDkt63HK3ujVR9PYrAqI7n-ZG/view?usp=drive_link,,0,0,0,3,FALSE,TRUE,TRUE,FALSE,FALSE,0,0
2515,20231221,PMU D25 R&L,20231205mouse1_OS_R_4_0_0000044_Structure_0004,https://drive.google.com/file/d/1BgPu95QWK3nvhnlTlJUXrEQbhl1FImm2/view?usp=drive_link,,0,0,0,3,FALSE,TRUE,TRUE,FALSE,FALSE,0,0
2516,20231221,PMU D25 R&L,20231205mouse2_OD_R_2_0_0000051_Structure_0001,https://drive.google.com/file/d/1P-s_IqCj_shX88dvUxc28WC9puR9YlXf/view?usp=drive_link,,0.5,0.5,0.5,3,FALSE,TRUE,TRUE,FALSE,FALSE,0.5,0.5
2517,20231221,PMU D25 R&L,20231205mouse2_OD_R_2_0_0000051_Structure_0002,https://drive.google.com/file/d/1NZNaiiR37t1svqSVMSIFWGdm6PihjDjX/view?usp=drive_link,,0.5,0.5,0.5,3,FALSE,TRUE,TRUE,FALSE,FALSE,0.5,0.5
2518,20231221,PMU D25 R&L,20231205mouse2_OD_R_2_0_0000051_Structure_0003,https://drive.google.com/file/d/1QGC58sq4TKlJXU2iMJbd-Am0mDyyCDj_/view?usp=drive_link,,0.5,0.5,0.5,3,FALSE,TRUE,TRUE,FALSE,FALSE,0.5,0.5
2519,20231221,PMU D25 R&L,20231205mouse2_OD_R_2_0_0000051_Structure_0004,https://drive.google.com/file/d/1FpL_OVLTTjFfvKLANBF3014dIXsuXYEa/view?usp=drive_link,,1,0.5,1,3,FALSE,FALSE,TRUE,FALSE,FALSE,1,1
2520,20231221,PMU D25 R&L,20231205mouse2_OD_R_4_0_0000044_Structure_0001,https://drive.google.com/file/d/1txqH2rCphNI9ezdcAD_eFUYkU49Qtw2R/view?usp=drive_link,,0,0,0.5,3,FALSE,TRUE,TRUE,FALSE,FALSE,0,0
2521,20231221,PMU D25 R&L,20231205mouse2_OD_R_4_0_0000044_Structure_0002,https://drive.google.com/file/d/1PLfAYkAP16mUh0jmWT7zn0ZKOrY3DFUR/view?usp=drive_link,,0,0,0,3,FALSE,TRUE,TRUE,FALSE,FALSE,0,0
2522,20231221,PMU D25 R&L,20231205mouse2_OD_R_4_0_0000044_Structure_0003,https://drive.google.com/file/d/1zn8CGM52PCIywiTOj34Nj4YAbrB7Qzy9/view?usp=drive_link,,0.5,0,0.5,3,FALSE,FALSE,TRUE,FALSE,FALSE,0.5,0.5
2523,20231221,PMU D25 R&L,20231205mouse2_OD_R_4_0_0000044_Structure_0004,https://drive.google.com/file/d/1RA2WVBrDheNe8HFy_EsqLJzQSa-ACSkf/view?usp=drive_link,,0.5,0,0.5,3,FALSE,FALSE,TRUE,FALSE,FALSE,0.5,0.5
2524,20231221,PMU D25 R&L,20231205mouse2_OS_R_2_0_0000030_Structure_0001,https://drive.google.com/file/d/1RnaKWS3X0hPdnoAZemBEariDO-PC1JJi/view?usp=drive_link,,0,0,0,3,FALSE,TRUE,TRUE,FALSE,FALSE,0,0
2525,20231221,PMU D25 R&L,20231205mouse2_OS_R_2_0_0000030_Structure_0002,https://drive.google.com/file/d/1aKQC0detLa06SsQYiIoaACpFdbP3oaM2/view?usp=drive_link,,0,0,0,3,FALSE,TRUE,TRUE,FALSE,FALSE,0,0
2526,20231221,PMU D25 R&L,20231205mouse2_OS_R_2_0_0000030_Structure_0003,https://drive.google.com/file/d/1PCdfrmc-HNWr50R3EHfH1LZOSUkDi_yV/view?usp=drive_link,,0,0,0,3,FALSE,TRUE,TRUE,FALSE,FALSE,0,0
2527,20231221,PMU D25 R&L,20231205mouse2_OS_R_2_0_0000030_Structure_0004,https://drive.google.com/file/d/1Nmiuxv_xRPv2CqZfyw1zbNSf67nJ8z35/view?usp=drive_link,,0,0,0,3,FALSE,TRUE,TRUE,FALSE,FALSE,0,0
2528,20231221,PMU D25 R&L,20231205mouse2_OS_R_4_0_0000037_Structure_0001,https://drive.google.com/file/d/1nrcB5N8WkqplWO_GZnANs1yHVPIzpZLA/view?usp=drive_link,,0,0,0,3,FALSE,TRUE,TRUE,FALSE,FALSE,0,0
2529,20231221,PMU D25 R&L,20231205mouse2_OS_R_4_0_0000037_Structure_0002,https://drive.google.com/file/d/16vk8rBrg9Re7ATUnslRcuacZEfBIydRd/view?usp=drive_link,,0,0,0,3,FALSE,TRUE,TRUE,FALSE,FALSE,0,0
2530,20231221,PMU D25 R&L,20231205mouse2_OS_R_4_0_0000037_Structure_0003,https://drive.google.com/file/d/1MXI6Rlo66V71l1JtyJMcrFkpWJrKHWkS/view?usp=drive_link,,0,0,0,3,FALSE,TRUE,TRUE,FALSE,FALSE,0,0
2531,20231221,PMU D25 R&L,20231205mouse2_OS_R_4_0_0000037_Structure_0004,https://drive.google.com/file/d/1Vv7Cam2rb7YyxVW1boNCeRjCzIgEWffG/view?usp=drive_link,,0,0,0,3,FALSE,TRUE,TRUE,FALSE,FALSE,0,0
2532,20231221,PMU D25 R&L,20231205mouse3_OD_R_4_0_0000037_Structure_0001,https://drive.google.com/file/d/1NTKuPMhWToGKyaOLII61xDD8E8TKS9NZ/view?usp=drive_link,,0,0,0,3,FALSE,TRUE,TRUE,FALSE,FALSE,0,0
2533,20231221,PMU D25 R&L,20231205mouse3_OD_R_4_0_0000037_Structure_0002,https://drive.google.com/file/d/13J3qumbPl3xgt7NRLp-V7UcGr3Tixm-v/view?usp=drive_link,,0,0,0,3,FALSE,TRUE,TRUE,FALSE,FALSE,0,0
2534,20231221,PMU D25 R&L,20231205mouse3_OD_R_4_0_0000037_Structure_0003,https://drive.google.com/file/d/1l73_mNifhTfdQ_AlykesHfsCrKkO07y4/view?usp=drive_link,,0,0,0,3,FALSE,TRUE,TRUE,FALSE,FALSE,0,0
2535,20231221,PMU D25 R&L,20231205mouse3_OD_R_4_0_0000037_Structure_0004,https://drive.google.com/file/d/1iJHb1kmdJAOH7Uq68B8edZrP5O2kQo6N/view?usp=drive_link,,0,0,0,3,FALSE,TRUE,TRUE,FALSE,FALSE,0,0
2536,20231221,PMU D25 R&L,20231205mouse3_OS_R_2_0_0000030_Structure_0001,https://drive.google.com/file/d/1daQB99QvVLPDAAla3sGPQyAWoFPWkTZB/view?usp=drive_link,,0.5,0.5,0,3,FALSE,FALSE,TRUE,FALSE,FALSE,0.5,0.5
2537,20231221,PMU D25 R&L,20231205mouse3_OS_R_2_0_0000030_Structure_0002,https://drive.google.com/file/d/1_Lq28lbicw44ao2bIiZMSbDqmMn4UA8J/view?usp=drive_link,,0.5,0.5,0,3,FALSE,FALSE,TRUE,FALSE,FALSE,0.5,0.5
2538,20231221,PMU D25 R&L,20231205mouse3_OS_R_2_0_0000030_Structure_0003,https://drive.google.com/file/d/1rU39sOBhW59zpJMB0Vawtde9DSuKSq8N/view?usp=drive_link,,0.5,0.5,0,3,FALSE,FALSE,TRUE,FALSE,FALSE,0.5,0.5
2539,20231221,PMU D25 R&L,20231205mouse3_OS_R_2_0_0000030_Structure_0004,https://drive.google.com/file/d/1DMroeARqXAYHca6KkrsRw4xyRtMTLcap/view?usp=drive_link,,0.5,0.5,0.5,3,FALSE,TRUE,TRUE,FALSE,FALSE,0.5,0.5
2540,20231221,PMU D25 R&L,20231205mouse4_OD_R_2_0_0000051_Structure_0001,https://drive.google.com/file/d/1WHLGTNneXOwJhpcZFgL-kKGsqAsgsC4z/view?usp=drive_link,,1,1,1,3,FALSE,TRUE,TRUE,FALSE,FALSE,1,1
2541,20231221,PMU D25 R&L,20231205mouse4_OD_R_2_0_0000051_Structure_0002,https://drive.google.com/file/d/1vsy67kwnF3H77ZlWQOXiJg_z3mnGvQNZ/view?usp=drive_link,,1,1,1,3,FALSE,TRUE,TRUE,FALSE,FALSE,1,1
2542,20231221,PMU D25 R&L,20231205mouse4_OD_R_2_0_0000051_Structure_0003,https://drive.google.com/file/d/1Bb-vqMaStzcgUJABALgl6S5J55Bv5rOx/view?usp=drive_link,,1,0.5,1,3,FALSE,FALSE,TRUE,FALSE,FALSE,1,1
2543,20231221,PMU D25 R&L,20231205mouse4_OD_R_2_0_0000051_Structure_0004,https://drive.google.com/file/d/1Yq7tY2MwzRvPAH0cm1lenLQNvcgGqGHR/view?usp=drive_link,,1,1,1,3,FALSE,TRUE,TRUE,FALSE,FALSE,1,1
2544,20231221,PMU D25 R&L,20231205mouse4_OD_R_4_0_0000058_Structure_0001,https://drive.google.com/file/d/1Hqafdc9PYMtX4w0gvmJvRqVU6lKajCTw/view?usp=drive_link,,1,1,1,3,FALSE,TRUE,TRUE,FALSE,FALSE,1,1
2545,20231221,PMU D25 R&L,20231205mouse4_OD_R_4_0_0000058_Structure_0002,https://drive.google.com/file/d/1NnkQ1qz8Yi59BVEBCBQYVwNvBsBTs7lL/view?usp=drive_link,,1,1,1,3,FALSE,TRUE,TRUE,FALSE,FALSE,1,1
2546,20231221,PMU D25 R&L,20231205mouse4_OD_R_4_0_0000058_Structure_0003,https://drive.google.com/file/d/1HnJiw_nBlYldSIHaz2E7P3FG0MrxJpb6/view?usp=drive_link,,1,1,1,3,FALSE,TRUE,TRUE,FALSE,FALSE,1,1
2547,20231221,PMU D25 R&L,20231205mouse4_OD_R_4_0_0000058_Structure_0004,https://drive.google.com/file/d/1cducD5hyR3vAtEBKlyiAjA0tV5786gBW/view?usp=drive_link,,2,1,2,3,FALSE,FALSE,TRUE,FALSE,FALSE,2,2
2548,20231221,PMU D25 R&L,20231205mouse4_OS_R_2_0_0000044_Structure_0001,https://drive.google.com/file/d/1llUTo2RGA-7hWAPImvzOl9h_Dan5tRlS/view?usp=drive_link,,0,0,0,3,FALSE,TRUE,TRUE,FALSE,FALSE,0,0
2549,20231221,PMU D25 R&L,20231205mouse4_OS_R_2_0_0000044_Structure_0002,https://drive.google.com/file/d/1qYbwCD9iNY3pI82x43ERn0mQca335SE3/view?usp=drive_link,,0,0,0,3,FALSE,TRUE,TRUE,FALSE,FALSE,0,0
2550,20231221,PMU D25 R&L,20231205mouse4_OS_R_2_0_0000044_Structure_0003,https://drive.google.com/file/d/1tlSBUa1WqQf92bSMV-y8uTKnSczLiJip/view?usp=drive_link,,0,0,0,3,FALSE,TRUE,TRUE,FALSE,FALSE,0,0
2551,20231221,PMU D25 R&L,20231205mouse4_OS_R_2_0_0000044_Structure_0004,https://drive.google.com/file/d/1nz2ZuMJv_-zrv5SHZMOwYT4lGnFWbyh0/view?usp=drive_link,,0,0,0,3,FALSE,TRUE,TRUE,FALSE,FALSE,0,0
2552,20231221,PMU D25 R&L,20231205mouse4_OS_R_4_0_0000037_Structure_0001,https://drive.google.com/file/d/1sVr6myGE-UuHt5nzNveQ9gx6Jbcppw2T/view?usp=drive_link,,0,0,0,3,FALSE,TRUE,TRUE,FALSE,FALSE,0,0
2553,20231221,PMU D25 R&L,20231205mouse4_OS_R_4_0_0000037_Structure_0002,https://drive.google.com/file/d/1xt_c6gcoJbPjeoOag-LrbehpN6N6mI12/view?usp=drive_link,,0,0,0,3,FALSE,TRUE,TRUE,FALSE,FALSE,0,0
2554,20231221,PMU D25 R&L,20231205mouse4_OS_R_4_0_0000037_Structure_0003,https://drive.google.com/file/d/1Z59dWqxNmbjJYjEKMdgOLg3Ds9NWHLnQ/view?usp=drive_link,,0,0,0,3,FALSE,TRUE,TRUE,FALSE,FALSE,0,0
2555,20231221,PMU D25 R&L,20231205mouse4_OS_R_4_0_0000037_Structure_0004,https://drive.google.com/file/d/1QXSr5mydHK61wW72oIy_wQo6VGZLRteL/view?usp=drive_link,,0,0,0,3,FALSE,TRUE,TRUE,FALSE,FALSE,0,0
2556,20231221,PMU D25 R&L,20231205mouse5_OD_R_2_0_0000037_Structure_0001,https://drive.google.com/file/d/1272T5fo650apgMX5cDQIeC0HKmWyTVih/view?usp=drive_link,,2,1,1,3,FALSE,FALSE,TRUE,FALSE,FALSE,1,1
2557,20231221,PMU D25 R&L,20231205mouse5_OD_R_2_0_0000037_Structure_0002,https://drive.google.com/file/d/1276OSwtn3fMr5ejP_lpsbvgGEx2ppMcz/view?usp=drive_link,,2,2,2,3,FALSE,TRUE,TRUE,FALSE,FALSE,2,2
2558,20231221,PMU D25 R&L,20231205mouse5_OD_R_2_0_0000037_Structure_0003,https://drive.google.com/file/d/13Gjc1VPSgqFm0XJA92fsObqdm84PQ-Ux/view?usp=drive_link,2,3,1,2,4,FALSE,FALSE,TRUE,FALSE,FALSE,2,2
2559,20231221,PMU D25 R&L,20231205mouse5_OD_R_2_0_0000037_Structure_0004,https://drive.google.com/file/d/117KHA0PLC5-2FHlI_AE6EDDAfiyUh1pc/view?usp=drive_link,,1,1,1,3,FALSE,TRUE,TRUE,FALSE,FALSE,1,1
2560,20231221,PMU D25 R&L,20231205mouse5_OD_R_4_0_0000030_Structure_0001,https://drive.google.com/file/d/13lL4MJSEUPkwS1Rvg5zss6speAYe6f_n/view?usp=drive_link,,2,2,2,3,FALSE,TRUE,TRUE,FALSE,FALSE,2,2
2561,20231221,PMU D25 R&L,20231205mouse5_OD_R_4_0_0000030_Structure_0002,https://drive.google.com/file/d/1-27guaEejjLeqN7PQkQVhtyb80N8Bdoc/view?usp=drive_link,,2,2,2,3,FALSE,TRUE,TRUE,FALSE,FALSE,2,2
2562,20231221,PMU D25 R&L,20231205mouse5_OD_R_4_0_0000030_Structure_0003,https://drive.google.com/file/d/1aVVqmXGMXFJ46fZKC663MYOOso9suiE5/view?usp=drive_link,,2,2,2,3,FALSE,TRUE,TRUE,FALSE,FALSE,2,2
2563,20231221,PMU D25 R&L,20231205mouse5_OD_R_4_0_0000030_Structure_0004,https://drive.google.com/file/d/1PS1xT6Jby3D718e9IlA91EDFXfBJxuT-/view?usp=drive_link,,2,2,2,3,FALSE,TRUE,TRUE,FALSE,FALSE,2,2
2564,20231221,PMU D25 R&L,20231205mouse5_OS_R_2_0_0000044_Structure_0001,https://drive.google.com/file/d/1Fzpczsuts-9C1bRuDa-Isj8WjpaGPtZI/view?usp=drive_link,,0,0,0,3,FALSE,TRUE,TRUE,FALSE,FALSE,0,0
2565,20231221,PMU D25 R&L,20231205mouse5_OS_R_2_0_0000044_Structure_0002,https://drive.google.com/file/d/1bIzVzVwrI8KNoufnUPy0AwU2j1XjrTMY/view?usp=drive_link,,0,0,0,3,FALSE,TRUE,TRUE,FALSE,FALSE,0,0
2566,20231221,PMU D25 R&L,20231205mouse5_OS_R_2_0_0000044_Structure_0003,https://drive.google.com/file/d/1NUZfuk8-OWN9v9KMJR_GXcEvVkGevXo4/view?usp=drive_link,,0,0,0,3,FALSE,TRUE,TRUE,FALSE,FALSE,0,0
2567,20231221,PMU D25 R&L,20231205mouse5_OS_R_2_0_0000044_Structure_0004,https://drive.google.com/file/d/172ZImsFtc4aA_uQzyIUc3tP30iVOlIXQ/view?usp=drive_link,,0,0,0,3,FALSE,TRUE,TRUE,FALSE,FALSE,0,0
2568,20231221,PMU D25 R&L,20231205mouse5_OS_R_4_0_0000051_Structure_0001,https://drive.google.com/file/d/1mzYkIA6C6-tlUGw6zS1lnhBxiKy_bBZN/view?usp=drive_link,,0,0,0,3,FALSE,TRUE,TRUE,FALSE,FALSE,0,0
2569,20231221,PMU D25 R&L,20231205mouse5_OS_R_4_0_0000051_Structure_0002,https://drive.google.com/file/d/14I1yU2VbQI9iS6jIEiU49S0xO_HwiF1S/view?usp=drive_link,,0,0,0,3,FALSE,TRUE,TRUE,FALSE,FALSE,0,0
2570,20231221,PMU D25 R&L,20231205mouse5_OS_R_4_0_0000051_Structure_0003,https://drive.google.com/file/d/1huHKngFKcAfj7Ran2EBKOLELufGn3qp9/view?usp=drive_link,,100,0,0,3,FALSE,TRUE,TRUE,FALSE,FALSE,0,0
2571,20231221,PMU D25 R&L,20231205mouse5_OS_R_4_0_0000051_Structure_0004,https://drive.google.com/file/d/1pwDwRcbM0KuORh2JxpV5k9GbtgdueFsX/view?usp=drive_link,,0,0,0,3,FALSE,TRUE,TRUE,FALSE,FALSE,0,0
2572,20231221,UMU D56,20231218mouse1_OD_R_2_0_0000016_Structure_0001,https://drive.google.com/file/d/1Q3bEE-yj5VE6yfwDs2aksepAjyEq4h_K/view?usp=drive_link,,0,0,0,3,FALSE,TRUE,TRUE,FALSE,FALSE,0,0
2573,20231221,UMU D56,20231218mouse1_OD_R_2_0_0000016_Structure_0002,https://drive.google.com/file/d/1wlfZnvxKDgkDkMF-f0dv2ObNffXMUGi0/view?usp=drive_link,,0,0,0,3,FALSE,TRUE,TRUE,FALSE,FALSE,0,0
2574,20231221,UMU D56,20231218mouse1_OD_R_2_0_0000016_Structure_0003,https://drive.google.com/file/d/1wAMARCzb1PGwrdqluGxflWaoStQme5cu/view?usp=drive_link,,0,0,0,3,FALSE,TRUE,TRUE,FALSE,FALSE,0,0
2575,20231221,UMU D56,20231218mouse1_OD_R_2_0_0000016_Structure_0004,https://drive.google.com/file/d/1lgLF3VMU0uKw9w7Od0t1GwN9OEbNSV2N/view?usp=drive_link,,0,0,0,3,FALSE,TRUE,TRUE,FALSE,FALSE,0,0
2576,20231221,UMU D56,20231218mouse1_OD_R_4_0_0000023_Structure_0001,https://drive.google.com/file/d/1npCfZ5r0sHtY8kkJ-wvRkCJPZHsp4rBO/view?usp=drive_link,,0,0,0,3,FALSE,TRUE,TRUE,FALSE,FALSE,0,0
2577,20231221,UMU D56,20231218mouse1_OD_R_4_0_0000023_Structure_0002,https://drive.google.com/file/d/1K57Xwrvlhxoj3T_GZFwC-qUy3L42tL77/view?usp=drive_link,,0,0,0,3,FALSE,TRUE,TRUE,FALSE,FALSE,0,0
2578,20231221,UMU D56,20231218mouse1_OD_R_4_0_0000023_Structure_0003,https://drive.google.com/file/d/1fVQdKQd6f8iSzjyvg-yWFpj7n1O64o5i/view?usp=drive_link,,0,0,0,3,FALSE,TRUE,TRUE,FALSE,FALSE,0,0
2579,20231221,UMU D56,20231218mouse1_OD_R_4_0_0000023_Structure_0004,https://drive.google.com/file/d/1Z7pt-xUnr4vfmU86vGTjl6PdVrqAkfXr/view?usp=drive_link,,0,0,0,3,FALSE,TRUE,TRUE,FALSE,FALSE,0,0
2580,20231221,UMU D56,20231218mouse2_OD_R_2_0_0000023_Structure_0001,https://drive.google.com/file/d/1hcPPwZjvOnKsaiFjBSJsrBeQ429dXfXC/view?usp=drive_link,,0,0,0,3,FALSE,TRUE,TRUE,FALSE,FALSE,0,0
2581,20231221,UMU D56,20231218mouse2_OD_R_2_0_0000023_Structure_0002,https://drive.google.com/file/d/1n6KwadGXe6wwMBFSwHfEu2Z5pTwT0EGF/view?usp=drive_link,,0,0,0,3,FALSE,TRUE,TRUE,FALSE,FALSE,0,0
2582,20231221,UMU D56,20231218mouse2_OD_R_2_0_0000023_Structure_0003,https://drive.google.com/file/d/1ZhZytiOyck91N5S5ad8rBYP5IR0Dopth/view?usp=drive_link,,0,0,0,3,FALSE,TRUE,TRUE,FALSE,FALSE,0,0
2583,20231221,UMU D56,20231218mouse2_OD_R_2_0_0000023_Structure_0004,https://drive.google.com/file/d/1Cft0H1Rm18WSV7vRPkqpQqrKt9s7wAZL/view?usp=drive_link,,0,0,0,3,FALSE,TRUE,TRUE,FALSE,FALSE,0,0
2584,20231221,UMU D56,20231218mouse2_OD_R_4_0_0000016_Structure_0001,https://drive.google.com/file/d/1969vK0m3X4Tc4cnEQUgbEf1gMF47K-gF/view?usp=drive_link,,0,0,0,3,FALSE,TRUE,TRUE,FALSE,FALSE,0,0
2585,20231221,UMU D56,20231218mouse2_OD_R_4_0_0000016_Structure_0002,https://drive.google.com/file/d/1z0H3XfdKjCvXUB1GMx6kNc0kV5hydmJF/view?usp=drive_link,,0,0,0,3,FALSE,TRUE,TRUE,FALSE,FALSE,0,0
2586,20231221,UMU D56,20231218mouse2_OD_R_4_0_0000016_Structure_0003,https://drive.google.com/file/d/1qn3BkQqtvJSPBUOpdM-tXgq_Hqc8ZDzp/view?usp=drive_link,,0.5,0,0.5,3,FALSE,FALSE,TRUE,FALSE,FALSE,0.5,0.5
2587,20231221,UMU D56,20231218mouse2_OD_R_4_0_0000016_Structure_0004,https://drive.google.com/file/d/1p-CS0QCXREVTN_dA31Llndo-Oah1YS9u/view?usp=drive_link,,0,0,0,3,FALSE,TRUE,TRUE,FALSE,FALSE,0,0
2588,20231221,UMU D56,20231218mouse3_OD_R_2_0_0000016_Structure_0001,https://drive.google.com/file/d/1-wyHA8c6TXOlVJ1kQ9XFHYBeCLkgUior/view?usp=drive_link,100,100,100,3,4,FALSE,TRUE,TRUE,FALSE,FALSE,100,100
2589,20231221,UMU D56,20231218mouse3_OD_R_2_0_0000016_Structure_0002,https://drive.google.com/file/d/1uoZ9pvMlO3myJ-J4qMRh0NRpLbjSrQkX/view?usp=drive_link,100,100,100,3,4,FALSE,TRUE,TRUE,FALSE,FALSE,100,100
2590,20231221,UMU D56,20231218mouse3_OD_R_2_0_0000016_Structure_0003,https://drive.google.com/file/d/1u_W0hTxa8VN5nZnQGIzZZYFdOiAGNz9A/view?usp=drive_link,100,100,100,3,4,FALSE,TRUE,TRUE,FALSE,FALSE,100,100
2591,20231221,UMU D56,20231218mouse3_OD_R_2_0_0000016_Structure_0004,https://drive.google.com/file/d/12O26dJKyKKZ5W4tpRXDTxKn9aHH1U9uB/view?usp=drive_link,100,100,100,45355,4,FALSE,TRUE,TRUE,FALSE,FALSE,100,100
2592,20231221,UMU D56,20231218mouse3_OD_R_4_0_0000023_Structure_0001,https://drive.google.com/file/d/1SHvnebj_bMXJdkbycI9EsKbSFeXKQjgP/view?usp=drive_link,,1,1,1,3,FALSE,TRUE,TRUE,FALSE,FALSE,1,1
2593,20231221,UMU D56,20231218mouse3_OD_R_4_0_0000023_Structure_0002,https://drive.google.com/file/d/1DwhpZCsbXmZQgRfetSgUBfPKsYjY8PX6/view?usp=drive_link,,1,1,1,3,FALSE,TRUE,TRUE,FALSE,FALSE,1,1
2594,20231221,UMU D56,20231218mouse3_OD_R_4_0_0000023_Structure_0003,https://drive.google.com/file/d/1JLR3EwKDthkvUMzV8HFxb2EU9h7tWbdl/view?usp=drive_link,,2,2,2,3,FALSE,TRUE,TRUE,FALSE,FALSE,2,2
2595,20231221,UMU D56,20231218mouse3_OD_R_4_0_0000023_Structure_0004,https://drive.google.com/file/d/1EwdcnO6C8IIjVLvi5DRfoT42V8pu2a4z/view?usp=drive_link,,2,2,2,3,FALSE,TRUE,TRUE,FALSE,FALSE,2,2
2596,20231221,UMU D56,20231218mouse4_OD_R_2_0_0000023_Structure_0001,https://drive.google.com/file/d/1MlyFzrr4VvTMF9GxayTwIjX8l27uhV9N/view?usp=drive_link,,0,0,0,3,FALSE,TRUE,TRUE,FALSE,FALSE,0,0
2597,20231221,UMU D56,20231218mouse4_OD_R_2_0_0000023_Structure_0002,https://drive.google.com/file/d/1decgyjpf_eLoCQQGcN1ty1gXuokTaJNx/view?usp=drive_link,,0,0,0,3,FALSE,TRUE,TRUE,FALSE,FALSE,0,0
2598,20231221,UMU D56,20231218mouse4_OD_R_2_0_0000023_Structure_0003,https://drive.google.com/file/d/16DnNovIqZvee1mYtfnU0lUv4PBkugDi2/view?usp=drive_link,,0,0,0,3,FALSE,TRUE,TRUE,FALSE,FALSE,0,0
2599,20231221,UMU D56,20231218mouse4_OD_R_2_0_0000023_Structure_0004,https://drive.google.com/file/d/1Tl8ChNYYtxFMoCTb9fGHhrOETlZbrx-1/view?usp=drive_link,,0,0,0,3,FALSE,TRUE,TRUE,FALSE,FALSE,0,0
2600,20231221,UMU D56,20231218mouse4_OD_R_4_0_0000016_Structure_0001,https://drive.google.com/file/d/1KbYZ4Xxw4fD9SmI4Tm4h7SBoNNFXopOe/view?usp=drive_link,,0,0,0,3,FALSE,TRUE,TRUE,FALSE,FALSE,0,0
2601,20231221,UMU D56,20231218mouse4_OD_R_4_0_0000016_Structure_0002,https://drive.google.com/file/d/1OK824TQxl7zWcB_bdJNeBOfyK2nr5H4d/view?usp=drive_link,,0,0,0,3,FALSE,TRUE,TRUE,FALSE,FALSE,0,0
2602,20231221,UMU D56,20231218mouse4_OD_R_4_0_0000016_Structure_0003,https://drive.google.com/file/d/165fBGMeQXBpliTKsCBIkmb9RrTH4GDgj/view?usp=drive_link,,0,0,0,3,FALSE,TRUE,TRUE,FALSE,FALSE,0,0
2603,20231221,UMU D56,20231218mouse4_OD_R_4_0_0000016_Structure_0004,https://drive.google.com/file/d/1LjUDADP_w_x1AiOXbfwvrhR6kCVhOo74/view?usp=drive_link,,0,0,0,3,FALSE,TRUE,TRUE,FALSE,FALSE,0,0
2604,20240123,PMU D7 R&L,20231205mouse2_OD_R_2_0_0000086_Structure_0001,https://drive.google.com/file/d/1R88pNXKiWzNX740xHneSnqPWYSZZEOCe/view?usp=drive_link,,2,2,2,3,FALSE,TRUE,TRUE,FALSE,FALSE,2,2
2605,20240123,PMU D7 R&L,20231205mouse2_OD_R_2_0_0000086_Structure_0002,https://drive.google.com/file/d/1R_HdThNVIRA9QcxfDNNu1TOu0WsQ-HsZ/view?usp=drive_link,,1,1,1,3,FALSE,TRUE,TRUE,FALSE,FALSE,1,1
2606,20240123,PMU D7 R&L,20231205mouse2_OD_R_2_0_0000086_Structure_0003,https://drive.google.com/file/d/1V_m-PJVHxnrkqj-CuleWeeA8igrO28HS/view?usp=drive_link,,2,1,2,3,FALSE,FALSE,TRUE,FALSE,FALSE,2,2
2607,20240123,PMU D7 R&L,20231205mouse2_OD_R_2_0_0000086_Structure_0004,https://drive.google.com/file/d/13o2O8GGbE09IxHMSzQJf92byfjErmOxH/view?usp=drive_link,,1,1,1,3,FALSE,TRUE,TRUE,FALSE,FALSE,1,1
2608,20240123,PMU D7 R&L,20231205mouse2_OD_R_4_0_0000093_Structure_0001,https://drive.google.com/file/d/1bGXbWsPORony-c7nhVRZfx-FlsDzdfq3/view?usp=drive_link,,0.5,0.5,0.5,3,FALSE,TRUE,TRUE,FALSE,FALSE,0.5,0.5
2609,20240123,PMU D7 R&L,20231205mouse2_OD_R_4_0_0000093_Structure_0002,https://drive.google.com/file/d/1Giscy5SzGPYM5vtv1Y1ibbPU91RR1CUp/view?usp=drive_link,,0,0,0,3,FALSE,TRUE,TRUE,FALSE,FALSE,0,0
2610,20240123,PMU D7 R&L,20231205mouse2_OD_R_4_0_0000093_Structure_0003,https://drive.google.com/file/d/1eCit_G2wt40l30UeLu4j2l_ShTZbJURI/view?usp=drive_link,,0,0,0,3,FALSE,TRUE,TRUE,FALSE,FALSE,0,0
2611,20240123,PMU D7 R&L,20231205mouse2_OD_R_4_0_0000093_Structure_0004,https://drive.google.com/file/d/1jFxvbeqn_mLoLyNu-3RYEKSDepMIizqH/view?usp=drive_link,,0,0.5,0.5,3,FALSE,FALSE,TRUE,FALSE,FALSE,0.5,0.5
2612,20240123,PMU D7 R&L,20231205mouse2_OS_R_2_0_0000107_Structure_0001,https://drive.google.com/file/d/1465SnW60wmziZvDnaB2HphfN24j96E3o/view?usp=drive_link,,0,0,0,3,FALSE,TRUE,TRUE,FALSE,FALSE,0,0
2613,20240123,PMU D7 R&L,20231205mouse2_OS_R_2_0_0000107_Structure_0002,https://drive.google.com/file/d/1u4M91Fcd1AWq3KSHcj30BSsViqeBlCbt/view?usp=drive_link,,0,0,0,3,FALSE,TRUE,TRUE,FALSE,FALSE,0,0
2614,20240123,PMU D7 R&L,20231205mouse2_OS_R_2_0_0000107_Structure_0003,https://drive.google.com/file/d/1nBxqdh9w9PuN0vZ4NwJnHXVsCnkFNZht/view?usp=drive_link,,0,0,0,3,FALSE,TRUE,TRUE,FALSE,FALSE,0,0
2615,20240123,PMU D7 R&L,20231205mouse2_OS_R_2_0_0000107_Structure_0004,https://drive.google.com/file/d/15xYzSNgCcd9KrHHMW0TuBVGTENPHsfci/view?usp=drive_link,,0,0,0,3,FALSE,TRUE,TRUE,FALSE,FALSE,0,0
2616,20240123,PMU D7 R&L,20231205mouse2_OS_R_4_0_0000100_Structure_0004,https://drive.google.com/file/d/1SYdKpADh2aOgIgbHvNk9NU9UM13ooODF/view?usp=drive_link,,0,0,0,3,FALSE,TRUE,TRUE,FALSE,FALSE,0,0
2617,20240123,PMU D7 R&L,20231205mouse2_OS_R_4_0_0000100_Structure_0003,https://drive.google.com/file/d/1lbPE_vI-mRnC8tunmGdikGV5DV4OYpE7/view?usp=drive_link,,0,0,0,3,FALSE,TRUE,TRUE,FALSE,FALSE,0,0
2618,20240123,PMU D7 R&L,20231205mouse2_OS_R_4_0_0000100_Structure_0002,https://drive.google.com/file/d/1toV5rDYHIaxeQSIsKGQv-hPyauD4Dlv8/view?usp=drive_link,,0,0,0,3,FALSE,TRUE,TRUE,FALSE,FALSE,0,0
2619,20240123,PMU D7 R&L,20231205mouse2_OS_R_4_0_0000100_Structure_0001,https://drive.google.com/file/d/1pdDMjuATtrDYykjUhP4rsYdaps6VgbBG/view?usp=drive_link,,0,0,0,3,FALSE,TRUE,TRUE,FALSE,FALSE,0,0
2620,20240123,PMU D7 R&L,20231205mouse3_OD_R_2_0_0000093_Structure_0001,https://drive.google.com/file/d/1CdutLOQ4P4ZKRkPy_2MiDccxi-BQ3SvN/view?usp=drive_link,,2,1,2,3,FALSE,FALSE,TRUE,FALSE,FALSE,2,2
2621,20240123,PMU D7 R&L,20231205mouse3_OD_R_2_0_0000093_Structure_0002,https://drive.google.com/file/d/18P6MAPdzKyMc1VVeIFycNsZlm-2TgSmI/view?usp=drive_link,,1,1,1,3,FALSE,TRUE,TRUE,FALSE,FALSE,1,1
2622,20240123,PMU D7 R&L,20231205mouse3_OD_R_2_0_0000093_Structure_0003,https://drive.google.com/file/d/143ZAiRNunWuimXozu6tVtfCKqVCG-g5w/view?usp=drive_link,,1,1,1,3,FALSE,TRUE,TRUE,FALSE,FALSE,1,1
2623,20240123,PMU D7 R&L,20231205mouse3_OD_R_2_0_0000093_Structure_0004,https://drive.google.com/file/d/1MKhkSZfce-wSxIe_ziYwsAcnnXUbacVk/view?usp=drive_link,,2,1,2,3,FALSE,FALSE,TRUE,FALSE,FALSE,2,2
2624,20240123,PMU D7 R&L,20231205mouse3_OD_R_4_0_0000086_Structure_0001,https://drive.google.com/file/d/1Y2nRTDA_wfwJcrbTk1Ivwt8fzXeuhxBn/view?usp=drive_link,,1,1,1,3,FALSE,TRUE,TRUE,FALSE,FALSE,1,1
2625,20240123,PMU D7 R&L,20231205mouse3_OD_R_4_0_0000086_Structure_0002,https://drive.google.com/file/d/1oXfwpt2DH4_ine3wWgz-Me1mhsan8H9_/view?usp=drive_link,,1,1,1,3,FALSE,TRUE,TRUE,FALSE,FALSE,1,1
2626,20240123,PMU D7 R&L,20231205mouse3_OD_R_4_0_0000086_Structure_0003,https://drive.google.com/file/d/1Yucc5ETx3E0s3SKXwd5PSb-APAs6SZXI/view?usp=drive_link,,1,1,1,3,FALSE,TRUE,TRUE,FALSE,FALSE,1,1
2627,20240123,PMU D7 R&L,20231205mouse3_OD_R_4_0_0000086_Structure_0004,https://drive.google.com/file/d/13Xzdk5lZ7yQp16ejuf1hq4V8jaQI30HT/view?usp=drive_link,,1,1,1,3,FALSE,TRUE,TRUE,FALSE,FALSE,1,1
2628,20240123,PMU D7 R&L,20231205mouse3_OS_R_2_0_0000072_Structure_0001,https://drive.google.com/file/d/15xu-Nb9uZFObmPIyTuknUM3kbd_4qe1s/view?usp=drive_link,,0,0,0,3,FALSE,TRUE,TRUE,FALSE,FALSE,0,0
2629,20240123,PMU D7 R&L,20231205mouse3_OS_R_2_0_0000072_Structure_0002,https://drive.google.com/file/d/1aJt9oso1WQPxNhZf1ccC4qDvS4KxD0hi/view?usp=drive_link,,0.5,0.5,0,3,FALSE,FALSE,TRUE,FALSE,FALSE,0.5,0.5
2630,20240123,PMU D7 R&L,20231205mouse3_OS_R_2_0_0000072_Structure_0003,https://drive.google.com/file/d/1LM0dfoBEAy7EHJVLqQSaKOffGHrhR9rc/view?usp=drive_link,,0,0.5,0,3,FALSE,TRUE,TRUE,FALSE,FALSE,0,0
2631,20240123,PMU D7 R&L,20231205mouse3_OS_R_2_0_0000072_Structure_0004,https://drive.google.com/file/d/1azg86Iu7aH4SFAcuH4IsIp40qes4pZBY/view?usp=drive_link,,0,0,0,3,FALSE,TRUE,TRUE,FALSE,FALSE,0,0
2632,20240123,PMU D7 R&L,20231205mouse3_OS_R_4_0_0000079_Structure_0001,https://drive.google.com/file/d/12DbLoOb_IrtHe7-r_Nnh_GYMY-IXBg7V/view?usp=drive_link,,0,0,0,3,FALSE,TRUE,TRUE,FALSE,FALSE,0,0
2633,20240123,PMU D7 R&L,20231205mouse3_OS_R_4_0_0000079_Structure_0002,https://drive.google.com/file/d/1JIV7Gkdr2bwNKq_KBDmuPc6M6lMfH4Qv/view?usp=drive_link,,0,0,0,3,FALSE,TRUE,TRUE,FALSE,FALSE,0,0
2634,20240123,PMU D7 R&L,20231205mouse3_OS_R_4_0_0000079_Structure_0003,https://drive.google.com/file/d/1RJRc19D7IMejlvjJ1nMg4KFsVZplaEVS/view?usp=drive_link,,0,0,0,3,FALSE,TRUE,TRUE,FALSE,FALSE,0,0
2635,20240123,PMU D7 R&L,20231205mouse3_OS_R_4_0_0000079_Structure_0004,https://drive.google.com/file/d/1iMFCdTa81a6Yvvo5kaZ6r4oyho9FUkYG/view?usp=drive_link,,0,0,0,3,FALSE,TRUE,TRUE,FALSE,FALSE,0,0
2636,20240123,PMU D7 R&L,20231205mouse4_OD_R_2_0_0000093_Structure_0001,https://drive.google.com/file/d/1Lsn-BjV6tdWuoEUbGd9UPi-dgt-neQy4/view?usp=drive_link,,2,2,2,3,FALSE,TRUE,TRUE,FALSE,FALSE,2,2
2637,20240123,PMU D7 R&L,20231205mouse4_OD_R_2_0_0000093_Structure_0002,https://drive.google.com/file/d/1w4o2CcghPFbAq-fRR5DzBu4vsvtcPhzr/view?usp=drive_link,,1,1,1,3,FALSE,TRUE,TRUE,FALSE,FALSE,1,1
2638,20240123,PMU D7 R&L,20231205mouse4_OD_R_2_0_0000093_Structure_0003,https://drive.google.com/file/d/1I7lKtd0rlJv_i_-sdrHRt3q4Jy8Ko-J6/view?usp=drive_link,,1,1,1,3,FALSE,TRUE,TRUE,FALSE,FALSE,1,1
2639,20240123,PMU D7 R&L,20231205mouse4_OD_R_2_0_0000093_Structure_0004,https://drive.google.com/file/d/1smwl4pnnrh0CSmoriXmlJNDWEkccDjzL/view?usp=drive_link,,1,1,1,3,FALSE,TRUE,TRUE,FALSE,FALSE,1,1
2640,20240123,PMU D7 R&L,20231205mouse4_OD_R_4_0_0000100_Structure_0001,https://drive.google.com/file/d/1WcRlKRUGTbm3oDDQwkIwjxFAkkTg-s63/view?usp=drive_link,,0,0.5,0.5,3,FALSE,FALSE,TRUE,FALSE,FALSE,0.5,0.5
2641,20240123,PMU D7 R&L,20231205mouse4_OD_R_4_0_0000100_Structure_0002,https://drive.google.com/file/d/1psZQZbTlMv_b2FR-oxdlUzTzDGR1rCxH/view?usp=drive_link,,0,0.5,0.5,3,FALSE,FALSE,TRUE,FALSE,FALSE,0.5,0.5
2642,20240123,PMU D7 R&L,20231205mouse4_OD_R_4_0_0000100_Structure_0003,https://drive.google.com/file/d/1C_KtR-3T9mk2t0ChuIMADoRWEZOadIYE/view?usp=drive_link,,0,0,0,3,FALSE,TRUE,TRUE,FALSE,FALSE,0,0
2643,20240123,PMU D7 R&L,20231205mouse4_OD_R_4_0_0000100_Structure_0004,https://drive.google.com/file/d/1jiKkN6wNiEqBQLjOhPyX3wKhYi3ZBRG1/view?usp=drive_link,,0,0.5,0.5,3,FALSE,FALSE,TRUE,FALSE,FALSE,0.5,0.5
2644,20240123,PMU D7 R&L,20231205mouse4_OS_R_2_0_0000114_Structure_0001,https://drive.google.com/file/d/1q_BeRMjZteQhVIuTNZiQlqW6aG9Yk1bc/view?usp=drive_link,,0,0,0,3,FALSE,TRUE,TRUE,FALSE,FALSE,0,0
2645,20240123,PMU D7 R&L,20231205mouse4_OS_R_2_0_0000114_Structure_0002,https://drive.google.com/file/d/1D5BsIlQQTivqZedxIL30pudpoquJdIhP/view?usp=drive_link,,0,0,0,3,FALSE,TRUE,TRUE,FALSE,FALSE,0,0
2646,20240123,PMU D7 R&L,20231205mouse4_OS_R_2_0_0000114_Structure_0003,https://drive.google.com/file/d/1y8oyLLM1R3dY4HdISOh2DouETF70AMn7/view?usp=drive_link,,0,0,0,3,FALSE,TRUE,TRUE,FALSE,FALSE,0,0
2647,20240123,PMU D7 R&L,20231205mouse4_OS_R_2_0_0000114_Structure_0004,https://drive.google.com/file/d/1e4eC8qTklafVYTBte3GJiRN4HETuz4oN/view?usp=drive_link,,0,0,0,3,FALSE,TRUE,TRUE,FALSE,FALSE,0,0
2648,20240123,PMU D7 R&L,20231205mouse4_OS_R_4_0_0000107_Structure_0001,https://drive.google.com/file/d/1VDrpVtgU0m_voKWD8D_mng57tNN4iho0/view?usp=drive_link,,0,0,0,3,FALSE,TRUE,TRUE,FALSE,FALSE,0,0
2649,20240123,PMU D7 R&L,20231205mouse4_OS_R_4_0_0000107_Structure_0002,https://drive.google.com/file/d/1D-RVXPfcPcFkIuPwXM4drvRiFWyv650C/view?usp=drive_link,,0,0,0,3,FALSE,TRUE,TRUE,FALSE,FALSE,0,0
2650,20240123,PMU D7 R&L,20231205mouse4_OS_R_4_0_0000107_Structure_0003,https://drive.google.com/file/d/1o7fw75d0doT1Fqww5YIfxYfDQXyq5p_x/view?usp=drive_link,,0,0,0,3,FALSE,TRUE,TRUE,FALSE,FALSE,0,0
2651,20240123,PMU D7 R&L,20231205mouse4_OS_R_4_0_0000107_Structure_0004,https://drive.google.com/file/d/1_PFh7oxFSVQvuk_Fo9b8kwFLwp-xfNAb/view?usp=drive_link,,0,0,0,3,FALSE,TRUE,TRUE,FALSE,FALSE,0,0
2652,20240123,PMU D7 R&L,20231205mouse5_OD_R_2_0_0000093_Structure_0001,https://drive.google.com/file/d/1PioHCbqmxgocitrUaWZhgXvZYYxH7COP/view?usp=drive_link,,1,1,1,3,FALSE,TRUE,TRUE,FALSE,FALSE,1,1
2653,20240123,PMU D7 R&L,20231205mouse5_OD_R_2_0_0000093_Structure_0002,https://drive.google.com/file/d/1TUIB0-tPj2dCTXDkVV87m0iRn1F0uxxy/view?usp=drive_link,,1,0.5,1,3,FALSE,FALSE,TRUE,FALSE,FALSE,1,1
2654,20240123,PMU D7 R&L,20231205mouse5_OD_R_2_0_0000093_Structure_0003,https://drive.google.com/file/d/1pbOM_jNu3pzMVIaG693iFnUOxwGiUJg_/view?usp=drive_link,,1,1,1,3,FALSE,TRUE,TRUE,FALSE,FALSE,1,1
2655,20240123,PMU D7 R&L,20231205mouse5_OD_R_2_0_0000093_Structure_0004,https://drive.google.com/file/d/1sMv30qIeRUZtdE4T6pfSFtl1semwpJLE/view?usp=drive_link,,1,1,1,3,FALSE,TRUE,TRUE,FALSE,FALSE,1,1
2656,20240123,PMU D7 R&L,20231205mouse5_OD_R_4_0_0000100_Structure_0001,https://drive.google.com/file/d/1U7coywN4pTC82xIFSE42lDVVgEYTkGQO/view?usp=drive_link,,1,1,1,3,FALSE,TRUE,TRUE,FALSE,FALSE,1,1
2657,20240123,PMU D7 R&L,20231205mouse5_OD_R_4_0_0000100_Structure_0002,https://drive.google.com/file/d/1fqHGcUzUMUWvevtlczFNaeJ0xOfe2e3i/view?usp=drive_link,,1,1,1,3,FALSE,TRUE,TRUE,FALSE,FALSE,1,1
2658,20240123,PMU D7 R&L,20231205mouse5_OD_R_4_0_0000100_Structure_0003,https://drive.google.com/file/d/138tRYqSmiSyurWA1-djH50DIan4DRRuK/view?usp=drive_link,,2,2,2,3,FALSE,TRUE,TRUE,FALSE,FALSE,2,2
2659,20240123,PMU D7 R&L,20231205mouse5_OD_R_4_0_0000100_Structure_0004,https://drive.google.com/file/d/1QC68mU4XoKLJaqIEJDEc2GQWy0BxVXA6/view?usp=drive_link,,3,2,3,3,FALSE,FALSE,TRUE,FALSE,FALSE,3,3
2660,20240123,PMU D7 R&L,20230928mouse6_OD_R_2_0_0000044_Structure_0001,https://drive.google.com/file/d/1eqNznV1Yw2x8QSVb9BOynyR4SBwNrkTp/view?usp=drive_link,,1,1,1,3,FALSE,TRUE,TRUE,FALSE,FALSE,1,1
2661,20240123,PMU D7 R&L,20230928mouse6_OD_R_2_0_0000044_Structure_0002,https://drive.google.com/file/d/1duvsJ9IdJWKE8WyKN-Yl9EAjJ4fZwdfa/view?usp=drive_link,,1,1,1,3,FALSE,TRUE,TRUE,FALSE,FALSE,1,1
2662,20240123,PMU D7 R&L,20230928mouse6_OD_R_2_0_0000044_Structure_0003,https://drive.google.com/file/d/1TvqO60BfO4w1JMDPrcPsUTy0pIU8o7l6/view?usp=drive_link,,1,1,1,3,FALSE,TRUE,TRUE,FALSE,FALSE,1,1
2663,20240123,PMU D7 R&L,20230928mouse6_OD_R_2_0_0000044_Structure_0004,https://drive.google.com/file/d/1wgISZ0SQMQUIBqvdCgOTNkBMMaSHxRvH/view?usp=drive_link,,1,1,1,3,FALSE,TRUE,TRUE,FALSE,FALSE,1,1
2664,20240123,PMU D7 R&L,20230928mouse6_OD_R_4_0_0000051_Structure_0001,https://drive.google.com/file/d/1TcaDAYQjbmIRaLyzL5RTFi8duM6fpLYs/view?usp=drive_link,,2,2,2,3,FALSE,TRUE,TRUE,FALSE,FALSE,2,2
2665,20240123,PMU D7 R&L,20230928mouse6_OD_R_4_0_0000051_Structure_0002,https://drive.google.com/file/d/10GzUQGos7WkQZhPpcZfEhijxRJ5zoV9_/view?usp=drive_link,,2,2,2,3,FALSE,TRUE,TRUE,FALSE,FALSE,2,2
2666,20240123,PMU D7 R&L,20230928mouse6_OD_R_4_0_0000051_Structure_0003,https://drive.google.com/file/d/1XyG-KjvGdQTIeWUCoHLOr9iou3dDJ09z/view?usp=drive_link,,2,2,2,3,FALSE,TRUE,TRUE,FALSE,FALSE,2,2
2667,20240123,PMU D7 R&L,20230928mouse6_OD_R_4_0_0000051_Structure_0004,https://drive.google.com/file/d/1_xyR9NR6oKBvGQEyL31e9AKbNGODsk1x/view?usp=drive_link,,3,1,3,3,FALSE,FALSE,TRUE,FALSE,FALSE,3,3
2668,20240123,PMU D7 R&L,20230928mouse6_OS_R_2_0_0000037_Structure_0001,https://drive.google.com/file/d/19iy6Bi_yozWWaYxJ-MKkxw-nYPPYX1Kd/view?usp=drive_link,,0,0,0,3,FALSE,TRUE,TRUE,FALSE,FALSE,0,0
2669,20240123,PMU D7 R&L,20230928mouse6_OS_R_2_0_0000037_Structure_0002,https://drive.google.com/file/d/1ul5LWzIogiOGRl0Da9XSzv_WSGtal05M/view?usp=drive_link,,0,0,0,3,FALSE,TRUE,TRUE,FALSE,FALSE,0,0
2670,20240123,PMU D7 R&L,20230928mouse6_OS_R_2_0_0000037_Structure_0003,https://drive.google.com/file/d/16RJuhQyvzn2GP-92SWbO3VWvHpX-tt6J/view?usp=drive_link,,0.5,0.5,0,3,FALSE,FALSE,TRUE,FALSE,FALSE,0.5,0.5
2671,20240123,PMU D7 R&L,20230928mouse6_OS_R_2_0_0000037_Structure_0004,https://drive.google.com/file/d/1NGyVqrIfvIb5qRyi5vrCmzzPUJdEsqre/view?usp=drive_link,,0,0,0,3,FALSE,TRUE,TRUE,FALSE,FALSE,0,0
2672,20240123,PMU D7 R&L,20230928mouse6_OS_R_4_0_0000030_Structure_0001,https://drive.google.com/file/d/11D6p6x-0HjuvZhDh3_Lnstf8JtD5xvV4/view?usp=drive_link,,0,0,0,3,FALSE,TRUE,TRUE,FALSE,FALSE,0,0
2673,20240123,PMU D7 R&L,20230928mouse6_OS_R_4_0_0000030_Structure_0002,https://drive.google.com/file/d/14r2GB8HRTN81jwvKoMV0K9CbBqyzeHQH/view?usp=drive_link,,0,0,0,3,FALSE,TRUE,TRUE,FALSE,FALSE,0,0
2674,20240123,PMU D7 R&L,20230928mouse6_OS_R_4_0_0000030_Structure_0003,https://drive.google.com/file/d/1LDESa_XUz8dyO-9U5Vkdeyne-TSkUi56/view?usp=drive_link,,0,0,0,3,FALSE,TRUE,TRUE,FALSE,FALSE,0,0
2675,20240123,PMU D7 R&L,20230928mouse6_OS_R_4_0_0000030_Structure_0004,https://drive.google.com/file/d/1laTBMZlwO4vN5HNOtbEVdhd6PNdB_qOu/view?usp=drive_link,,0,0,0,3,FALSE,TRUE,TRUE,FALSE,FALSE,0,0
2676,20240123,PMU D7 R&L,20230928mouse-7_OD_R_2_0_0000037_Structure_0001,https://drive.google.com/file/d/1gqXJ0N5DQDp3rwfbw0hIumGPDahpeZaq/view?usp=drive_link,,1,1,1,3,FALSE,TRUE,TRUE,FALSE,FALSE,1,1
2677,20240123,PMU D7 R&L,20230928mouse-7_OD_R_2_0_0000037_Structure_0002,https://drive.google.com/file/d/15uCK40kJ4i32Lz6XMzH448KVqpDfejyt/view?usp=drive_link,,1,0.5,1,3,FALSE,FALSE,TRUE,FALSE,FALSE,1,1
2678,20240123,PMU D7 R&L,20230928mouse-7_OD_R_2_0_0000037_Structure_0003,https://drive.google.com/file/d/1Afn9_mzJqKuzGCh5VZvXb0t2lb88PgOu/view?usp=drive_link,,1,0.5,1,3,FALSE,FALSE,TRUE,FALSE,FALSE,1,1
2679,20240123,PMU D7 R&L,20230928mouse-7_OD_R_2_0_0000037_Structure_0004,https://drive.google.com/file/d/1QUVADmNFlIKfUjxjr62ZZ9cCdUpEwhA6/view?usp=drive_link,,0,1,1,3,FALSE,FALSE,TRUE,FALSE,FALSE,1,1
2680,20240123,PMU D7 R&L,20230928mouse-7_OD_R_4_0_0000030_Structure_0001,https://drive.google.com/file/d/1eKa4PttrK89OE_ys_76sqr_cynixiH2w/view?usp=drive_link,,0,0,0,3,FALSE,TRUE,TRUE,FALSE,FALSE,0,0
2681,20240123,PMU D7 R&L,20230928mouse-7_OD_R_4_0_0000030_Structure_0002,https://drive.google.com/file/d/1tunj4wl3XrrMpnYCmUMjRJiR_JGp_775/view?usp=drive_link,,0,0,0,3,FALSE,TRUE,TRUE,FALSE,FALSE,0,0
2682,20240123,PMU D7 R&L,20230928mouse-7_OD_R_4_0_0000030_Structure_0003,https://drive.google.com/file/d/1rl9MhJ3kXQHc9AwBCUQWMv6i0kn8sLMy/view?usp=drive_link,,0,0,0,3,FALSE,TRUE,TRUE,FALSE,FALSE,0,0
2683,20240123,PMU D7 R&L,20230928mouse-7_OD_R_4_0_0000030_Structure_0004,https://drive.google.com/file/d/1A6XPw-Gh7hJsJwbQOznIiSMRZ2uwwWl9/view?usp=drive_link,,0,0,0,3,FALSE,TRUE,TRUE,FALSE,FALSE,0,0
2684,20240123,PMU D7 R&L,20230928mouse-7_OS_R_2_0_0000044_Structure_0001,https://drive.google.com/file/d/1LzFkpxTtQbOczmX7k3ZAdRBYbMl69hxe/view?usp=drive_link,,0,0,0,3,FALSE,TRUE,TRUE,FALSE,FALSE,0,0
2685,20240123,PMU D7 R&L,20230928mouse-7_OS_R_2_0_0000044_Structure_0002,https://drive.google.com/file/d/1aIwCCOrinfv4_JVFmyowfxYTyUZkzsGr/view?usp=drive_link,,0,0,0,3,FALSE,TRUE,TRUE,FALSE,FALSE,0,0
2686,20240123,PMU D7 R&L,20230928mouse-7_OS_R_2_0_0000044_Structure_0003,https://drive.google.com/file/d/1T_OF4F4ebl25ZDycSzXBrtdkj_Ji-ZM6/view?usp=drive_link,,0,0,0,3,FALSE,TRUE,TRUE,FALSE,FALSE,0,0
2687,20240123,PMU D7 R&L,20230928mouse-7_OS_R_2_0_0000044_Structure_0004,https://drive.google.com/file/d/1FTHa8uzWYRnq0-OBuQO-i2xfdL1LBpYu/view?usp=drive_link,,0.5,0.5,0,3,FALSE,FALSE,TRUE,FALSE,FALSE,0.5,0.5
2688,20240123,PMU D7 R&L,20230928mouse-7_OS_R_4_0_0000051_Structure_0001,https://drive.google.com/file/d/1K96tYEpCoO3TPWM3HcZ7r6KnZujEte0X/view?usp=drive_link,,0,0,0,3,FALSE,TRUE,TRUE,FALSE,FALSE,0,0
2689,20240123,PMU D7 R&L,20230928mouse-7_OS_R_4_0_0000051_Structure_0002,https://drive.google.com/file/d/1TkKO3SL8QBvBef7wTUE7ei69OPfatl-F/view?usp=drive_link,,0,0,0,3,FALSE,TRUE,TRUE,FALSE,FALSE,0,0
2690,20240123,PMU D7 R&L,20230928mouse-7_OS_R_4_0_0000051_Structure_0003,https://drive.google.com/file/d/1jKPTOQlj7NJnkRFFXFUF0WsynllZmnUQ/view?usp=drive_link,,0,0,0,3,FALSE,TRUE,TRUE,FALSE,FALSE,0,0
2691,20240123,PMU D7 R&L,20230928mouse-7_OS_R_4_0_0000051_Structure_0004,https://drive.google.com/file/d/1jTI91lnJIBepllUsEf58-qdXlYt7zYLo/view?usp=drive_link,,0,0,0,3,FALSE,TRUE,TRUE,FALSE,FALSE,0,0
2692,20240123,PMU D7 R&L,20230928mouse-8_OD_R_2_0_0000044_Structure_0001,https://drive.google.com/file/d/1tPBYIs2A33HUmOTUItrZz5Y22vQRS_0V/view?usp=drive_link,,1,1,1,3,FALSE,TRUE,TRUE,FALSE,FALSE,1,1
2693,20240123,PMU D7 R&L,20230928mouse-8_OD_R_2_0_0000044_Structure_0002,https://drive.google.com/file/d/1Lk8SWXDM0sEXMfiOTZyAXXGzKIOX0Xzc/view?usp=drive_link,,1,1,1,3,FALSE,TRUE,TRUE,FALSE,FALSE,1,1
2694,20240123,PMU D7 R&L,20230928mouse-8_OD_R_2_0_0000044_Structure_0003,https://drive.google.com/file/d/1rG9FJVzKTESwIW-7drcL1Jt2SIrKVC1C/view?usp=drive_link,1,1,0.5,1,4,FALSE,TRUE,TRUE,FALSE,FALSE,1,1
2695,20240123,PMU D7 R&L,20230928mouse-8_OD_R_2_0_0000044_Structure_0004,https://drive.google.com/file/d/1FsjHQLjD5fTijiOda9tp6FbDs6ZcOFep/view?usp=drive_link,,1,1,1,3,FALSE,TRUE,TRUE,FALSE,FALSE,1,1
2696,20240123,PMU D7 R&L,20230928mouse-8_OD_R_4_0_0000051_Structure_0001,https://drive.google.com/file/d/1RErEnUEv4G1fFzAWhezS6cWX-oATdWE1/view?usp=drive_link,,0,0,0.5,3,FALSE,TRUE,TRUE,FALSE,FALSE,0,0
2697,20240123,PMU D7 R&L,20230928mouse-8_OD_R_4_0_0000051_Structure_0002,https://drive.google.com/file/d/1jHs_IE3oSLqK3WDPgzsH0l7wqsUUDXHQ/view?usp=drive_link,,0.5,0.5,0.5,3,FALSE,TRUE,TRUE,FALSE,FALSE,0.5,0.5
2698,20240123,PMU D7 R&L,20230928mouse-8_OD_R_4_0_0000051_Structure_0003,https://drive.google.com/file/d/1GhLOMTfpnSvT_l5hr8jzq3qHyIjImDPv/view?usp=drive_link,,0,0,0,3,FALSE,TRUE,TRUE,FALSE,FALSE,0,0
2699,20240123,PMU D7 R&L,20230928mouse-8_OD_R_4_0_0000051_Structure_0004,https://drive.google.com/file/d/105T1Qj6q09DsxlBbWI48rlMoY7H2-mbN/view?usp=drive_link,,0.5,0.5,0.5,3,FALSE,TRUE,TRUE,FALSE,FALSE,0.5,0.5
2700,20240123,PMU D7 R&L,20230928mouse-8_OS_R_2_0_0000037_Structure_0001,https://drive.google.com/file/d/16o2O5FXybqXu1SvsEI28xSz0Cknz6m0v/view?usp=drive_link,,0,0,0,3,FALSE,TRUE,TRUE,FALSE,FALSE,0,0
2701,20240123,PMU D7 R&L,20230928mouse-8_OS_R_2_0_0000037_Structure_0002,https://drive.google.com/file/d/1xpgDzyjLhjGcUuyNcsxyOEJHvMMG57mx/view?usp=drive_link,,0,0,0,3,FALSE,TRUE,TRUE,FALSE,FALSE,0,0
2702,20240123,PMU D7 R&L,20230928mouse-8_OS_R_2_0_0000037_Structure_0003,https://drive.google.com/file/d/1y4UmYClxFFAkWqlOAFUsId0BplJR8WPt/view?usp=drive_link,,0,0,0,3,FALSE,TRUE,TRUE,FALSE,FALSE,0,0
2703,20240123,PMU D7 R&L,20230928mouse-8_OS_R_2_0_0000037_Structure_0004,https://drive.google.com/file/d/1WIjqorowN6PmC6hEZNsXhAG6SCPMurft/view?usp=drive_link,,0,0,0,3,FALSE,TRUE,TRUE,FALSE,FALSE,0,0
2704,20240123,PMU D7 R&L,20230928mouse-8_OS_R_4_0_0000030_Structure_0001,https://drive.google.com/file/d/1L4zOP5NElxEPp7tPaWCSUZcs9-kI1boI/view?usp=drive_link,,0,0,0,3,FALSE,TRUE,TRUE,FALSE,FALSE,0,0
2705,20240123,PMU D7 R&L,20230928mouse-8_OS_R_4_0_0000030_Structure_0002,https://drive.google.com/file/d/1ysA6jt-D4ldKIuH8JrWhk8G1jYV7h4yj/view?usp=drive_link,,0,0,0,3,FALSE,TRUE,TRUE,FALSE,FALSE,0,0
2706,20240123,PMU D7 R&L,20230928mouse-8_OS_R_4_0_0000030_Structure_0003,https://drive.google.com/file/d/11TIBiWKdl38gB9dgHDuiExmWutGMXamu/view?usp=drive_link,,0.5,0,0,3,FALSE,TRUE,TRUE,FALSE,FALSE,0,0
2707,20240123,PMU D7 R&L,20230928mouse-8_OS_R_4_0_0000030_Structure_0004,https://drive.google.com/file/d/154gEYXwFNDlXnfSj5FdyiO63-bR-fdLC/view?usp=drive_link,,0,0,0,3,FALSE,TRUE,TRUE,FALSE,FALSE,0,0
2708,20240123,UMU D7 ,20231218mouse1_OD_R_2_0_0000037_Structure_0001,https://drive.google.com/file/d/1HcGPxQo3OunqTk8csVT95OwosvaSCE81/view?usp=drive_link,,0.5,0,0.5,3,FALSE,FALSE,TRUE,FALSE,FALSE,0.5,0.5
2709,20240123,UMU D7 ,20231218mouse1_OD_R_2_0_0000037_Structure_0002,https://drive.google.com/file/d/1dedkp4jgeoLAlPRriuwozcSb7EiB8qHk/view?usp=drive_link,,1,0.5,1,3,FALSE,FALSE,TRUE,FALSE,FALSE,1,1
2710,20240123,UMU D7 ,20231218mouse1_OD_R_2_0_0000037_Structure_0003,https://drive.google.com/file/d/1IWpYSC96yZpYqy6RfwZFDcmqJp5qvz8j/view?usp=drive_link,,1,0.5,1,3,FALSE,FALSE,TRUE,FALSE,FALSE,1,1
2711,20240123,UMU D7 ,20231218mouse1_OD_R_2_0_0000037_Structure_0004,https://drive.google.com/file/d/10PByeHpfANxJdMAOiVRJtr5e4lCalXNu/view?usp=drive_link,,0.5,0.5,0.5,3,FALSE,TRUE,TRUE,FALSE,FALSE,0.5,0.5
2712,20240123,UMU D7 ,20231218mouse1_OD_R_4_0_0000030_Structure_0001,https://drive.google.com/file/d/1H6KPkU6QFOcO-ki8JCRLSmYds5FHv5vh/view?usp=drive_link,,0,0,0,3,FALSE,TRUE,TRUE,FALSE,FALSE,0,0
2713,20240123,UMU D7 ,20231218mouse1_OD_R_4_0_0000030_Structure_0002,https://drive.google.com/file/d/1f2IdTeTqpE0GJHxvzCVsJmr7hgNGzUk5/view?usp=drive_link,,0,0,0,3,FALSE,TRUE,TRUE,FALSE,FALSE,0,0
2714,20240123,UMU D7 ,20231218mouse1_OD_R_4_0_0000030_Structure_0003,https://drive.google.com/file/d/1g4YqLqadYDCYHXnJLOHkUthlzIU3obsx/view?usp=drive_link,,0,0,0,3,FALSE,TRUE,TRUE,FALSE,FALSE,0,0
2715,20240123,UMU D7 ,20231218mouse1_OD_R_4_0_0000030_Structure_0004,https://drive.google.com/file/d/1L86yERBLQcP0YjyOZzJL9OUJ3jFlL58E/view?usp=drive_link,,0,0,0,3,FALSE,TRUE,TRUE,FALSE,FALSE,0,0
2716,20240123,UMU D7 ,20231218mouse2_OD_R_2_0_0000030_Structure_0001,https://drive.google.com/file/d/1VbK9prxF5L8KTvkG_C9NyoTF1wVE71Mp/view?usp=drive_link,,0.5,0.5,0.5,3,FALSE,TRUE,TRUE,FALSE,FALSE,0.5,0.5
2717,20240123,UMU D7 ,20231218mouse2_OD_R_2_0_0000030_Structure_0002,https://drive.google.com/file/d/1xUsVBY56bjB77xiDsIUrz3ZyhpNRe1EO/view?usp=drive_link,,0,0,0,3,FALSE,TRUE,TRUE,FALSE,FALSE,0,0
2718,20240123,UMU D7 ,20231218mouse2_OD_R_2_0_0000030_Structure_0003,https://drive.google.com/file/d/1RiexLTO5a6rQ2XRswMcWfo6T_MnwObf-/view?usp=drive_link,,0.5,0.5,0.5,3,FALSE,TRUE,TRUE,FALSE,FALSE,0.5,0.5
2719,20240123,UMU D7 ,20231218mouse2_OD_R_2_0_0000030_Structure_0004,https://drive.google.com/file/d/1jTq2nJ-mw6yjxBPQeDH7ji907cCBvIYn/view?usp=drive_link,,0.5,0.5,0.5,3,FALSE,TRUE,TRUE,FALSE,FALSE,0.5,0.5
2720,20240123,UMU D7 ,20231218mouse2_OD_R_4_0_0000037_Structure_0001,https://drive.google.com/file/d/1BhbdLiCsP1LqRiwhlSRUvTID09_gcK7I/view?usp=drive_link,,0,0.5,0.5,3,FALSE,FALSE,TRUE,FALSE,FALSE,0.5,0.5
2721,20240123,UMU D7 ,20231218mouse2_OD_R_4_0_0000037_Structure_0002,https://drive.google.com/file/d/1lRLhKnS7LOgNnNc29N5PfRpTC2wO-j2v/view?usp=drive_link,,0.5,0.5,0.5,3,FALSE,TRUE,TRUE,FALSE,FALSE,0.5,0.5
2722,20240123,UMU D7 ,20231218mouse2_OD_R_4_0_0000037_Structure_0003,https://drive.google.com/file/d/1Tb3T4r-Kp_c0DuQ3Qi4PuVi2Nd1rPGQS/view?usp=drive_link,,0,0,0,3,FALSE,TRUE,TRUE,FALSE,FALSE,0,0
2723,20240123,UMU D7 ,20231218mouse2_OD_R_4_0_0000037_Structure_0004,https://drive.google.com/file/d/1tXN7og2X8GazE7LpZLxYM3vGudLxk2PI/view?usp=drive_link,,0.5,0.5,0.5,3,FALSE,TRUE,TRUE,FALSE,FALSE,0.5,0.5
2724,20240123,UMU D7 ,20231218mouse3_OD_R_2_0_0000037_Structure_0001,https://drive.google.com/file/d/1OmQts2z3qxZiD9QF4hTzjU0NkFXPAqRS/view?usp=drive_link,,0.5,0.5,0.5,3,FALSE,TRUE,TRUE,FALSE,FALSE,0.5,0.5
2725,20240123,UMU D7 ,20231218mouse3_OD_R_2_0_0000037_Structure_0002,https://drive.google.com/file/d/1qt_wjy8xVO-J8JTpHVToi2Y1fx0mmMaz/view?usp=drive_link,,0.5,0.5,0.5,3,FALSE,TRUE,TRUE,FALSE,FALSE,0.5,0.5
2726,20240123,UMU D7 ,20231218mouse3_OD_R_2_0_0000037_Structure_0003,https://drive.google.com/file/d/1xPW15XVYirc-xbKvzhxy8bVYboz_1_6h/view?usp=drive_link,,0.5,0.5,0.5,3,FALSE,TRUE,TRUE,FALSE,FALSE,0.5,0.5
2727,20240123,UMU D7 ,20231218mouse3_OD_R_2_0_0000037_Structure_0004,https://drive.google.com/file/d/1xM2UUtr_V7pZHWRAFQ_uqxkbB5q9pybw/view?usp=drive_link,,0.5,0.5,0.5,3,FALSE,TRUE,TRUE,FALSE,FALSE,0.5,0.5
2728,20240123,UMU D7 ,20231218mouse3_OD_R_4_0_0000030_Structure_0001,https://drive.google.com/file/d/1N2el5lXjQY9S5qitX74gRLunBrJCDQx9/view?usp=drive_link,,0.5,0,0,3,FALSE,TRUE,TRUE,FALSE,FALSE,0,0
2729,20240123,UMU D7 ,20231218mouse3_OD_R_4_0_0000030_Structure_0002,https://drive.google.com/file/d/1FdRls3r6mmYbqFJaWIyRP-eWInUZiudA/view?usp=drive_link,,0,0,0,3,FALSE,TRUE,TRUE,FALSE,FALSE,0,0
2730,20240123,UMU D7 ,20231218mouse3_OD_R_4_0_0000030_Structure_0003,https://drive.google.com/file/d/1FzOJ7NLNA0Ykh2vet7ucX1qN7HtavMAK/view?usp=drive_link,,0.5,0.5,0.5,3,FALSE,TRUE,TRUE,FALSE,FALSE,0.5,0.5
2731,20240123,UMU D7 ,20231218mouse3_OD_R_4_0_0000030_Structure_0004,https://drive.google.com/file/d/1JxvEIr9xtj--JzshNTU2x514m_Ss_Xms/view?usp=drive_link,,0.5,0.5,0.5,3,FALSE,TRUE,TRUE,FALSE,FALSE,0.5,0.5
2732,20240123,UMU D7 ,20231218mouse4_OD_R_2_0_0000030_Structure_0001,https://drive.google.com/file/d/11qGs94gjF2SdudbYorvrrFLZtFcqje2u/view?usp=drive_link,,0.5,0.5,0.5,3,FALSE,TRUE,TRUE,FALSE,FALSE,0.5,0.5
2733,20240123,UMU D7 ,20231218mouse4_OD_R_2_0_0000030_Structure_0002,https://drive.google.com/file/d/1N_BmNMubhvpqgAhNhvC8AJHaUi7LY-LN/view?usp=drive_link,,0,0,0,3,FALSE,TRUE,TRUE,FALSE,FALSE,0,0
2734,20240123,UMU D7 ,20231218mouse4_OD_R_2_0_0000030_Structure_0003,https://drive.google.com/file/d/1ZlkDCsKuMCVUAsAh3aEnpp11WKlVnVi9/view?usp=drive_link,,0.5,0.5,0.5,3,FALSE,TRUE,TRUE,FALSE,FALSE,0.5,0.5
2735,20240123,UMU D7 ,20231218mouse4_OD_R_2_0_0000030_Structure_0004,https://drive.google.com/file/d/1_IupzpM05qQv8oco2lufHJD3E18PnSAZ/view?usp=drive_link,,0.5,0.5,0.5,3,FALSE,TRUE,TRUE,FALSE,FALSE,0.5,0.5
2736,20240123,UMU D7 ,20231218mouse4_OD_R_4_0_0000037_Structure_0001,https://drive.google.com/file/d/10Q7-_lqaVKHJ5xSZma9OQ9_uWdABvk6I/view?usp=drive_link,,0,0,0,3,FALSE,TRUE,TRUE,FALSE,FALSE,0,0
2737,20240123,UMU D7 ,20231218mouse4_OD_R_4_0_0000037_Structure_0002,https://drive.google.com/file/d/1i9vKv-6fO4U2gOW9PczU1k-35GmAnhGp/view?usp=drive_link,,0.5,0,0.5,3,FALSE,FALSE,TRUE,FALSE,FALSE,0.5,0.5
2738,20240123,UMU D7 ,20231218mouse4_OD_R_4_0_0000037_Structure_0003,https://drive.google.com/file/d/1fi7jhXz1rIDjG1CgE37ZwBV0rYwXRX6N/view?usp=drive_link,,0.5,0,0.5,3,FALSE,FALSE,TRUE,FALSE,FALSE,0.5,0.5
2739,20240123,UMU D7 ,20231218mouse4_OD_R_4_0_0000037_Structure_0004,https://drive.google.com/file/d/1SeUlEnOKdOr9GLPiXvgpk8e0tom9-tze/view?usp=drive_link,,0.5,0.5,0.5,3,FALSE,TRUE,TRUE,FALSE,FALSE,0.5,0.5
2740,20240206,PMU D56 R&L,20231205mouse4_OD_R_2_0_0000121_Structure_0001,https://drive.google.com/file/d/1GU1vHy-maofjhY8AqJ1udgZGk0pIwSJF/view?usp=drive_link,,0.5,0.5,0.5,3,FALSE,TRUE,TRUE,FALSE,FALSE,0.5,0.5
2741,20240206,PMU D56 R&L,20231205mouse4_OD_R_2_0_0000121_Structure_0002,https://drive.google.com/file/d/121WE95k0jkiNxSrJYAHGlV6XYEzEhfOW/view?usp=drive_link,,0.5,0.5,0.5,3,FALSE,TRUE,TRUE,FALSE,FALSE,0.5,0.5
2742,20240206,PMU D56 R&L,20231205mouse4_OD_R_2_0_0000121_Structure_0003,https://drive.google.com/file/d/1coOZv2aeSt7udBsXXBULec0-SK0SV3Nc/view?usp=drive_link,,0.5,0,0.5,3,FALSE,FALSE,TRUE,FALSE,FALSE,0.5,0.5
2743,20240206,PMU D56 R&L,20231205mouse4_OD_R_2_0_0000121_Structure_0004,https://drive.google.com/file/d/1IOjl8ZBSTS8ChPXEBGYlEQ59VCVsTeEI/view?usp=drive_link,,0.5,0.5,0.5,3,FALSE,TRUE,TRUE,FALSE,FALSE,0.5,0.5
2744,20240206,PMU D56 R&L,20231205mouse4_OD_R_4_0_0000128_Structure_0001,https://drive.google.com/file/d/101ultFmjY0EnlkUyC4m-0wmAKtnvw1pt/view?usp=drive_link,,0,0,0,3,FALSE,TRUE,TRUE,FALSE,FALSE,0,0
2745,20240206,PMU D56 R&L,20231205mouse4_OD_R_4_0_0000128_Structure_0002,https://drive.google.com/file/d/11BoukwtlDOVgUyiuAVKIz5We1ulU-YoT/view?usp=drive_link,,0,0,0,3,FALSE,TRUE,TRUE,FALSE,FALSE,0,0
2746,20240206,PMU D56 R&L,20231205mouse4_OD_R_4_0_0000128_Structure_0003,https://drive.google.com/file/d/1lYqsVc0SiNhnpVdz8kHoenQ7JTjOE6K7/view?usp=drive_link,,0,0,0,3,FALSE,TRUE,TRUE,FALSE,FALSE,0,0
2747,20240206,PMU D56 R&L,20231205mouse4_OD_R_4_0_0000128_Structure_0004,https://drive.google.com/file/d/1y_UAqS7IWXvpX8j9FvTyYyvp4lziblmS/view?usp=drive_link,,0,0,0,3,FALSE,TRUE,TRUE,FALSE,FALSE,0,0
2748,20240206,PMU D56 R&L,20231205mouse4_OS_R_2_0_0000142_Structure_0001,https://drive.google.com/file/d/1C7V0DYH-pV2v33WhxALve3zdwM-4r-WQ/view?usp=drive_link,,0,0,0,3,FALSE,TRUE,TRUE,FALSE,FALSE,0,0
2749,20240206,PMU D56 R&L,20231205mouse4_OS_R_2_0_0000142_Structure_0002,https://drive.google.com/file/d/1hasOERkGByEV0e3O0an-XHJ-zc__WfX-/view?usp=drive_link,,0,0,0,3,FALSE,TRUE,TRUE,FALSE,FALSE,0,0
2750,20240206,PMU D56 R&L,20231205mouse4_OS_R_2_0_0000142_Structure_0003,https://drive.google.com/file/d/1ckpJceiBLSxiedEpPXXoGQaq_2zRrchA/view?usp=drive_link,,0,0,0,3,FALSE,TRUE,TRUE,FALSE,FALSE,0,0
2751,20240206,PMU D56 R&L,20231205mouse4_OS_R_2_0_0000142_Structure_0004,https://drive.google.com/file/d/1PXrfw8cyyxzOodPh-6E-3royhGgG4LS5/view?usp=drive_link,,0,0,0,3,FALSE,TRUE,TRUE,FALSE,FALSE,0,0
2752,20240206,PMU D56 R&L,20231205mouse4_OS_R_4_0_0000135_Structure_0001,https://drive.google.com/file/d/1WG5HQCfrQFEGfzbC9R62l1GTSOhU4l6J/view?usp=drive_link,,0,0,0,3,FALSE,TRUE,TRUE,FALSE,FALSE,0,0
2753,20240206,PMU D56 R&L,20231205mouse4_OS_R_4_0_0000135_Structure_0002,https://drive.google.com/file/d/1-5Bom-EIoh7jU56Xu1ia9qRZYnjWzbF7/view?usp=drive_link,,0,0,0,3,FALSE,TRUE,TRUE,FALSE,FALSE,0,0
2754,20240206,PMU D56 R&L,20231205mouse4_OS_R_4_0_0000135_Structure_0003,https://drive.google.com/file/d/1yab7NuIx520q1BiHnmjmYSewQmjENeFB/view?usp=drive_link,,0,0,0,3,FALSE,TRUE,TRUE,FALSE,FALSE,0,0
2755,20240206,PMU D56 R&L,20231205mouse4_OS_R_4_0_0000135_Structure_0004,https://drive.google.com/file/d/1vhMtGXL0Wsr0FgqXsBSbeeqiTCuIxDwK/view?usp=drive_link,,0,0,0,3,FALSE,TRUE,TRUE,FALSE,FALSE,0,0
2756,20240206,PMU D56 R&L,20231205mouse2_OD_R_2_0_0000135_Structure_0001,https://drive.google.com/file/d/1W-p0kDIWur_yVdrQbObB7bgLBQ2bCg_9/view?usp=drive_link,100,100,100,1,4,FALSE,TRUE,TRUE,FALSE,FALSE,100,100
2757,20240206,PMU D56 R&L,20231205mouse2_OD_R_2_0_0000135_Structure_0002,https://drive.google.com/file/d/1oErJMKfqPjYmJASrCOhn8KZkovAxyVIo/view?usp=drive_link,100,100,100,0,4,FALSE,TRUE,TRUE,FALSE,FALSE,100,100
2758,20240206,PMU D56 R&L,20231205mouse2_OD_R_2_0_0000135_Structure_0003,https://drive.google.com/file/d/1DkWrq64M0guNQnYAJd4TyHJq_OB-3c3H/view?usp=drive_link,100,100,100,1,4,FALSE,TRUE,TRUE,FALSE,FALSE,100,100
2759,20240206,PMU D56 R&L,20231205mouse2_OD_R_2_0_0000135_Structure_0004,https://drive.google.com/file/d/1cQCmQi1fc1Ku7aHRQbPYplvFIY4T9TvC/view?usp=drive_link,100,100,100,1,4,FALSE,TRUE,TRUE,FALSE,FALSE,100,100
2760,20240206,PMU D56 R&L,20231205mouse2_OD_R_4_0_0000128_Structure_0001,https://drive.google.com/file/d/15oxNv9KS55MFTgthv76SPTSaNreloZEq/view?usp=drive_link,,1,1,1,3,FALSE,TRUE,TRUE,FALSE,FALSE,1,1
2761,20240206,PMU D56 R&L,20231205mouse2_OD_R_4_0_0000128_Structure_0002,https://drive.google.com/file/d/1RFzT03F_00_3syG1KrzKcN1wpKoghfM-/view?usp=drive_link,,1,1,1,3,FALSE,TRUE,TRUE,FALSE,FALSE,1,1
2762,20240206,PMU D56 R&L,20231205mouse2_OD_R_4_0_0000128_Structure_0003,https://drive.google.com/file/d/1TIRIGVWxfW8mFppNgg4hUsmIGtuhDrB0/view?usp=drive_link,,3,2,2,3,FALSE,FALSE,TRUE,FALSE,FALSE,2,2
2763,20240206,PMU D56 R&L,20231205mouse2_OD_R_4_0_0000128_Structure_0004,https://drive.google.com/file/d/17SiERmi0jMt9gAkchAim6jJzbBk9VeLz/view?usp=drive_link,,2,2,2,3,FALSE,TRUE,TRUE,FALSE,FALSE,2,2
2764,20240206,PMU D56 R&L,20231205mouse2_OS_R_2_0_0000114_Structure_0001,https://drive.google.com/file/d/1krOX9tL-jHW2rrqswcy1WFicknn1iBrw/view?usp=drive_link,,0,0,0,3,FALSE,TRUE,TRUE,FALSE,FALSE,0,0
2765,20240206,PMU D56 R&L,20231205mouse2_OS_R_2_0_0000114_Structure_0002,https://drive.google.com/file/d/1NKzXi_hbs8egL9b7i8GqE11tlYoaIG4U/view?usp=drive_link,,0.5,0,0,3,FALSE,TRUE,TRUE,FALSE,FALSE,0,0
2766,20240206,PMU D56 R&L,20231205mouse2_OS_R_2_0_0000114_Structure_0003,https://drive.google.com/file/d/1dpc39ZCQ_cfCePYd7YkgxITwLUoT30tW/view?usp=drive_link,,0.5,0,0,3,FALSE,TRUE,TRUE,FALSE,FALSE,0,0
2767,20240206,PMU D56 R&L,20231205mouse2_OS_R_2_0_0000114_Structure_0004,https://drive.google.com/file/d/1dI2ozxIOt5H5ymwNn5PQCoTpA5M3Duy6/view?usp=drive_link,,0,0,0,3,FALSE,TRUE,TRUE,FALSE,FALSE,0,0
2768,20240206,PMU D56 R&L,20231205mouse2_OS_R_4_0_0000121_Structure_0001,https://drive.google.com/file/d/1wGqAxGOvGC8sGgGoayjmOxBBXhotR4f8/view?usp=drive_link,,0,0,0,3,FALSE,TRUE,TRUE,FALSE,FALSE,0,0
2769,20240206,PMU D56 R&L,20231205mouse2_OS_R_4_0_0000121_Structure_0002,https://drive.google.com/file/d/1kbvtwvoEiS1V9dZaMC6E-j4vNs5cHeKN/view?usp=drive_link,,0,0,0,3,FALSE,TRUE,TRUE,FALSE,FALSE,0,0
2770,20240206,PMU D56 R&L,20231205mouse2_OS_R_4_0_0000121_Structure_0003,https://drive.google.com/file/d/1dk31dvQDmtbO5i0HCt35rijJmGa0x3w9/view?usp=drive_link,,0,0,0,3,FALSE,TRUE,TRUE,FALSE,FALSE,0,0
2771,20240206,PMU D56 R&L,20231205mouse2_OS_R_4_0_0000121_Structure_0004,https://drive.google.com/file/d/1O9-QAq_C8VzCC5pEILPpv12bHIDZBCSj/view?usp=drive_link,,0,0,0,3,FALSE,TRUE,TRUE,FALSE,FALSE,0,0
2772,20240206,PMU D56 R&L,20231205mouse3_OD_R_2_0_0000121_Structure_0001,https://drive.google.com/file/d/1qXU3oLIaRFe8UTN6KuFhoP40ySZQ1b5I/view?usp=drive_link,0.5,100,100,1,4,FALSE,FALSE,TRUE,FALSE,FALSE,100,100
2773,20240206,PMU D56 R&L,20231205mouse3_OD_R_2_0_0000121_Structure_0002,https://drive.google.com/file/d/1MKaqIyncTX0a5o6ViUrBKYz3PWzvgZlp/view?usp=drive_link,,2,100,2,3,FALSE,FALSE,TRUE,FALSE,FALSE,2,2
2774,20240206,PMU D56 R&L,20231205mouse3_OD_R_2_0_0000121_Structure_0003,https://drive.google.com/file/d/11O-5PI0jfK3VHDz4RTgRvgFtJP0bTwog/view?usp=drive_link,0.5,100,100,1,4,FALSE,FALSE,TRUE,FALSE,FALSE,100,100
2775,20240206,PMU D56 R&L,20231205mouse3_OD_R_2_0_0000121_Structure_0004,https://drive.google.com/file/d/1YEYjSlrdrzkL6uODSLlQN0kfigtXLKEW/view?usp=drive_link,100,100,100,1,4,FALSE,TRUE,TRUE,FALSE,FALSE,100,100
2776,20240206,PMU D56 R&L,20231205mouse3_OD_R_4_0_0000114_Structure_0001,https://drive.google.com/file/d/1XH5up1WZUjU92nuQlNArCs1EAXYhiW-w/view?usp=drive_link,,0.5,0.5,0.5,3,FALSE,TRUE,TRUE,FALSE,FALSE,0.5,0.5
2777,20240206,PMU D56 R&L,20231205mouse3_OD_R_4_0_0000114_Structure_0002,https://drive.google.com/file/d/1cx3t-fwiFN9YyrhxG95EhbEzhEW3JRKX/view?usp=drive_link,,2,2,2,3,FALSE,TRUE,TRUE,FALSE,FALSE,2,2
2778,20240206,PMU D56 R&L,20231205mouse3_OD_R_4_0_0000114_Structure_0003,https://drive.google.com/file/d/1PIOZ-6obA3jPXSzEItVpdCrIKfltLpqW/view?usp=drive_link,,1,0.5,0.5,3,FALSE,FALSE,TRUE,FALSE,FALSE,0.5,0.5
2779,20240206,PMU D56 R&L,20231205mouse3_OD_R_4_0_0000114_Structure_0004,https://drive.google.com/file/d/1cySEfrGO5sNBjXynFLSmFYFi3oNNg90s/view?usp=drive_link,,2,2,2,3,FALSE,TRUE,TRUE,FALSE,FALSE,2,2
2780,20240206,PMU D56 R&L,20231205mouse3_OS_R_2_0_0000100_Structure_0001,https://drive.google.com/file/d/1ADKhJaC2PawyOLw0z8Krw_Q_fzCUiIce/view?usp=drive_link,,0,0,0,3,FALSE,TRUE,TRUE,FALSE,FALSE,0,0
2781,20240206,PMU D56 R&L,20231205mouse3_OS_R_2_0_0000100_Structure_0002,https://drive.google.com/file/d/1N3m4AJA1u0jyAk3ysYEm1shu5TNhiMrn/view?usp=drive_link,,0,0,0,3,FALSE,TRUE,TRUE,FALSE,FALSE,0,0
2782,20240206,PMU D56 R&L,20231205mouse3_OS_R_2_0_0000100_Structure_0003,https://drive.google.com/file/d/1kfAfMNAYhmNMab8pBprxgeXGNOfUsO_o/view?usp=drive_link,,0,0.5,0,3,FALSE,TRUE,TRUE,FALSE,FALSE,0,0
2783,20240206,PMU D56 R&L,20231205mouse3_OS_R_2_0_0000100_Structure_0004,https://drive.google.com/file/d/1rn3kNKiJH53-r4cdwGfSz-Zcw62ytbg4/view?usp=drive_link,,0,0,0,3,FALSE,TRUE,TRUE,FALSE,FALSE,0,0
2784,20240206,PMU D56 R&L,20231205mouse3_OS_R_4_0_0000107_Structure_0001,https://drive.google.com/file/d/1oOpfLYEbUGTKLYK1mf3KHxEEnz1PvJMR/view?usp=drive_link,,0,0,0,3,FALSE,TRUE,TRUE,FALSE,FALSE,0,0
2785,20240206,PMU D56 R&L,20231205mouse3_OS_R_4_0_0000107_Structure_0002,https://drive.google.com/file/d/1YtsYmT03pco8wI2Guf3QSOx0UoEKiH0o/view?usp=drive_link,,0,0,0,3,FALSE,TRUE,TRUE,FALSE,FALSE,0,0
2786,20240206,PMU D56 R&L,20231205mouse3_OS_R_4_0_0000107_Structure_0003,https://drive.google.com/file/d/1zNPXSJ_uavmWRTG0m3Awba5c3vmV3FkK/view?usp=drive_link,,0,0,0,3,FALSE,TRUE,TRUE,FALSE,FALSE,0,0
2787,20240206,PMU D56 R&L,20231205mouse3_OS_R_4_0_0000107_Structure_0004,https://drive.google.com/file/d/1JHI7zBG3JjmUNF0I-ttou9IWlWXZ3H1m/view?usp=drive_link,,0,0,0,3,FALSE,TRUE,TRUE,FALSE,FALSE,0,0
2788,20240206,PMU D56 R&L,20231205mouse1_OD_R_2_0_0000086_Structure_0001,https://drive.google.com/file/d/1j3YraA8uyEjDzRqa4l58oCPS9yiVa_AP/view?usp=drive_link,100,100,100,2,4,FALSE,TRUE,TRUE,FALSE,FALSE,100,100
2789,20240206,PMU D56 R&L,20231205mouse1_OD_R_2_0_0000086_Structure_0002,https://drive.google.com/file/d/1WfiTV1Yoskh3dedkQQ-MuczZz946kMYn/view?usp=drive_link,100,100,100,3,4,FALSE,TRUE,TRUE,FALSE,FALSE,100,100
2790,20240206,PMU D56 R&L,20231205mouse1_OD_R_2_0_0000086_Structure_0003,https://drive.google.com/file/d/1j5h3ecxMniNjFGA73xW1s8EA0N8OB99j/view?usp=drive_link,100,100,100,3,4,FALSE,TRUE,TRUE,FALSE,FALSE,100,100
2791,20240206,PMU D56 R&L,20231205mouse1_OD_R_2_0_0000086_Structure_0004,https://drive.google.com/file/d/1Bhbfq65UuwvEI7R5XGXQdz4uldh6cvUn/view?usp=drive_link,100,100,100,3,4,FALSE,TRUE,TRUE,FALSE,FALSE,100,100
2792,20240206,PMU D56 R&L,20231205mouse1_OD_R_4_0_0000093_Structure_0001,https://drive.google.com/file/d/1Tg5yHZdGncwzvTlNl_TMtPz2kxy0eTsD/view?usp=drive_link,,2,2,2,3,FALSE,TRUE,TRUE,FALSE,FALSE,2,2
2793,20240206,PMU D56 R&L,20231205mouse1_OD_R_4_0_0000093_Structure_0002,https://drive.google.com/file/d/17nrKBCMyDDE0NSmzNAQHkSOoiXdjQ3vU/view?usp=drive_link,,3,2,2,3,FALSE,FALSE,TRUE,FALSE,FALSE,2,2
2794,20240206,PMU D56 R&L,20231205mouse1_OD_R_4_0_0000093_Structure_0003,https://drive.google.com/file/d/1xYRxRzGggcLmmHk-f4HMeF_31WK_5QNg/view?usp=drive_link,,3,2,2,3,FALSE,FALSE,TRUE,FALSE,FALSE,2,2
2795,20240206,PMU D56 R&L,20231205mouse1_OD_R_4_0_0000093_Structure_0004,https://drive.google.com/file/d/1X4GmqecRRMw-juVj390Vi987l0Sa2yw6/view?usp=drive_link,,3,2,2,3,FALSE,FALSE,TRUE,FALSE,FALSE,2,2
2796,20240206,PMU D56 R&L,20231205mouse1_OS_R_2_0_0000107_Structure_0001,https://drive.google.com/file/d/1EoSOfOY1E-56xf0GIEHT9tiyosCNd2Mq/view?usp=drive_link,,0,0,0,3,FALSE,TRUE,TRUE,FALSE,FALSE,0,0
2797,20240206,PMU D56 R&L,20231205mouse1_OS_R_2_0_0000107_Structure_0002,https://drive.google.com/file/d/1x-e4ytdnQ7b5E3W6-P_X6NnV4sC35IIS/view?usp=drive_link,,0,0,0,3,FALSE,TRUE,TRUE,FALSE,FALSE,0,0
2798,20240206,PMU D56 R&L,20231205mouse1_OS_R_2_0_0000107_Structure_0003,https://drive.google.com/file/d/1Vk36Pp6et7RmUNvOCkU5KODzkqpDmg1H/view?usp=drive_link,,0,0,0,3,FALSE,TRUE,TRUE,FALSE,FALSE,0,0
2799,20240206,PMU D56 R&L,20231205mouse1_OS_R_2_0_0000107_Structure_0004,https://drive.google.com/file/d/1SbYzGDZrRxUvfflFMCHPGLtI2UQn8ajr/view?usp=drive_link,,0,0,0,3,FALSE,TRUE,TRUE,FALSE,FALSE,0,0
2800,20240206,PMU D56 R&L,20231205mouse1_OS_R_4_0_0000100_Structure_0001,https://drive.google.com/file/d/1TqXQVUU6XB0tIbD_q9C4_x1AWub5I1yo/view?usp=drive_link,,0,0,0,3,FALSE,TRUE,TRUE,FALSE,FALSE,0,0
2801,20240206,PMU D56 R&L,20231205mouse1_OS_R_4_0_0000100_Structure_0002,https://drive.google.com/file/d/1cb6Sl7YKsq6eu6c7MjckzqSKM5KVNZQb/view?usp=drive_link,,0,0,0,3,FALSE,TRUE,TRUE,FALSE,FALSE,0,0
2802,20240206,PMU D56 R&L,20231205mouse1_OS_R_4_0_0000100_Structure_0003,https://drive.google.com/file/d/10jHlhKiZ3MP_PcQ1F9Zjm40KQNth0liE/view?usp=drive_link,,0,0,0,3,FALSE,TRUE,TRUE,FALSE,FALSE,0,0
2803,20240206,PMU D56 R&L,20231205mouse1_OS_R_4_0_0000100_Structure_0004,https://drive.google.com/file/d/1BcdUGGSWNMy7zqDALPYznfEagG3rJbpD/view?usp=drive_link,,0,0,0,3,FALSE,TRUE,TRUE,FALSE,FALSE,0,0
2804,20240206,PMU D56 R&L,20231205mouse5_OD_R_2_0_0000107_Structure_0001,https://drive.google.com/file/d/1dfc80zQG1wJ16Yeh8fJvo65OYBBFSB90/view?usp=drive_link,,3,3,3,3,FALSE,TRUE,TRUE,FALSE,FALSE,3,3
2805,20240206,PMU D56 R&L,20231205mouse5_OD_R_2_0_0000107_Structure_0002,https://drive.google.com/file/d/1hZOL3KXrp3t3h5-ajlXIiKet7k5Yox23/view?usp=drive_link,,3,1,1,3,FALSE,FALSE,TRUE,FALSE,FALSE,1,1
2806,20240206,PMU D56 R&L,20231205mouse5_OD_R_2_0_0000107_Structure_0003,https://drive.google.com/file/d/1Fu5n8W_NiNXaKY64U456IaS7EvAhiz1b/view?usp=drive_link,,2,1,1,3,FALSE,FALSE,TRUE,FALSE,FALSE,1,1
2807,20240206,PMU D56 R&L,20231205mouse5_OD_R_2_0_0000107_Structure_0004,https://drive.google.com/file/d/1NFXRF4dezPT1K8mK9H2ufBCQjvFleyzC/view?usp=drive_link,,2,1,1,3,FALSE,FALSE,TRUE,FALSE,FALSE,1,1
2808,20240206,PMU D56 R&L,20231205mouse5_OD_R_4_0_0000114_Structure_0001,https://drive.google.com/file/d/1A-qOIaYTqAvRMnswPEOnbfqXWiFGjRzk/view?usp=drive_link,,1,1,1,3,FALSE,TRUE,TRUE,FALSE,FALSE,1,1
2809,20240206,PMU D56 R&L,20231205mouse5_OD_R_4_0_0000114_Structure_0002,https://drive.google.com/file/d/1sjy_rvWQ5GQHtmzCfZSwwb101HxaqwAJ/view?usp=drive_link,,2,2,2,3,FALSE,TRUE,TRUE,FALSE,FALSE,2,2
2810,20240206,PMU D56 R&L,20231205mouse5_OD_R_4_0_0000114_Structure_0003,https://drive.google.com/file/d/13tbPl54izGuJu-UrFyb6FYvXG1xdDs2B/view?usp=drive_link,2,3,1,2,4,FALSE,FALSE,TRUE,FALSE,FALSE,2,2
2811,20240206,PMU D56 R&L,20231205mouse5_OD_R_4_0_0000114_Structure_0004,https://drive.google.com/file/d/1uWu3WxSfK65mwFDX9h1xIWN6_XLg5eJc/view?usp=drive_link,,2,2,2,3,FALSE,TRUE,TRUE,FALSE,FALSE,2,2
2812,20240206,PMU D56 R&L,20231205mouse5_OS_R_2_0_0000128_Structure_0001,https://drive.google.com/file/d/1Bo_P0Ec6dyy7D3uxIF9mCWAHp5AV8Pth/view?usp=drive_link,100,100,100,0,4,FALSE,TRUE,TRUE,FALSE,FALSE,100,100
2813,20240206,PMU D56 R&L,20231205mouse5_OS_R_2_0_0000128_Structure_0002,https://drive.google.com/file/d/1FZC1b74X6gjOlStGW2HYBvpZOhCk_dFh/view?usp=drive_link,100,100,100,0,4,FALSE,TRUE,TRUE,FALSE,FALSE,100,100
2814,20240206,PMU D56 R&L,20231205mouse5_OS_R_2_0_0000128_Structure_0003,https://drive.google.com/file/d/1PaGy-bj5RbyKbfkBVdvGx18UUiTHFtMc/view?usp=drive_link,,100,100,0,3,FALSE,FALSE,TRUE,FALSE,FALSE,100,100
2815,20240206,PMU D56 R&L,20231205mouse5_OS_R_2_0_0000128_Structure_0004,https://drive.google.com/file/d/1kqKFUYGuQYSD_Pp8dUES68BGcFEBDqwm/view?usp=drive_link,100,100,100,0,4,FALSE,TRUE,TRUE,FALSE,FALSE,100,100
2816,20240206,PMU D56 R&L,20231205mouse5_OS_R_4_0_0000121_Structure_0001,https://drive.google.com/file/d/1Lj9aFr7wxoQacJchHCob_mIojgvPduii/view?usp=drive_link,,0,0,0,3,FALSE,TRUE,TRUE,FALSE,FALSE,0,0
2817,20240206,PMU D56 R&L,20231205mouse5_OS_R_4_0_0000121_Structure_0002,https://drive.google.com/file/d/1y-vl_zAl3CGS6j52qCZy_wNafX8qlMR0/view?usp=drive_link,,0,0,0,3,FALSE,TRUE,TRUE,FALSE,FALSE,0,0
2818,20240206,PMU D56 R&L,20231205mouse5_OS_R_4_0_0000121_Structure_0003,https://drive.google.com/file/d/1IsMcYZYvhd4ohQUMVw-DLWHxK2f3nKkQ/view?usp=drive_link,,0,0,0,3,FALSE,TRUE,TRUE,FALSE,FALSE,0,0
2819,20240206,PMU D56 R&L,20231205mouse5_OS_R_4_0_0000121_Structure_0004,https://drive.google.com/file/d/1ClPHjH3IWQwBhUNv7HJxW-_9GMC64BAf/view?usp=drive_link,,0,2,0,3,FALSE,TRUE,TRUE,FALSE,FALSE,0,0
2820,20240212,PMU D28 R&L,20230928mouse1_OD_R_2_0_0000058_Structure_0001,https://drive.google.com/file/d/1P4-ZhP5BlBt6BHuwfJJf52YsC25dhg0O/view?usp=drive_link,,1,0.5,1,3,FALSE,FALSE,TRUE,FALSE,FALSE,1,1
2821,20240212,PMU D28 R&L,20230928mouse1_OD_R_2_0_0000058_Structure_0002,https://drive.google.com/file/d/14yZLzqpNPDE1X3mjF9-tv_6iAlcmJjvC/view?usp=drive_link,,0.5,0.5,0.5,3,FALSE,TRUE,TRUE,FALSE,FALSE,0.5,0.5
2822,20240212,PMU D28 R&L,20230928mouse1_OD_R_2_0_0000058_Structure_0003,https://drive.google.com/file/d/1q6o95dt6g6nyDRFzv4jIhylDav2dWBFa/view?usp=drive_link,,0.5,0.5,0.5,3,FALSE,TRUE,TRUE,FALSE,FALSE,0.5,0.5
2823,20240212,PMU D28 R&L,20230928mouse1_OD_R_2_0_0000058_Structure_0004,https://drive.google.com/file/d/1ENaeSDljK_llTzM-VdLhY3yY-ZXVhcf6/view?usp=drive_link,,0.5,0.5,0.5,3,FALSE,TRUE,TRUE,FALSE,FALSE,0.5,0.5
2824,20240212,PMU D28 R&L,20230928mouse1_OD_R_4_0_0000065_Structure_0001,https://drive.google.com/file/d/1zZDau4Uq6Ih4hJcXspKzC9YxeypQIwtQ/view?usp=drive_link,,3,2,2,3,FALSE,FALSE,TRUE,FALSE,FALSE,2,2
2825,20240212,PMU D28 R&L,20230928mouse1_OD_R_4_0_0000065_Structure_0002,https://drive.google.com/file/d/1YJkdqQDD5nAM6W-Nj5FEWglVZp04P-QS/view?usp=drive_link,,3,2,2,3,FALSE,FALSE,TRUE,FALSE,FALSE,2,2
2826,20240212,PMU D28 R&L,20230928mouse1_OD_R_4_0_0000065_Structure_0003,https://drive.google.com/file/d/1n4cxvTBVlAR8Rp7tilZ1JlKrLwy_vw5g/view?usp=drive_link,,2,2,2,3,FALSE,TRUE,TRUE,FALSE,FALSE,2,2
2827,20240212,PMU D28 R&L,20230928mouse1_OD_R_4_0_0000065_Structure_0004,https://drive.google.com/file/d/1QdzmxhQgmlcHkO_FPygHHpZ0l4-MN5AX/view?usp=drive_link,,3,2,2,3,FALSE,FALSE,TRUE,FALSE,FALSE,2,2
2828,20240212,PMU D28 R&L,20230928mouse1_OS_R_2_0_0000079_Structure_0001,https://drive.google.com/file/d/19h5hroVcQ00KPI3yHT9B_5LsjPZPAGvi/view?usp=drive_link,,0,0,0,3,FALSE,TRUE,TRUE,FALSE,FALSE,0,0
2829,20240212,PMU D28 R&L,20230928mouse1_OS_R_2_0_0000079_Structure_0002,https://drive.google.com/file/d/11HHPRA5UTxSKTjXRK690q5w2I-NhqiOd/view?usp=drive_link,,0,0,0,3,FALSE,TRUE,TRUE,FALSE,FALSE,0,0
2830,20240212,PMU D28 R&L,20230928mouse1_OS_R_2_0_0000079_Structure_0003,https://drive.google.com/file/d/11rAwI_sBCVbxIosK4TT1-W79uIUuKOox/view?usp=drive_link,,0,0,0,3,FALSE,TRUE,TRUE,FALSE,FALSE,0,0
2831,20240212,PMU D28 R&L,20230928mouse1_OS_R_2_0_0000079_Structure_0004,https://drive.google.com/file/d/1X5uVcBdo5pJrQntSMy2QTq_KbraP4AH9/view?usp=drive_link,,0,0,0,3,FALSE,TRUE,TRUE,FALSE,FALSE,0,0
2832,20240212,PMU D28 R&L,20230928mouse1_OS_R_4_0_0000072_Structure_0001,https://drive.google.com/file/d/1gNJdJ5qEy5KvEYy20JMf_yWtiAAQ0x4e/view?usp=drive_link,,0,0,0,3,FALSE,TRUE,TRUE,FALSE,FALSE,0,0
2833,20240212,PMU D28 R&L,20230928mouse1_OS_R_4_0_0000072_Structure_0002,https://drive.google.com/file/d/1UeSeUnKqvHDcg1dBANHc9aYQEwV8RFFz/view?usp=drive_link,,0,0,0,3,FALSE,TRUE,TRUE,FALSE,FALSE,0,0
2834,20240212,PMU D28 R&L,20230928mouse1_OS_R_4_0_0000072_Structure_0003,https://drive.google.com/file/d/1smAlnvig1hNOzbsCmVOGXJaygR6mtYAe/view?usp=drive_link,,0,0,0,3,FALSE,TRUE,TRUE,FALSE,FALSE,0,0
2835,20240212,PMU D28 R&L,20230928mouse1_OS_R_4_0_0000072_Structure_0004,https://drive.google.com/file/d/15o1ZE2mvnm3iq6tNRGY5W4CkOx6L4qQ8/view?usp=drive_link,,0,0,0,3,FALSE,TRUE,TRUE,FALSE,FALSE,0,0
2836,20240212,PMU D28 R&L,20230928mouse-2_OD_R_2_0_0000079_Structure_0001,https://drive.google.com/file/d/1z0L77mrJZLieASbCE8sxkeYYMaWU-td6/view?usp=drive_link,100,100,100,0.5,4,FALSE,TRUE,TRUE,FALSE,FALSE,100,100
2837,20240212,PMU D28 R&L,20230928mouse-2_OD_R_2_0_0000079_Structure_0002,https://drive.google.com/file/d/12Jx0y-fuiDeYNHmPk274e3eHS_tgZVgR/view?usp=drive_link,0.5,100,100,0.5,4,FALSE,FALSE,TRUE,TRUE,TRUE,0.5,0.5
2838,20240212,PMU D28 R&L,20230928mouse-2_OD_R_2_0_0000079_Structure_0003,https://drive.google.com/file/d/1lHDaai2_b16RSbpMfwkuReyiErdBiqru/view?usp=drive_link,100,100,100,0.5,4,FALSE,TRUE,TRUE,FALSE,FALSE,100,100
2839,20240212,PMU D28 R&L,20230928mouse-2_OD_R_2_0_0000079_Structure_0004,https://drive.google.com/file/d/1gmlfdd0WsFnTuIwkTkKRjW4jcDM5fikq/view?usp=drive_link,0.5,100,100,0,4,FALSE,FALSE,TRUE,FALSE,FALSE,100,100
2840,20240212,PMU D28 R&L,20230928mouse-2_OD_R_4_0_0000072_Structure_0001,https://drive.google.com/file/d/1eGlliDkFs8VwMVkov8QM8YgLTUF3RPwW/view?usp=drive_link,,0.5,0.5,0.5,3,FALSE,TRUE,TRUE,FALSE,FALSE,0.5,0.5
2841,20240212,PMU D28 R&L,20230928mouse-2_OD_R_4_0_0000072_Structure_0002,https://drive.google.com/file/d/1k_Uej-wH33lyB-QXFgOvCbuMP3fA9V2G/view?usp=drive_link,,0.5,0.5,0.5,3,FALSE,TRUE,TRUE,FALSE,FALSE,0.5,0.5
2842,20240212,PMU D28 R&L,20230928mouse-2_OD_R_4_0_0000072_Structure_0003,https://drive.google.com/file/d/1LfLyHewUfs1KAignm_EXyTqAmZ1nzY0J/view?usp=drive_link,,0.5,0.5,0.5,3,FALSE,TRUE,TRUE,FALSE,FALSE,0.5,0.5
2843,20240212,PMU D28 R&L,20230928mouse-2_OD_R_4_0_0000072_Structure_0004,https://drive.google.com/file/d/10_qjqBVIsb4hdjb4IMaHMpn1qT1BHCdU/view?usp=drive_link,,0.5,0.5,0.5,3,FALSE,TRUE,TRUE,FALSE,FALSE,0.5,0.5
2844,20240212,PMU D28 R&L,20230928mouse-2_OS_R_2_0_0000058_Structure_0001,https://drive.google.com/file/d/19dbQcInPQGVniGOiT-ZVETFF8fgmXhww/view?usp=drive_link,,0,0,0,3,FALSE,TRUE,TRUE,FALSE,FALSE,0,0
2845,20240212,PMU D28 R&L,20230928mouse-2_OS_R_2_0_0000058_Structure_0002,https://drive.google.com/file/d/1RBvPvr8tN5ZhtPwpsmewr04oB_KCuS5H/view?usp=drive_link,,0,0,0,3,FALSE,TRUE,TRUE,FALSE,FALSE,0,0
2846,20240212,PMU D28 R&L,20230928mouse-2_OS_R_2_0_0000058_Structure_0003,https://drive.google.com/file/d/1OIb1lHXw6BkQkC-qByifxNsz8LwP28jP/view?usp=drive_link,,0,0,0,3,FALSE,TRUE,TRUE,FALSE,FALSE,0,0
2847,20240212,PMU D28 R&L,20230928mouse-2_OS_R_2_0_0000058_Structure_0004,https://drive.google.com/file/d/14cmu9EPmeHZ3wQTNALQwgeQPrC_cZH2f/view?usp=drive_link,,0,0,0,3,FALSE,TRUE,TRUE,FALSE,FALSE,0,0
2848,20240212,PMU D28 R&L,20230928mouse-2_OS_R_4_0_0000065_Structure_0001,https://drive.google.com/file/d/1FPosYITaImKAYIZhINrr_Zz_KnJOAprD/view?usp=drive_link,,0,0,0,3,FALSE,TRUE,TRUE,FALSE,FALSE,0,0
2849,20240212,PMU D28 R&L,20230928mouse-2_OS_R_4_0_0000065_Structure_0002,https://drive.google.com/file/d/1DBtOM3GNHkUf2p8V8w8QFxkw2iKQZA4V/view?usp=drive_link,,0,0,0,3,FALSE,TRUE,TRUE,FALSE,FALSE,0,0
2850,20240212,PMU D28 R&L,20230928mouse-2_OS_R_4_0_0000065_Structure_0003,https://drive.google.com/file/d/1DDTjUMCuH8hA5Wb_1iBidfqvbKmYAi_D/view?usp=drive_link,,2,0,0,3,FALSE,TRUE,TRUE,FALSE,FALSE,0,0
2851,20240212,PMU D28 R&L,20230928mouse-2_OS_R_4_0_0000065_Structure_0004,https://drive.google.com/file/d/18YIp2br6VEmSoWuxAoqr1CmInPGuM_xf/view?usp=drive_link,,0,0,0,3,FALSE,TRUE,TRUE,FALSE,FALSE,0,0
2852,20240212,PMU D28 R&L,20230928mouse-3_OD_R_2_0_0000058_Structure_0001,https://drive.google.com/file/d/1aVA-SudHck7FAjDKtmleO72vjOYWEJUS/view?usp=drive_link,,1,0.5,1,3,FALSE,FALSE,TRUE,FALSE,FALSE,1,1
2853,20240212,PMU D28 R&L,20230928mouse-3_OD_R_2_0_0000058_Structure_0002,https://drive.google.com/file/d/1bETWkkdiplXdtdR_iQqKsrijUNHBzVdo/view?usp=drive_link,,0.5,0.5,0.5,3,FALSE,TRUE,TRUE,FALSE,FALSE,0.5,0.5
2854,20240212,PMU D28 R&L,20230928mouse-3_OD_R_2_0_0000058_Structure_0003,https://drive.google.com/file/d/1TsGCxHxbSAWNpeGE2S0aZ1oV1wS0g6dF/view?usp=drive_link,,0.5,0.5,0.5,3,FALSE,TRUE,TRUE,FALSE,FALSE,0.5,0.5
2855,20240212,PMU D28 R&L,20230928mouse-3_OD_R_2_0_0000058_Structure_0004,https://drive.google.com/file/d/1PKvk83ZRqkS_c6cSWUicGJQWflZlAgHh/view?usp=drive_link,,0.5,0.5,0.5,3,FALSE,TRUE,TRUE,FALSE,FALSE,0.5,0.5
2856,20240212,PMU D28 R&L,20230928mouse-3_OD_R_4_0_0000065_Structure_0001,https://drive.google.com/file/d/1LCTF9btMnw7dfAS-Lhwhx5PaD598_-no/view?usp=drive_link,,0,0,0,3,FALSE,TRUE,TRUE,FALSE,FALSE,0,0
2857,20240212,PMU D28 R&L,20230928mouse-3_OD_R_4_0_0000065_Structure_0002,https://drive.google.com/file/d/1LiDZwdNbeOXavRAg4yvjs6ikiwVYTL8k/view?usp=drive_link,,0,0,0,3,FALSE,TRUE,TRUE,FALSE,FALSE,0,0
2858,20240212,PMU D28 R&L,20230928mouse-3_OD_R_4_0_0000065_Structure_0003,https://drive.google.com/file/d/1Sb_twWTKy1DE0KPF-JSokdEAG4wUbWBm/view?usp=drive_link,,0,0,0,3,FALSE,TRUE,TRUE,FALSE,FALSE,0,0
2859,20240212,PMU D28 R&L,20230928mouse-3_OD_R_4_0_0000065_Structure_0004,https://drive.google.com/file/d/1E-2Fz049puUJmhO1Q_XCIuyrK2wbfTDs/view?usp=drive_link,,0,0,0,3,FALSE,TRUE,TRUE,FALSE,FALSE,0,0
2860,20240212,PMU D28 R&L,20230928mouse-3_OS_R_2_0_0000079_Structure_0001,https://drive.google.com/file/d/15JGHpTeYQcayfFazKeVTNnEmo9YPFz_5/view?usp=drive_link,,0,0,0,3,FALSE,TRUE,TRUE,FALSE,FALSE,0,0
2861,20240212,PMU D28 R&L,20230928mouse-3_OS_R_2_0_0000079_Structure_0002,https://drive.google.com/file/d/1HG9Rr9A58BIvRZ9rDKDejcH89Qgpzg8Z/view?usp=drive_link,,0,0,0,3,FALSE,TRUE,TRUE,FALSE,FALSE,0,0
2862,20240212,PMU D28 R&L,20230928mouse-3_OS_R_2_0_0000079_Structure_0003,https://drive.google.com/file/d/1d-BgA96auW0sZazQK-yab6JvD-01DAHt/view?usp=drive_link,,0,0,0,3,FALSE,TRUE,TRUE,FALSE,FALSE,0,0
2863,20240212,PMU D28 R&L,20230928mouse-3_OS_R_2_0_0000079_Structure_0004,https://drive.google.com/file/d/1M0zGh5ojeYqLD2CaX_UvY3hFHtw4zXQS/view?usp=drive_link,,0,0,0,3,FALSE,TRUE,TRUE,FALSE,FALSE,0,0
2864,20240212,PMU D28 R&L,20230928mouse-3_OS_R_4_0_0000072_Structure_0001,https://drive.google.com/file/d/16m6b3TR9bePKdHZyIiZ8Co8HD3mg3pOv/view?usp=drive_link,,0,0,0,3,FALSE,TRUE,TRUE,FALSE,FALSE,0,0
2865,20240212,PMU D28 R&L,20230928mouse-3_OS_R_4_0_0000072_Structure_0002,https://drive.google.com/file/d/15wMtK_8zHea192sKE13nQGkk-iuBn_bf/view?usp=drive_link,,0,0,0,3,FALSE,TRUE,TRUE,FALSE,FALSE,0,0
2866,20240212,PMU D28 R&L,20230928mouse-3_OS_R_4_0_0000072_Structure_0003,https://drive.google.com/file/d/1noHDMG-vSpBUwv_rnAlgfYAwKP-oBd0l/view?usp=drive_link,,0,0,0,3,FALSE,TRUE,TRUE,FALSE,FALSE,0,0
2867,20240212,PMU D28 R&L,20230928mouse-3_OS_R_4_0_0000072_Structure_0004,https://drive.google.com/file/d/1CcAsC1_mtgS1XQmvSjMuXbGCBMbcobe4/view?usp=drive_link,,0,0,0,3,FALSE,TRUE,TRUE,FALSE,FALSE,0,0
2868,20240212,UMU D7 ,20231218mouse1_OD_R_2_0_0000044_Structure_0001,https://drive.google.com/file/d/15SAC1U_XZYOFD8PlJIhSnVzSZTpOhPP2/view?usp=drive_link,,0.5,0.5,0.5,3,FALSE,TRUE,TRUE,FALSE,FALSE,0.5,0.5
2869,20240212,UMU D7 ,20231218mouse1_OD_R_2_0_0000044_Structure_0002,https://drive.google.com/file/d/1p2MswCOIiaeD8-BFLwHyRcCUkn-GNogP/view?usp=drive_link,,0.5,0.5,0.5,3,FALSE,TRUE,TRUE,FALSE,FALSE,0.5,0.5
2870,20240212,UMU D7 ,20231218mouse1_OD_R_2_0_0000044_Structure_0003,https://drive.google.com/file/d/1eU16wLaghGYrvA5Vb0bT6kseAMiWDcf9/view?usp=drive_link,,0.5,0.5,0.5,3,FALSE,TRUE,TRUE,FALSE,FALSE,0.5,0.5
2871,20240212,UMU D7 ,20231218mouse1_OD_R_2_0_0000044_Structure_0004,https://drive.google.com/file/d/186-RIoE0bKOlRF360mK_SJ5FckW_RqCf/view?usp=drive_link,,0.5,0.5,0.5,3,FALSE,TRUE,TRUE,FALSE,FALSE,0.5,0.5
2872,20240212,UMU D7 ,20231218mouse1_OD_R_4_0_0000051_Structure_0001,https://drive.google.com/file/d/1Z-6zAWZZvGiZmL9TM2GGXMV59S53WJz4/view?usp=drive_link,,0,0,0,3,FALSE,TRUE,TRUE,FALSE,FALSE,0,0
2873,20240212,UMU D7 ,20231218mouse1_OD_R_4_0_0000051_Structure_0002,https://drive.google.com/file/d/1QJG-qQyuxH9gqWYMaCp50he0ukbuPcAa/view?usp=drive_link,,0,0,0,3,FALSE,TRUE,TRUE,FALSE,FALSE,0,0
2874,20240212,UMU D7 ,20231218mouse1_OD_R_4_0_0000051_Structure_0003,https://drive.google.com/file/d/1TMGmaLeOYBdZepiN7zGfBuCWzR04AVit/view?usp=drive_link,,0.5,0,0.5,3,FALSE,FALSE,TRUE,FALSE,FALSE,0.5,0.5
2875,20240212,UMU D7 ,20231218mouse1_OD_R_4_0_0000051_Structure_0004,https://drive.google.com/file/d/1AEpETsOcEY4yh2LegY6GhmEe9aZ08-CU/view?usp=drive_link,,0.5,0,0.5,3,FALSE,FALSE,TRUE,FALSE,FALSE,0.5,0.5
2876,20240212,UMU D7 ,20231218mouse2_OD_R_2_0_0000051_Structure_0001,https://drive.google.com/file/d/1JuPVQoL_yzTAXMzthR7RaJTZXqGf2I5N/view?usp=drive_link,,0,0,0,3,FALSE,TRUE,TRUE,FALSE,FALSE,0,0
2877,20240212,UMU D7 ,20231218mouse2_OD_R_2_0_0000051_Structure_0002,https://drive.google.com/file/d/18p_vPKkfIQNBtX9ezYVjwZ4j-cQD-XBC/view?usp=drive_link,,0,0,0,3,FALSE,TRUE,TRUE,FALSE,FALSE,0,0
2878,20240212,UMU D7 ,20231218mouse2_OD_R_2_0_0000051_Structure_0003,https://drive.google.com/file/d/1SJrsWOXfQrM_cDZlX7AAyACCMpCO0UMP/view?usp=drive_link,,0,0,0,3,FALSE,TRUE,TRUE,FALSE,FALSE,0,0
2879,20240212,UMU D7 ,20231218mouse2_OD_R_2_0_0000051_Structure_0004,https://drive.google.com/file/d/14VWx64svgRaJs3aNEDmcWdptNWZz32tt/view?usp=drive_link,,0,0,0,3,FALSE,TRUE,TRUE,FALSE,FALSE,0,0
2880,20240212,UMU D7 ,20231218mouse2_OD_R_4_0_0000044_Structure_0001,https://drive.google.com/file/d/19Qabql8r2DD50oTtuBe6LslQd8X2QbBw/view?usp=drive_link,,0,0,0,3,FALSE,TRUE,TRUE,FALSE,FALSE,0,0
2881,20240212,UMU D7 ,20231218mouse2_OD_R_4_0_0000044_Structure_0002,https://drive.google.com/file/d/1iH8O_-ByqwU3X6KP0bXIh9ftrYkDI4AU/view?usp=drive_link,0,0,0,0.5,4,FALSE,TRUE,TRUE,FALSE,FALSE,0,0
2882,20240212,UMU D7 ,20231218mouse2_OD_R_4_0_0000044_Structure_0003,https://drive.google.com/file/d/1--SMCPfNN3sLjXt8eis0wbafbGqQ2c9X/view?usp=drive_link,,0,0,0.5,3,FALSE,TRUE,TRUE,FALSE,FALSE,0,0
2883,20240212,UMU D7 ,20231218mouse2_OD_R_4_0_0000044_Structure_0004,https://drive.google.com/file/d/1FfwDaINEaT5hLyBRKy3RO9uU5aftvLl6/view?usp=drive_link,,0,0,0,3,FALSE,TRUE,TRUE,FALSE,FALSE,0,0
2884,20240212,UMU D7 ,20231218mouse3_OD_R_2_0_0000044_Structure_0001,https://drive.google.com/file/d/1OQmiudPvMO-vE_iwzFetlTETW_tAEeTi/view?usp=drive_link,,0.5,0.5,0.5,3,FALSE,TRUE,TRUE,FALSE,FALSE,0.5,0.5
2885,20240212,UMU D7 ,20231218mouse3_OD_R_2_0_0000044_Structure_0002,https://drive.google.com/file/d/1U0Q9ZPVHOex-duhFsoDyYkjOMqyHCuft/view?usp=drive_link,,0.5,0.5,0.5,3,FALSE,TRUE,TRUE,FALSE,FALSE,0.5,0.5
2886,20240212,UMU D7 ,20231218mouse3_OD_R_2_0_0000044_Structure_0003,https://drive.google.com/file/d/1uKpQkyHvF46eVueKhIMYT8ghIiZzAeXh/view?usp=drive_link,,0,0,0,3,FALSE,TRUE,TRUE,FALSE,FALSE,0,0
2887,20240212,UMU D7 ,20231218mouse3_OD_R_2_0_0000044_Structure_0004,https://drive.google.com/file/d/1lTrV5nKBTqqQ8GnfUjpV9f4lRzi3JAIn/view?usp=drive_link,,0.5,0.5,0.5,3,FALSE,TRUE,TRUE,FALSE,FALSE,0.5,0.5
2888,20240212,UMU D7 ,20231218mouse3_OD_R_4_0_0000051_Structure_0001,https://drive.google.com/file/d/1fEvCaj7tf4OUD_UeP6m5o_qtROg2pw6I/view?usp=drive_link,,0,0,0,3,FALSE,TRUE,TRUE,FALSE,FALSE,0,0
2889,20240212,UMU D7 ,20231218mouse3_OD_R_4_0_0000051_Structure_0002,https://drive.google.com/file/d/1avbaYoEuNi9OO6WRiprgDaeLOLvNxbi6/view?usp=drive_link,,0,0,0,3,FALSE,TRUE,TRUE,FALSE,FALSE,0,0
2890,20240212,UMU D7 ,20231218mouse3_OD_R_4_0_0000051_Structure_0003,https://drive.google.com/file/d/1ejTE4b-mgjfoAc2HGPlRS7aK3cGJWcdB/view?usp=drive_link,,0,0,0,3,FALSE,TRUE,TRUE,FALSE,FALSE,0,0
2891,20240212,UMU D7 ,20231218mouse3_OD_R_4_0_0000051_Structure_0004,https://drive.google.com/file/d/1FNOYHxfQFuhE8m-WfCHRxrXJqRDFChXc/view?usp=drive_link,,0,0,0,3,FALSE,TRUE,TRUE,FALSE,FALSE,0,0
2892,20240212,UMU D7 ,20231218mouse4_OD_R_2_0_0000051_Structure_0001,https://drive.google.com/file/d/1lMraHD9S8pdykbPX8NSe-GYa35uYYN31/view?usp=drive_link,,0,0,0,3,FALSE,TRUE,TRUE,FALSE,FALSE,0,0
2893,20240212,UMU D7 ,20231218mouse4_OD_R_2_0_0000051_Structure_0002,https://drive.google.com/file/d/1JWETZNGxCtJJojiqLV-ay-oWonflggDI/view?usp=drive_link,,0,0,0,3,FALSE,TRUE,TRUE,FALSE,FALSE,0,0
2894,20240212,UMU D7 ,20231218mouse4_OD_R_2_0_0000051_Structure_0003,https://drive.google.com/file/d/185f99P4HblTDvkN8K1k4F6hk_q70sAeM/view?usp=drive_link,,0,0,0,3,FALSE,TRUE,TRUE,FALSE,FALSE,0,0
2895,20240212,UMU D7 ,20231218mouse4_OD_R_2_0_0000051_Structure_0004,https://drive.google.com/file/d/1fxyG8mCvSBwdXAIFWHDm5OWi0LEqzD0h/view?usp=drive_link,,0,0,0,3,FALSE,TRUE,TRUE,FALSE,FALSE,0,0
2896,20240212,UMU D7 ,20231218mouse4_OD_R_4_0_0000044_Structure_0001,https://drive.google.com/file/d/1EbOK3KFXwIK7YqlCF98rySQ8dAePqbK4/view?usp=drive_link,,0.5,0,0.5,3,FALSE,FALSE,TRUE,FALSE,FALSE,0.5,0.5
2897,20240212,UMU D7 ,20231218mouse4_OD_R_4_0_0000044_Structure_0002,https://drive.google.com/file/d/1aROHaH8QCIAAe-X3U08R7qquP9RaJm2Y/view?usp=drive_link,,0,0,0,3,FALSE,TRUE,TRUE,FALSE,FALSE,0,0
2898,20240212,UMU D7 ,20231218mouse4_OD_R_4_0_0000044_Structure_0003,https://drive.google.com/file/d/108Dtu2ek7TVjZ2o-LhYZJIYZrj-QkkZJ/view?usp=drive_link,,0,0,0,3,FALSE,TRUE,TRUE,FALSE,FALSE,0,0
2899,20240212,UMU D7 ,20231218mouse4_OD_R_4_0_0000044_Structure_0004,https://drive.google.com/file/d/1cQApASKJK1SjnmfeFfOP3_AfJXBmHLuN/view?usp=drive_link,,0,0,0,3,FALSE,TRUE,TRUE,FALSE,FALSE,0,0
2900,20240219,PMU D7 R&L,20240206PMU1_OD_R_2_0_0000002_Structure_0001,https://drive.google.com/file/d/1SB9nEllTORz86p6CVm8SzjIC7z8c6rDk/view?usp=drive_link,,2,1,2,3,FALSE,FALSE,TRUE,FALSE,FALSE,2,2
2901,20240219,PMU D7 R&L,20240206PMU1_OD_R_2_0_0000002_Structure_0002,https://drive.google.com/file/d/1fjxjoyvhIm1sjMFe9N_3LrrtNkklcRBy/view?usp=drive_link,,1,0.5,1,3,FALSE,FALSE,TRUE,FALSE,FALSE,1,1
2902,20240219,PMU D7 R&L,20240206PMU1_OD_R_2_0_0000002_Structure_0003,https://drive.google.com/file/d/1pmjJ-MpBGYdDwQfGBqTu142fqlPsn6qF/view?usp=drive_link,,1,0.5,1,3,FALSE,FALSE,TRUE,FALSE,FALSE,1,1
2903,20240219,PMU D7 R&L,20240206PMU1_OD_R_2_0_0000002_Structure_0004,https://drive.google.com/file/d/1fEivDDqYVgZUSrF0-_kSOZEy87Pg7Lt0/view?usp=drive_link,,1,0.5,1,3,FALSE,FALSE,TRUE,FALSE,FALSE,1,1
2904,20240219,PMU D7 R&L,20240206PMU1_OD_R_4_0_0000009_Structure_0001,https://drive.google.com/file/d/1tqQnGeiE-fZB_qLflMXeppWJ0A-rMQKP/view?usp=drive_link,,1,1,1,3,FALSE,TRUE,TRUE,FALSE,FALSE,1,1
2905,20240219,PMU D7 R&L,20240206PMU1_OD_R_4_0_0000009_Structure_0002,https://drive.google.com/file/d/1pPZBtJRAf7X078P_KFL8LlCRd2uvn0QC/view?usp=drive_link,,2,1,2,3,FALSE,FALSE,TRUE,FALSE,FALSE,2,2
2906,20240219,PMU D7 R&L,20240206PMU1_OD_R_4_0_0000009_Structure_0003,https://drive.google.com/file/d/1mkxq1Fp-x3Q96LBkEJxdG9-yYkccJGNu/view?usp=drive_link,,1,1,1,3,FALSE,TRUE,TRUE,FALSE,FALSE,1,1
2907,20240219,PMU D7 R&L,20240206PMU1_OD_R_4_0_0000009_Structure_0004,https://drive.google.com/file/d/13gRvM2ukq_BERq2wjBarO5RHg4N88ZzA/view?usp=drive_link,,2,2,2,3,FALSE,TRUE,TRUE,FALSE,FALSE,2,2
2908,20240219,PMU D7 R&L,20240206PMU1_OS_R_2_0_0000023_Structure_0001,https://drive.google.com/file/d/1Q0DKInsUKr-AfN_B36j4Q4hT93Er-6vo/view?usp=drive_link,,0,0,0,3,FALSE,TRUE,TRUE,FALSE,FALSE,0,0
2909,20240219,PMU D7 R&L,20240206PMU1_OS_R_2_0_0000023_Structure_0002,https://drive.google.com/file/d/1dQBulpEEwPXkOuMqrLPEi7FznT-in9-V/view?usp=drive_link,,0,0,0,3,FALSE,TRUE,TRUE,FALSE,FALSE,0,0
2910,20240219,PMU D7 R&L,20240206PMU1_OS_R_2_0_0000023_Structure_0003,https://drive.google.com/file/d/1XGWlrpwGyJiDrqfFjg6VM-XfnnYyaGKe/view?usp=drive_link,,0,0,0,3,FALSE,TRUE,TRUE,FALSE,FALSE,0,0
2911,20240219,PMU D7 R&L,20240206PMU1_OS_R_2_0_0000023_Structure_0004,https://drive.google.com/file/d/17O_DKtaeFToYJvjZOde8oDaPUNwjYit7/view?usp=drive_link,,0,0,0,3,FALSE,TRUE,TRUE,FALSE,FALSE,0,0
2912,20240219,PMU D7 R&L,20240206PMU1_OS_R_4_0_0000016_Structure_0001,https://drive.google.com/file/d/1cCnSdDqdWircJpu2Y506fY1fN-Pj-OHq/view?usp=drive_link,,0,0,0,3,FALSE,TRUE,TRUE,FALSE,FALSE,0,0
2913,20240219,PMU D7 R&L,20240206PMU1_OS_R_4_0_0000016_Structure_0002,https://drive.google.com/file/d/1JMNY8PLV6iA2MSt9rjRS8MnLO0Duxy1k/view?usp=drive_link,,0,0,0,3,FALSE,TRUE,TRUE,FALSE,FALSE,0,0
2914,20240219,PMU D7 R&L,20240206PMU1_OS_R_4_0_0000016_Structure_0003,https://drive.google.com/file/d/1z54ZMSzPw8ontuOyOYF-OvdjMN0296rB/view?usp=drive_link,,0,0,0,3,FALSE,TRUE,TRUE,FALSE,FALSE,0,0
2915,20240219,PMU D7 R&L,20240206PMU1_OS_R_4_0_0000016_Structure_0004,https://drive.google.com/file/d/1eTvR9TkJZhyuV5XQ-aNSqGOMml7xTunt/view?usp=drive_link,,0,0,0,3,FALSE,TRUE,TRUE,FALSE,FALSE,0,0
2916,20240219,PMU D7 R&L,20240206PMU2_OD_R_2_0_0000023_Structure_0001,https://drive.google.com/file/d/1wkpZuvBTd8ERZZv-GZn-IdmVK8W3AM9B/view?usp=drive_link,,2,2,2,3,FALSE,TRUE,TRUE,FALSE,FALSE,2,2
2917,20240219,PMU D7 R&L,20240206PMU2_OD_R_2_0_0000023_Structure_0002,https://drive.google.com/file/d/1n_kgFpTQM6DtYGBk06RovzXH6e99_Exk/view?usp=drive_link,,2,1,2,3,FALSE,FALSE,TRUE,FALSE,FALSE,2,2
2918,20240219,PMU D7 R&L,20240206PMU2_OD_R_2_0_0000023_Structure_0003,https://drive.google.com/file/d/1BR9usEkAIi8fPgzknZ3srKMziLGt23t3/view?usp=drive_link,,1,1,1,3,FALSE,TRUE,TRUE,FALSE,FALSE,1,1
2919,20240219,PMU D7 R&L,20240206PMU2_OD_R_2_0_0000023_Structure_0004,https://drive.google.com/file/d/1FYtY0XxvOXhNS93WE4i9LQhBfDH7kIYR/view?usp=drive_link,,1,1,1,3,FALSE,TRUE,TRUE,FALSE,FALSE,1,1
2920,20240219,PMU D7 R&L,20240206PMU2_OD_R_4_0_0000016_Structure_0001,https://drive.google.com/file/d/1bFwXYPgNZSJUFKc7tAkCmbfzFvzq5aKk/view?usp=drive_link,,0,0,0,3,FALSE,TRUE,TRUE,FALSE,FALSE,0,0
2921,20240219,PMU D7 R&L,20240206PMU2_OD_R_4_0_0000016_Structure_0002,https://drive.google.com/file/d/1qfKju7agTQ2l7ph2jpSpHJxyC0Z1zFtc/view?usp=drive_link,,0.5,0,0.5,3,FALSE,FALSE,TRUE,FALSE,FALSE,0.5,0.5
2922,20240219,PMU D7 R&L,20240206PMU2_OD_R_4_0_0000016_Structure_0003,https://drive.google.com/file/d/1mADfeBkc0OoKgNtjxEZ5ewpRWMEJiLP1/view?usp=drive_link,,0,0,0,3,FALSE,TRUE,TRUE,FALSE,FALSE,0,0
2923,20240219,PMU D7 R&L,20240206PMU2_OD_R_4_0_0000016_Structure_0004,https://drive.google.com/file/d/19OrC8TrLS1HpyKTIlnG5mkFKCYCe73bC/view?usp=drive_link,,0.5,0,0.5,3,FALSE,FALSE,TRUE,FALSE,FALSE,0.5,0.5
2924,20240219,PMU D7 R&L,20240206PMU2_OS_R_2_0_0000002_Structure_0001,https://drive.google.com/file/d/1XO28g0z37TmM0rlBqy6MW28Y70WqAk0d/view?usp=drive_link,,0,0,0,3,FALSE,TRUE,TRUE,FALSE,FALSE,0,0
2925,20240219,PMU D7 R&L,20240206PMU2_OS_R_2_0_0000002_Structure_0002,https://drive.google.com/file/d/1UsP6mmRRAd1Zb6Q1cdSfLcFSaAtDrJ6Z/view?usp=drive_link,,0,0,0,3,FALSE,TRUE,TRUE,FALSE,FALSE,0,0
2926,20240219,PMU D7 R&L,20240206PMU2_OS_R_2_0_0000002_Structure_0003,https://drive.google.com/file/d/1vDsrMISUmaV5jIMWy1Q8FN-MZtSnUg94/view?usp=drive_link,,0,0,0,3,FALSE,TRUE,TRUE,FALSE,FALSE,0,0
2927,20240219,PMU D7 R&L,20240206PMU2_OS_R_2_0_0000002_Structure_0004,https://drive.google.com/file/d/16A6JtZ8r_nFxjeZcUJVYoIPGR3rRHY2E/view?usp=drive_link,,0,0,0,3,FALSE,TRUE,TRUE,FALSE,FALSE,0,0
2928,20240219,PMU D7 R&L,20240206PMU2_OS_R_4_0_0000009_Structure_0001,https://drive.google.com/file/d/1kkxtnz4RnjEB4lOAJURm7faSt60H_uhN/view?usp=drive_link,,0,0,0,3,FALSE,TRUE,TRUE,FALSE,FALSE,0,0
2929,20240219,PMU D7 R&L,20240206PMU2_OS_R_4_0_0000009_Structure_0002,https://drive.google.com/file/d/13z6GBSJPYgvNHokk1oG0IuAg3Hbaetx7/view?usp=drive_link,,0,0,0,3,FALSE,TRUE,TRUE,FALSE,FALSE,0,0
2930,20240219,PMU D7 R&L,20240206PMU2_OS_R_4_0_0000009_Structure_0003,https://drive.google.com/file/d/10ailK64T9u-eWnD-svrMW8N0__RtfXT7/view?usp=drive_link,,0,0,0,3,FALSE,TRUE,TRUE,FALSE,FALSE,0,0
2931,20240219,PMU D7 R&L,20240206PMU2_OS_R_4_0_0000009_Structure_0004,https://drive.google.com/file/d/1uavqEC8xPWr_GZd4Ig5S16G1LtIDSR-6/view?usp=drive_link,,0,0,0,3,FALSE,TRUE,TRUE,FALSE,FALSE,0,0
2932,20240219,PMU D7 R&L,20240206PMU3_OD_R_2_0_0000002_Structure_0001,https://drive.google.com/file/d/1gWsn3dnlrxHFtx1tj0uXLK_ilNqnoPqM/view?usp=drive_link,,2,2,2,3,FALSE,TRUE,TRUE,FALSE,FALSE,2,2
2933,20240219,PMU D7 R&L,20240206PMU3_OD_R_2_0_0000002_Structure_0002,https://drive.google.com/file/d/18Bps6hM9kjlxJv2vKzdr_WHLrRay5lI5/view?usp=drive_link,,2,2,2,3,FALSE,TRUE,TRUE,FALSE,FALSE,2,2
2934,20240219,PMU D7 R&L,20240206PMU3_OD_R_2_0_0000002_Structure_0003,https://drive.google.com/file/d/1_lP0_gIyZCjgxDfmfBxefJZdEPbBFs6O/view?usp=drive_link,,2,2,2,3,FALSE,TRUE,TRUE,FALSE,FALSE,2,2
2935,20240219,PMU D7 R&L,20240206PMU3_OD_R_2_0_0000002_Structure_0004,https://drive.google.com/file/d/1Szt6TnZDTEdo2rVHX1hTDSU5KD9O0fdo/view?usp=drive_link,,3,2,3,3,FALSE,FALSE,TRUE,FALSE,FALSE,3,3
2936,20240219,PMU D7 R&L,20240206PMU3_OD_R_4_0_0000009_Structure_0001,https://drive.google.com/file/d/1QnFJ_52HtlIadHt1dT9ML5P-JBSK78SQ/view?usp=drive_link,,0.5,0.5,0.5,3,FALSE,TRUE,TRUE,FALSE,FALSE,0.5,0.5
2937,20240219,PMU D7 R&L,20240206PMU3_OD_R_4_0_0000009_Structure_0002,https://drive.google.com/file/d/17-Kp0XpsmLkhZ-xIXQJMT4D3OKtWMRx0/view?usp=drive_link,,0,0,0,3,FALSE,TRUE,TRUE,FALSE,FALSE,0,0
2938,20240219,PMU D7 R&L,20240206PMU3_OD_R_4_0_0000009_Structure_0003,https://drive.google.com/file/d/1knclEtnFnQOV2Cq1Jc2VaZTDAEGXcOQT/view?usp=drive_link,,0.5,0.5,0.5,3,FALSE,TRUE,TRUE,FALSE,FALSE,0.5,0.5
2939,20240219,PMU D7 R&L,20240206PMU3_OD_R_4_0_0000009_Structure_0004,https://drive.google.com/file/d/1pSuqX6W9KW_i-d5A76HOWKf1z4ZCf7Oh/view?usp=drive_link,,2,0.5,2,3,FALSE,FALSE,TRUE,FALSE,FALSE,2,2
2940,20240219,PMU D7 R&L,20240206PMU3_OS_R_2_0_0000023_Structure_0001,https://drive.google.com/file/d/1jruHxAXAtWPHcvPICZVlJzyt6xfHF85e/view?usp=drive_link,,0,0,0,3,FALSE,TRUE,TRUE,FALSE,FALSE,0,0
2941,20240219,PMU D7 R&L,20240206PMU3_OS_R_2_0_0000023_Structure_0002,https://drive.google.com/file/d/1w-oMldjspxMtZFAnX7YPTK9r2lZwLR_d/view?usp=drive_link,,0.5,0.5,0,3,FALSE,FALSE,TRUE,FALSE,FALSE,0.5,0.5
2942,20240219,PMU D7 R&L,20240206PMU3_OS_R_2_0_0000023_Structure_0003,https://drive.google.com/file/d/1BzVV2CnIKrl5RmjWixhYSIZqDRTWwN7k/view?usp=drive_link,,0,0,0,3,FALSE,TRUE,TRUE,FALSE,FALSE,0,0
2943,20240219,PMU D7 R&L,20240206PMU3_OS_R_2_0_0000023_Structure_0004,https://drive.google.com/file/d/1LOSBX2NF5XOTbOZwKDAYYXb4NowMUkT8/view?usp=drive_link,,0,0,0,3,FALSE,TRUE,TRUE,FALSE,FALSE,0,0
2944,20240219,PMU D7 R&L,20240206PMU3_OS_R_4_0_0000016_Structure_0001,https://drive.google.com/file/d/1FUSM948ZIj9bG_X2LTKGaG_lQDzdKll0/view?usp=drive_link,,0,0,0,3,FALSE,TRUE,TRUE,FALSE,FALSE,0,0
2945,20240219,PMU D7 R&L,20240206PMU3_OS_R_4_0_0000016_Structure_0002,https://drive.google.com/file/d/1aS1Do08gRcMV1cqZgAQQGIRDlYnfng2T/view?usp=drive_link,,0,0,0,3,FALSE,TRUE,TRUE,FALSE,FALSE,0,0
2946,20240219,PMU D7 R&L,20240206PMU3_OS_R_4_0_0000016_Structure_0003,https://drive.google.com/file/d/11wvihxpxnm9Gg1ddAaAAIN480sqdzsY8/view?usp=drive_link,,0,0,0,3,FALSE,TRUE,TRUE,FALSE,FALSE,0,0
2947,20240219,PMU D7 R&L,20240206PMU3_OS_R_4_0_0000016_Structure_0004,https://drive.google.com/file/d/1UeAWnKQwL1_BpdEPDdZfNuUSgE-1r4zw/view?usp=drive_link,,0,0,0,3,FALSE,TRUE,TRUE,FALSE,FALSE,0,0
2948,20240219,PMU D7 R&L,20240206PMU4_OD_R_2_0_0000023_Structure_0001,https://drive.google.com/file/d/1sH4YIaWarhFyUiwi8laffz9eFz8H1LUk/view?usp=drive_link,,2,2,2,3,FALSE,TRUE,TRUE,FALSE,FALSE,2,2
2949,20240219,PMU D7 R&L,20240206PMU4_OD_R_2_0_0000023_Structure_0002,https://drive.google.com/file/d/1PnZCLL_Mp3SbZavedCbeGYtGlfzyXgXU/view?usp=drive_link,,2,2,2,3,FALSE,TRUE,TRUE,FALSE,FALSE,2,2
2950,20240219,PMU D7 R&L,20240206PMU4_OD_R_2_0_0000023_Structure_0003,https://drive.google.com/file/d/1Cg8UOU5WZhCmNp6Q_O7HFC3zUVY6hNoO/view?usp=drive_link,,2,1,2,3,FALSE,FALSE,TRUE,FALSE,FALSE,2,2
2951,20240219,PMU D7 R&L,20240206PMU4_OD_R_2_0_0000023_Structure_0004,https://drive.google.com/file/d/1KlNdSXZPpZK7Q3qfwDAjhqH4-ImFuEyM/view?usp=drive_link,,2,1,2,3,FALSE,FALSE,TRUE,FALSE,FALSE,2,2
2952,20240219,PMU D7 R&L,20240206PMU4_OD_R_4_0_0000009_Structure_0001,https://drive.google.com/file/d/1aAfKJALH2PGaDLnRCXLr6amJJgxuDKec/view?usp=drive_link,,0,0,0,3,FALSE,TRUE,TRUE,FALSE,FALSE,0,0
2953,20240219,PMU D7 R&L,20240206PMU4_OD_R_4_0_0000009_Structure_0002,https://drive.google.com/file/d/1dRmH34bO7ljIt99QG4xTW0GKQY64B7T_/view?usp=drive_link,,0,0,0,3,FALSE,TRUE,TRUE,FALSE,FALSE,0,0
2954,20240219,PMU D7 R&L,20240206PMU4_OD_R_4_0_0000009_Structure_0003,https://drive.google.com/file/d/1j-N4cZ25j-WesuZipB3hao-SeyLQXcnd/view?usp=drive_link,,0,0,0,3,FALSE,TRUE,TRUE,FALSE,FALSE,0,0
2955,20240219,PMU D7 R&L,20240206PMU4_OD_R_4_0_0000009_Structure_0004,https://drive.google.com/file/d/1tkLT0WBArw7DV6gipzIrlS_k6-Scw5fd/view?usp=drive_link,,0,0,0,3,FALSE,TRUE,TRUE,FALSE,FALSE,0,0
2956,20240219,PMU D7 R&L,20240206PMU4_OS_R_2_0_0000002_Structure_0001,https://drive.google.com/file/d/17uE-uT9nfNMyQKifUnUQxTCkh5nf-RSY/view?usp=drive_link,,0,0,0,3,FALSE,TRUE,TRUE,FALSE,FALSE,0,0
2957,20240219,PMU D7 R&L,20240206PMU4_OS_R_2_0_0000002_Structure_0002,https://drive.google.com/file/d/17FeZ6OxwCZncI7goUpLAjnWR9soiwFo7/view?usp=drive_link,,0,0,0,3,FALSE,TRUE,TRUE,FALSE,FALSE,0,0
2958,20240219,PMU D7 R&L,20240206PMU4_OS_R_2_0_0000002_Structure_0003,https://drive.google.com/file/d/1qR9kAke-QTQ9HwmL0NUtIxdK2D4x7Vm0/view?usp=drive_link,,0,0,0,3,FALSE,TRUE,TRUE,FALSE,FALSE,0,0
2959,20240219,PMU D7 R&L,20240206PMU4_OS_R_2_0_0000002_Structure_0004,https://drive.google.com/file/d/1E_8WkhuPEX_8Mu-43AZcbh8MFP5T6WOb/view?usp=drive_link,,0,0,0,3,FALSE,TRUE,TRUE,FALSE,FALSE,0,0
2960,20240219,PMU D7 R&L,20240206PMU4_OS_R_4_0_0000016_Structure_0001,https://drive.google.com/file/d/1ZbvISEHaGZWOm2OIp0wipSD7PhPbxQdj/view?usp=drive_link,,2,2,1,3,FALSE,FALSE,TRUE,FALSE,FALSE,2,2
2961,20240219,PMU D7 R&L,20240206PMU4_OS_R_4_0_0000016_Structure_0002,https://drive.google.com/file/d/1Gi0MkmC5DU19keh1bgT09Vhm6_nzsnuy/view?usp=drive_link,,0,0,0,3,FALSE,TRUE,TRUE,FALSE,FALSE,0,0
2962,20240219,PMU D7 R&L,20240206PMU4_OS_R_4_0_0000016_Structure_0003,https://drive.google.com/file/d/1rdoCNOCChs2RL5oRGDppRKus3MjDE2u8/view?usp=drive_link,,0,0,0,3,FALSE,TRUE,TRUE,FALSE,FALSE,0,0
2963,20240219,PMU D7 R&L,20240206PMU4_OS_R_4_0_0000016_Structure_0004,https://drive.google.com/file/d/1yneFO4Bkd4b7NVbQ3l3ja6o2gOPIJPZT/view?usp=drive_link,,0,0.5,0,3,FALSE,TRUE,TRUE,FALSE,FALSE,0,0
2964,20240226,PMU D7 R&L,20240206PMU1_OD_R_2_0_0000030_Structure_0001,https://drive.google.com/file/d/1qSEzvIIyVf5aUpHV2CZXX9i01PIKZcO6/view?usp=drive_link,,3,3,3,3,FALSE,TRUE,TRUE,FALSE,FALSE,3,3
2965,20240226,PMU D7 R&L,20240206PMU1_OD_R_2_0_0000030_Structure_0002,https://drive.google.com/file/d/1XKYpLQUv3FyPmPiaXazXgC38T-IS-Jpe/view?usp=drive_link,,2,2,2,3,FALSE,TRUE,TRUE,FALSE,FALSE,2,2
2966,20240226,PMU D7 R&L,20240206PMU1_OD_R_2_0_0000030_Structure_0003,https://drive.google.com/file/d/1-GGZ9bcizYxaClPYDFTtNgQDk6gUwJ15/view?usp=drive_link,,0.5,1,1,3,FALSE,FALSE,TRUE,FALSE,FALSE,1,1
2967,20240226,PMU D7 R&L,20240206PMU1_OD_R_2_0_0000030_Structure_0004,https://drive.google.com/file/d/1eAfqS6EqTQZ_-ZtkLOWSS54yC4bjPozf/view?usp=drive_link,,2,2,2,3,FALSE,TRUE,TRUE,FALSE,FALSE,2,2
2968,20240226,PMU D7 R&L,20240206PMU1_OD_R_4_0_0000037_Structure_0001,https://drive.google.com/file/d/1Esc9P81mgm2JOIUkZ9h0L93WOio27fXX/view?usp=drive_link,,1,1,1,3,FALSE,TRUE,TRUE,FALSE,FALSE,1,1
2969,20240226,PMU D7 R&L,20240206PMU1_OD_R_4_0_0000037_Structure_0002,https://drive.google.com/file/d/1jhP3hZtZb6fpQTAH8EWA3UTfIZxw6I2O/view?usp=drive_link,,0.5,0.5,0.5,3,FALSE,TRUE,TRUE,FALSE,FALSE,0.5,0.5
2970,20240226,PMU D7 R&L,20240206PMU1_OD_R_4_0_0000037_Structure_0003,https://drive.google.com/file/d/16YdNy1AcPRll3_rDJkj43KEUBJIX0iv0/view?usp=drive_link,,1,1,1,3,FALSE,TRUE,TRUE,FALSE,FALSE,1,1
2971,20240226,PMU D7 R&L,20240206PMU1_OD_R_4_0_0000037_Structure_0004,https://drive.google.com/file/d/10wrLDJdiEWvhqEIOhz8QDv7QNN9bR9v5/view?usp=drive_link,,0.5,0.5,0.5,3,FALSE,TRUE,TRUE,FALSE,FALSE,0.5,0.5
2972,20240226,PMU D7 R&L,20240206PMU1_OS_R_2_0_0000051_Structure_0001,https://drive.google.com/file/d/1nKAvKevoAHMndTDWVA0rwUazup--tURl/view?usp=drive_link,,0,0,0,3,FALSE,TRUE,TRUE,FALSE,FALSE,0,0
2973,20240226,PMU D7 R&L,20240206PMU1_OS_R_2_0_0000051_Structure_0002,https://drive.google.com/file/d/1qeG8GLqF5BPW2OtM2MRm7qzEACTn2wWu/view?usp=drive_link,,0,0,0,3,FALSE,TRUE,TRUE,FALSE,FALSE,0,0
2974,20240226,PMU D7 R&L,20240206PMU1_OS_R_2_0_0000051_Structure_0003,https://drive.google.com/file/d/1WBHOTGOc5rUsbaEo5fzgyKxP6LjNIy3Z/view?usp=drive_link,,0,0,0,3,FALSE,TRUE,TRUE,FALSE,FALSE,0,0
2975,20240226,PMU D7 R&L,20240206PMU1_OS_R_2_0_0000051_Structure_0004,https://drive.google.com/file/d/1FtCcycjUw_Ocz35_5UvtR8BblF4GWT03/view?usp=drive_link,,0,0,0,3,FALSE,TRUE,TRUE,FALSE,FALSE,0,0
2976,20240226,PMU D7 R&L,20240206PMU1_OS_R_4_0_0000044_Structure_0001,https://drive.google.com/file/d/11z4TqukFl9yyF9FKr7hmUk8zYchtLvVL/view?usp=drive_link,,0,0,0,3,FALSE,TRUE,TRUE,FALSE,FALSE,0,0
2977,20240226,PMU D7 R&L,20240206PMU1_OS_R_4_0_0000044_Structure_0002,https://drive.google.com/file/d/1u1sVUL99MqhLo1A5jTLRM2zCTENQbnKD/view?usp=drive_link,,0,0,0,3,FALSE,TRUE,TRUE,FALSE,FALSE,0,0
2978,20240226,PMU D7 R&L,20240206PMU1_OS_R_4_0_0000044_Structure_0003,https://drive.google.com/file/d/1rn7bQ5c9Xo5Sr-g86K-cGrj1feo2GDlH/view?usp=drive_link,,0,0,0,3,FALSE,TRUE,TRUE,FALSE,FALSE,0,0
2979,20240226,PMU D7 R&L,20240206PMU1_OS_R_4_0_0000044_Structure_0004,https://drive.google.com/file/d/1cShhemXbCTKoasZGyVee724Iiau0DbAh/view?usp=drive_link,,0,0,0,3,FALSE,TRUE,TRUE,FALSE,FALSE,0,0
2980,20240226,PMU D7 R&L,20240206PMU2_OD_R_2_0_0000051_Structure_0001,https://drive.google.com/file/d/1pR5tJZxCanOczQR1C0rOqYoQFS6scG-g/view?usp=drive_link,,2,2,0,3,FALSE,FALSE,TRUE,FALSE,FALSE,2,2
2981,20240226,PMU D7 R&L,20240206PMU2_OD_R_2_0_0000051_Structure_0002,https://drive.google.com/file/d/1nOU8qyzTR6ak-oKs6OLMdyB6jFSyOPC6/view?usp=drive_link,,2,2,2,3,FALSE,TRUE,TRUE,FALSE,FALSE,2,2
2982,20240226,PMU D7 R&L,20240206PMU2_OD_R_2_0_0000051_Structure_0003,https://drive.google.com/file/d/1mKR_lZZBQysFMXbRg-EH5FRT1snf_3Vq/view?usp=drive_link,,0.5,0.5,0.5,3,FALSE,TRUE,TRUE,FALSE,FALSE,0.5,0.5
2983,20240226,PMU D7 R&L,20240206PMU2_OD_R_2_0_0000051_Structure_0004,https://drive.google.com/file/d/1aA_K4_rVikSrYhnJ1VQHbSn4XtRw8CrC/view?usp=drive_link,,2,2,2,3,FALSE,TRUE,TRUE,FALSE,FALSE,2,2
2984,20240226,PMU D7 R&L,20240206PMU2_OD_R_4_0_0000044_Structure_0001,https://drive.google.com/file/d/1UVx2W5c6bSZ1cDPvDoiiovT5JXwvqDmY/view?usp=drive_link,,1,1,1,3,FALSE,TRUE,TRUE,FALSE,FALSE,1,1
2985,20240226,PMU D7 R&L,20240206PMU2_OD_R_4_0_0000044_Structure_0002,https://drive.google.com/file/d/1-T54x_M-4S-jIo2QbVs_dOEvtyn7kGgK/view?usp=drive_link,,0.5,0.5,0.5,3,FALSE,TRUE,TRUE,FALSE,FALSE,0.5,0.5
2986,20240226,PMU D7 R&L,20240206PMU2_OD_R_4_0_0000044_Structure_0003,https://drive.google.com/file/d/1vHV_gmnxdzCuzVdTpH0Yio89M7ltPrjW/view?usp=drive_link,,0,0,0,3,FALSE,TRUE,TRUE,FALSE,FALSE,0,0
2987,20240226,PMU D7 R&L,20240206PMU2_OD_R_4_0_0000044_Structure_0004,https://drive.google.com/file/d/1Vha-NyYEsfVyI_VW_lnPwxSnFckYnjm7/view?usp=drive_link,,2,2,2,3,FALSE,TRUE,TRUE,FALSE,FALSE,2,2
2988,20240226,PMU D7 R&L,20240206PMU2_OS_R_2_0_0000030_Structure_0001,https://drive.google.com/file/d/1cQc9MYtflckqZ8pXQnyvTbKTB6wQ-zHd/view?usp=drive_link,,0.5,0.5,0,3,FALSE,FALSE,TRUE,FALSE,FALSE,0.5,0.5
2989,20240226,PMU D7 R&L,20240206PMU2_OS_R_2_0_0000030_Structure_0002,https://drive.google.com/file/d/1dZnpWMp0bw3v-KIoMfA3zJxfd72QfkIP/view?usp=drive_link,,0,0,0,3,FALSE,TRUE,TRUE,FALSE,FALSE,0,0
2990,20240226,PMU D7 R&L,20240206PMU2_OS_R_2_0_0000030_Structure_0003,https://drive.google.com/file/d/1HZP3v2PhpaFfDJdggq7yU76vfq2MLXEZ/view?usp=drive_link,,0,0,0,3,FALSE,TRUE,TRUE,FALSE,FALSE,0,0
2991,20240226,PMU D7 R&L,20240206PMU2_OS_R_2_0_0000030_Structure_0004,https://drive.google.com/file/d/17U38ZZW9-5jlnsDhMWLnfgOq5bcXKuS5/view?usp=drive_link,,0,0,0,3,FALSE,TRUE,TRUE,FALSE,FALSE,0,0
2992,20240226,PMU D7 R&L,20240206PMU2_OS_R_4_0_0000037_Structure_0001,https://drive.google.com/file/d/1OFfB9RMjE541SZvVYF5AAlUPHazZRH5J/view?usp=drive_link,,0,0,0,3,FALSE,TRUE,TRUE,FALSE,FALSE,0,0
2993,20240226,PMU D7 R&L,20240206PMU2_OS_R_4_0_0000037_Structure_0002,https://drive.google.com/file/d/1p4k_hyGjO5hJPK32ifN4KTyC2r7TmLc3/view?usp=drive_link,,0,0,0,3,FALSE,TRUE,TRUE,FALSE,FALSE,0,0
2994,20240226,PMU D7 R&L,20240206PMU2_OS_R_4_0_0000037_Structure_0003,https://drive.google.com/file/d/1l4-HkY7hgR0ZYpO7o5qUdFn17Hzcu71g/view?usp=drive_link,,0,0,0,3,FALSE,TRUE,TRUE,FALSE,FALSE,0,0
2995,20240226,PMU D7 R&L,20240206PMU2_OS_R_4_0_0000037_Structure_0004,https://drive.google.com/file/d/1UpSX4-JGvztNaIXDcl3KxfnhktTkokJ0/view?usp=drive_link,,0,0,0,3,FALSE,TRUE,TRUE,FALSE,FALSE,0,0
2996,20240226,PMU D7 R&L,20240206PMU3_OD_R_2_0_0000030_Structure_0001,https://drive.google.com/file/d/1JvrPhl3HzL29Ng1A19U4n_EDRTBeSXtG/view?usp=drive_link,,1,1,1,3,FALSE,TRUE,TRUE,FALSE,FALSE,1,1
2997,20240226,PMU D7 R&L,20240206PMU3_OD_R_2_0_0000030_Structure_0002,https://drive.google.com/file/d/1a10DclmYX6MyLCCfEWo2YVgBXks_sJZh/view?usp=drive_link,,1,1,1,3,FALSE,TRUE,TRUE,FALSE,FALSE,1,1
2998,20240226,PMU D7 R&L,20240206PMU3_OD_R_2_0_0000030_Structure_0003,https://drive.google.com/file/d/1UDCdtiXW79BOfZgkWRQZGyjwq05XF1vF/view?usp=drive_link,,1,1,1,3,FALSE,TRUE,TRUE,FALSE,FALSE,1,1
2999,20240226,PMU D7 R&L,20240206PMU3_OD_R_2_0_0000030_Structure_0004,https://drive.google.com/file/d/1HZyQoo7B5SMHbTrNb0a8KrWkMsrVwuIT/view?usp=drive_link,,1,0.5,1,3,FALSE,FALSE,TRUE,FALSE,FALSE,1,1
3000,20240226,PMU D7 R&L,20240206PMU3_OD_R_4_0_0000037_Structure_0001,https://drive.google.com/file/d/1uWKVAt0IKYKCQa03Jf7YxMiElpVK7vXY/view?usp=drive_link,,0,0,0,3,FALSE,TRUE,TRUE,FALSE,FALSE,0,0
3001,20240226,PMU D7 R&L,20240206PMU3_OD_R_4_0_0000037_Structure_0002,https://drive.google.com/file/d/1MhelKRWtLE1lHCzOo1bHAbhm-qVPmA2e/view?usp=drive_link,,0,0,0,3,FALSE,TRUE,TRUE,FALSE,FALSE,0,0
3002,20240226,PMU D7 R&L,20240206PMU3_OD_R_4_0_0000037_Structure_0003,https://drive.google.com/file/d/1gzHTQAb-Br7tSAS9tYVqqvV-xqEbDWMT/view?usp=drive_link,,0,0.5,0.5,3,FALSE,FALSE,TRUE,FALSE,FALSE,0.5,0.5
3003,20240226,PMU D7 R&L,20240206PMU3_OD_R_4_0_0000037_Structure_0004,https://drive.google.com/file/d/131UvVafBVRrlW3vGENupZ8TBkiiWqm0t/view?usp=drive_link,,0,0,0,3,FALSE,TRUE,TRUE,FALSE,FALSE,0,0
3004,20240226,PMU D7 R&L,20240206PMU3_OS_R_2_0_0000051_Structure_0001,https://drive.google.com/file/d/1EuUguW8QVG2PP-BHYS1f0KdFJbPTO6m6/view?usp=drive_link,,0,0,0,3,FALSE,TRUE,TRUE,FALSE,FALSE,0,0
3005,20240226,PMU D7 R&L,20240206PMU3_OS_R_2_0_0000051_Structure_0002,https://drive.google.com/file/d/1WO2Pdtrx_zh7mln3gNL74x7gUF7Xut0y/view?usp=drive_link,,0,0,0,3,FALSE,TRUE,TRUE,FALSE,FALSE,0,0
3006,20240226,PMU D7 R&L,20240206PMU3_OS_R_2_0_0000051_Structure_0003,https://drive.google.com/file/d/10jK-DUJuA-PDwkUXhHplCe41D5DIUfvr/view?usp=drive_link,,0,0,0,3,FALSE,TRUE,TRUE,FALSE,FALSE,0,0
3007,20240226,PMU D7 R&L,20240206PMU3_OS_R_2_0_0000051_Structure_0004,https://drive.google.com/file/d/1T43ECL1h4FovGlOeqSyO4E6wbQtfQYPT/view?usp=drive_link,,0.5,0,0.5,3,FALSE,FALSE,TRUE,FALSE,FALSE,0.5,0.5
3008,20240226,PMU D7 R&L,20240206PMU3_OS_R_4_0_0000044_Structure_0001,https://drive.google.com/file/d/1JHRVPtiRpVXRC_bH87atMifDA04sT21J/view?usp=drive_link,,0,0,0,3,FALSE,TRUE,TRUE,FALSE,FALSE,0,0
3009,20240226,PMU D7 R&L,20240206PMU3_OS_R_4_0_0000044_Structure_0002,https://drive.google.com/file/d/1FeQLOlg4fjMT8WS8ITQ1vn5FTmQez2rI/view?usp=drive_link,,0,0,0,3,FALSE,TRUE,TRUE,FALSE,FALSE,0,0
3010,20240226,PMU D7 R&L,20240206PMU3_OS_R_4_0_0000044_Structure_0003,https://drive.google.com/file/d/1mQUCG1jPepcXgtkaNRfh5jiM20uaItJz/view?usp=drive_link,,0.5,0,0,3,FALSE,TRUE,TRUE,FALSE,FALSE,0,0
3011,20240226,PMU D7 R&L,20240206PMU3_OS_R_4_0_0000044_Structure_0004,https://drive.google.com/file/d/1z1qqGOpuUE-zSaCqcmEOJLS5t3kepi-f/view?usp=drive_link,,0,0,0,3,FALSE,TRUE,TRUE,FALSE,FALSE,0,0
3012,20240226,PMU D7 R&L,20240206PMU4_OD_R_2_0_0000051_Structure_0001,https://drive.google.com/file/d/13YLmlsldAkzM33tFaVxzDVNLaSt97evS/view?usp=drive_link,,2,2,2,3,FALSE,TRUE,TRUE,FALSE,FALSE,2,2
3013,20240226,PMU D7 R&L,20240206PMU4_OD_R_2_0_0000051_Structure_0002,https://drive.google.com/file/d/1qt0Cm7vBP0ObBfAtRqbxPx_XXGHAKXQC/view?usp=drive_link,,3,1,3,3,FALSE,FALSE,TRUE,FALSE,FALSE,3,3
3014,20240226,PMU D7 R&L,20240206PMU4_OD_R_2_0_0000051_Structure_0003,https://drive.google.com/file/d/1iJ7nmNeSKUhtEljDsW_L-lUArMIW28_p/view?usp=drive_link,2,2,1,3,4,FALSE,FALSE,TRUE,FALSE,FALSE,2,2
3015,20240226,PMU D7 R&L,20240206PMU4_OD_R_2_0_0000051_Structure_0004,https://drive.google.com/file/d/1-4khecLnXZ_fyKYKNVFY6k9i6bIReoWP/view?usp=drive_link,,2,2,2,3,FALSE,TRUE,TRUE,FALSE,FALSE,2,2
3016,20240226,PMU D7 R&L,20240206PMU4_OD_R_4_0_0000044_Structure_0001,https://drive.google.com/file/d/1vOMOF5202mdqOBFmf9PimRq40ZnsE0hO/view?usp=drive_link,,1,0.5,1,3,FALSE,FALSE,TRUE,FALSE,FALSE,1,1
3017,20240226,PMU D7 R&L,20240206PMU4_OD_R_4_0_0000044_Structure_0002,https://drive.google.com/file/d/1QpNsJr-TSTCWjPT2IwdN4p_av_lg6U4y/view?usp=drive_link,,2,2,2,3,FALSE,TRUE,TRUE,FALSE,FALSE,2,2
3018,20240226,PMU D7 R&L,20240206PMU4_OD_R_4_0_0000044_Structure_0003,https://drive.google.com/file/d/1gOkFGXHJszlaxAdSmgjPD9vRD7lnmG2c/view?usp=drive_link,,0,2,2,3,FALSE,FALSE,TRUE,FALSE,FALSE,2,2
3019,20240226,PMU D7 R&L,20240206PMU4_OD_R_4_0_0000044_Structure_0004,https://drive.google.com/file/d/1k59NrRU988O8d67jS7pr3iPkd412DfQf/view?usp=drive_link,,1,1,1,3,FALSE,TRUE,TRUE,FALSE,FALSE,1,1
3020,20240226,PMU D7 R&L,20240206PMU4_OS_R_2_0_0000030_Structure_0001,https://drive.google.com/file/d/15EEBly43EqQbAgvzqv68Gnm8kAx8-PRq/view?usp=drive_link,,0,0,0,3,FALSE,TRUE,TRUE,FALSE,FALSE,0,0
3021,20240226,PMU D7 R&L,20240206PMU4_OS_R_2_0_0000030_Structure_0002,https://drive.google.com/file/d/141PI40uIlPvSn6fzJKGOU-yHB2yFdaUt/view?usp=drive_link,,0,0,0,3,FALSE,TRUE,TRUE,FALSE,FALSE,0,0
3022,20240226,PMU D7 R&L,20240206PMU4_OS_R_2_0_0000030_Structure_0003,https://drive.google.com/file/d/1Mn5IzpBeiP1H-ErzSsMn-Ze0-uNiHwP-/view?usp=drive_link,,0,0,0,3,FALSE,TRUE,TRUE,FALSE,FALSE,0,0
3023,20240226,PMU D7 R&L,20240206PMU4_OS_R_2_0_0000030_Structure_0004,https://drive.google.com/file/d/130KVWExSaWUwXWqftT-PrLYqaXiLKuL8/view?usp=drive_link,,0,0,0,3,FALSE,TRUE,TRUE,FALSE,FALSE,0,0
3024,20240226,PMU D7 R&L,20240206PMU4_OS_R_4_0_0000037_Structure_0001,https://drive.google.com/file/d/1QGQN2fAdI07fJr4GKbjphEKE1h9Nl550/view?usp=drive_link,,0,0,0,3,FALSE,TRUE,TRUE,FALSE,FALSE,0,0
3025,20240226,PMU D7 R&L,20240206PMU4_OS_R_4_0_0000037_Structure_0002,https://drive.google.com/file/d/1SDRb7HnDdKIyA7tIONJih6m5tRznSlv4/view?usp=drive_link,,0,0,0,3,FALSE,TRUE,TRUE,FALSE,FALSE,0,0
3026,20240226,PMU D7 R&L,20240206PMU4_OS_R_4_0_0000037_Structure_0003,https://drive.google.com/file/d/1Fp4cphOPqYFgUsB10alFr36V242QFEIH/view?usp=drive_link,,0,0,0,3,FALSE,TRUE,TRUE,FALSE,FALSE,0,0
3027,20240226,PMU D7 R&L,20240206PMU4_OS_R_4_0_0000037_Structure_0004,https://drive.google.com/file/d/1HBAWGeEGAHljiorOy9HMAQZV4zfz2iuA/view?usp=drive_link,,0,0,0,3,FALSE,TRUE,TRUE,FALSE,FALSE,0,0
3028,20240226,UMU D7 ,20231218mouse1_OD_R_2_0_0000058_Structure_0001,https://drive.google.com/file/d/1-xuaYN3UKcBS9lFJReKkIeLFPnvHT3E7/view?usp=drive_link,,0.5,0.5,0.5,3,FALSE,TRUE,TRUE,FALSE,FALSE,0.5,0.5
3029,20240226,UMU D7 ,20231218mouse1_OD_R_2_0_0000058_Structure_0002,https://drive.google.com/file/d/1bMxZSsOX-KMfuT7tbXUrYiI7WFRvUcVl/view?usp=drive_link,,0.5,0.5,0.5,3,FALSE,TRUE,TRUE,FALSE,FALSE,0.5,0.5
3030,20240226,UMU D7 ,20231218mouse1_OD_R_2_0_0000058_Structure_0003,https://drive.google.com/file/d/1ou-5IJvdUVmJ9J5--0OikCVV9wP7BJ0k/view?usp=drive_link,,1,0.5,0.5,3,FALSE,FALSE,TRUE,FALSE,FALSE,0.5,0.5
3031,20240226,UMU D7 ,20231218mouse1_OD_R_2_0_0000058_Structure_0004,https://drive.google.com/file/d/1JGmd08bz2XU1eTNonGB2nBs2w6ECD-zT/view?usp=drive_link,,0.5,0.5,0.5,3,FALSE,TRUE,TRUE,FALSE,FALSE,0.5,0.5
3032,20240226,UMU D7 ,20231218mouse1_OD_R_4_0_0000065_Structure_0001,https://drive.google.com/file/d/1gOlpzsCBFvny4Wq_nM-DOesbdQNu1q1L/view?usp=drive_link,,0,0,0,3,FALSE,TRUE,TRUE,FALSE,FALSE,0,0
3033,20240226,UMU D7 ,20231218mouse1_OD_R_4_0_0000065_Structure_0002,https://drive.google.com/file/d/1sDoKrypHaJUNtm_cnDRkdw7pg0omfehM/view?usp=drive_link,,0,0,0,3,FALSE,TRUE,TRUE,FALSE,FALSE,0,0
3034,20240226,UMU D7 ,20231218mouse1_OD_R_4_0_0000065_Structure_0003,https://drive.google.com/file/d/17SEOmZZNRnmIuVV4n-oHhzLkLq-rOkXx/view?usp=drive_link,,0.5,0.5,0.5,3,FALSE,TRUE,TRUE,FALSE,FALSE,0.5,0.5
3035,20240226,UMU D7 ,20231218mouse1_OD_R_4_0_0000065_Structure_0004,https://drive.google.com/file/d/1M5dqeNwOzUjByOfZmK5qPZ7nfB1PNk3p/view?usp=drive_link,,0,0,0,3,FALSE,TRUE,TRUE,FALSE,FALSE,0,0
3036,20240226,UMU D7 ,20231218mouse2_OD_R_2_0_0000065_Structure_0001,https://drive.google.com/file/d/14voD7cJ-_x_NZJrHyhb0khLcuLKtn0Ey/view?usp=drive_link,0.5,2,1,0.5,4,FALSE,FALSE,TRUE,FALSE,FALSE,0.5,0.5
3037,20240226,UMU D7 ,20231218mouse2_OD_R_2_0_0000065_Structure_0002,https://drive.google.com/file/d/1xC-nUqIcfniG8aGsPgLPXyWrsxkadCNh/view?usp=drive_link,,0,0,0,3,FALSE,TRUE,TRUE,FALSE,FALSE,0,0
3038,20240226,UMU D7 ,20231218mouse2_OD_R_2_0_0000065_Structure_0003,https://drive.google.com/file/d/1xQLPPlOHQyzlcCYckGIA5YeOAn5SrE1a/view?usp=drive_link,,0.5,0.5,0.5,3,FALSE,TRUE,TRUE,FALSE,FALSE,0.5,0.5
3039,20240226,UMU D7 ,20231218mouse2_OD_R_2_0_0000065_Structure_0004,https://drive.google.com/file/d/1HVzMFsmHsc-tv_7B46DwbtBO_mNxbBTW/view?usp=drive_link,,0.5,0.5,0.5,3,FALSE,TRUE,TRUE,FALSE,FALSE,0.5,0.5
3040,20240226,UMU D7 ,20231218mouse2_OD_R_4_0_0000058_Structure_0001,https://drive.google.com/file/d/1wLf5FpWoQrBsa3weBHeQUnN1X1bwhZ77/view?usp=drive_link,,0,0,0,3,FALSE,TRUE,TRUE,FALSE,FALSE,0,0
3041,20240226,UMU D7 ,20231218mouse2_OD_R_4_0_0000058_Structure_0002,https://drive.google.com/file/d/1Kds-iPDi9TR9FhYb12LLQsKJEgtn99Yx/view?usp=drive_link,,0,0,0,3,FALSE,TRUE,TRUE,FALSE,FALSE,0,0
3042,20240226,UMU D7 ,20231218mouse2_OD_R_4_0_0000058_Structure_0003,https://drive.google.com/file/d/1XMgkW5SBYpxpU9BAs1xbT3QTZ2sMV7Bv/view?usp=drive_link,,0,0,0,3,FALSE,TRUE,TRUE,FALSE,FALSE,0,0
3043,20240226,UMU D7 ,20231218mouse2_OD_R_4_0_0000058_Structure_0004,https://drive.google.com/file/d/1JSHxyXOHiSZfBauJhT_v4Fsn7tZu226u/view?usp=drive_link,,0,0,0,3,FALSE,TRUE,TRUE,FALSE,FALSE,0,0
3044,20240226,UMU D7 ,20231218mouse3_OD_R_2_0_0000065_Structure_0001,https://drive.google.com/file/d/1zC5RSKMUuZp0BnaTUmIC5p_NR-VNY4Pv/view?usp=drive_link,,0.5,0.5,0.5,3,FALSE,TRUE,TRUE,FALSE,FALSE,0.5,0.5
3045,20240226,UMU D7 ,20231218mouse3_OD_R_2_0_0000065_Structure_0002,https://drive.google.com/file/d/1c5lS0izZ_7eahMoXfm-x6v8pjb-PaZFW/view?usp=drive_link,,0.5,0.5,0.5,3,FALSE,TRUE,TRUE,FALSE,FALSE,0.5,0.5
3046,20240226,UMU D7 ,20231218mouse3_OD_R_2_0_0000065_Structure_0003,https://drive.google.com/file/d/1gxnyo6ICh1HV9ZiWL666PYmgBYyK8fci/view?usp=drive_link,,0.5,0.5,0.5,3,FALSE,TRUE,TRUE,FALSE,FALSE,0.5,0.5
3047,20240226,UMU D7 ,20231218mouse3_OD_R_2_0_0000065_Structure_0004,https://drive.google.com/file/d/1k3RXwckTC8nwMu0BNs2m-0LLl5qYByU2/view?usp=drive_link,,0.5,0.5,0.5,3,FALSE,TRUE,TRUE,FALSE,FALSE,0.5,0.5
3048,20240226,UMU D7 ,20231218mouse3_OD_R_4_0_0000058_Structure_0001,https://drive.google.com/file/d/1SVaoccONkjAopAYfAef3OlpoQAFI0HTC/view?usp=drive_link,,0,0,0,3,FALSE,TRUE,TRUE,FALSE,FALSE,0,0
3049,20240226,UMU D7 ,20231218mouse3_OD_R_4_0_0000058_Structure_0002,https://drive.google.com/file/d/1rEcEWfRW5d4sJK8rXWk2mi9jjAeexXlq/view?usp=drive_link,,0.5,0,0.5,3,FALSE,FALSE,TRUE,FALSE,FALSE,0.5,0.5
3050,20240226,UMU D7 ,20231218mouse3_OD_R_4_0_0000058_Structure_0003,https://drive.google.com/file/d/1Yh45bzZzKEbIBLphkl3xVXCyMg0lkDZm/view?usp=drive_link,,0.5,0,0.5,3,FALSE,FALSE,TRUE,FALSE,FALSE,0.5,0.5
3051,20240226,UMU D7 ,20231218mouse3_OD_R_4_0_0000058_Structure_0004,https://drive.google.com/file/d/1J0kYHj0ffDVWXh8p0F16iQ7C5JIUiY48/view?usp=drive_link,,0,0,0,3,FALSE,TRUE,TRUE,FALSE,FALSE,0,0
3052,20240226,UMU D7 ,20231218mouse4_OD_R_2_0_0000058_Structure_0001,https://drive.google.com/file/d/12XxcCqQsCOLI7PJEAroxbR3-EZudj2bY/view?usp=drive_link,,0.5,0.5,0.5,3,FALSE,TRUE,TRUE,FALSE,FALSE,0.5,0.5
3053,20240226,UMU D7 ,20231218mouse4_OD_R_2_0_0000058_Structure_0002,https://drive.google.com/file/d/1Rv03as4y9cRzaRSpgtGZrja7ULx0e0sS/view?usp=drive_link,,1,0.5,1,3,FALSE,FALSE,TRUE,FALSE,FALSE,1,1
3054,20240226,UMU D7 ,20231218mouse4_OD_R_2_0_0000058_Structure_0003,https://drive.google.com/file/d/171-xTwwpWxQ1F3l78O6mx1S4CkMorxSs/view?usp=drive_link,,1,0.5,1,3,FALSE,FALSE,TRUE,FALSE,FALSE,1,1
3055,20240226,UMU D7 ,20231218mouse4_OD_R_2_0_0000058_Structure_0004,https://drive.google.com/file/d/1lgxtxpeC4WoIUe-uZBYN1IwzdiThzfgV/view?usp=drive_link,,1,0.5,1,3,FALSE,FALSE,TRUE,FALSE,FALSE,1,1
3056,20240226,UMU D7 ,20231218mouse4_OD_R_4_0_0000065_Structure_0001,https://drive.google.com/file/d/1usY0J927zTwegukZbYhmCYXCq7JEOz6Z/view?usp=drive_link,,0,0,0,3,FALSE,TRUE,TRUE,FALSE,FALSE,0,0
3057,20240226,UMU D7 ,20231218mouse4_OD_R_4_0_0000065_Structure_0002,https://drive.google.com/file/d/1--xnKAjZ8UQWzPheUH_KjXUJrefUTQyW/view?usp=drive_link,,0,0,0,3,FALSE,TRUE,TRUE,FALSE,FALSE,0,0
3058,20240226,UMU D7 ,20231218mouse4_OD_R_4_0_0000065_Structure_0003,https://drive.google.com/file/d/14L223jg36QRyor8ygc9t3P4O6UysdqJi/view?usp=drive_link,,0,0,0,3,FALSE,TRUE,TRUE,FALSE,FALSE,0,0
3059,20240226,UMU D7 ,20231218mouse4_OD_R_4_0_0000065_Structure_0004,https://drive.google.com/file/d/1d45HSO98spylob4UaaWsKp6Co4mveXaV/view?usp=drive_link,,0.5,0.5,0.5,3,FALSE,TRUE,TRUE,FALSE,FALSE,0.5,0.5
3060,20240305,UMU D28,20231218mouse1_OD_R_2_0_0000079_Structure_0001,https://drive.google.com/file/d/1h9iaJLXhrfKR-PhNeJgJ-G7c5MTfq0ki/view?usp=drive_link,,0.5,0,0.5,3,FALSE,FALSE,TRUE,FALSE,FALSE,0.5,0.5
3061,20240305,UMU D28,20231218mouse1_OD_R_2_0_0000079_Structure_0002,https://drive.google.com/file/d/1GvgdJ78sqyGTM_LLyXCENyJXMgY0FXqF/view?usp=drive_link,,0.5,0.5,0.5,3,FALSE,TRUE,TRUE,FALSE,FALSE,0.5,0.5
3062,20240305,UMU D28,20231218mouse1_OD_R_2_0_0000079_Structure_0003,https://drive.google.com/file/d/1lhRCWfX9xtU9IRTK_VBW6LABbQaDT6H8/view?usp=drive_link,,0,0,0,3,FALSE,TRUE,TRUE,FALSE,FALSE,0,0
3063,20240305,UMU D28,20231218mouse1_OD_R_2_0_0000079_Structure_0004,https://drive.google.com/file/d/1p6UpOTIzZKfLm-Q-0SMIkE6h8vxNvu_E/view?usp=drive_link,,0,0,0,3,FALSE,TRUE,TRUE,FALSE,FALSE,0,0
3064,20240305,UMU D28,20231218mouse1_OD_R_4_0_0000072_Structure_0001,https://drive.google.com/file/d/1kyzAzFHL0yDyIF5g4ibqes7ddmq5Mk4O/view?usp=drive_link,,0,0,0,3,FALSE,TRUE,TRUE,FALSE,FALSE,0,0
3065,20240305,UMU D28,20231218mouse1_OD_R_4_0_0000072_Structure_0002,https://drive.google.com/file/d/1qnNgKA7e_oLAY2fehigJkiqn0J4Okb4R/view?usp=drive_link,,0,0,0,3,FALSE,TRUE,TRUE,FALSE,FALSE,0,0
3066,20240305,UMU D28,20231218mouse1_OD_R_4_0_0000072_Structure_0003,https://drive.google.com/file/d/1yR8ER9xq7_O6MZKtX4oG7P8LCVPd-8Qh/view?usp=drive_link,,0,0,0,3,FALSE,TRUE,TRUE,FALSE,FALSE,0,0
3067,20240305,UMU D28,20231218mouse1_OD_R_4_0_0000072_Structure_0004,https://drive.google.com/file/d/1xqa2-7Wfdz-F0RKuTGUJ2jRRXviYYBum/view?usp=drive_link,,0,0,0,3,FALSE,TRUE,TRUE,FALSE,FALSE,0,0
3068,20240305,UMU D28,20231218mouse2_OD_R_2_0_0000072_Structure_0001,https://drive.google.com/file/d/1ZWf0Xav7nt7eqOl48bbO4pWODYudAJk9/view?usp=drive_link,,0,0,0,3,FALSE,TRUE,TRUE,FALSE,FALSE,0,0
3069,20240305,UMU D28,20231218mouse2_OD_R_2_0_0000072_Structure_0002,https://drive.google.com/file/d/16zzqa9vQwoAQiOBeSRcSrPqa2pV5tb2X/view?usp=drive_link,,0,0,0,3,FALSE,TRUE,TRUE,FALSE,FALSE,0,0
3070,20240305,UMU D28,20231218mouse2_OD_R_2_0_0000072_Structure_0003,https://drive.google.com/file/d/1Ng91crBXRDOt-5BAMAgyNUxJkDgkbtaq/view?usp=drive_link,,0,0,0,3,FALSE,TRUE,TRUE,FALSE,FALSE,0,0
3071,20240305,UMU D28,20231218mouse2_OD_R_2_0_0000072_Structure_0004,https://drive.google.com/file/d/12st2H1nH1GmWv_9RFuYP4mWXub07y7Bi/view?usp=drive_link,,0,0,0,3,FALSE,TRUE,TRUE,FALSE,FALSE,0,0
3072,20240305,UMU D28,20231218mouse2_OD_R_4_0_0000079_Structure_0001,https://drive.google.com/file/d/1HLw5ICVMQfMVEhUyc1pWk5b0Qm3RhLX9/view?usp=drive_link,,0,0,0,3,FALSE,TRUE,TRUE,FALSE,FALSE,0,0
3073,20240305,UMU D28,20231218mouse2_OD_R_4_0_0000079_Structure_0002,https://drive.google.com/file/d/1IgOAqkTwaS20wP4mcaMMydSwMBPwU-N4/view?usp=drive_link,,0,0,0,3,FALSE,TRUE,TRUE,FALSE,FALSE,0,0
3074,20240305,UMU D28,20231218mouse2_OD_R_4_0_0000079_Structure_0003,https://drive.google.com/file/d/18GUuNpxldiSlkDnfdBSyk9TixDRBXEm5/view?usp=drive_link,,0,0,0,3,FALSE,TRUE,TRUE,FALSE,FALSE,0,0
3075,20240305,UMU D28,20231218mouse2_OD_R_4_0_0000079_Structure_0004,https://drive.google.com/file/d/19C82PQMBDTXyy4vpCvOhcNeNK6zPMbj9/view?usp=drive_link,,0,0,0,3,FALSE,TRUE,TRUE,FALSE,FALSE,0,0
3076,20240305,UMU D28,20231218mouse3_OD_R_2_0_0000079_Structure_0001,https://drive.google.com/file/d/1_k_sbe97A_riB-yRlTHBu_Ga-6aHPMvq/view?usp=drive_link,,0.5,0.5,0.5,3,FALSE,TRUE,TRUE,FALSE,FALSE,0.5,0.5
3077,20240305,UMU D28,20231218mouse3_OD_R_2_0_0000079_Structure_0002,https://drive.google.com/file/d/1eqzAR5_aqlxbVJPEa0kZlPBn9-tjOoEY/view?usp=drive_link,,0,0,0,3,FALSE,TRUE,TRUE,FALSE,FALSE,0,0
3078,20240305,UMU D28,20231218mouse3_OD_R_2_0_0000079_Structure_0003,https://drive.google.com/file/d/1o1rAavYJkd1H8QOEmAEhcJr0SrKFYsHG/view?usp=drive_link,,0,0,0,3,FALSE,TRUE,TRUE,FALSE,FALSE,0,0
3079,20240305,UMU D28,20231218mouse3_OD_R_2_0_0000079_Structure_0004,https://drive.google.com/file/d/179x_8LJETdzSZ4iC-4t9YC9zWqqpDhpH/view?usp=drive_link,,0,0,0,3,FALSE,TRUE,TRUE,FALSE,FALSE,0,0
3080,20240305,UMU D28,20231218mouse3_OD_R_4_0_0000072_Structure_0001,https://drive.google.com/file/d/10XU7mUAiWsxyIsMgJkgACsv1PVNDcH59/view?usp=drive_link,,0,0,0,3,FALSE,TRUE,TRUE,FALSE,FALSE,0,0
3081,20240305,UMU D28,20231218mouse3_OD_R_4_0_0000072_Structure_0002,https://drive.google.com/file/d/1WwNub4uOwpLVKtN0ANsFLLdDWm2ofb7p/view?usp=drive_link,,0,0,0,3,FALSE,TRUE,TRUE,FALSE,FALSE,0,0
3082,20240305,UMU D28,20231218mouse3_OD_R_4_0_0000072_Structure_0003,https://drive.google.com/file/d/1AVTzue2z5zBpj6PwWiPlVJyc8gbFuJDw/view?usp=drive_link,,0,0,0,3,FALSE,TRUE,TRUE,FALSE,FALSE,0,0
3083,20240305,UMU D28,20231218mouse3_OD_R_4_0_0000072_Structure_0004,https://drive.google.com/file/d/1CFp7Of97bSJ1SdKzdAs2QdXN3CHMBdFz/view?usp=drive_link,,0,0,0,3,FALSE,TRUE,TRUE,FALSE,FALSE,0,0
3084,20240305,UMU D28,20231218mouse4_OD_R_2_0_0000072_Structure_0001,https://drive.google.com/file/d/1eUtf31IX0s7wjUvN_iJAGuBeiFPXp3-n/view?usp=drive_link,,0.5,0.5,0.5,3,FALSE,TRUE,TRUE,FALSE,FALSE,0.5,0.5
3085,20240305,UMU D28,20231218mouse4_OD_R_2_0_0000072_Structure_0002,https://drive.google.com/file/d/1EYAHcBh1xnkQfS4LMr49Qkm836_ZIaZ6/view?usp=drive_link,,0.5,0.5,0.5,3,FALSE,TRUE,TRUE,FALSE,FALSE,0.5,0.5
3086,20240305,UMU D28,20231218mouse4_OD_R_2_0_0000072_Structure_0003,https://drive.google.com/file/d/1XwW27tcLSY6ht74jDK8zL_w-Q3voLw75/view?usp=drive_link,,0.5,0.5,0.5,3,FALSE,TRUE,TRUE,FALSE,FALSE,0.5,0.5
3087,20240305,UMU D28,20231218mouse4_OD_R_2_0_0000072_Structure_0004,https://drive.google.com/file/d/1AC3uJBfDleDp1BtCfGq83zwDAFle0cjI/view?usp=drive_link,,0.5,0.5,0.5,3,FALSE,TRUE,TRUE,FALSE,FALSE,0.5,0.5
3088,20240305,UMU D28,20231218mouse4_OD_R_4_0_0000079_Structure_0001,https://drive.google.com/file/d/1jnuiyUGKwy7WkCvrkaDjKZMx2N0ZLQxJ/view?usp=drive_link,,0,0,0,3,FALSE,TRUE,TRUE,FALSE,FALSE,0,0
3089,20240305,UMU D28,20231218mouse4_OD_R_4_0_0000079_Structure_0002,https://drive.google.com/file/d/14Rd4h7_qFxdz4jspev0bN2ejjgs2wJx-/view?usp=drive_link,,0,0,0,3,FALSE,TRUE,TRUE,FALSE,FALSE,0,0
3090,20240305,UMU D28,20231218mouse4_OD_R_4_0_0000079_Structure_0003,https://drive.google.com/file/d/1-S7xXHws3_bMnYIP2JCq4dYyFKIjcthO/view?usp=drive_link,,0,0,0,3,FALSE,TRUE,TRUE,FALSE,FALSE,0,0
3091,20240305,UMU D28,20231218mouse4_OD_R_4_0_0000079_Structure_0004,https://drive.google.com/file/d/1ucih-PClORDcWgxN201UJFE8F2zINHxX/view?usp=drive_link,,0,0,0,3,FALSE,TRUE,TRUE,FALSE,FALSE,0,0
3092,20240311,PMU D28 R&L,20240206PMU1_OD_R_2_0_0000058_Structure_0001,https://drive.google.com/file/d/1Vipn7zMYwiJ69tLMUWkVPEuvFM0omzxj/view?usp=drive_link,,0.5,0.5,0.5,3,FALSE,TRUE,TRUE,FALSE,FALSE,0.5,0.5
3093,20240311,PMU D28 R&L,20240206PMU1_OD_R_2_0_0000058_Structure_0002,https://drive.google.com/file/d/1RSvwwjO60RBgjVVMB4fLiDjKXT2C1j1y/view?usp=drive_link,,0.5,0.5,0.5,3,FALSE,TRUE,TRUE,FALSE,FALSE,0.5,0.5
3094,20240311,PMU D28 R&L,20240206PMU1_OD_R_2_0_0000058_Structure_0003,https://drive.google.com/file/d/1lBitT_e9brc7Ozhl0aqIKGTX-MK1lJck/view?usp=drive_link,,1,0.5,1,3,FALSE,FALSE,TRUE,FALSE,FALSE,1,1
3095,20240311,PMU D28 R&L,20240206PMU1_OD_R_2_0_0000058_Structure_0004,https://drive.google.com/file/d/1c4NbhVmczA39LvT8Dy6_zpn9ndmQgIwY/view?usp=drive_link,,1,0.5,1,3,FALSE,FALSE,TRUE,FALSE,FALSE,1,1
3096,20240311,PMU D28 R&L,20240206PMU1_OD_R_4_0_0000065_Structure_0001,https://drive.google.com/file/d/1kMnT3bU2Hrw3apoSgNRjzbihAHvUJ7cy/view?usp=drive_link,,1,1,1,3,FALSE,TRUE,TRUE,FALSE,FALSE,1,1
3097,20240311,PMU D28 R&L,20240206PMU1_OD_R_4_0_0000065_Structure_0002,https://drive.google.com/file/d/15pAZFmYSX1VAFkzGEHwtRK5_cYS-LS0a/view?usp=drive_link,,2,1,2,3,FALSE,FALSE,TRUE,FALSE,FALSE,2,2
3098,20240311,PMU D28 R&L,20240206PMU1_OD_R_4_0_0000065_Structure_0003,https://drive.google.com/file/d/1Xbs-50sdO7zOgKzKulcQW7L-KD6IyLM1/view?usp=drive_link,,1,1,1,3,FALSE,TRUE,TRUE,FALSE,FALSE,1,1
3099,20240311,PMU D28 R&L,20240206PMU1_OD_R_4_0_0000065_Structure_0004,https://drive.google.com/file/d/12vKPNlYoDNZRSNqgQkHSPgXK3fj1X67b/view?usp=drive_link,,1,1,1,3,FALSE,TRUE,TRUE,FALSE,FALSE,1,1
3100,20240311,PMU D28 R&L,20240206PMU1_OS_R_2_0_0000079_Structure_0001,https://drive.google.com/file/d/1lh2OSDN1iCwZr0ZBMRtHOtPn8WMs-HuH/view?usp=drive_link,,0,0,0,3,FALSE,TRUE,TRUE,FALSE,FALSE,0,0
3101,20240311,PMU D28 R&L,20240206PMU1_OS_R_2_0_0000079_Structure_0002,https://drive.google.com/file/d/1prJZzpbpxaRDfYZhmj1VKjv6lMWdWxn-/view?usp=drive_link,,0,0,0,3,FALSE,TRUE,TRUE,FALSE,FALSE,0,0
3102,20240311,PMU D28 R&L,20240206PMU1_OS_R_2_0_0000079_Structure_0003,https://drive.google.com/file/d/1VGbE7oSu5IctmEiUTBlQp2RQrzAGvTgd/view?usp=drive_link,,0,0,0,3,FALSE,TRUE,TRUE,FALSE,FALSE,0,0
3103,20240311,PMU D28 R&L,20240206PMU1_OS_R_2_0_0000079_Structure_0004,https://drive.google.com/file/d/1IfhcBwBcR0JxunfWl0sm_NJT6KQreDKc/view?usp=drive_link,,0,0,0,3,FALSE,TRUE,TRUE,FALSE,FALSE,0,0
3104,20240311,PMU D28 R&L,20240206PMU1_OS_R_4_0_0000072_Structure_0001,https://drive.google.com/file/d/19TfacBr9wr344HDn7M4KHYf7Ua_S-6NL/view?usp=drive_link,,0,0,0,3,FALSE,TRUE,TRUE,FALSE,FALSE,0,0
3105,20240311,PMU D28 R&L,20240206PMU1_OS_R_4_0_0000072_Structure_0002,https://drive.google.com/file/d/1bvnG5BJjbux94__siw89HuXJmByobWvh/view?usp=drive_link,,0,0,0,3,FALSE,TRUE,TRUE,FALSE,FALSE,0,0
3106,20240311,PMU D28 R&L,20240206PMU1_OS_R_4_0_0000072_Structure_0003,https://drive.google.com/file/d/1iSoRq-USr--3LYZCA9obGSvqo4ltXchC/view?usp=drive_link,,0,0,0,3,FALSE,TRUE,TRUE,FALSE,FALSE,0,0
3107,20240311,PMU D28 R&L,20240206PMU1_OS_R_4_0_0000072_Structure_0004,https://drive.google.com/file/d/1Oa5tz8A5z2_sxYoVSkE7wOYKXYdKvEPd/view?usp=drive_link,,0,0,0,3,FALSE,TRUE,TRUE,FALSE,FALSE,0,0
3108,20240311,PMU D28 R&L,20240206PMU2_OD_R_2_0_0000079_Structure_0001,https://drive.google.com/file/d/1GFiFBSnbW-iZXJQ-Q91DBT5RT8tnSC_n/view?usp=drive_link,,1,1,1,3,FALSE,TRUE,TRUE,FALSE,FALSE,1,1
3109,20240311,PMU D28 R&L,20240206PMU2_OD_R_2_0_0000079_Structure_0002,https://drive.google.com/file/d/1IMzBLW1ALnTRpk68CQGFNNRXnB8U0Vmo/view?usp=drive_link,,1,0.5,1,3,FALSE,FALSE,TRUE,FALSE,FALSE,1,1
3110,20240311,PMU D28 R&L,20240206PMU2_OD_R_2_0_0000079_Structure_0003,https://drive.google.com/file/d/1uHA-HHNtsULZNzypbmPjdeY0iDvLsL3R/view?usp=drive_link,,1,0.5,1,3,FALSE,FALSE,TRUE,FALSE,FALSE,1,1
3111,20240311,PMU D28 R&L,20240206PMU2_OD_R_2_0_0000079_Structure_0004,https://drive.google.com/file/d/1JnY7m6wPi7ZeQygFcW5pelPSJlj6LJcQ/view?usp=drive_link,,1,0.5,1,3,FALSE,FALSE,TRUE,FALSE,FALSE,1,1
3112,20240311,PMU D28 R&L,20240206PMU2_OD_R_4_0_0000072_Structure_0001,https://drive.google.com/file/d/1hsfhOeKyANvGCdGW6VNdoZGHqOA4ZsAq/view?usp=drive_link,,0.5,0,0.5,3,FALSE,FALSE,TRUE,FALSE,FALSE,0.5,0.5
3113,20240311,PMU D28 R&L,20240206PMU2_OD_R_4_0_0000072_Structure_0002,https://drive.google.com/file/d/1Uw-8WOEm3hNRzM-CK0jfnxcoAUyWBpEN/view?usp=drive_link,,0.5,0.5,0.5,3,FALSE,TRUE,TRUE,FALSE,FALSE,0.5,0.5
3114,20240311,PMU D28 R&L,20240206PMU2_OD_R_4_0_0000072_Structure_0003,https://drive.google.com/file/d/1clRA6WuPZYnPZoR0qjCA7_hr806M5aMP/view?usp=drive_link,,2,0.5,2,3,FALSE,FALSE,TRUE,FALSE,FALSE,2,2
3115,20240311,PMU D28 R&L,20240206PMU2_OD_R_4_0_0000072_Structure_0004,https://drive.google.com/file/d/1E-dn2sMRBbg8mcPaCJUwjIXIPWphvHdR/view?usp=drive_link,,2,1,2,3,FALSE,FALSE,TRUE,FALSE,FALSE,2,2
3116,20240311,PMU D28 R&L,20240206PMU2_OS_R_2_0_0000058_Structure_0001,https://drive.google.com/file/d/1n6e6P6i9IcRAzXzGkoVVWXA4aUEdr1R5/view?usp=drive_link,,0,0,0,3,FALSE,TRUE,TRUE,FALSE,FALSE,0,0
3117,20240311,PMU D28 R&L,20240206PMU2_OS_R_2_0_0000058_Structure_0002,https://drive.google.com/file/d/1F7j_DA5m7Bgfkp5IzLQJfgZUCT1POfBz/view?usp=drive_link,,0,0,0,3,FALSE,TRUE,TRUE,FALSE,FALSE,0,0
3118,20240311,PMU D28 R&L,20240206PMU2_OS_R_2_0_0000058_Structure_0003,https://drive.google.com/file/d/1SjvlDknhNApcpqYRLs86lpCFYzSMuINO/view?usp=drive_link,,0,0,0,3,FALSE,TRUE,TRUE,FALSE,FALSE,0,0
3119,20240311,PMU D28 R&L,20240206PMU2_OS_R_2_0_0000058_Structure_0004,https://drive.google.com/file/d/1BfDONVsyrBUUxWzm3yygK74Qo8QIRVy3/view?usp=drive_link,,0,0,0,3,FALSE,TRUE,TRUE,FALSE,FALSE,0,0
3120,20240311,PMU D28 R&L,20240206PMU2_OS_R_4_0_0000065_Structure_0001,https://drive.google.com/file/d/15LtYQUmqYBuykBMoeYWZ_S5-t2GYhes7/view?usp=drive_link,,0,0,0,3,FALSE,TRUE,TRUE,FALSE,FALSE,0,0
3121,20240311,PMU D28 R&L,20240206PMU2_OS_R_4_0_0000065_Structure_0002,https://drive.google.com/file/d/1e7VXRxg41S96aVcJ-KF6RXDzAcLSfxmU/view?usp=drive_link,,0,0,0,3,FALSE,TRUE,TRUE,FALSE,FALSE,0,0
3122,20240311,PMU D28 R&L,20240206PMU2_OS_R_4_0_0000065_Structure_0003,https://drive.google.com/file/d/1h8AigDcbbweTdgmFtn0OmigEGRXBsVXD/view?usp=drive_link,,0,0,0,3,FALSE,TRUE,TRUE,FALSE,FALSE,0,0
3123,20240311,PMU D28 R&L,20240206PMU2_OS_R_4_0_0000065_Structure_0004,https://drive.google.com/file/d/1xNxaMNK-9oJCK05EwgDeX25RZ-Zi0wvM/view?usp=drive_link,,0,0,0,3,FALSE,TRUE,TRUE,FALSE,FALSE,0,0
3124,20240311,PMU D28 R&L,20240206PMU3_OD_R_2_0_0000058_Structure_0001,https://drive.google.com/file/d/1jJFCaI742A_m92O1-W94NUwvtHJOL4aZ/view?usp=drive_link,,2,2,2,3,FALSE,TRUE,TRUE,FALSE,FALSE,2,2
3125,20240311,PMU D28 R&L,20240206PMU3_OD_R_2_0_0000058_Structure_0002,https://drive.google.com/file/d/1VWlVVbdqbcQ90cE_rZLcCnulSDLPxf1X/view?usp=drive_link,,2,2,2,3,FALSE,TRUE,TRUE,FALSE,FALSE,2,2
3126,20240311,PMU D28 R&L,20240206PMU3_OD_R_2_0_0000058_Structure_0003,https://drive.google.com/file/d/1xHrKKPkQbJ7XD9y0Wz0UcAN57sNvTPgr/view?usp=drive_link,,2,1,2,3,FALSE,FALSE,TRUE,FALSE,FALSE,2,2
3127,20240311,PMU D28 R&L,20240206PMU3_OD_R_2_0_0000058_Structure_0004,https://drive.google.com/file/d/1MDB142yArwpd9W58HBH5rSUromVnutGU/view?usp=drive_link,,2,1,2,3,FALSE,FALSE,TRUE,FALSE,FALSE,2,2
3128,20240311,PMU D28 R&L,20240206PMU3_OD_R_4_0_0000065_Structure_0001,https://drive.google.com/file/d/1mAL-omDjabwC46QppEuixyTc-WjkpO75/view?usp=drive_link,0.5,0.5,0,0.5,4,FALSE,TRUE,TRUE,FALSE,FALSE,0.5,0.5
3129,20240311,PMU D28 R&L,20240206PMU3_OD_R_4_0_0000065_Structure_0002,https://drive.google.com/file/d/1cZlMcMHyBRnYxsPhFZgu8kCaGQTDe5oD/view?usp=drive_link,,0.5,1,0.5,3,FALSE,FALSE,TRUE,FALSE,FALSE,0.5,0.5
3130,20240311,PMU D28 R&L,20240206PMU3_OD_R_4_0_0000065_Structure_0003,https://drive.google.com/file/d/1Wa4Sahp4AqD8w-SP_h1rZkr1XDidBDXm/view?usp=drive_link,,0.5,0.5,0.5,3,FALSE,TRUE,TRUE,FALSE,FALSE,0.5,0.5
3131,20240311,PMU D28 R&L,20240206PMU3_OD_R_4_0_0000065_Structure_0004,https://drive.google.com/file/d/1eUUTYvdrgnQGNDmJryBSa7RWCJ6tHgem/view?usp=drive_link,,0,0,0,3,FALSE,TRUE,TRUE,FALSE,FALSE,0,0
3132,20240311,PMU D28 R&L,20240206PMU3_OS_R_2_0_0000079_Structure_0001,https://drive.google.com/file/d/1tanfM0j9TfVyvPahT00ARbEjg15zY-fN/view?usp=drive_link,,0,0,0,3,FALSE,TRUE,TRUE,FALSE,FALSE,0,0
3133,20240311,PMU D28 R&L,20240206PMU3_OS_R_2_0_0000079_Structure_0002,https://drive.google.com/file/d/1A4E7xQ-9aQh7YiFoDwtF5SNPJpn8o0pb/view?usp=drive_link,,0,0,0,3,FALSE,TRUE,TRUE,FALSE,FALSE,0,0
3134,20240311,PMU D28 R&L,20240206PMU3_OS_R_2_0_0000079_Structure_0003,https://drive.google.com/file/d/1O9Y7DcV7ryvQLkmaxCeiGsIYVxNnbrBP/view?usp=drive_link,,0,0,0,3,FALSE,TRUE,TRUE,FALSE,FALSE,0,0
3135,20240311,PMU D28 R&L,20240206PMU3_OS_R_2_0_0000079_Structure_0004,https://drive.google.com/file/d/1Er5YYZgGhNX5lJmVvXwXXUsijr0QZYJo/view?usp=drive_link,,0,0,0,3,FALSE,TRUE,TRUE,FALSE,FALSE,0,0
3136,20240311,PMU D28 R&L,20240206PMU3_OS_R_4_0_0000072_Structure_0001,https://drive.google.com/file/d/1bbQgdICUCY1vXY-7WpwUxFvbNOQjX45P/view?usp=drive_link,,0,0,0,3,FALSE,TRUE,TRUE,FALSE,FALSE,0,0
3137,20240311,PMU D28 R&L,20240206PMU3_OS_R_4_0_0000072_Structure_0002,https://drive.google.com/file/d/19WZmMONwgDp5zqUGTC3GzM5g3EOnqwcB/view?usp=drive_link,,0,0,0,3,FALSE,TRUE,TRUE,FALSE,FALSE,0,0
3138,20240311,PMU D28 R&L,20240206PMU3_OS_R_4_0_0000072_Structure_0003,https://drive.google.com/file/d/1HMh3b2YKlEIe-d9UYnkOaAItdlnV7jqb/view?usp=drive_link,,0,0,0,3,FALSE,TRUE,TRUE,FALSE,FALSE,0,0
3139,20240311,PMU D28 R&L,20240206PMU3_OS_R_4_0_0000072_Structure_0004,https://drive.google.com/file/d/1duZkOn6tEUuVdOJuEIK5tQlpY4_kZCvq/view?usp=drive_link,,0,0,0,3,FALSE,TRUE,TRUE,FALSE,FALSE,0,0
3140,20240311,PMU D28 R&L,20240206PMU4_OD_R_2_0_0000079_Structure_0001,https://drive.google.com/file/d/1DHkDD8TBGNP-gV6HhW-zvuRSAEYk88Xx/view?usp=drive_link,,1,1,1,3,FALSE,TRUE,TRUE,FALSE,FALSE,1,1
3141,20240311,PMU D28 R&L,20240206PMU4_OD_R_2_0_0000079_Structure_0002,https://drive.google.com/file/d/1qCUYUyzP8sfiDkFQOu5hzC_UnrNHfJlC/view?usp=drive_link,,1,0.5,1,3,FALSE,FALSE,TRUE,FALSE,FALSE,1,1
3142,20240311,PMU D28 R&L,20240206PMU4_OD_R_2_0_0000079_Structure_0003,https://drive.google.com/file/d/14Vx3xrGDejdyOGEg_JeI1HGkU6SGBEMY/view?usp=drive_link,,1,0.5,1,3,FALSE,FALSE,TRUE,FALSE,FALSE,1,1
3143,20240311,PMU D28 R&L,20240206PMU4_OD_R_2_0_0000079_Structure_0004,https://drive.google.com/file/d/1y4ll4hYTjn-teC78rPN9SDhDFQfhpdAZ/view?usp=drive_link,2,3,0.5,2,4,FALSE,FALSE,TRUE,FALSE,FALSE,2,2
3144,20240311,PMU D28 R&L,20240206PMU4_OD_R_4_0_0000072_Structure_0001,https://drive.google.com/file/d/1FGC-9Z-ZT4F4a06HA_mxE_EvgsdxfvfT/view?usp=drive_link,,1,0.5,1,3,FALSE,FALSE,TRUE,FALSE,FALSE,1,1
3145,20240311,PMU D28 R&L,20240206PMU4_OD_R_4_0_0000072_Structure_0002,https://drive.google.com/file/d/1vC64qEiGdS2OwSr_UUDQQIvFLZU09J0Q/view?usp=drive_link,,1,1,1,3,FALSE,TRUE,TRUE,FALSE,FALSE,1,1
3146,20240311,PMU D28 R&L,20240206PMU4_OD_R_4_0_0000072_Structure_0003,https://drive.google.com/file/d/1dMlnm1xd4FJA_x5NCtnW9aU5JDVU4dd5/view?usp=drive_link,,1,1,1,3,FALSE,TRUE,TRUE,FALSE,FALSE,1,1
3147,20240311,PMU D28 R&L,20240206PMU4_OD_R_4_0_0000072_Structure_0004,https://drive.google.com/file/d/1DTOBo12QHfK2JIGvNYR-VTLmRiqHqKVM/view?usp=drive_link,,1,1,1,3,FALSE,TRUE,TRUE,FALSE,FALSE,1,1
3148,20240311,PMU D28 R&L,20240206PMU4_OS_R_2_0_0000058_Structure_0001,https://drive.google.com/file/d/1-jipPwvGotrHC8yVEmYWOE4CxJRsaOfH/view?usp=drive_link,,0,0,0,3,FALSE,TRUE,TRUE,FALSE,FALSE,0,0
3149,20240311,PMU D28 R&L,20240206PMU4_OS_R_2_0_0000058_Structure_0002,https://drive.google.com/file/d/1o5WMGAZBFKTEQQQVeB8DifHpJf5TxRau/view?usp=drive_link,,0.5,0,0,3,FALSE,TRUE,TRUE,FALSE,FALSE,0,0
3150,20240311,PMU D28 R&L,20240206PMU4_OS_R_2_0_0000058_Structure_0003,https://drive.google.com/file/d/1wXvKksPVHkXSqyjYQNeH9Anig93_gdMw/view?usp=drive_link,,0,0,0,3,FALSE,TRUE,TRUE,FALSE,FALSE,0,0
3151,20240311,PMU D28 R&L,20240206PMU4_OS_R_2_0_0000058_Structure_0004,https://drive.google.com/file/d/1chjkHBzlQK6kArqvZwU38cA5SmlaCRZ-/view?usp=drive_link,,0,0,0,3,FALSE,TRUE,TRUE,FALSE,FALSE,0,0
3152,20240311,PMU D28 R&L,20240206PMU4_OS_R_4_0_0000065_Structure_0001,https://drive.google.com/file/d/1NB_Ow0FKAuLXX9aPaX8p4r4hKI0x11Hr/view?usp=drive_link,,0,0,0,3,FALSE,TRUE,TRUE,FALSE,FALSE,0,0
3153,20240311,PMU D28 R&L,20240206PMU4_OS_R_4_0_0000065_Structure_0002,https://drive.google.com/file/d/1MKQ1uoIYZ8CGv87mEu2TBWubo-u-1xt7/view?usp=drive_link,,0,0,0,3,FALSE,TRUE,TRUE,FALSE,FALSE,0,0
3154,20240311,PMU D28 R&L,20240206PMU4_OS_R_4_0_0000065_Structure_0003,https://drive.google.com/file/d/1g5uM0yUi1K583zX6ypydR-o5qBakPysT/view?usp=drive_link,,0,0,0,3,FALSE,TRUE,TRUE,FALSE,FALSE,0,0
3155,20240311,PMU D28 R&L,20240206PMU4_OS_R_4_0_0000065_Structure_0004,https://drive.google.com/file/d/1oHBLuJsRIw50BIU_IA70cSnSGn37hsZB/view?usp=drive_link,,0,0,0,3,FALSE,TRUE,TRUE,FALSE,FALSE,0,0
3156,20240318,PMU D28 R&L,20240206PMU1_OD_R_2_0_0000093_Structure_0001,https://drive.google.com/file/d/1ks5DP0MbFITpWXPvlA_ECcUBrIb1pHGB/view?usp=drive_link,,2,2,2,3,FALSE,TRUE,TRUE,FALSE,FALSE,2,2
3157,20240318,PMU D28 R&L,20240206PMU1_OD_R_2_0_0000093_Structure_0002,https://drive.google.com/file/d/1h-Klzesa-EMvei_LGFfWb5cY40pjW9kH/view?usp=drive_link,,1,1,1,3,FALSE,TRUE,TRUE,FALSE,FALSE,1,1
3158,20240318,PMU D28 R&L,20240206PMU1_OD_R_2_0_0000093_Structure_0003,https://drive.google.com/file/d/1LpWrtW9BB_zEixQp3uClVj5bZl8E8p85/view?usp=drive_link,,2,1,2,3,FALSE,FALSE,TRUE,FALSE,FALSE,2,2
3159,20240318,PMU D28 R&L,20240206PMU1_OD_R_2_0_0000093_Structure_0004,https://drive.google.com/file/d/1StbTrJ3lzuRx4wUUw2qcwSqyiL52zyWA/view?usp=drive_link,,3,2,2,3,FALSE,FALSE,TRUE,FALSE,FALSE,2,2
3160,20240318,PMU D28 R&L,20240206PMU1_OD_R_4_0_0000086_Structure_0001,https://drive.google.com/file/d/1T5b8ORp3TpUq8RgAvdUSw-l4O1oCuj_8/view?usp=drive_link,,0.5,1,1,3,FALSE,FALSE,TRUE,FALSE,FALSE,1,1
3161,20240318,PMU D28 R&L,20240206PMU1_OD_R_4_0_0000086_Structure_0002,https://drive.google.com/file/d/19jNDq4NFK1XhrNCFbBde7Z-F9l6HRS7i/view?usp=drive_link,,1,1,1,3,FALSE,TRUE,TRUE,FALSE,FALSE,1,1
3162,20240318,PMU D28 R&L,20240206PMU1_OD_R_4_0_0000086_Structure_0003,https://drive.google.com/file/d/1FrC_uiHIjRkb3quKT53oxmhbYV9pFE1S/view?usp=drive_link,,1,1,1,3,FALSE,TRUE,TRUE,FALSE,FALSE,1,1
3163,20240318,PMU D28 R&L,20240206PMU1_OD_R_4_0_0000086_Structure_0004,https://drive.google.com/file/d/11mQRmb6EJSaf1Q_VVn3pB039B-EmdvkF/view?usp=drive_link,,1,1,1,3,FALSE,TRUE,TRUE,FALSE,FALSE,1,1
3164,20240318,PMU D28 R&L,20240206PMU1_OS_R_2_0_0000100_Structure_0001,https://drive.google.com/file/d/1SIgOwWXsbeE0SEqEEsI0w47SWsUpCZCQ/view?usp=drive_link,,0,0,0,3,FALSE,TRUE,TRUE,FALSE,FALSE,0,0
3165,20240318,PMU D28 R&L,20240206PMU1_OS_R_2_0_0000100_Structure_0002,https://drive.google.com/file/d/1RT4MZ7ehu7kYB2XTv6C8xn3MlxLcx7FH/view?usp=drive_link,,0,0,0,3,FALSE,TRUE,TRUE,FALSE,FALSE,0,0
3166,20240318,PMU D28 R&L,20240206PMU1_OS_R_2_0_0000100_Structure_0003,https://drive.google.com/file/d/1g7QPtnYxH1MSX_snjya3ibzGK95JTYJi/view?usp=drive_link,,0,0,0,3,FALSE,TRUE,TRUE,FALSE,FALSE,0,0
3167,20240318,PMU D28 R&L,20240206PMU1_OS_R_2_0_0000100_Structure_0004,https://drive.google.com/file/d/1sN9u5tGvcNdUr01l1iSH864KCFkUxMHF/view?usp=drive_link,,0,0,0,3,FALSE,TRUE,TRUE,FALSE,FALSE,0,0
3168,20240318,PMU D28 R&L,20240206PMU1_OS_R_4_0_0000107_Structure_0001,https://drive.google.com/file/d/1BAh4qieKVENaIQxtocSkd3be5BcDZn7X/view?usp=drive_link,,0,0,0,3,FALSE,TRUE,TRUE,FALSE,FALSE,0,0
3169,20240318,PMU D28 R&L,20240206PMU1_OS_R_4_0_0000107_Structure_0002,https://drive.google.com/file/d/1qCshWsnMgkY0noXKYQMxScWNyd9m6iOv/view?usp=drive_link,,0,0,0,3,FALSE,TRUE,TRUE,FALSE,FALSE,0,0
3170,20240318,PMU D28 R&L,20240206PMU1_OS_R_4_0_0000107_Structure_0003,https://drive.google.com/file/d/1hHrBsXO9bVTfclHn2EUXRFyl3BqIKV4q/view?usp=drive_link,,0,0,0,3,FALSE,TRUE,TRUE,FALSE,FALSE,0,0
3171,20240318,PMU D28 R&L,20240206PMU1_OS_R_4_0_0000107_Structure_0004,https://drive.google.com/file/d/1Giv_eh7Wrba0UYwsLhcZjkix35lCnCu9/view?usp=drive_link,,0,0,0,3,FALSE,TRUE,TRUE,FALSE,FALSE,0,0
3172,20240318,PMU D28 R&L,20240206PMU2_OD_R_2_0_0000100_Structure_0001,https://drive.google.com/file/d/1GpSFOFvXeN1Va3HgDH5JGh7Ncu6Kn-KB/view?usp=drive_link,,2,2,2,3,FALSE,TRUE,TRUE,FALSE,FALSE,2,2
3173,20240318,PMU D28 R&L,20240206PMU2_OD_R_2_0_0000100_Structure_0002,https://drive.google.com/file/d/1bADbPWNonIrSx4MBCo87L1tb8FiLMEIy/view?usp=drive_link,,2,1,1,3,FALSE,FALSE,TRUE,FALSE,FALSE,1,1
3174,20240318,PMU D28 R&L,20240206PMU2_OD_R_2_0_0000100_Structure_0003,https://drive.google.com/file/d/1J-t75rvgJv2lHUUwRHBK8Y-DuKx90Ypz/view?usp=drive_link,,1,1,1,3,FALSE,TRUE,TRUE,FALSE,FALSE,1,1
3175,20240318,PMU D28 R&L,20240206PMU2_OD_R_2_0_0000100_Structure_0004,https://drive.google.com/file/d/1d1s5vWakWNHjKVqrCJFeqv39TAmb82Sw/view?usp=drive_link,,2,1,2,3,FALSE,FALSE,TRUE,FALSE,FALSE,2,2
3176,20240318,PMU D28 R&L,20240206PMU2_OD_R_4_0_0000107_Structure_0001,https://drive.google.com/file/d/1eGtOJgqxMyWyFnnIdTAbqYqjlXxNtrlN/view?usp=drive_link,,0.5,0.5,0.5,3,FALSE,TRUE,TRUE,FALSE,FALSE,0.5,0.5
3177,20240318,PMU D28 R&L,20240206PMU2_OD_R_4_0_0000107_Structure_0002,https://drive.google.com/file/d/1qXYHKCj9uXZPDIc3zsbL-fqOtjU3Ou15/view?usp=drive_link,,0.5,0,0.5,3,FALSE,FALSE,TRUE,FALSE,FALSE,0.5,0.5
3178,20240318,PMU D28 R&L,20240206PMU2_OD_R_4_0_0000107_Structure_0003,https://drive.google.com/file/d/1vCRCWx7kh4igkgiDk6fLtcCHhjUVKQPA/view?usp=drive_link,,2,0.5,2,3,FALSE,FALSE,TRUE,FALSE,FALSE,2,2
3179,20240318,PMU D28 R&L,20240206PMU2_OD_R_4_0_0000107_Structure_0004,https://drive.google.com/file/d/1Z6k0iCNgZGlYQ3e3qHZTERz-_PzOlj9d/view?usp=drive_link,,2,2,2,3,FALSE,TRUE,TRUE,FALSE,FALSE,2,2
3180,20240318,PMU D28 R&L,20240206PMU2_OS_R_2_0_0000093_Structure_0001,https://drive.google.com/file/d/1JnahYSaAWVYSMwfcdme9fUvrdriofcxq/view?usp=drive_link,,0,0,0,3,FALSE,TRUE,TRUE,FALSE,FALSE,0,0
3181,20240318,PMU D28 R&L,20240206PMU2_OS_R_2_0_0000093_Structure_0002,https://drive.google.com/file/d/14PMGSey0E1nC-MmlLPFu8q9P1ExG0vUZ/view?usp=drive_link,,0,0,0,3,FALSE,TRUE,TRUE,FALSE,FALSE,0,0
3182,20240318,PMU D28 R&L,20240206PMU2_OS_R_2_0_0000093_Structure_0003,https://drive.google.com/file/d/11s-XuuPRWS892yA866RARIpSvZhI6Tz6/view?usp=drive_link,,0,0,0,3,FALSE,TRUE,TRUE,FALSE,FALSE,0,0
3183,20240318,PMU D28 R&L,20240206PMU2_OS_R_2_0_0000093_Structure_0004,https://drive.google.com/file/d/1UXiJQiwPjcSwUOgRto6kzPV0XjXDl10U/view?usp=drive_link,,0,0,0,3,FALSE,TRUE,TRUE,FALSE,FALSE,0,0
3184,20240318,PMU D28 R&L,20240206PMU2_OS_R_4_0_0000086_Structure_0001,https://drive.google.com/file/d/1eXpGLQb4odDfvC-ZK7VO8s7g5aouFKuG/view?usp=drive_link,,0,0,0,3,FALSE,TRUE,TRUE,FALSE,FALSE,0,0
3185,20240318,PMU D28 R&L,20240206PMU2_OS_R_4_0_0000086_Structure_0002,https://drive.google.com/file/d/1lU94DIUZUzocdZQ3FPXMyYRGB3-d9ZRe/view?usp=drive_link,,0,0,0,3,FALSE,TRUE,TRUE,FALSE,FALSE,0,0
3186,20240318,PMU D28 R&L,20240206PMU2_OS_R_4_0_0000086_Structure_0003,https://drive.google.com/file/d/14_s17EeDX09hZuPIUqZBROaxn6GFVTWF/view?usp=drive_link,,0,0,0,3,FALSE,TRUE,TRUE,FALSE,FALSE,0,0
3187,20240318,PMU D28 R&L,20240206PMU2_OS_R_4_0_0000086_Structure_0004,https://drive.google.com/file/d/1AWI5q5sAzKN0DAFQUuSRY8sJMLbJG3mD/view?usp=drive_link,,0,0,0,3,FALSE,TRUE,TRUE,FALSE,FALSE,0,0
3188,20240318,PMU D28 R&L,20240206PMU3_OD_R_2_0_0000093_Structure_0001,https://drive.google.com/file/d/1p7C1IFljayvq-k66PVz7ggKLSljSDWkh/view?usp=drive_link,,1,0.5,1,3,FALSE,FALSE,TRUE,FALSE,FALSE,1,1
3189,20240318,PMU D28 R&L,20240206PMU3_OD_R_2_0_0000093_Structure_0002,https://drive.google.com/file/d/1e8OWCWca1TSYXJuCB3Crdb8MtC299Cai/view?usp=drive_link,,1,0.5,1,3,FALSE,FALSE,TRUE,FALSE,FALSE,1,1
3190,20240318,PMU D28 R&L,20240206PMU3_OD_R_2_0_0000093_Structure_0003,https://drive.google.com/file/d/1N_WJzD6yof3ctoasKyNt_ZRgZVwFPZa5/view?usp=drive_link,,1,0.5,0.5,3,FALSE,FALSE,TRUE,FALSE,FALSE,0.5,0.5
3191,20240318,PMU D28 R&L,20240206PMU3_OD_R_2_0_0000093_Structure_0004,https://drive.google.com/file/d/1NbKqiXNuoVU4TpZuPdFdBWGcYGpNoCNT/view?usp=drive_link,0.5,2,0.5,1,4,FALSE,FALSE,TRUE,FALSE,FALSE,0.5,0.5
3192,20240318,PMU D28 R&L,20240206PMU3_OD_R_4_0_0000086_Structure_0001,https://drive.google.com/file/d/1PHuq3AHXujpS5szycPsj-0Nm1nb1Leim/view?usp=drive_link,,0,0,0,3,FALSE,TRUE,TRUE,FALSE,FALSE,0,0
3193,20240318,PMU D28 R&L,20240206PMU3_OD_R_4_0_0000086_Structure_0002,https://drive.google.com/file/d/1_h681STwN7UlsPimfY2t6XqlwVq_WdEQ/view?usp=drive_link,,0,0,0,3,FALSE,TRUE,TRUE,FALSE,FALSE,0,0
3194,20240318,PMU D28 R&L,20240206PMU3_OD_R_4_0_0000086_Structure_0003,https://drive.google.com/file/d/1rt4GL6C9wxNDgb6WMkoSIwprrUBYyaQS/view?usp=drive_link,,0,0,0,3,FALSE,TRUE,TRUE,FALSE,FALSE,0,0
3195,20240318,PMU D28 R&L,20240206PMU3_OD_R_4_0_0000086_Structure_0004,https://drive.google.com/file/d/1O8b9D7T8zGIHQOLyI8lZB6PU08TJma2k/view?usp=drive_link,,0,0,0,3,FALSE,TRUE,TRUE,FALSE,FALSE,0,0
3196,20240318,PMU D28 R&L,20240206PMU3_OS_R_2_0_0000100_Structure_0001,https://drive.google.com/file/d/1woH0Z4TVXB26Brx5Hk1damojRJlO4oKg/view?usp=drive_link,,0,0,0,3,FALSE,TRUE,TRUE,FALSE,FALSE,0,0
3197,20240318,PMU D28 R&L,20240206PMU3_OS_R_2_0_0000100_Structure_0002,https://drive.google.com/file/d/1iW2XCCc7vE3hLbTLxpOO4bNNOrPoIosR/view?usp=drive_link,,0,0,0,3,FALSE,TRUE,TRUE,FALSE,FALSE,0,0
3198,20240318,PMU D28 R&L,20240206PMU3_OS_R_2_0_0000100_Structure_0003,https://drive.google.com/file/d/1tjGuHyFz2ihIWr66UshmQYlswAsXXwQe/view?usp=drive_link,,0,0,0,3,FALSE,TRUE,TRUE,FALSE,FALSE,0,0
3199,20240318,PMU D28 R&L,20240206PMU3_OS_R_2_0_0000100_Structure_0004,https://drive.google.com/file/d/1cBOqYXajssJGkPsece3lBvXlyhprYZ1k/view?usp=drive_link,,0,0,0,3,FALSE,TRUE,TRUE,FALSE,FALSE,0,0
3200,20240318,PMU D28 R&L,20240206PMU3_OS_R_4_0_0000107_Structure_0001,https://drive.google.com/file/d/1eIj_ll02HkpI3QeAmqus6gd_z_C5fCw3/view?usp=drive_link,,0,0,0,3,FALSE,TRUE,TRUE,FALSE,FALSE,0,0
3201,20240318,PMU D28 R&L,20240206PMU3_OS_R_4_0_0000107_Structure_0002,https://drive.google.com/file/d/1yMxfqRga0md57aBbiLf_XmLbTMsA5OGe/view?usp=drive_link,,0,0,0,3,FALSE,TRUE,TRUE,FALSE,FALSE,0,0
3202,20240318,PMU D28 R&L,20240206PMU3_OS_R_4_0_0000107_Structure_0003,https://drive.google.com/file/d/1qTXyFXsYHBG2RYdsCYSGmigVESJTI-MX/view?usp=drive_link,,0,0,0,3,FALSE,TRUE,TRUE,FALSE,FALSE,0,0
3203,20240318,PMU D28 R&L,20240206PMU3_OS_R_4_0_0000107_Structure_0004,https://drive.google.com/file/d/1h8IjBb6nS0sy7SeokOisVPle40nx8e9r/view?usp=drive_link,,0,0,0,3,FALSE,TRUE,TRUE,FALSE,FALSE,0,0
3204,20240318,PMU D28 R&L,20240206PMU4_OD_R_2_0_0000100_Structure_0001,https://drive.google.com/file/d/1r0MSgHqxxO4udSc7HxGOL8ivRxfOSF81/view?usp=drive_link,,0.5,0.5,0.5,3,FALSE,TRUE,TRUE,FALSE,FALSE,0.5,0.5
3205,20240318,PMU D28 R&L,20240206PMU4_OD_R_2_0_0000100_Structure_0002,https://drive.google.com/file/d/1Nmn4mNVIklXdqTmBuZ5vAfXOGXc4xBBz/view?usp=drive_link,,2,1,1,3,FALSE,FALSE,TRUE,FALSE,FALSE,1,1
3206,20240318,PMU D28 R&L,20240206PMU4_OD_R_2_0_0000100_Structure_0003,https://drive.google.com/file/d/18eQz1QTwCKDpIUjE0SwWPnBsM3_0xB4E/view?usp=drive_link,,1,1,1,3,FALSE,TRUE,TRUE,FALSE,FALSE,1,1
3207,20240318,PMU D28 R&L,20240206PMU4_OD_R_2_0_0000100_Structure_0004,https://drive.google.com/file/d/1xrggtmG7k1T39fsRexQag7Ul00Vh1Kxc/view?usp=drive_link,,0.5,0.5,0.5,3,FALSE,TRUE,TRUE,FALSE,FALSE,0.5,0.5
3208,20240318,PMU D28 R&L,20240206PMU4_OD_R_4_0_0000107_Structure_0001,https://drive.google.com/file/d/18oT7w1XO_SALxzGodzXJVguCGAh4gRb9/view?usp=drive_link,,0,0,0,3,FALSE,TRUE,TRUE,FALSE,FALSE,0,0
3209,20240318,PMU D28 R&L,20240206PMU4_OD_R_4_0_0000107_Structure_0002,https://drive.google.com/file/d/1GYsnXE9eUnwurZq0iIjQZAtz7nyuTD5J/view?usp=drive_link,,0,0,0,3,FALSE,TRUE,TRUE,FALSE,FALSE,0,0
3210,20240318,PMU D28 R&L,20240206PMU4_OD_R_4_0_0000107_Structure_0003,https://drive.google.com/file/d/1Wfzo_gIBX_R0_7Nm9OtDoIpls5OXpjwk/view?usp=drive_link,,0,0,0,3,FALSE,TRUE,TRUE,FALSE,FALSE,0,0
3211,20240318,PMU D28 R&L,20240206PMU4_OD_R_4_0_0000107_Structure_0004,https://drive.google.com/file/d/1bkKuyRjoTa7jEFt7ycBRAW_8ht_HKuQs/view?usp=drive_link,,0.5,0.5,0.5,3,FALSE,TRUE,TRUE,FALSE,FALSE,0.5,0.5
3212,20240318,PMU D28 R&L,20240206PMU4_OS_R_2_0_0000093_Structure_0001,https://drive.google.com/file/d/11mg_WEHD0YzbFNj3EbNWTpk9A2EHDQnr/view?usp=drive_link,,0,0,0,3,FALSE,TRUE,TRUE,FALSE,FALSE,0,0
3213,20240318,PMU D28 R&L,20240206PMU4_OS_R_2_0_0000093_Structure_0002,https://drive.google.com/file/d/1FY_aXhiN712fd-c76jODOSl7Eo-qLpTa/view?usp=drive_link,,0,0,0,3,FALSE,TRUE,TRUE,FALSE,FALSE,0,0
3214,20240318,PMU D28 R&L,20240206PMU4_OS_R_2_0_0000093_Structure_0003,https://drive.google.com/file/d/1QGgXTj_Yy2lnNFta-0Za3ZDyA_d9kslY/view?usp=drive_link,,0,0,0,3,FALSE,TRUE,TRUE,FALSE,FALSE,0,0
3215,20240318,PMU D28 R&L,20240206PMU4_OS_R_2_0_0000093_Structure_0004,https://drive.google.com/file/d/1bVtxxiLrOVceFFbbq1NyRmod18fFumYV/view?usp=drive_link,,0,0,0,3,FALSE,TRUE,TRUE,FALSE,FALSE,0,0
3216,20240318,PMU D28 R&L,20240206PMU4_OS_R_4_0_0000086_Structure_0001,https://drive.google.com/file/d/1yuEM_CEe2sac3rrzJg0wW3uasirfUDz_/view?usp=drive_link,,0,0,0,3,FALSE,TRUE,TRUE,FALSE,FALSE,0,0
3217,20240318,PMU D28 R&L,20240206PMU4_OS_R_4_0_0000086_Structure_0002,https://drive.google.com/file/d/1xVaBvuEDtxsQzgVTzkDqoZxV13mnAvOw/view?usp=drive_link,,0,0,0,3,FALSE,TRUE,TRUE,FALSE,FALSE,0,0
3218,20240318,PMU D28 R&L,20240206PMU4_OS_R_4_0_0000086_Structure_0003,https://drive.google.com/file/d/1gcfNfhMIAXXG4pKXLh6jDghWkouqxdUv/view?usp=drive_link,,0,0,0,3,FALSE,TRUE,TRUE,FALSE,FALSE,0,0
3219,20240318,PMU D28 R&L,20240206PMU4_OS_R_4_0_0000086_Structure_0004,https://drive.google.com/file/d/1cL3lUJnzPFdtZu5a_KcD1IWN_5Vs4G6z/view?usp=drive_link,,0,0,0,3,FALSE,TRUE,TRUE,FALSE,FALSE,0,0
3220,20240407,PMU Day56 R&L,20240206mouse1_OD_R_2_0_0000002_Structure_0001,https://drive.google.com/file/d/1R9k0Iq4-53op10C8aolNHDBeqGH5whnQ/view?usp=drive_link,,0,0.5,0.5,3,FALSE,FALSE,TRUE,FALSE,FALSE,0.5,0.5
3221,20240407,PMU Day56 R&L,20240206mouse1_OD_R_2_0_0000002_Structure_0002,https://drive.google.com/file/d/1qh9rIrJ7eSE4yxGRgZAw6SO4NiCvVsTs/view?usp=drive_link,,0.5,0.5,0.5,3,FALSE,TRUE,TRUE,FALSE,FALSE,0.5,0.5
3222,20240407,PMU Day56 R&L,20240206mouse1_OD_R_2_0_0000002_Structure_0003,https://drive.google.com/file/d/1wGXDey_-I0rXH6-PDCDjJUBsDBvhIUoV/view?usp=drive_link,,0.5,0.5,0.5,3,FALSE,TRUE,TRUE,FALSE,FALSE,0.5,0.5
3223,20240407,PMU Day56 R&L,20240206mouse1_OD_R_2_0_0000002_Structure_0004,https://drive.google.com/file/d/1QNCCsbmR_hvKkjvZ9GYCQuX186fI-ZnD/view?usp=drive_link,,0.5,0.5,0.5,3,FALSE,TRUE,TRUE,FALSE,FALSE,0.5,0.5
3224,20240407,PMU Day56 R&L,20240206mouse1_OD_R_4_0_0000009_Structure_0001,https://drive.google.com/file/d/1c5AAxGK7RWE6ypRIGpMEDUskDi6LGhfB/view?usp=drive_link,,1,1,1,3,FALSE,TRUE,TRUE,FALSE,FALSE,1,1
3225,20240407,PMU Day56 R&L,20240206mouse1_OD_R_4_0_0000009_Structure_0002,https://drive.google.com/file/d/1DRkBvgg1v3-udL-LJhhbB5zpBVmq5_Wo/view?usp=drive_link,,2,1,1,3,FALSE,FALSE,TRUE,FALSE,FALSE,1,1
3226,20240407,PMU Day56 R&L,20240206mouse1_OD_R_4_0_0000009_Structure_0003,https://drive.google.com/file/d/1aNcphtNYE-ypk_VMfLoNwxEr6ApoJ6-X/view?usp=drive_link,,1,1,1,3,FALSE,TRUE,TRUE,FALSE,FALSE,1,1
3227,20240407,PMU Day56 R&L,20240206mouse1_OD_R_4_0_0000009_Structure_0004,https://drive.google.com/file/d/1P7PmdLG82oshsIB_0D1wSiLB9TzvA6PT/view?usp=drive_link,,2,2,2,3,FALSE,TRUE,TRUE,FALSE,FALSE,2,2
3228,20240407,PMU Day56 R&L,20240206mouse1_OS_R_2_0_0000023_Structure_0001,https://drive.google.com/file/d/1-d8zTqRqKzLEKedxjF6RQ4PtfT5eg6oI/view?usp=drive_link,,0,0,0,3,FALSE,TRUE,TRUE,FALSE,FALSE,0,0
3229,20240407,PMU Day56 R&L,20240206mouse1_OS_R_2_0_0000023_Structure_0002,https://drive.google.com/file/d/16rEf6DwIq8A0RM3d_FkQCr5duNjYkCJG/view?usp=drive_link,,0,0,0,3,FALSE,TRUE,TRUE,FALSE,FALSE,0,0
3230,20240407,PMU Day56 R&L,20240206mouse1_OS_R_2_0_0000023_Structure_0003,https://drive.google.com/file/d/1VXOf2Vq1B4xlewZOZjxbZ7lSNrnLzf53/view?usp=drive_link,,0,0,0,3,FALSE,TRUE,TRUE,FALSE,FALSE,0,0
3231,20240407,PMU Day56 R&L,20240206mouse1_OS_R_2_0_0000023_Structure_0004,https://drive.google.com/file/d/1jjNEZJ15RvOu93tematdDN_v919-ovqY/view?usp=drive_link,,0,0,0,3,FALSE,TRUE,TRUE,FALSE,FALSE,0,0
3232,20240407,PMU Day56 R&L,20240206mouse1_OS_R_4_0_0000016_Structure_0001,https://drive.google.com/file/d/1CDwUKrE_-EgAwXjIG0JprXUiQW3lAwZR/view?usp=drive_link,,0,0,0,3,FALSE,TRUE,TRUE,FALSE,FALSE,0,0
3233,20240407,PMU Day56 R&L,20240206mouse1_OS_R_4_0_0000016_Structure_0002,https://drive.google.com/file/d/1IF9K-yUigrzUJ9EclL994wVCiI4X6Xkk/view?usp=drive_link,,0,0,0,3,FALSE,TRUE,TRUE,FALSE,FALSE,0,0
3234,20240407,PMU Day56 R&L,20240206mouse1_OS_R_4_0_0000016_Structure_0003,https://drive.google.com/file/d/1N5fb2NclNuf6tppJ4sxncWMbDRmz-Ipt/view?usp=drive_link,,0,0,0,3,FALSE,TRUE,TRUE,FALSE,FALSE,0,0
3235,20240407,PMU Day56 R&L,20240206mouse1_OS_R_4_0_0000016_Structure_0004,https://drive.google.com/file/d/1_JNHsdOddnwtR9r-MPxkdHwHLc0PtNU4/view?usp=drive_link,,0,0,0,3,FALSE,TRUE,TRUE,FALSE,FALSE,0,0
3236,20240407,PMU Day56 R&L,20240206mouse2_OD_R_2_0_0000002_Structure_0001,https://drive.google.com/file/d/1sVVur-LFaXP5-Hs9nvj5grjDLZ1eWRfY/view?usp=drive_link,,2,1,1,3,FALSE,FALSE,TRUE,FALSE,FALSE,1,1
3237,20240407,PMU Day56 R&L,20240206mouse2_OD_R_2_0_0000002_Structure_0002,https://drive.google.com/file/d/1qinaLwQBTmbKxIDbK5WToiRVX55hhYSt/view?usp=drive_link,,1,1,1,3,FALSE,TRUE,TRUE,FALSE,FALSE,1,1
3238,20240407,PMU Day56 R&L,20240206mouse2_OD_R_2_0_0000002_Structure_0003,https://drive.google.com/file/d/1LOjvBv7Wxw6vchiP6l2fGAbFuRMdpTJ8/view?usp=drive_link,,1,1,1,3,FALSE,TRUE,TRUE,FALSE,FALSE,1,1
3239,20240407,PMU Day56 R&L,20240206mouse2_OD_R_2_0_0000002_Structure_0004,https://drive.google.com/file/d/11grerXQW1DEIgSU-kjZdKPRdgZuPhjbj/view?usp=drive_link,,2,1,1,3,FALSE,FALSE,TRUE,FALSE,FALSE,1,1
3240,20240407,PMU Day56 R&L,20240206mouse2_OD_R_4_0_0000009_Structure_0001,https://drive.google.com/file/d/1c9UxlvVjEGrmW4H6d6KOOpBnejeh2Tle/view?usp=drive_link,,100,0.5,0.5,3,FALSE,FALSE,TRUE,FALSE,FALSE,0.5,0.5
3241,20240407,PMU Day56 R&L,20240206mouse2_OD_R_4_0_0000009_Structure_0002,https://drive.google.com/file/d/14hq8jPCxba3oas4gNZ69Egm3PBReYSKX/view?usp=drive_link,,100,0.5,0.5,3,FALSE,FALSE,TRUE,FALSE,FALSE,0.5,0.5
3242,20240407,PMU Day56 R&L,20240206mouse2_OD_R_4_0_0000009_Structure_0003,https://drive.google.com/file/d/1Esv00TBtZNoo2jSXfrR0UPBTzhxbtkg6/view?usp=drive_link,,100,0.5,0.5,3,FALSE,FALSE,TRUE,FALSE,FALSE,0.5,0.5
3243,20240407,PMU Day56 R&L,20240206mouse2_OD_R_4_0_0000009_Structure_0004,https://drive.google.com/file/d/1TZMku95JyXb7K0EToHuzZjDc_tiKvktD/view?usp=drive_link,,100,0.5,0.5,3,FALSE,FALSE,TRUE,FALSE,FALSE,0.5,0.5
3244,20240407,PMU Day56 R&L,20240206mouse2_OS_R_2_0_0000023_Structure_0001,https://drive.google.com/file/d/1iNsMkNyoUkKR0GAaZXxRUp6P-hYVD3OG/view?usp=drive_link,,0,0,0,3,FALSE,TRUE,TRUE,FALSE,FALSE,0,0
3245,20240407,PMU Day56 R&L,20240206mouse2_OS_R_2_0_0000023_Structure_0002,https://drive.google.com/file/d/1yw7thBPujX5Y6qIb8glvJvSCxo10D-Ho/view?usp=drive_link,,0,0,0,3,FALSE,TRUE,TRUE,FALSE,FALSE,0,0
3246,20240407,PMU Day56 R&L,20240206mouse2_OS_R_2_0_0000023_Structure_0003,https://drive.google.com/file/d/1AGqbBdh-VLvbe7hmGu7n38mP_jpcZc2z/view?usp=drive_link,,0,0,0,3,FALSE,TRUE,TRUE,FALSE,FALSE,0,0
3247,20240407,PMU Day56 R&L,20240206mouse2_OS_R_2_0_0000023_Structure_0004,https://drive.google.com/file/d/1pjhKGRbSRNdr2jPvglQiOH55saOyzRb-/view?usp=drive_link,,0,0,0,3,FALSE,TRUE,TRUE,FALSE,FALSE,0,0
3248,20240407,PMU Day56 R&L,20240206mouse2_OS_R_4_0_0000016_Structure_0001,https://drive.google.com/file/d/1K-OP1E_m-SMC46Ox6zxqjm-t4kkU0IV9/view?usp=drive_link,,0,0,0,3,FALSE,TRUE,TRUE,FALSE,FALSE,0,0
3249,20240407,PMU Day56 R&L,20240206mouse2_OS_R_4_0_0000016_Structure_0002,https://drive.google.com/file/d/1xoLsvRnvyQqI-VGZ6i2239rLuwYCV8Y2/view?usp=drive_link,,0,0,0,3,FALSE,TRUE,TRUE,FALSE,FALSE,0,0
3250,20240407,PMU Day56 R&L,20240206mouse2_OS_R_4_0_0000016_Structure_0003,https://drive.google.com/file/d/17iIRXg0Dl7ZeLhMEwGHVXp9SC7KHRMRs/view?usp=drive_link,,0,0,0,3,FALSE,TRUE,TRUE,FALSE,FALSE,0,0
3251,20240407,PMU Day56 R&L,20240206mouse2_OS_R_4_0_0000016_Structure_0004,https://drive.google.com/file/d/1QxHdrAQOU1TfXER8QzvUAw0WymK1Qw1V/view?usp=drive_link,,0,0,0,3,FALSE,TRUE,TRUE,FALSE,FALSE,0,0
3252,20240407,PMU Day56 R&L,20240206mouse3_OD_R_2_0_0000023_Structure_0001,https://drive.google.com/file/d/1MLW4iuRfKr6qYXzFdZNsttkZSBNHU2tI/view?usp=drive_link,,2,2,1,3,FALSE,FALSE,TRUE,FALSE,FALSE,2,2
3253,20240407,PMU Day56 R&L,20240206mouse3_OD_R_2_0_0000023_Structure_0002,https://drive.google.com/file/d/13n61_SWtMNySM-X-RTRW9S0L_eW_x-6I/view?usp=drive_link,,1,1,1,3,FALSE,TRUE,TRUE,FALSE,FALSE,1,1
3254,20240407,PMU Day56 R&L,20240206mouse3_OD_R_2_0_0000023_Structure_0003,https://drive.google.com/file/d/15NdzjxvUFxrCk684i9oGUIgJ4GplpWsk/view?usp=drive_link,,2,2,2,3,FALSE,TRUE,TRUE,FALSE,FALSE,2,2
3255,20240407,PMU Day56 R&L,20240206mouse3_OD_R_2_0_0000023_Structure_0004,https://drive.google.com/file/d/1FbukeSncFM3FLjGlSlKsoqUuDple_A7P/view?usp=drive_link,,3,2,2,3,FALSE,FALSE,TRUE,FALSE,FALSE,2,2
3256,20240407,PMU Day56 R&L,20240206mouse3_OD_R_4_0_0000016_Structure_0001,https://drive.google.com/file/d/1SKqNY_cboqKOlDPpWWo1UfweoSCrJhpm/view?usp=drive_link,,0.5,0.5,0.5,3,FALSE,TRUE,TRUE,FALSE,FALSE,0.5,0.5
3257,20240407,PMU Day56 R&L,20240206mouse3_OD_R_4_0_0000016_Structure_0002,https://drive.google.com/file/d/1fpJuXdq-dwi8-abcmpudApJ2ZNFiKRGw/view?usp=drive_link,,0,0,0,3,FALSE,TRUE,TRUE,FALSE,FALSE,0,0
3258,20240407,PMU Day56 R&L,20240206mouse3_OD_R_4_0_0000016_Structure_0003,https://drive.google.com/file/d/18WIkaX3cqIrTwvN9wZAzF7vThHUrEXuH/view?usp=drive_link,,1,0.5,1,3,FALSE,FALSE,TRUE,FALSE,FALSE,1,1
3259,20240407,PMU Day56 R&L,20240206mouse3_OD_R_4_0_0000016_Structure_0004,https://drive.google.com/file/d/1Y9lZW022o2fNsCIcjbyEXzXL7ZTtGh6R/view?usp=drive_link,,2,0.5,0.5,3,FALSE,FALSE,TRUE,FALSE,FALSE,0.5,0.5
3260,20240407,PMU Day56 R&L,20240206mouse3_OS_R_2_0_0000002_Structure_0001,https://drive.google.com/file/d/1UHF06ezJCDyK0VaHArUvba9Wd7j2uHDM/view?usp=drive_link,,0,0,0,3,FALSE,TRUE,TRUE,FALSE,FALSE,0,0
3261,20240407,PMU Day56 R&L,20240206mouse3_OS_R_2_0_0000002_Structure_0002,https://drive.google.com/file/d/1Su7pXzK6BYGFbEX06BmlrdpEIdTg404r/view?usp=drive_link,,0,0,0,3,FALSE,TRUE,TRUE,FALSE,FALSE,0,0
3262,20240407,PMU Day56 R&L,20240206mouse3_OS_R_2_0_0000002_Structure_0003,https://drive.google.com/file/d/1zbUmCevziuno1KPbqP7m-2B6_eDlYeRW/view?usp=drive_link,,0,0,0,3,FALSE,TRUE,TRUE,FALSE,FALSE,0,0
3263,20240407,PMU Day56 R&L,20240206mouse3_OS_R_2_0_0000002_Structure_0004,https://drive.google.com/file/d/1PviJigQ3U2sZu4FWFV7xQ_TZ9kA_eW6y/view?usp=drive_link,,0.5,0,0,3,FALSE,TRUE,TRUE,FALSE,FALSE,0,0
3264,20240407,PMU Day56 R&L,20240206mouse3_OS_R_4_0_0000009_Structure_0001,https://drive.google.com/file/d/1-lXxp_lYrBxRakrmUXI7piPAYhlw7NLT/view?usp=drive_link,,0,0,0,3,FALSE,TRUE,TRUE,FALSE,FALSE,0,0
3265,20240407,PMU Day56 R&L,20240206mouse3_OS_R_4_0_0000009_Structure_0002,https://drive.google.com/file/d/1hRLg_UiWsGGbHLDmBRJfiSJJWMOpx7NA/view?usp=drive_link,,0,0,0,3,FALSE,TRUE,TRUE,FALSE,FALSE,0,0
3266,20240407,PMU Day56 R&L,20240206mouse3_OS_R_4_0_0000009_Structure_0003,https://drive.google.com/file/d/1ztBOcJaU9VmE_2JcY-Sy-lV7uqpmPv6O/view?usp=drive_link,,0,0,0,3,FALSE,TRUE,TRUE,FALSE,FALSE,0,0
3267,20240407,PMU Day56 R&L,20240206mouse3_OS_R_4_0_0000009_Structure_0004,https://drive.google.com/file/d/1UmZu077tPhcbeOTFESxr1HR6ORVnkylj/view?usp=drive_link,,0,0,0,3,FALSE,TRUE,TRUE,FALSE,FALSE,0,0
3268,202404014,PMU Day56 R&L,20240206mouse1_OD_R_2_0_0000030_Structure_0001,https://drive.google.com/file/d/16L8QiGge0wIQYR9mouwjadvvJ0Eu3Fsw/view?usp=drive_link,,1,100,1,3,FALSE,FALSE,TRUE,FALSE,FALSE,1,1
3269,202404014,PMU Day56 R&L,20240206mouse1_OD_R_2_0_0000030_Structure_0002,https://drive.google.com/file/d/1oS-S5wn9DFzX053dgpeqWx9qIfs0GIYT/view?usp=drive_link,,1,100,1,3,FALSE,FALSE,TRUE,FALSE,FALSE,1,1
3270,202404014,PMU Day56 R&L,20240206mouse1_OD_R_2_0_0000030_Structure_0003,https://drive.google.com/file/d/1LIFQgFMHDQhDWZfm4j6Z5sYysCv2lUb_/view?usp=drive_link,,2,2,2,3,FALSE,TRUE,TRUE,FALSE,FALSE,2,2
3271,202404014,PMU Day56 R&L,20240206mouse1_OD_R_2_0_0000030_Structure_0004,https://drive.google.com/file/d/1-xwN0IREMV3usSlHkZL0V2-1qHXtV5LO/view?usp=drive_link,,2,2,2,3,FALSE,TRUE,TRUE,FALSE,FALSE,2,2
3272,202404014,PMU Day56 R&L,20240206mouse1_OD_R_4_0_0000037_Structure_0001,https://drive.google.com/file/d/1evM3aGAbqdX2zrLDuXdsAiGb3azMGTLB/view?usp=drive_link,,1,1,1,3,FALSE,TRUE,TRUE,FALSE,FALSE,1,1
3273,202404014,PMU Day56 R&L,20240206mouse1_OD_R_4_0_0000037_Structure_0002,https://drive.google.com/file/d/1XZ2VHxlmgCb4ws2XnYLdMj2XoEVmJLD6/view?usp=drive_link,,1,1,1,3,FALSE,TRUE,TRUE,FALSE,FALSE,1,1
3274,202404014,PMU Day56 R&L,20240206mouse1_OD_R_4_0_0000037_Structure_0003,https://drive.google.com/file/d/1ieqhsM0Uw5NV7ZyW5PAgEAafiDorCSed/view?usp=drive_link,,2,1,1,3,FALSE,FALSE,TRUE,FALSE,FALSE,1,1
3275,202404014,PMU Day56 R&L,20240206mouse1_OD_R_4_0_0000037_Structure_0004,https://drive.google.com/file/d/1rwt1VptjzsA5xk8ga77PWjMC3fKjpXMm/view?usp=drive_link,,3,1,1,3,FALSE,FALSE,TRUE,FALSE,FALSE,1,1
3276,202404014,PMU Day56 R&L,20240206mouse1_OS_R_2_0_0000051_Structure_0001,https://drive.google.com/file/d/1i0EYvYpKiobsXyhPDCmqNR8zjo8bb6UM/view?usp=drive_link,,0,0,0,3,FALSE,TRUE,TRUE,FALSE,FALSE,0,0
3277,202404014,PMU Day56 R&L,20240206mouse1_OS_R_2_0_0000051_Structure_0002,https://drive.google.com/file/d/1aadoDmEWa3B_xwvEARMPlA53Gx5fQ6xH/view?usp=drive_link,,0,0,0,3,FALSE,TRUE,TRUE,FALSE,FALSE,0,0
3278,202404014,PMU Day56 R&L,20240206mouse1_OS_R_2_0_0000051_Structure_0003,https://drive.google.com/file/d/1G5fPEcLR2IQskvA8O51i4Wf2UGiPC-ka/view?usp=drive_link,,0,0,0,3,FALSE,TRUE,TRUE,FALSE,FALSE,0,0
3279,202404014,PMU Day56 R&L,20240206mouse1_OS_R_2_0_0000051_Structure_0004,https://drive.google.com/file/d/1ILIaK0r4-xvicKHUVBUAecDliOABuKSC/view?usp=drive_link,,0,0,0,3,FALSE,TRUE,TRUE,FALSE,FALSE,0,0
3280,202404014,PMU Day56 R&L,20240206mouse1_OS_R_4_0_0000044_Structure_0001,https://drive.google.com/file/d/1UDNlCZytwPbEXl28Rc3Y0s6BDTZzyVvW/view?usp=drive_link,,0,0,0,3,FALSE,TRUE,TRUE,FALSE,FALSE,0,0
3281,202404014,PMU Day56 R&L,20240206mouse1_OS_R_4_0_0000044_Structure_0002,https://drive.google.com/file/d/1VLCTkOxtAT4q4dLyZlSh46FJIZVmeGbi/view?usp=drive_link,,0,0,0,3,FALSE,TRUE,TRUE,FALSE,FALSE,0,0
3282,202404014,PMU Day56 R&L,20240206mouse1_OS_R_4_0_0000044_Structure_0003,https://drive.google.com/file/d/1wuLDVUynT4mrXiOy68bWvZCrf--Eg9cr/view?usp=drive_link,,0,0,0,3,FALSE,TRUE,TRUE,FALSE,FALSE,0,0
3283,202404014,PMU Day56 R&L,20240206mouse1_OS_R_4_0_0000044_Structure_0004,https://drive.google.com/file/d/10VNoyBMwcCJgpp5rDsvKqU7vR5DGMbT7/view?usp=drive_link,,0,0,0,3,FALSE,TRUE,TRUE,FALSE,FALSE,0,0
3284,202404014,PMU Day56 R&L,20240206mouse2_OD_R_2_0_0000051_Structure_0001,https://drive.google.com/file/d/1RASxpqsV858lPZBFGsiMHHv2uvF2cce0/view?usp=drive_link,,2,2,2,3,FALSE,TRUE,TRUE,FALSE,FALSE,2,2
3285,202404014,PMU Day56 R&L,20240206mouse2_OD_R_2_0_0000051_Structure_0002,https://drive.google.com/file/d/1a3d1gyexBVLksRbfjS6KtQDL2R3Ca1aT/view?usp=drive_link,,1,0.5,1,3,FALSE,FALSE,TRUE,FALSE,FALSE,1,1
3286,202404014,PMU Day56 R&L,20240206mouse2_OD_R_2_0_0000051_Structure_0003,https://drive.google.com/file/d/1wCCZM8WhqvcaJoDCJrZbkJ6kIJ_ecT3t/view?usp=drive_link,,1,1,1,3,FALSE,TRUE,TRUE,FALSE,FALSE,1,1
3287,202404014,PMU Day56 R&L,20240206mouse2_OD_R_2_0_0000051_Structure_0004,https://drive.google.com/file/d/1Qnjs-fz1T-bMCRREEaWQRbvtDt-AHQ_r/view?usp=drive_link,,2,1,2,3,FALSE,FALSE,TRUE,FALSE,FALSE,2,2
3288,202404014,PMU Day56 R&L,20240206mouse2_OD_R_4_0_0000044_Structure_0001,https://drive.google.com/file/d/1sxcsCngcXQfjUm-DekeYc6346IzASbIo/view?usp=drive_link,,1,1,1,3,FALSE,TRUE,TRUE,FALSE,FALSE,1,1
3289,202404014,PMU Day56 R&L,20240206mouse2_OD_R_4_0_0000044_Structure_0002,https://drive.google.com/file/d/1yPIZYXQ6t_9clJF2ol5NYmOdrm1VELXj/view?usp=drive_link,,2,1,1,3,FALSE,FALSE,TRUE,FALSE,FALSE,1,1
3290,202404014,PMU Day56 R&L,20240206mouse2_OD_R_4_0_0000044_Structure_0003,https://drive.google.com/file/d/1LungbBnvlkz2OPgiLTfDUfqqnryyGmWQ/view?usp=drive_link,,2,2,2,3,FALSE,TRUE,TRUE,FALSE,FALSE,2,2
3291,202404014,PMU Day56 R&L,20240206mouse2_OD_R_4_0_0000044_Structure_0004,https://drive.google.com/file/d/1hD7svisjxxP-W4IA8-4re2Fh-oDS1aL5/view?usp=drive_link,,3,2,2,3,FALSE,FALSE,TRUE,FALSE,FALSE,2,2
3292,202404014,PMU Day56 R&L,20240206mouse2_OS_R_2_0_0000030_Structure_0001,https://drive.google.com/file/d/16mBe0xFmKlOFZnJis0Q0O6yG4Y9GzhQP/view?usp=drive_link,,0,0,0,3,FALSE,TRUE,TRUE,FALSE,FALSE,0,0
3293,202404014,PMU Day56 R&L,20240206mouse2_OS_R_2_0_0000030_Structure_0002,https://drive.google.com/file/d/12jlx4AwKmExNr5wexFC3xc2Bi0zfTMia/view?usp=drive_link,,0,0,0,3,FALSE,TRUE,TRUE,FALSE,FALSE,0,0
3294,202404014,PMU Day56 R&L,20240206mouse2_OS_R_2_0_0000030_Structure_0003,https://drive.google.com/file/d/1TjQzybrgFgjQvG8hn6Nmiujo3WVCh8lR/view?usp=drive_link,,0,0,0,3,FALSE,TRUE,TRUE,FALSE,FALSE,0,0
3295,202404014,PMU Day56 R&L,20240206mouse2_OS_R_2_0_0000030_Structure_0004,https://drive.google.com/file/d/1aUSvcufvkSOzIwncAEXXO6M4nqPKLT6A/view?usp=drive_link,,0,0,0,3,FALSE,TRUE,TRUE,FALSE,FALSE,0,0
3296,202404014,PMU Day56 R&L,20240206mouse2_OS_R_4_0_0000037_Structure_0001,https://drive.google.com/file/d/1gch8jTpP1z-FJ6Gu6QV5tHz0H58TtoWO/view?usp=drive_link,,0,0,0,3,FALSE,TRUE,TRUE,FALSE,FALSE,0,0
3297,202404014,PMU Day56 R&L,20240206mouse2_OS_R_4_0_0000037_Structure_0002,https://drive.google.com/file/d/15j1F-MI4vfbje6yFTscw-uQP70UxQEfj/view?usp=drive_link,,0,0,0,3,FALSE,TRUE,TRUE,FALSE,FALSE,0,0
3298,202404014,PMU Day56 R&L,20240206mouse2_OS_R_4_0_0000037_Structure_0003,https://drive.google.com/file/d/1ZYCDTyDjNbCpoMQYtZkmi-blzxfEevJf/view?usp=drive_link,,0,0,0,3,FALSE,TRUE,TRUE,FALSE,FALSE,0,0
3299,202404014,PMU Day56 R&L,20240206mouse2_OS_R_4_0_0000037_Structure_0004,https://drive.google.com/file/d/1N-YTzqh5Ntspy8DqbGqaOEHWL5LzqC86/view?usp=drive_link,,0,0,0,3,FALSE,TRUE,TRUE,FALSE,FALSE,0,0
3300,202404014,PMU Day56 R&L,20240206mouse3_OD_R_2_0_0000030_Structure_0001,https://drive.google.com/file/d/1I4Flxx0gS9jSdbG5LqOTtKOr9e6KPv4X/view?usp=drive_link,,0,0.5,0.5,3,FALSE,FALSE,TRUE,FALSE,FALSE,0.5,0.5
3301,202404014,PMU Day56 R&L,20240206mouse3_OD_R_2_0_0000030_Structure_0002,https://drive.google.com/file/d/1xaQ5S1kvw8-zAlAnp1RZUUQS50RTRx8u/view?usp=drive_link,,0.5,0.5,0.5,3,FALSE,TRUE,TRUE,FALSE,FALSE,0.5,0.5
3302,202404014,PMU Day56 R&L,20240206mouse3_OD_R_2_0_0000030_Structure_0003,https://drive.google.com/file/d/12tdlHV6c31UARnu0-btmag1q_wW1k0Up/view?usp=drive_link,,0.5,0.5,0.5,3,FALSE,TRUE,TRUE,FALSE,FALSE,0.5,0.5
3303,202404014,PMU Day56 R&L,20240206mouse3_OD_R_2_0_0000030_Structure_0004,https://drive.google.com/file/d/19NqP9TGn7SX5zqRABC8-2jTpdg-l-eYg/view?usp=drive_link,,1,1,1,3,FALSE,TRUE,TRUE,FALSE,FALSE,1,1
3304,202404014,PMU Day56 R&L,20240206mouse3_OD_R_4_0_0000037_Structure_0001,https://drive.google.com/file/d/1GGsvov-xHXdLOCxC-Fu1V7AdFPnT7Vt5/view?usp=drive_link,,0,0,0,3,FALSE,TRUE,TRUE,FALSE,FALSE,0,0
3305,202404014,PMU Day56 R&L,20240206mouse3_OD_R_4_0_0000037_Structure_0002,https://drive.google.com/file/d/1mdOTtQtDzuWnbM6FoLsaI22SXNfCQqEx/view?usp=drive_link,,0.5,0.5,0.5,3,FALSE,TRUE,TRUE,FALSE,FALSE,0.5,0.5
3306,202404014,PMU Day56 R&L,20240206mouse3_OD_R_4_0_0000037_Structure_0003,https://drive.google.com/file/d/1G9HGg_vI70NOUm9ZZfK1Ax1XYa_tPn24/view?usp=drive_link,,0,0,0,3,FALSE,TRUE,TRUE,FALSE,FALSE,0,0
3307,202404014,PMU Day56 R&L,20240206mouse3_OD_R_4_0_0000037_Structure_0004,https://drive.google.com/file/d/1g-qWipAZaL6H-retwEFcjlowThSOhF52/view?usp=drive_link,,0,0,0,3,FALSE,TRUE,TRUE,FALSE,FALSE,0,0
3308,202404014,PMU Day56 R&L,20240206mouse3_OS_R_2_0_0000051_Structure_0001,https://drive.google.com/file/d/172oGPFlmfoUoK3Gr2r0HW2yr7OisJMiy/view?usp=drive_link,,0,0,0,3,FALSE,TRUE,TRUE,FALSE,FALSE,0,0
3309,202404014,PMU Day56 R&L,20240206mouse3_OS_R_2_0_0000051_Structure_0002,https://drive.google.com/file/d/1rn6Y0Rn9h8NguFkfhXpBLuGJh_m3t6tE/view?usp=drive_link,,0,0,0,3,FALSE,TRUE,TRUE,FALSE,FALSE,0,0
3310,202404014,PMU Day56 R&L,20240206mouse3_OS_R_2_0_0000051_Structure_0003,https://drive.google.com/file/d/1ek20IiXRrZnBFm8y8xa23wZv5T2x0Qbw/view?usp=drive_link,,0,0,0,3,FALSE,TRUE,TRUE,FALSE,FALSE,0,0
3311,202404014,PMU Day56 R&L,20240206mouse3_OS_R_2_0_0000051_Structure_0004,https://drive.google.com/file/d/1T2hJMbcnEEH8eQlQOSa_Tx1cPgGDBMOK/view?usp=drive_link,,0,0,0,3,FALSE,TRUE,TRUE,FALSE,FALSE,0,0
3312,202404014,PMU Day56 R&L,20240206mouse3_OS_R_4_0_0000044_Structure_0001,https://drive.google.com/file/d/1Ye-WPV5icRmAzenOUOHfp88-SXFhnKqh/view?usp=drive_link,,0,0,0,3,FALSE,TRUE,TRUE,FALSE,FALSE,0,0
3313,202404014,PMU Day56 R&L,20240206mouse3_OS_R_4_0_0000044_Structure_0002,https://drive.google.com/file/d/19bEXwEzEyGxwL9Xm5V8KU2xnbRSJW3Du/view?usp=drive_link,,0,0,0,3,FALSE,TRUE,TRUE,FALSE,FALSE,0,0
3314,202404014,PMU Day56 R&L,20240206mouse3_OS_R_4_0_0000044_Structure_0003,https://drive.google.com/file/d/1tKOWCX-TUFM3JUw02dWrJv9kQDjJVZLS/view?usp=drive_link,,0,0,0,3,FALSE,TRUE,TRUE,FALSE,FALSE,0,0
3315,202404014,PMU Day56 R&L,20240206mouse3_OS_R_4_0_0000044_Structure_0004,https://drive.google.com/file/d/1CN3gn9JB8B8p1fUGx-HF9igRxCaWSpFh/view?usp=drive_link,,0,0,0,3,FALSE,TRUE,TRUE,FALSE,FALSE,0,0
3316,202404014,PMU Day56 R&L,20240206mouse4_OD_R_2_0_0000051_Structure_0001,https://drive.google.com/file/d/1Z2v0m5OhGXl8iI7y_bcPnZD59BmARSGU/view?usp=drive_link,,1,0.5,1,3,FALSE,FALSE,TRUE,FALSE,FALSE,1,1
3317,202404014,PMU Day56 R&L,20240206mouse4_OD_R_2_0_0000051_Structure_0002,https://drive.google.com/file/d/1PufKm0xpnFZtuSTUVf-JShhKXuNn56jn/view?usp=drive_link,,0.5,0.5,0.5,3,FALSE,TRUE,TRUE,FALSE,FALSE,0.5,0.5
3318,202404014,PMU Day56 R&L,20240206mouse4_OD_R_2_0_0000051_Structure_0003,https://drive.google.com/file/d/1kPVtMRJz7QRavlWvUl2TFad9z1qH0BNP/view?usp=drive_link,,1,1,1,3,FALSE,TRUE,TRUE,FALSE,FALSE,1,1
3319,202404014,PMU Day56 R&L,20240206mouse4_OD_R_2_0_0000051_Structure_0004,https://drive.google.com/file/d/1GSC91_tdqy40KnZ0RHM-fmX_1O9WX2ho/view?usp=drive_link,,1,0.5,1,3,FALSE,FALSE,TRUE,FALSE,FALSE,1,1
3320,202404014,PMU Day56 R&L,20240206mouse4_OD_R_4_0_0000044_Structure_0001,https://drive.google.com/file/d/1sh0KLfr2KeVVagD6s4eOB4eyRI7LKO2T/view?usp=drive_link,,0.5,0.5,0.5,3,FALSE,TRUE,TRUE,FALSE,FALSE,0.5,0.5
3321,202404014,PMU Day56 R&L,20240206mouse4_OD_R_4_0_0000044_Structure_0002,https://drive.google.com/file/d/1lux_OizQj0AZtOHag8Qunb7WckjEFKJP/view?usp=drive_link,,0.5,0.5,0.5,3,FALSE,TRUE,TRUE,FALSE,FALSE,0.5,0.5
3322,202404014,PMU Day56 R&L,20240206mouse4_OD_R_4_0_0000044_Structure_0003,https://drive.google.com/file/d/1diOmSdGv0lGXTLZNlobAZFYFZCyZFXl2/view?usp=drive_link,,0.5,0,0.5,3,FALSE,FALSE,TRUE,FALSE,FALSE,0.5,0.5
3323,202404014,PMU Day56 R&L,20240206mouse4_OD_R_4_0_0000044_Structure_0004,https://drive.google.com/file/d/1iId7bn7yhkpc1tKZSQoraT3KWY7aiDp9/view?usp=drive_link,,0,0,0.5,3,FALSE,TRUE,TRUE,FALSE,FALSE,0,0
3324,202404014,PMU Day56 R&L,20240206mouse4_OS_R_2_0_0000030_Structure_0001,https://drive.google.com/file/d/1sm_4IKCtTBA7t2CeGYw3Wwb9-pSZJYgk/view?usp=drive_link,,100,0,0,3,FALSE,TRUE,TRUE,FALSE,FALSE,0,0
3325,202404014,PMU Day56 R&L,20240206mouse4_OS_R_2_0_0000030_Structure_0002,https://drive.google.com/file/d/1wqLmmccDnQ9f7dhanaxHRD_ffRHpI0w5/view?usp=drive_link,,0,0,0,3,FALSE,TRUE,TRUE,FALSE,FALSE,0,0
3326,202404014,PMU Day56 R&L,20240206mouse4_OS_R_2_0_0000030_Structure_0003,https://drive.google.com/file/d/1tq461Qkpk6PteHQ5dS5YSo0Dl8RDihpV/view?usp=drive_link,,100,0,0,3,FALSE,TRUE,TRUE,FALSE,FALSE,0,0
3327,202404014,PMU Day56 R&L,20240206mouse4_OS_R_2_0_0000030_Structure_0004,https://drive.google.com/file/d/1XFsHBml3MxyoyDJqMa901m-_dk-jGMUF/view?usp=drive_link,,0,0,0,3,FALSE,TRUE,TRUE,FALSE,FALSE,0,0
3328,202404014,PMU Day56 R&L,20240206mouse4_OS_R_4_0_0000037_Structure_0001,https://drive.google.com/file/d/1bPejvO_L9DN-WxzL9QoUH9mIFl2IwupG/view?usp=drive_link,,100,0,0,3,FALSE,TRUE,TRUE,FALSE,FALSE,0,0
3329,202404014,PMU Day56 R&L,20240206mouse4_OS_R_4_0_0000037_Structure_0002,https://drive.google.com/file/d/1gZreZSv1kfT_leP3RYRYZ_5r_xDUPweR/view?usp=drive_link,,0,0,0,3,FALSE,TRUE,TRUE,FALSE,FALSE,0,0
3330,202404014,PMU Day56 R&L,20240206mouse4_OS_R_4_0_0000037_Structure_0003,https://drive.google.com/file/d/13bQU_W246CC-DQK2SoL-6qpuzUiXueqe/view?usp=drive_link,,0,0,0,3,FALSE,TRUE,TRUE,FALSE,FALSE,0,0
3331,202404014,PMU Day56 R&L,20240206mouse4_OS_R_4_0_0000037_Structure_0004,https://drive.google.com/file/d/15KdQllbeLmMTc0KF9dJ9dJgC7ziUXm79/view?usp=drive_link,,0,0,0,3,FALSE,TRUE,TRUE,FALSE,FALSE,0,0
3332,202404014,UMU Day56 ,20240219mouse1_OD_R_2_0_0000023_Structure_0001,https://drive.google.com/file/d/1gVy1VrH1Pu07OIoZtD8defieo6IdVFpg/view?usp=drive_link,,0,0,0,3,FALSE,TRUE,TRUE,FALSE,FALSE,0,0
3333,202404014,UMU Day56 ,20240219mouse1_OD_R_2_0_0000023_Structure_0002,https://drive.google.com/file/d/19K7WDs-U7lU0LSM1sKOAHQTEpEHFbx8-/view?usp=drive_link,,0,0,0,3,FALSE,TRUE,TRUE,FALSE,FALSE,0,0
3334,202404014,UMU Day56 ,20240219mouse1_OD_R_2_0_0000023_Structure_0003,https://drive.google.com/file/d/1dpnPwXW4LBYEWMC4JolwCYGSPOmw_opK/view?usp=drive_link,,0,0,0,3,FALSE,TRUE,TRUE,FALSE,FALSE,0,0
3335,202404014,UMU Day56 ,20240219mouse1_OD_R_2_0_0000023_Structure_0004,https://drive.google.com/file/d/1EEu16D6pSbG5D2oxQzenEvYXUQgMwseU/view?usp=drive_link,,0,0,0,3,FALSE,TRUE,TRUE,FALSE,FALSE,0,0
3336,202404014,UMU Day56 ,20240219mouse1_OD_R_4_0_0000016_Structure_0001,https://drive.google.com/file/d/1UdFgoqqwzCxWqbXSEKW2bMRhgF9-WIS6/view?usp=drive_link,,0,0,0,3,FALSE,TRUE,TRUE,FALSE,FALSE,0,0
3337,202404014,UMU Day56 ,20240219mouse1_OD_R_4_0_0000016_Structure_0002,https://drive.google.com/file/d/11WAElnCYjgmeFvbis2ku4VNfErew3zDM/view?usp=drive_link,,0,0,0,3,FALSE,TRUE,TRUE,FALSE,FALSE,0,0
3338,202404014,UMU Day56 ,20240219mouse1_OD_R_4_0_0000016_Structure_0003,https://drive.google.com/file/d/1hJdSANehm-HmAKZcgS6jPWryK3eDLyeA/view?usp=drive_link,,0,0,0,3,FALSE,TRUE,TRUE,FALSE,FALSE,0,0
3339,202404014,UMU Day56 ,20240219mouse1_OD_R_4_0_0000016_Structure_0004,https://drive.google.com/file/d/1QqsIvVhewdoMYvucjjncf56hiqAhRoFk/view?usp=drive_link,,0,0,0,3,FALSE,TRUE,TRUE,FALSE,FALSE,0,0
3340,202404014,UMU Day56 ,20240219mouse2_OD_R_2_0_0000002_Structure_0001,https://drive.google.com/file/d/1H9agM7Ts72Q9_v0nefq4gbnLwxqhpfVO/view?usp=drive_link,,0,0,0,3,FALSE,TRUE,TRUE,FALSE,FALSE,0,0
3341,202404014,UMU Day56 ,20240219mouse2_OD_R_2_0_0000002_Structure_0002,https://drive.google.com/file/d/1xQyEwLBdOzpdVpeh45idqmxouxZn3wbr/view?usp=drive_link,,0,0,0,3,FALSE,TRUE,TRUE,FALSE,FALSE,0,0
3342,202404014,UMU Day56 ,20240219mouse2_OD_R_2_0_0000002_Structure_0003,https://drive.google.com/file/d/1hkrIVJfftF6rCdlnQgK59MbxwmhKu0Fp/view?usp=drive_link,,0,0,0,3,FALSE,TRUE,TRUE,FALSE,FALSE,0,0
3343,202404014,UMU Day56 ,20240219mouse2_OD_R_2_0_0000002_Structure_0004,https://drive.google.com/file/d/1RdaA9C2PrbRD7tbmXvzmSYfii3f6-YrO/view?usp=drive_link,,0,0,0,3,FALSE,TRUE,TRUE,FALSE,FALSE,0,0
3344,202404014,UMU Day56 ,20240219mouse2_OD_R_4_0_0000009_Structure_0001,https://drive.google.com/file/d/1SNOM5-IgAxK7QDN7YnOAEprjzWBueJ9J/view?usp=drive_link,,0,0,0,3,FALSE,TRUE,TRUE,FALSE,FALSE,0,0
3345,202404014,UMU Day56 ,20240219mouse2_OD_R_4_0_0000009_Structure_0002,https://drive.google.com/file/d/1m05STYkmVCxvSyLqyIh4SoALIVUN5pO3/view?usp=drive_link,,0,0,0,3,FALSE,TRUE,TRUE,FALSE,FALSE,0,0
3346,202404014,UMU Day56 ,20240219mouse2_OD_R_4_0_0000009_Structure_0003,https://drive.google.com/file/d/1et72ZgGk4TJ9TbCbu7RfLXM_LzkRo8FO/view?usp=drive_link,,0,0,0,3,FALSE,TRUE,TRUE,FALSE,FALSE,0,0
3347,202404014,UMU Day56 ,20240219mouse2_OD_R_4_0_0000009_Structure_0004,https://drive.google.com/file/d/1ftyv2vUbAscZgcYz8IjXUY_VcjOYT2pQ/view?usp=drive_link,,0,0,0,3,FALSE,TRUE,TRUE,FALSE,FALSE,0,0
3348,202404014,UMU Day56 ,20240219mouse3_OD_R_2_0_0000023_Structure_0001,https://drive.google.com/file/d/1zCCkfTb2MmqqCJCLouTcyl-3Up79uj1o/view?usp=drive_link,,0,0,0,3,FALSE,TRUE,TRUE,FALSE,FALSE,0,0
3349,202404014,UMU Day56 ,20240219mouse3_OD_R_2_0_0000023_Structure_0002,https://drive.google.com/file/d/19L-ChC0yuh9X5--_ldSDOOuu1W2p6403/view?usp=drive_link,,0,0,0,3,FALSE,TRUE,TRUE,FALSE,FALSE,0,0
3350,202404014,UMU Day56 ,20240219mouse3_OD_R_2_0_0000023_Structure_0003,https://drive.google.com/file/d/1F4OeoVJ8zaTjjdhjsOaK7993M9wft-Lo/view?usp=drive_link,,0,0,0,3,FALSE,TRUE,TRUE,FALSE,FALSE,0,0
3351,202404014,UMU Day56 ,20240219mouse3_OD_R_2_0_0000023_Structure_0004,https://drive.google.com/file/d/11qJ4lMkxIQafXVZrhQO3eOr2ONz5PFzx/view?usp=drive_link,,0.5,0.5,0.5,3,FALSE,TRUE,TRUE,FALSE,FALSE,0.5,0.5
3352,202404014,UMU Day56 ,20240219mouse3_OD_R_4_0_0000016_Structure_0001,https://drive.google.com/file/d/1J_vqM0CteXpe4fjMxIHuLFuXXGozYPai/view?usp=drive_link,,0,0,0,3,FALSE,TRUE,TRUE,FALSE,FALSE,0,0
3353,202404014,UMU Day56 ,20240219mouse3_OD_R_4_0_0000016_Structure_0002,https://drive.google.com/file/d/1wDwhc9OQIW491PhgHQlIbTfmNkJ2R16E/view?usp=drive_link,,0,0,0,3,FALSE,TRUE,TRUE,FALSE,FALSE,0,0
3354,202404014,UMU Day56 ,20240219mouse3_OD_R_4_0_0000016_Structure_0003,https://drive.google.com/file/d/1Y2GevgGMEafsslDeUmTFJbeiU44cW3UV/view?usp=drive_link,,0,0,0,3,FALSE,TRUE,TRUE,FALSE,FALSE,0,0
3355,202404014,UMU Day56 ,20240219mouse3_OD_R_4_0_0000016_Structure_0004,https://drive.google.com/file/d/1iMJA2fKTnwmjAwfsgByiKX_IpBEyDy7k/view?usp=drive_link,,0,0,0,3,FALSE,TRUE,TRUE,FALSE,FALSE,0,0
3356,202404014,UMU Day56 ,20240219mouse4_OD_R_2_0_0000002_Structure_0001,https://drive.google.com/file/d/11WczyXfRQEkfxyVlhvXNlT1-eQy8iSER/view?usp=drive_link,,0,0,0,3,FALSE,TRUE,TRUE,FALSE,FALSE,0,0
3357,202404014,UMU Day56 ,20240219mouse4_OD_R_2_0_0000002_Structure_0002,https://drive.google.com/file/d/1vXOzzdqjUrOuQwm0Nhd2564ZEVAcyZ3k/view?usp=drive_link,,0,0,0,3,FALSE,TRUE,TRUE,FALSE,FALSE,0,0
3358,202404014,UMU Day56 ,20240219mouse4_OD_R_2_0_0000002_Structure_0003,https://drive.google.com/file/d/1dIkuddItc972bSZSrCMUP9-r6Lv-JE4U/view?usp=drive_link,,0,0,0,3,FALSE,TRUE,TRUE,FALSE,FALSE,0,0
3359,202404014,UMU Day56 ,20240219mouse4_OD_R_2_0_0000002_Structure_0004,https://drive.google.com/file/d/1WTbjYE-hUWPWhONRf5O1PVN5DJMSAFaA/view?usp=drive_link,,0.5,0.5,0.5,3,FALSE,TRUE,TRUE,FALSE,FALSE,0.5,0.5
3360,202404014,UMU Day56 ,20240219mouse4_OD_R_4_0_0000009_Structure_0001,https://drive.google.com/file/d/1Uuhx9Q95a3x5m-LnkHyttW9X77u9zc_V/view?usp=drive_link,,0,0,0,3,FALSE,TRUE,TRUE,FALSE,FALSE,0,0
3361,202404014,UMU Day56 ,20240219mouse4_OD_R_4_0_0000009_Structure_0002,https://drive.google.com/file/d/1hNXtWV-yiyq6P484zYO39NN-uUfCmhk8/view?usp=drive_link,,0,0,0,3,FALSE,TRUE,TRUE,FALSE,FALSE,0,0
3362,202404014,UMU Day56 ,20240219mouse4_OD_R_4_0_0000009_Structure_0003,https://drive.google.com/file/d/1WLSXbdwGFx4he10WOZT9Bc2OGTsMtVHQ/view?usp=drive_link,,0,0,0,3,FALSE,TRUE,TRUE,FALSE,FALSE,0,0
3363,202404014,UMU Day56 ,20240219mouse4_OD_R_4_0_0000009_Structure_0004,https://drive.google.com/file/d/1VXv1UDDhVPlpP43zFRDusuA1UYd3P3hV/view?usp=drive_link,,0,0,0,3,FALSE,TRUE,TRUE,FALSE,FALSE,0,0
3364,Extended AI - 2021 Post ARVO,2021,20180131mouse2_OD_L_4_90_0000033_Structure_0001 RA-7.TIFF,https://drive.google.com/file/d/1aX6W5WHGGPSBzAAS-uVbLzitq7Nl46ky/view?usp=sharing,0,1,0,,3,FALSE,TRUE,TRUE,FALSE,FALSE,0,0
3365,Extended AI - 2021 Post ARVO,2021,20180131mouse2_OD_L_4_90_0000087_Structure_0001 RA1.TIFF,https://drive.google.com/file/d/1ktVGF_Qk293hQ_enF3eILMLh-fR1Zz5a/view?usp=sharing,1,1,1,,3,FALSE,TRUE,TRUE,FALSE,FALSE,1,1
3366,Extended AI - 2021 Post ARVO,2021,20180131mouse2_OD_L_4_90_0000195_Structure_0001 RA7.TIFF,https://drive.google.com/file/d/1hO7v52ZxIcObLzjnNJAHCLsdhTrWRBju/view?usp=sharing,1,1,1,,3,FALSE,TRUE,TRUE,FALSE,FALSE,1,1
3367,Extended AI - 2021 Post ARVO,2021,20180131mouse2_OD_L_4_90_0000239_Structure_0001 RA14.TIFF,https://drive.google.com/file/d/1gJOW4myWgNhKO9y3PPPxCRZQ_NltRt50/view?usp=sharing,1,1,1,,3,FALSE,TRUE,TRUE,FALSE,FALSE,1,1
3368,Extended AI - 2021 Post ARVO,2021,20180131mouse2_OD_L_4_90_0000276_Structure_0001 RA21.TIFF,https://drive.google.com/file/d/1pHa-A_SOo75-u00pM2_CrddM4hRvlJOt/view?usp=sharing,1,0.5,1,,3,FALSE,FALSE,TRUE,FALSE,FALSE,1,1
3369,Extended AI - 2021 Post ARVO,2021,20180131mouse2_OD_L_4_90_0000435_Structure_0001 RA49.TIFF,https://drive.google.com/file/d/19-49e6ooGVHZoiOkW5Tzt4l0S2KfysC3/view?usp=sharing,1,0.5,1,,3,FALSE,FALSE,TRUE,FALSE,FALSE,1,1
3370,Extended AI - 2021 Post ARVO,2021,20180131mouse3_OD_L_4_90_0000033_Structure_0001 RA-7.TIFF,https://drive.google.com/file/d/1vfOJA_sOHeWRZPAz-p541xNDneSt0uF9/view?usp=sharing,0.5,0.5,1,,3,FALSE,FALSE,TRUE,FALSE,FALSE,0.5,0.5
3371,Extended AI - 2021 Post ARVO,2021,20180131mouse4_OD_L_4_90_0000033_Structure_0001 RA-7.TIFF,https://drive.google.com/file/d/1kvnmlxCRCzGvwLVU0w_WoQYMAz3LNz2R/view?usp=sharing,0,0.5,0,,3,FALSE,TRUE,TRUE,FALSE,FALSE,0,0
3372,Extended AI - 2021 Post ARVO,2021,20180131mouse4_OD_L_4_90_0000087_Structure_0001 RA1.TIFF,https://drive.google.com/file/d/1d2q6zQdbENePxtPmqSvVOA2jaTvfIh2_/view?usp=sharing,3,3,4,,3,FALSE,FALSE,TRUE,FALSE,FALSE,3,3
3373,Extended AI - 2021 Post ARVO,2021,20180131mouse4_OD_L_4_90_0000192_Structure_0001 RA7.TIFF,https://drive.google.com/file/d/1hdplVCEj_VLluGzAvzT9KjO_-Jq1jys3/view?usp=sharing,1,1,1,,3,FALSE,TRUE,TRUE,FALSE,FALSE,1,1
3374,Extended AI - 2021 Post ARVO,2021,20180131mouse4_OD_L_4_90_0000239_Structure_0001 RA14.TIFF,https://drive.google.com/file/d/11BPAn8eYw9ylCcGt2mLW8kskm0Kazo4h/view?usp=sharing,1,1,1,,3,FALSE,TRUE,TRUE,FALSE,FALSE,1,1
3375,Extended AI - 2021 Post ARVO,2021,20180131mouse4_OD_L_4_90_0000276_Structure_0001 RA21.TIFF,https://drive.google.com/file/d/1bErDS8c_nDvVUTAGAF_apoRFZd7bx9-S/view?usp=sharing,1,1,1,,3,FALSE,TRUE,TRUE,FALSE,FALSE,1,1
3376,Extended AI - 2021 Post ARVO,2021,20180131mouse4_OD_L_4_90_0000320_Structure_0001 RA28.TIFF,https://drive.google.com/file/d/15RpTRM1rcmeg4QMV7jwk12eKhjNn1VhS/view?usp=sharing,1,1,1,,3,FALSE,TRUE,TRUE,FALSE,FALSE,1,1
3377,Extended AI - 2021 Post ARVO,2021,20180131mouse4_OD_L_4_90_0000398_Structure_0001 RA42.TIFF,https://drive.google.com/file/d/12MQWOcoX5-UEdtRoc8LcCvA9d1j19Yst/view?usp=sharing,1,1,1,,3,FALSE,TRUE,TRUE,FALSE,FALSE,1,1
3378,Extended AI - 2021 Post ARVO,2021,20180131mouse5_OD_L_4_90_0000033_Structure_0001 RA-7.TIFF,https://drive.google.com/file/d/1-h527jOSPrrviRSVd8H7q8PJXURPfCLU/view?usp=sharing,0,0,0,,3,FALSE,TRUE,TRUE,FALSE,FALSE,0,0
3379,Extended AI - 2021 Post ARVO,2021,20180131mouse5_OD_L_4_90_0000087_Structure_0001 RA1.TIFF,https://drive.google.com/file/d/1GnFTTKfJdN4nn319DuvKebaJu_pKCL21/view?usp=sharing,0.5,0.5,0.5,,3,FALSE,TRUE,TRUE,FALSE,FALSE,0.5,0.5
3380,Extended AI - 2021 Post ARVO,2021,20180131mouse5_OS_L_4_90_0000104_Structure_0001 LA1.TIFF,https://drive.google.com/file/d/1s9PJtoCZQ94zcIz4Mf5n2gMNjFv7l7jr/view?usp=sharing,0,0,0,,3,FALSE,TRUE,TRUE,FALSE,FALSE,0,0
3381,Extended AI - 2021 Post ARVO,2021,20180214_PMUmouse1_OD_L_4_90_0000023_Structure_0001 RA1.TIFF,https://drive.google.com/file/d/1Qolgw0I4s-BOoS6FLyJBakQl_ISn_E4r/view?usp=sharing,4,4,4,,3,FALSE,TRUE,TRUE,FALSE,FALSE,4,4
3382,Extended AI - 2021 Post ARVO,2021,20180214_PMUmouse2_OD_L_4_90_0000020_Structure_0001 RA1.TIFF,https://drive.google.com/file/d/1LuHL_m2k1nXNwFytSDXmXI7v3SzDi3BJ/view?usp=sharing,3,3,3,,3,FALSE,TRUE,TRUE,FALSE,FALSE,3,3
3383,Extended AI - 2021 Post ARVO,2021,20180214_PMUmouse4_OD_L_4_90_0000023_Structure_0001 RA1.TIFF,https://drive.google.com/file/d/1ZccnVbhvRULjp8Wo25np3xIjes9H49Dx/view?usp=sharing,3,3,4,,3,FALSE,FALSE,TRUE,FALSE,FALSE,3,3
3384,Extended AI - 2021 Post ARVO,2021,20180214_PMUmouse5_OD_L_4_90_0000023_Structure_0001 RA1.TIFF,https://drive.google.com/file/d/1GCjPWXTfSk4KWulCcQUivMBe9LZU2KE_/view?usp=sharing,3,3,4,,3,FALSE,FALSE,TRUE,FALSE,FALSE,3,3
3385,Extended AI - 2021 Post ARVO,2021,20180305IVI_mouse1_OD_L_4_90_0000050_Structure_0001 RA20.TIFF,https://drive.google.com/file/d/17fjsgypnj3lvlGgel46uWVJJCvsQFmF4/view?usp=sharing,3,3,3,,3,FALSE,TRUE,TRUE,FALSE,FALSE,3,3
3386,Extended AI - 2021 Post ARVO,2021,20180305IVI_mouse2_OD_L_4_90_0000023_Structure_0001 RA1.TIFF,https://drive.google.com/file/d/1c5U9aX0n20iBaWBYBgl4_WR9cKTsjM43/view?usp=sharing,4,4,4,,3,FALSE,TRUE,TRUE,FALSE,FALSE,4,4
3387,Extended AI - 2021 Post ARVO,2021,20180305IVI_mouse2_OD_L_4_90_0000050_Structure_0001 RA20.TIFF,https://drive.google.com/file/d/1fj5qUvO_bgOOos6dGIfP0B0lSjVeLXcA/view?usp=sharing,1,1,1,,3,FALSE,TRUE,TRUE,FALSE,FALSE,1,1
3388,Extended AI - 2021 Post ARVO,2021,20180305IVI_mouse3_OD_L_4_90_0000023_Structure_0001 RA1.TIFF,https://drive.google.com/file/d/1imkOY4E8sj7G-sS9mRUwV48_9vRujQxa/view?usp=sharing,3,3,3,,3,FALSE,TRUE,TRUE,FALSE,FALSE,3,3
3389,Extended AI - 2021 Post ARVO,2021,20180305IVI_mouse3_OD_L_4_90_0000050_Structure_0001 RA20.TIFF,https://drive.google.com/file/d/1XBWqabmL4WONZSVEodwabBm2vg77abH2/view?usp=sharing,3,3,3,,3,FALSE,TRUE,TRUE,FALSE,FALSE,3,3
3390,Extended AI - 2021 Post ARVO,2021,20180305IVI_mouse4_OD_L_4_90_0000023_Structure_0001 RA1.TIFF,https://drive.google.com/file/d/14NQvHyjgU7vYvPSf1CsZ1IDHC4x69ar9/view?usp=sharing,4,4,4,,3,FALSE,TRUE,TRUE,FALSE,FALSE,4,4
3391,Extended AI - 2021 Post ARVO,2021,20180305IVI_mouse5_OD_L_4_90_0000023_Structure_0001 RA1.TIFF,https://drive.google.com/file/d/1BGBZA7-xvaWVm9qamtcswtfwst9cA_zw/view?usp=sharing,2,2,2,,3,FALSE,TRUE,TRUE,FALSE,FALSE,2,2
3392,Extended AI - 2021 Post ARVO,2021,20180305PMU_mouse1_OD_L_4_90_0000023_Structure_0001 RA1.TIFF,https://drive.google.com/file/d/1j2lr31D2DUKRvAyk592klUOraQeflwmo/view?usp=sharing,3,2,3,,3,FALSE,FALSE,TRUE,FALSE,FALSE,3,3
3393,Extended AI - 2021 Post ARVO,2021,20180306IVI_mouse1_OD_L_4_90_0000013_Structure_0001 RA1.TIFF,https://drive.google.com/file/d/1DRroL-oxOGaPCg0xXskuqt-wS0N3WgCM/view?usp=sharing,3,4,4,,3,FALSE,FALSE,TRUE,FALSE,FALSE,4,4
3394,Extended AI - 2021 Post ARVO,2021,20180306IVI_mouse1_OD_L_4_90_0000050_Structure_0001 RA2.TIFF,https://drive.google.com/file/d/1u2NFzNVWw2X0MVCkmy4kt5IdiJeXg034/view?usp=sharing,4,4,4,,3,FALSE,TRUE,TRUE,FALSE,FALSE,4,4
3395,Extended AI - 2021 Post ARVO,2021,20180306IVI_mouse2_OD_L_4_90_0000023_Structure_0001 RA1.TIFF,https://drive.google.com/file/d/1iDT8cEtK0-KxoGRx_wx42bLAupYFMclz/view?usp=sharing,3,3,3,,3,FALSE,TRUE,TRUE,FALSE,FALSE,3,3
3396,Extended AI - 2021 Post ARVO,2021,20180306IVI_mouse2_OD_L_4_90_0000040_Structure_0001 RA2.TIFF,https://drive.google.com/file/d/1-I3B7yCvwnfofw9Bw5XmJY_F_cmkTnng/view?usp=sharing,2,2,2,,3,FALSE,TRUE,TRUE,FALSE,FALSE,2,2
3397,Extended AI - 2021 Post ARVO,2021,20180306IVI_mouse3_OD_L_4_90_0000023_Structure_0001 RA1.TIFF,https://drive.google.com/file/d/1OcLvPf5WUne37bcdWT15_4OrbXJ7nEkw/view?usp=sharing,2,2,2,,3,FALSE,TRUE,TRUE,FALSE,FALSE,2,2
3398,Extended AI - 2021 Post ARVO,2021,20180306IVI_mouse3_OD_L_4_90_0000050_Structure_0001 RA2.TIFF,https://drive.google.com/file/d/1vq_lKzhE0grLCDG2ZjBiDEUosdbeAtay/view?usp=sharing,3,2,2,,3,FALSE,FALSE,TRUE,FALSE,FALSE,2,2
3399,Extended AI - 2021 Post ARVO,2021,20180306IVI_mouse4_OD_L_4_90_0000023_Structure_0001 RA1.TIFF,https://drive.google.com/file/d/196AYZgvymtejPmsUrCJ9hG6I8UI5RFgh/view?usp=sharing,4,4,4,,3,FALSE,TRUE,TRUE,FALSE,FALSE,4,4
3400,Extended AI - 2021 Post ARVO,2021,20180306IVI_mouse4_OD_L_4_90_0000050_Structure_0001 RA2.TIFF,https://drive.google.com/file/d/19E1743pslhytT63fO1dT4DWI4Bba4Qtf/view?usp=sharing,4,4,4,,3,FALSE,TRUE,TRUE,FALSE,FALSE,4,4
3401,Extended AI - 2021 Post ARVO,2021,20180306IVI_mouse5_OD_L_4_90_0000023_Structure_0001 RA1.TIFF,https://drive.google.com/file/d/1ytA2RkT-uPJBADaq-dOLcf0g3HKhMW00/view?usp=sharing,4,4,4,,3,FALSE,TRUE,TRUE,FALSE,FALSE,4,4
3402,Extended AI - 2021 Post ARVO,2021,20180306IVI_mouse5_OD_L_4_90_0000040_Structure_0001 RA2.TIFF,https://drive.google.com/file/d/14o56xu62Em2KkzXqUm1E1mNGdteX1zdf/view?usp=sharing,3,3,4,,3,FALSE,FALSE,TRUE,FALSE,FALSE,3,3
3403,Extended AI - 2021 Post ARVO,2021,20180312IVI_mouse1_OD_L_4_90_0000023_Structure_0001 RA7.TIFF,https://drive.google.com/file/d/1tUjciOyMDakdyRst5zlgUm_9nMlYxZiF/view?usp=sharing,1,1,2,,3,FALSE,FALSE,TRUE,FALSE,FALSE,1,1
3404,Extended AI - 2021 Post ARVO,2021,20180312IVI_mouse2_OD_L_4_90_0000023_Structure_0001 RA7.TIFF,https://drive.google.com/file/d/18jwxx7CCu0E49PjYI6zWRcYQK6Qqgjxd/view?usp=sharing,1,1,1,,3,FALSE,TRUE,TRUE,FALSE,FALSE,1,1
3405,Extended AI - 2021 Post ARVO,2021,20180312IVI_mouse3_OD_L_4_90_0000023_Structure_0001 RA7.TIFF,https://drive.google.com/file/d/1B9mBPkGdh2MdRVy81jhKk8osnwpxKpDT/view?usp=sharing,0.5,0.5,0.5,,3,FALSE,TRUE,TRUE,FALSE,FALSE,0.5,0.5
3406,Extended AI - 2021 Post ARVO,2021,20180312IVI_mouse4_OD_L_4_90_0000023_Structure_0001 RA7.TIFF,https://drive.google.com/file/d/1-LJ0Hju45cQyTrHVfjjFyliL8c-HIwG8/view?usp=sharing,1,1,1,,3,FALSE,TRUE,TRUE,FALSE,FALSE,1,1
3407,Extended AI - 2021 Post ARVO,2021,20180312IVI_mouse5_OD_L_4_90_0000023_Structure_0001 RA7.TIFF,https://drive.google.com/file/d/1WSbbo1rqfk0nKc76fi3-K7gFCcAGnLbz/view?usp=sharing,2,2,2,,3,FALSE,TRUE,TRUE,FALSE,FALSE,2,2
3408,Extended AI - 2021 Post ARVO,2021,20180315Rag2mouse1_OD_L_4_90_0000033_Structure_0001 RA1.TIFF,https://drive.google.com/file/d/1mIq-IQrCAts_qN3qjnQZXD4F_AhPNdih/view?usp=sharing,3,3,3,,3,FALSE,TRUE,TRUE,FALSE,FALSE,3,3
3409,Extended AI - 2021 Post ARVO,2021,20180315Rag2mouse1_OD_L_4_90_0000084_Structure_0001 RA2.TIFF,https://drive.google.com/file/d/1jJEQhSiQjLeC2221ywm3t5QSt2pgwNMl/view?usp=sharing,1,1,1,,3,FALSE,TRUE,TRUE,FALSE,FALSE,1,1
3410,Extended AI - 2021 Post ARVO,2021,20180315Rag2mouse2_OD_L_4_90_0000033_Structure_0001 RA1.TIFF,https://drive.google.com/file/d/15V-uMi6aC815MqqFiJQcX8Ej7dQa3y9F/view?usp=sharing,0.5,0.5,0.5,,3,FALSE,TRUE,TRUE,FALSE,FALSE,0.5,0.5
3411,Extended AI - 2021 Post ARVO,2021,20180315Rag2mouse4_OD_L_4_90_0000084_Structure_0001 RA2.TIFF,https://drive.google.com/file/d/15_XzwMlerVthvSDXAx42beILvme5xYke/view?usp=sharing,0.5,0.5,0.5,,3,FALSE,TRUE,TRUE,FALSE,FALSE,0.5,0.5
3412,Extended AI - 2021 Post ARVO,2021,20180315Rag2mouse7_OD_L_4_90_0000033_Structure_0001 RA1.TIFF,https://drive.google.com/file/d/1mBACK0sEMKPahbbVcPgvdwVpnhkp4fgm/view?usp=sharing,0.5,0.5,0.5,,3,FALSE,TRUE,TRUE,FALSE,FALSE,0.5,0.5
3413,Extended AI - 2021 Post ARVO,2021,20180315Rag2mouse7_OD_L_4_90_0000097_Structure_0001 RA2.TIFF,https://drive.google.com/file/d/1Y9jiWg7GMKY_cD92itmM2a8QzQLXHhNP/view?usp=sharing,0.5,0.5,0.5,,3,FALSE,TRUE,TRUE,FALSE,FALSE,0.5,0.5
3414,Extended AI - 2021 Post ARVO,2021,20180315Rag2mouse7_OD_L_4_90_0000173_Structure_0001 RA5.TIFF,https://drive.google.com/file/d/1F4fDPDBSmwoK-LKmYkon7EgKc40ZjTJ4/view?usp=sharing,0.5,0.5,0.5,,3,FALSE,TRUE,TRUE,FALSE,FALSE,0.5,0.5
3415,Extended AI - 2021 Post ARVO,2021,20180315Rag2mouse8_OD_L_4_90_0000033_Structure_0001 RA1.TIFF,https://drive.google.com/file/d/16SiaStKrb6i_R9sixCegqwrLN0FXuCp3/view?usp=sharing,0.5,0.5,0.5,,3,FALSE,TRUE,TRUE,FALSE,FALSE,0.5,0.5
3416,Extended AI - 2021 Post ARVO,2021,20180321mouse1_OD_L_4_90_0000023_Structure_0001 RA1.TIFF,https://drive.google.com/file/d/1bL8_rJQqDt2Hc2SVVSuhkjs_qtnUlEcc/view?usp=sharing,4,4,4,,3,FALSE,TRUE,TRUE,FALSE,FALSE,4,4
3417,Extended AI - 2021 Post ARVO,2021,20180321mouse2_OD_L_4_90_0000023_Structure_0001 RA1.TIFF,https://drive.google.com/file/d/1452s1ejupj13AIGiNA83ESfAP7_1Xfdc/view?usp=sharing,2,0.5,2,,3,FALSE,FALSE,TRUE,FALSE,FALSE,2,2
3418,Extended AI - 2021 Post ARVO,2021,20180321mouse3_OD_L_4_90_0000023_Structure_0001 RA1.TIFF,https://drive.google.com/file/d/17u9kYKPKKJhKCgNKHzhtBaTzBEccLv3A/view?usp=sharing,2,2,2,,3,FALSE,TRUE,TRUE,FALSE,FALSE,2,2
3419,Extended AI - 2021 Post ARVO,2021,20180321mouse4_OD_L_4_90_0000023_Structure_0001 RA2.TIFF,https://drive.google.com/file/d/1VpJsMOs_JCzAlksgAEph4k3HHkko7FFN/view?usp=sharing,2,2,2,,3,FALSE,TRUE,TRUE,FALSE,FALSE,2,2
3420,Extended AI - 2021 Post ARVO,2021,20180321mouse5_OD_L_4_90_0000023_Structure_0001 RA2.TIFF,https://drive.google.com/file/d/10RUuuNwslcCZ9BGMwimZ4CWTeFz4-odY/view?usp=sharing,0.5,0.5,0.5,,3,FALSE,TRUE,TRUE,FALSE,FALSE,0.5,0.5
3421,Extended AI - 2021 Post ARVO,2021,20180321mouse6_OD_L_4_90_0000023_Structure_0001 RA2.TIFF,https://drive.google.com/file/d/11Os2tPnpWUAYtrc3yV2txs4GUg91nFQZ/view?usp=sharing,1,0.5,1,,3,FALSE,FALSE,TRUE,FALSE,FALSE,1,1
3422,Extended AI - 2021 Post ARVO,2021,20180402IVT_mouse1_OD_L_4_90_0000023_Structure_0001 RA2.TIFF,https://drive.google.com/file/d/1RequgVv7x2tvxfady-J3rlXvFCTlZia1/view?usp=sharing,3,4,3,,3,FALSE,FALSE,TRUE,FALSE,FALSE,3,3
3423,Extended AI - 2021 Post ARVO,2021,20180402IVT_mouse5_OD_L_4_90_0000023_Structure_0001 RA2.TIFF,https://drive.google.com/file/d/127zjOMW53U16oj3SV3Z-G0hPkAS1FI19/view?usp=sharing,4,4,4,,3,FALSE,TRUE,TRUE,FALSE,FALSE,4,4
3424,Extended AI - 2021 Post ARVO,2021,20180412IVT_mouse1_OD_L_4_90_0000023_Structure_0001 RA1.TIFF,https://drive.google.com/file/d/1sjOUQhoxNsyiIjHX5DJlF8K7tMU4OHYe/view?usp=sharing,4,4,4,,3,FALSE,TRUE,TRUE,FALSE,FALSE,4,4
3425,Extended AI - 2021 Post ARVO,2021,20180412IVT_mouse2_OD_L_4_90_0000023_Structure_0001 RA1.TIFF,https://drive.google.com/file/d/1KKMJakpLpFCX6GkO4XkXykRuGnL5shcl/view?usp=sharing,3,3,3,,3,FALSE,TRUE,TRUE,FALSE,FALSE,3,3
3426,Extended AI - 2021 Post ARVO,2021,20180412IVT_mouse2_OD_L_4_90_0000050_Structure_0001 RA14.TIFF,https://drive.google.com/file/d/1Ig5bIwwqcWQ56oXRuO9IRnGzZvLtSsgD/view?usp=sharing,2,2,2,,3,FALSE,TRUE,TRUE,FALSE,FALSE,2,2
3427,Extended AI - 2021 Post ARVO,2021,20180412IVT_mouse3_OD_L_4_90_0000023_Structure_0001 RA1.TIFF,https://drive.google.com/file/d/17snZtpLikS1rm5nzVKlz4LLkdM-Bo_Ye/view?usp=sharing,2,2,2,,3,FALSE,TRUE,TRUE,FALSE,FALSE,2,2
3428,Extended AI - 2021 Post ARVO,2021,20180412IVT_mouse4_OD_L_4_90_0000035_Structure_0001 RA1.TIFF,https://drive.google.com/file/d/1HIC2tKG42IoWuCaE3T-C4Lq78jyjbY5G/view?usp=sharing,4,4,3,,3,FALSE,FALSE,TRUE,FALSE,FALSE,4,4
3429,Extended AI - 2021 Post ARVO,2021,20180412IVT_mouse5_OD_L_4_90_0000023_Structure_0001 RA1.TIFF,https://drive.google.com/file/d/1xdA8leo_wyD7atViaxu_H4jv9I5GiVPa/view?usp=sharing,1,1,2,,3,FALSE,FALSE,TRUE,FALSE,FALSE,1,1
3430,Extended AI - 2021 Post ARVO,2021,20180416IVT_mouse1_OD_L_4_90_0000023_Structure_0001 RA1.TIFF,https://drive.google.com/file/d/1UQ_wm0ccEdqu5xwq4LWPBqqp3zoJR6IG/view?usp=sharing,4,4,4,,3,FALSE,TRUE,TRUE,FALSE,FALSE,4,4
3431,Extended AI - 2021 Post ARVO,2021,20180416IVT_mouse3_OD_L_4_90_0000023_Structure_0001 RA1.TIFF,https://drive.google.com/file/d/1moDeheZXktuDbXiiY1x7RNRlws3vMWMr/view?usp=sharing,2,2,2,,3,FALSE,TRUE,TRUE,FALSE,FALSE,2,2
3432,Extended AI - 2021 Post ARVO,2021,20180416IVT_mouse4_OD_L_4_90_0000023_Structure_0001 RA1.TIFF,https://drive.google.com/file/d/1PdpbM_vJn3hMSmpdbneuXnw_y3iXKHyK/view?usp=sharing,2,2,2,,3,FALSE,TRUE,TRUE,FALSE,FALSE,2,2
3433,Extended AI - 2021 Post ARVO,2021,20180416IVT_mouse5_OD_L_4_90_0000023_Structure_0001 RA1.TIFF,https://drive.google.com/file/d/1PaPR4pTHIUGfqXPKLOeCQmd6KH6hY836/view?usp=sharing,4,4,4,,3,FALSE,TRUE,TRUE,FALSE,FALSE,4,4
3434,Extended AI - 2021 Post ARVO,2021,20180501mouse4_OD_L_4_90_0000033_Structure_0001 RA1.TIFF,https://drive.google.com/file/d/1hJJdKREu5qP2ckQE-S1EwNLzIn-Y1FGS/view?usp=sharing,0,0,0,,3,FALSE,TRUE,TRUE,FALSE,FALSE,0,0
3435,Extended AI - 2021 Post ARVO,2021,20180510IVT_mouse1_OD_L_4_90_0000033_Structure_0001 RA1.TIFF,https://drive.google.com/file/d/1TCZgvS_kxOTdepU5iMbQlWnIqh8NetIL/view?usp=sharing,2,2,2,,3,FALSE,TRUE,TRUE,FALSE,FALSE,2,2
3436,Extended AI - 2021 Post ARVO,2021,20180510IVT_mouse2_OD_L_4_90_0000023_Structure_0001 RA1.TIFF,https://drive.google.com/file/d/1wloUQuwWt4eNBq8AFr3BUY05AIk8PyMT/view?usp=sharing,3,3,2,,3,FALSE,FALSE,TRUE,FALSE,FALSE,3,3
3437,Extended AI - 2021 Post ARVO,2021,20180510IVT_mouse3_OD_L_4_90_0000026_Structure_0001 RA1.TIFF,https://drive.google.com/file/d/1tC6k3ZwRrB8sq_GjJewQ8fTwe5Gbo6kt/view?usp=sharing,2,2,2,,3,FALSE,TRUE,TRUE,FALSE,FALSE,2,2
3438,Extended AI - 2021 Post ARVO,2021,20180510IVT_mouse4_OD_L_4_90_0000023_Structure_0001 RA1.TIFF,https://drive.google.com/file/d/1LiaXdLyVeSL2tkD0M-gngfBuQPF1n4sH/view?usp=sharing,4,4,4,,3,FALSE,TRUE,TRUE,FALSE,FALSE,4,4
3439,Extended AI - 2021 Post ARVO,2021,20180510IVT_mouse5_OD_L_4_90_0000023_Structure_0001 RA1.TIFF,https://drive.google.com/file/d/1XWAXOWNu-fEDSkMhTGNVa8n-A0IZYm-X/view?usp=sharing,4,4,4,,3,FALSE,TRUE,TRUE,FALSE,FALSE,4,4
3440,Extended AI - 2021 Post ARVO,2021,20180514IVT_D14_m2_OD_L_4_90_0000033_Structure_0001 RA2.TIFF,https://drive.google.com/file/d/15w3N4IYiozoKxMEFK0XjkP6JF36hy2fd/view?usp=sharing,2,2,2,,3,FALSE,TRUE,TRUE,FALSE,FALSE,2,2
3441,Extended AI - 2021 Post ARVO,2021,20180514IVT_D14_m3_OD_L_4_90_0000023_Structure_0001 RA2.TIFF,https://drive.google.com/file/d/16-OIKMcoTA8qjegPhhBVwwJkR1GDRWx1/view?usp=sharing,0,0,0,,3,FALSE,TRUE,TRUE,FALSE,FALSE,0,0
3442,Extended AI - 2021 Post ARVO,2021,20180514IVT_D14_m4_OD_L_4_90_0000023_Structure_0001 RA2.TIFF,https://drive.google.com/file/d/1Oq0DCHQbSYAdHX5I-jP21GzHKNxLmO8m/view?usp=sharing,4,4,2,,3,FALSE,FALSE,TRUE,FALSE,FALSE,4,4
3443,Extended AI - 2021 Post ARVO,2021,20180514IVT_D21_m3_OD_L_4_90_0000050_Structure_0001 RA21.TIFF,https://drive.google.com/file/d/1AA5wMp3LW45u9O124g1Bh-m4414WY9EX/view?usp=sharing,1,1,1,,3,FALSE,TRUE,TRUE,FALSE,FALSE,1,1
3444,Extended AI - 2021 Post ARVO,2021,20180514IVT_mouse5_OD_L_4_90_0000023_Structure_0001 RA1.TIFF,https://drive.google.com/file/d/1Pr3M2AD9HE-g7Gs3kWPUHWQYBIuaxW9Z/view?usp=sharing,3,3,2,,3,FALSE,FALSE,TRUE,FALSE,FALSE,3,3
3445,Extended AI - 2021 Post ARVO,2021,20180516IVT_D21_m1_OD_L_4_90_0000033_Structure_0001 RA2.TIFF,https://drive.google.com/file/d/15t-yQjJ1saon8S5OmqTDyEyigEgiTo5G/view?usp=sharing,3,3,2,,3,FALSE,FALSE,TRUE,FALSE,FALSE,3,3
3446,Extended AI - 2021 Post ARVO,2021,20180516IVT_D21_m2_OD_L_4_90_0000023_Structure_0001 RA2.TIFF,https://drive.google.com/file/d/1sZGOJk30FYQPbz2WkWnVhStEl97Dg70X/view?usp=sharing,4,4,4,,3,FALSE,TRUE,TRUE,FALSE,FALSE,4,4
3447,Extended AI - 2021 Post ARVO,2021,20180516IVT_D21_m2_OD_L_4_90_0000050_Structure_0001 RA20.TIFF,https://drive.google.com/file/d/1urE0pvYlyvInlkUzKMYjd0qcsDqkAQOy/view?usp=sharing,3,3,3,,3,FALSE,TRUE,TRUE,FALSE,FALSE,3,3
3448,Extended AI - 2021 Post ARVO,2021,20180516IVT_D21_m3_OD_L_4_90_0000023_Structure_0001 RA2.TIFF,https://drive.google.com/file/d/1Mj04h4H66E5l6rnkfMM0cBZ3B4hsD2Hs/view?usp=sharing,3,3,4,,3,FALSE,FALSE,TRUE,FALSE,FALSE,3,3
3449,Extended AI - 2021 Post ARVO,2021,20180516IVT_D21_m3_OD_L_4_90_0000050_Structure_0001 RA20.TIFF,https://drive.google.com/file/d/1tuQQ2paY-b1ciIKwy0d5J8sfOgXWd3Zk/view?usp=sharing,4,4,4,,3,FALSE,TRUE,TRUE,FALSE,FALSE,4,4
3450,Extended AI - 2021 Post ARVO,2021,20180516IVT_D21_m4_OD_L_4_90_0000023_Structure_0001 RA2.TIFF,https://drive.google.com/file/d/1nvr6SMnQqZPFtEeEEPU7v-WBby0Ug5_H/view?usp=sharing,4,4,4,,3,FALSE,TRUE,TRUE,FALSE,FALSE,4,4
3451,Extended AI - 2021 Post ARVO,2021,20180516IVT_D21_m4_OD_L_4_90_0000050_Structure_0001 RA20.TIFF,https://drive.google.com/file/d/1jaaueyIt__xgmfNBnwl7vt6bE3ZHJSao/view?usp=sharing,3,3,4,,3,FALSE,FALSE,TRUE,FALSE,FALSE,3,3
3452,Extended AI - 2021 Post ARVO,2021,20180516IVT_D21_m5_OD_L_4_90_0000023_Structure_0001 RA2.TIFF,https://drive.google.com/file/d/1uKCWIvKWw2ekHUxShjau-awMWRKkmAS9/view?usp=sharing,4,4,4,,3,FALSE,TRUE,TRUE,FALSE,FALSE,4,4
3453,Extended AI - 2021 Post ARVO,2021,20180516IVT_D21_m5_OD_L_4_90_0000050_Structure_0001 RA20.TIFF,https://drive.google.com/file/d/1SFQShXHdyMFPGfjht0GX7raHZSzP61Qd/view?usp=sharing,3,3,2,,3,FALSE,FALSE,TRUE,FALSE,FALSE,3,3
3454,Extended AI - 2021 Post ARVO,2021,20180517IVT_D7_m1_OD_L_4_90_0000033_Structure_0001 RA1.TIFF,https://drive.google.com/file/d/1iAKMkcJPk5NujXeiV3qIafLGhVbMKte6/view?usp=sharing,3,4,4,,3,FALSE,FALSE,TRUE,FALSE,FALSE,4,4
3455,Extended AI - 2021 Post ARVO,2021,20180517IVT_D7_m2_OD_L_4_90_0000023_Structure_0001 RA1.TIFF,https://drive.google.com/file/d/1K-TP_akSCqg0Hp5stlYCHKyJY522zuAO/view?usp=sharing,2,2,2,,3,FALSE,TRUE,TRUE,FALSE,FALSE,2,2
3456,Extended AI - 2021 Post ARVO,2021,20180517IVT_D7_m3_OD_L_4_90_0000023_Structure_0001 RA1.TIFF,https://drive.google.com/file/d/1KnTMDHlbJeQ1HDzbU2wn4fV3FuDjD0HJ/view?usp=sharing,3,3,3,,3,FALSE,TRUE,TRUE,FALSE,FALSE,3,3
3457,Extended AI - 2021 Post ARVO,2021,20180517IVT_D7_m4_OD_L_4_90_0000023_Structure_0001 RA1.TIFF,https://drive.google.com/file/d/1SnUfW1Rk8bmJCMMOMsxu07zgVJf_2HyH/view?usp=sharing,2,3,2,,3,FALSE,FALSE,TRUE,FALSE,FALSE,2,2
3458,Extended AI - 2021 Post ARVO,2021,20180517IVT_D7_m5_OD_L_4_90_0000023_Structure_0001 RA1.TIFF,https://drive.google.com/file/d/10mwJ5iJa3fvCbXnEpNdpiUWInIVC5Pwu/view?usp=sharing,3,3,2,,3,FALSE,FALSE,TRUE,FALSE,FALSE,3,3
3459,Extended AI - 2021 Post ARVO,2021,20180517IVT_uD7_m1_OD_L_4_90_0000093_Structure_0001 RA7.TIFF,https://drive.google.com/file/d/1ibRx8mDXEcjuuxUbGbjWh9vH8v0Szvdt/view?usp=sharing,0.5,0.5,0.5,,3,FALSE,TRUE,TRUE,FALSE,FALSE,0.5,0.5
3460,Extended AI - 2021 Post ARVO,2021,20180517IVT_uD7_m4_OD_L_4_90_0000050_Structure_0001 RA7.TIFF,https://drive.google.com/file/d/1gG6nvG5WM6YuxozHpLeIAPsa1hL5ZrMA/view?usp=sharing,0,0,0,,3,FALSE,TRUE,TRUE,FALSE,FALSE,0,0
3461,Extended AI - 2021 Post ARVO,2021,20180521IVT_D1_m1_OD_L_4_90_0000050_Structure_0001 RA1.TIFF,https://drive.google.com/file/d/1DCr5KJEKqGw_NycOwqals9ZrrnivCYeN/view?usp=sharing,3,3,3,,3,FALSE,TRUE,TRUE,FALSE,FALSE,3,3
3462,Extended AI - 2021 Post ARVO,2021,20180521IVT_D1_m4_OD_L_4_90_0000023_Structure_0001 RA1.TIFF,https://drive.google.com/file/d/1Qy8tSceN9WX8uJyRJV3fNBe-rEB35zxH/view?usp=sharing,3,3,2,,3,FALSE,FALSE,TRUE,FALSE,FALSE,3,3
3463,Extended AI - 2021 Post ARVO,2021,20180521IVT_D1_m5_OD_L_4_90_0000023_Structure_0001 RA1.TIFF,https://drive.google.com/file/d/1SGNtSmCJZFaNSz1gwN1lt4DSnprbkxtJ/view?usp=sharing,3,3,3,,3,FALSE,TRUE,TRUE,FALSE,FALSE,3,3
3464,Extended AI - 2021 Post ARVO,2021,20180523mouse1_OD_L_4_90_0000064_Structure_0001 RA1.TIFF,https://drive.google.com/file/d/1un4uWhWPoR06kxBK5VimUCL0DSqoUPa4/view?usp=sharing,4,4,4,,3,FALSE,TRUE,TRUE,FALSE,FALSE,4,4
3465,Extended AI - 2021 Post ARVO,2021,20180523mouse3_OD_L_4_90_0000020_Structure_0001 RA-7.TIFF,https://drive.google.com/file/d/1ayM5rgiejCj9GlMVdFD_1kvww4nCZu3h/view?usp=sharing,0,0,0,,3,FALSE,TRUE,TRUE,FALSE,FALSE,0,0
3466,Extended AI - 2021 Post ARVO,2021,20180523mouse5_OD_L_4_90_0000228_Structure_0001 RA28.TIFF,https://drive.google.com/file/d/1dgyg6zRze0ichz8G9OJZ1iv9eXCmbnxU/view?usp=sharing,2,2,2,,3,FALSE,TRUE,TRUE,FALSE,FALSE,2,2
3467,Extended AI - 2021 Post ARVO,2021,20180523mouse6_OD_L_4_90_0000170_Structure_0001 RA7.TIFF,https://drive.google.com/file/d/1Aq7wLfCMPGO_WSruaBRCDbnqw0uE5tF6/view?usp=sharing,2,2,2,,3,FALSE,TRUE,TRUE,FALSE,FALSE,2,2
3468,Extended AI - 2021 Post ARVO,2021,20180523mouse7_OD_L_4_90_0000200_Structure_0001 RA14.TIFF,https://drive.google.com/file/d/1GOdBW54gkKQxaZwrNVkeL9MjruXkIjYI/view?usp=sharing,1,1,1,,3,FALSE,TRUE,TRUE,FALSE,FALSE,1,1
3469,Extended AI - 2021 Post ARVO,2021,20180529mouse1_OD_L_4_90_0000023_Structure_0001 RA1.TIFF,https://drive.google.com/file/d/11_tLGfomUsa6GreszkAu-XP3XEcNw9q-/view?usp=sharing,2,1,1,,3,FALSE,FALSE,TRUE,FALSE,FALSE,1,1
3470,Extended AI - 2021 Post ARVO,2021,20180529mouse1_OD_L_4_90_0000033_Structure_0001 RA2.TIFF,https://drive.google.com/file/d/1FeeZc8_iwD5QcZ3IJo8oAtJZQF-Cr1qT/view?usp=sharing,0,0.5,0.5,,3,FALSE,FALSE,TRUE,FALSE,FALSE,0.5,0.5
3471,Extended AI - 2021 Post ARVO,2021,20180529mouse1_OD_L_4_90_0000079_Structure_0001 RA4.TIFF,https://drive.google.com/file/d/1Y-3x8ZoVJqe0QMqQRAe5V7L9se75cAx1/view?usp=sharing,0.5,0.5,0.5,,3,FALSE,TRUE,TRUE,FALSE,FALSE,0.5,0.5
3472,Extended AI - 2021 Post ARVO,2021,20180529mouse1_OD_L_4_90_0000099_Structure_0001 RA5.TIFF,https://drive.google.com/file/d/1r7L4sv1qnADWQivftlsDmU8z4Wqobl3j/view?usp=sharing,0,0,0,,3,FALSE,TRUE,TRUE,FALSE,FALSE,0,0
3473,Extended AI - 2021 Post ARVO,2021,20180529mouse1_OD_L_4_90_0000116_Structure_0001 RA6.TIFF,https://drive.google.com/file/d/1kMS4JPLntIywN8OPsX1DUlcdLFTGRLjU/view?usp=sharing,0,0,0,,3,FALSE,TRUE,TRUE,FALSE,FALSE,0,0
3474,Extended AI - 2021 Post ARVO,2021,20180529mouse2_OD_L_4_90_0000023_Structure_0001 RA1.TIFF,https://drive.google.com/file/d/1o8eKXrDBtxbNM_7D2w-TAxw-GHH-Hxu9/view?usp=sharing,2,2,3,,3,FALSE,FALSE,TRUE,FALSE,FALSE,2,2
3475,Extended AI - 2021 Post ARVO,2021,20180529mouse3_OD_L_4_90_0000023_Structure_0001 RA1.TIFF,https://drive.google.com/file/d/1HJeTrIQRzTmzYVKgrWzqNjqHLSVbVtFf/view?usp=sharing,1,0.5,0.5,,3,FALSE,FALSE,TRUE,FALSE,FALSE,0.5,0.5
3476,Extended AI - 2021 Post ARVO,2021,20180529mouse3_OD_L_4_90_0000040_Structure_0001 RA2.TIFF,https://drive.google.com/file/d/1EiiWkG6jmLVgJ77RuA5ftNMuf8HQoLdc/view?usp=sharing,0.5,0.5,0.5,,3,FALSE,TRUE,TRUE,FALSE,FALSE,0.5,0.5
3477,Extended AI - 2021 Post ARVO,2021,20180529mouse3_OD_L_4_90_0000063_Structure_0001 RA3.TIFF,https://drive.google.com/file/d/156xHGWr5WRvJWBmQe1C1EtO4oG_tguBt/view?usp=sharing,0,0,0,,3,FALSE,TRUE,TRUE,FALSE,FALSE,0,0
3478,Extended AI - 2021 Post ARVO,2021,20180529mouse3_OD_L_4_90_0000083_Structure_0001 RA4.TIFF,https://drive.google.com/file/d/15dqYIDJe4DbgdA_q7dtbcLvxT3l-ry9Z/view?usp=sharing,0,0,0,,3,FALSE,TRUE,TRUE,FALSE,FALSE,0,0
3479,Extended AI - 2021 Post ARVO,2021,20180529mouse3_OD_L_4_90_0000103_Structure_0001 RA5.TIFF,https://drive.google.com/file/d/1Gjjzvu89_WRERiJiTz4U0p9PBYsCwgXu/view?usp=sharing,0,0,0,,3,FALSE,TRUE,TRUE,FALSE,FALSE,0,0
3480,Extended AI - 2021 Post ARVO,2021,20180529mouse6_OD_L_4_90_0000023_Structure_0001 RA1.TIFF,https://drive.google.com/file/d/1JQI7ChFxvYTQY6rcqpX1y7OhNIbm2J0E/view?usp=sharing,3,2,2,,3,FALSE,FALSE,TRUE,FALSE,FALSE,2,2
3481,Extended AI - 2021 Post ARVO,2021,20180529mouse8_OD_L_4_90_0000023_Structure_0001 RA1.TIFF,https://drive.google.com/file/d/1HKYAUGaSZCAzdjuHCg-XqqtKY0U7wOn7/view?usp=sharing,1,1,2,,3,FALSE,FALSE,TRUE,FALSE,FALSE,1,1
3482,Extended AI - 2021 Post ARVO,2021,20180529mouse8_OD_L_4_90_0000033_Structure_0001 RA2.TIFF,https://drive.google.com/file/d/18p4XotY7ahMwpEP4nGQYGrR5nn0fiT87/view?usp=sharing,3,3,2,,3,FALSE,FALSE,TRUE,FALSE,FALSE,3,3
3483,Extended AI - 2021 Post ARVO,2021,20180529mouse8_OD_L_4_90_0000053_Structure_0001 RA3.TIFF,https://drive.google.com/file/d/1dLY9MYzCvImaqc-pbtffcs4B1XQfevsN/view?usp=sharing,2,2,2,,3,FALSE,TRUE,TRUE,FALSE,FALSE,2,2
3484,Extended AI - 2021 Post ARVO,2021,20180529mouse9_OD_L_4_90_0000059_Structure_0001 RA3.TIFF,https://drive.google.com/file/d/1f9YX0r8xJ7n9UXzszgDuIoqBpp8D_aB3/view?usp=sharing,1,1,1,,3,FALSE,TRUE,TRUE,FALSE,FALSE,1,1
3485,Extended AI - 2021 Post ARVO,2021,20180531mouse1_OD_L_4_90_0000016_Structure_0001 RA1.TIFF,https://drive.google.com/file/d/1kQMoT8YQ5a_pqEhLIv-2UywIZyyMwxV7/view?usp=sharing,2,2,2,,3,FALSE,TRUE,TRUE,FALSE,FALSE,2,2
3486,Extended AI - 2021 Post ARVO,2021,20180531mouse6_OD_L_4_90_0000006_Structure_0001 RA1.TIFF,https://drive.google.com/file/d/1wigrhx5LbkhVy9YsEJQietNb_Vy5zzLj/view?usp=sharing,4,4,4,,3,FALSE,TRUE,TRUE,FALSE,FALSE,4,4
3487,Extended AI - 2021 Post ARVO,2021,20180531mouse6_OD_L_4_90_0000036_Structure_0001 RA2.TIFF,https://drive.google.com/file/d/17WR4YwDF6mV3Vvt9Fh3b-NxRwA3YChr-/view?usp=sharing,4,4,4,,3,FALSE,TRUE,TRUE,FALSE,FALSE,4,4
3488,Extended AI - 2021 Post ARVO,2021,20180611IVT_D1_m1_OD_L_4_90_0000033_Structure_0001 RA1.TIFF,https://drive.google.com/file/d/14Vw6H8FsegRB-HBQnHuDCgMIT-7B3DOE/view?usp=sharing,3,4,3,,3,FALSE,FALSE,TRUE,FALSE,FALSE,3,3
3489,Extended AI - 2021 Post ARVO,2021,20180611IVT_D1_m2_OD_L_4_90_0000023_Structure_0001 RA1.TIFF,https://drive.google.com/file/d/19oJevm9Uxo6oXDWzlYr7NQyMXm87YkEz/view?usp=sharing,4,4,4,,3,FALSE,TRUE,TRUE,FALSE,FALSE,4,4
3490,Extended AI - 2021 Post ARVO,2021,20180611IVT_D1_m3_OD_L_4_90_0000023_Structure_0001 RA1.TIFF,https://drive.google.com/file/d/11SfZ0QPa8TCSkTn2--MK46KXioHyyYdK/view?usp=sharing,1,1,0.5,,3,FALSE,FALSE,TRUE,FALSE,FALSE,1,1
3491,Extended AI - 2021 Post ARVO,2021,20180611IVT_D1_m4_OD_L_4_90_0000023_Structure_0001 RA1.TIFF,https://drive.google.com/file/d/1-4pTXvJ2xj3bOLOrhb9k6C5ItuiYg1AU/view?usp=sharing,4,4,4,,3,FALSE,TRUE,TRUE,FALSE,FALSE,4,4
3492,Extended AI - 2021 Post ARVO,2021,20180611IVT_D1_m5_OD_L_4_90_0000023_Structure_0001 RA1.TIFF,https://drive.google.com/file/d/1BygmXTTWZeNucMmXeng1YVmikYemcjZq/view?usp=sharing,3,3,4,,3,FALSE,FALSE,TRUE,FALSE,FALSE,3,3
3493,Extended AI - 2021 Post ARVO,2021,20180611IVT_D14_m3_OD_L_4_90_0000040_Structure_0001 RA14.TIFF,https://drive.google.com/file/d/1F1GPIlcpjAbseMMFG-a5GHRVIW9byUBa/view?usp=sharing,3,3,3,,3,FALSE,TRUE,TRUE,FALSE,FALSE,3,3
3494,Extended AI - 2021 Post ARVO,2021,20180611IVT_D14_m4_OD_L_4_90_0000040_Structure_0001 RA14.TIFF,https://drive.google.com/file/d/1H_ARDoWLw5e3L1zEQ6BY1CPR4BV-wp_V/view?usp=sharing,4,4,4,,3,FALSE,TRUE,TRUE,FALSE,FALSE,4,4
3495,Extended AI - 2021 Post ARVO,2021,20180611IVT_D14_m5_OD_L_4_90_0000050_Structure_0001 RA14.TIFF,https://drive.google.com/file/d/1t7lfqvetMTV8YfHtt9YifopPZdGOwu_v/view?usp=sharing,3,3,2,,3,FALSE,FALSE,TRUE,FALSE,FALSE,3,3
3496,Extended AI - 2021 Post ARVO,2021,20180611IVT_D7_m1_OD_L_4_90_0000033_Structure_0001 RA2.TIFF,https://drive.google.com/file/d/1LPQd58a9o0xNzuIMGAR6saoQnTyjegdh/view?usp=sharing,0.5,0.5,0,,3,FALSE,FALSE,TRUE,FALSE,FALSE,0.5,0.5
3497,Extended AI - 2021 Post ARVO,2021,20180611IVT_D7_m1_OD_L_4_90_0000087_Structure_0001 RA7.TIFF,https://drive.google.com/file/d/1KQ22r_YoHf-fk738lcu9XHtAU3M5XkFG/view?usp=sharing,3,3,2,,3,FALSE,FALSE,TRUE,FALSE,FALSE,3,3
3498,Extended AI - 2021 Post ARVO,2021,20180611IVT_D7_m3_OD_L_4_90_0000039_Structure_0001 RA7.TIFF,https://drive.google.com/file/d/1yI-sn-fpriNafSW-2-fioxQusJrQyUHe/view?usp=sharing,2,2,2,,3,FALSE,TRUE,TRUE,FALSE,FALSE,2,2
3499,Extended AI - 2021 Post ARVO,2021,20180611IVT_D7_m4_OD_L_4_90_0000050_Structure_0001 RA7.TIFF,https://drive.google.com/file/d/1zrS6YgbV7_KXtYshN103ncg8K6-zI638/view?usp=sharing,3,3,3,,3,FALSE,TRUE,TRUE,FALSE,FALSE,3,3
3500,Extended AI - 2021 Post ARVO,2021,20180611IVT_D7_m5_OD_L_4_90_0000050_Structure_0001 RA7.TIFF,https://drive.google.com/file/d/19frlJie7RtEnjjr6VD3bYswTwMt3NEN-/view?usp=sharing,1,1,1,,3,FALSE,TRUE,TRUE,FALSE,FALSE,1,1
3501,Extended AI - 2021 Post ARVO,2021,20180614IVT_D7_m1_OD_L_4_90_0000087_Structure_0001 RA7.TIFF,https://drive.google.com/file/d/14ENUzqD-duBba0k0EFsAf9bLnRWBObMa/view?usp=sharing,2,2,2,,3,FALSE,TRUE,TRUE,FALSE,FALSE,2,2
3502,Extended AI - 2021 Post ARVO,2021,20180614IVT_D7_m2_OD_L_4_90_0000013_Structure_0001 RA1.TIFF,https://drive.google.com/file/d/1vW-5AUnRybtkZojeCjknjG6v2rAeU6RL/view?usp=sharing,3,2,2,,3,FALSE,FALSE,TRUE,FALSE,FALSE,2,2
3503,Extended AI - 2021 Post ARVO,2021,20180614IVT_D7_m3_OD_L_4_90_0000023_Structure_0001 RA1.TIFF,https://drive.google.com/file/d/1zD_1OCZ7bOnWYTD10k6bnS_4bcanObzd/view?usp=sharing,3,3,4,,3,FALSE,FALSE,TRUE,FALSE,FALSE,3,3
3504,Extended AI - 2021 Post ARVO,2021,20180614IVT_D7_m3_OD_L_4_90_0000040_Structure_0001 RA7.TIFF,https://drive.google.com/file/d/1GOLZyFffZy_zRQdanN9YPouTJilEbQ-E/view?usp=sharing,2,2,2,,3,FALSE,TRUE,TRUE,FALSE,FALSE,2,2
3505,Extended AI - 2021 Post ARVO,2021,20180614IVT_D7_m4_OD_L_4_90_0000013_Structure_0001 RA1.TIFF,https://drive.google.com/file/d/1C3IPZzACH8CqOkXjVKnGmCIkzDlat_d3/view?usp=sharing,4,4,4,,3,FALSE,TRUE,TRUE,FALSE,FALSE,4,4
3506,Extended AI - 2021 Post ARVO,2021,20180614IVT_D7_m4_OD_L_4_90_0000050_Structure_0001 RA7.TIFF,https://drive.google.com/file/d/10JBgF8o9Hvm_-4p0FT6U68-QfSbL0J9y/view?usp=sharing,4,4,4,,3,FALSE,TRUE,TRUE,FALSE,FALSE,4,4
3507,Extended AI - 2021 Post ARVO,2021,20180614IVT_D7_m5_OD_L_4_90_0000023_Structure_0001 RA1.TIFF,https://drive.google.com/file/d/1VTqMNdhvXjKucE6jdcWR7O06bUe4SqeN/view?usp=sharing,4,4,4,,3,FALSE,TRUE,TRUE,FALSE,FALSE,4,4
3508,Extended AI - 2021 Post ARVO,2021,20180614IVT_D7_m5_OD_L_4_90_0000050_Structure_0001 RA7.TIFF,https://drive.google.com/file/d/1f29J-DSP--L38adYJt7pTOhC-NL0kKkJ/view?usp=sharing,3,3,2,,3,FALSE,FALSE,TRUE,FALSE,FALSE,3,3
3509,Extended AI - 2021 Post ARVO,2021,20180626IVT_D1_m1_OD_L_4_90_0000033_Structure_0001 RA1.TIFF,https://drive.google.com/file/d/1lB3cqikoKNFGvymxAfSYBW2OjoqZcMhi/view?usp=sharing,4,4,4,,3,FALSE,TRUE,TRUE,FALSE,FALSE,4,4
3510,Extended AI - 2021 Post ARVO,2021,20180626IVT_D1_m2_OD_L_4_90_0000023_Structure_0001 RA1.TIFF,https://drive.google.com/file/d/1Ja2Pm8SAKhVgzQ43TZlLaUnuf1CbAzfZ/view?usp=sharing,4,4,4,,3,FALSE,TRUE,TRUE,FALSE,FALSE,4,4
3511,Extended AI - 2021 Post ARVO,2021,20180626IVT_D1_m3_OD_L_4_90_0000013_Structure_0001 RA1.TIFF,https://drive.google.com/file/d/107uHQRWOy49uuklRBmlKwoKvWber8iD5/view?usp=sharing,3,3,4,,3,FALSE,FALSE,TRUE,FALSE,FALSE,3,3
3512,Extended AI - 2021 Post ARVO,2021,20180626IVT_D1_m4_OD_L_4_90_0000023_Structure_0001 RA1.TIFF,https://drive.google.com/file/d/1c934oJvMizr1KWHmez-NlILrJIf81QjY/view?usp=sharing,2,2,2,,3,FALSE,TRUE,TRUE,FALSE,FALSE,2,2
3513,Extended AI - 2021 Post ARVO,2021,20180801mouse11_OD_L_4_90_0000016_Structure_0001 RA1.TIFF,https://drive.google.com/file/d/1B_bxTIMdqan65muuNxJKW3SzWtc5elUx/view?usp=sharing,1,1,1,,3,FALSE,TRUE,TRUE,FALSE,FALSE,1,1
3514,Extended AI - 2021 Post ARVO,2021,20180801mouse11_OD_L_4_90_0000036_Structure_0001 RA2.TIFF,https://drive.google.com/file/d/1IZoRKGyhwgIBieLhSuYPzWVeKtnPQosX/view?usp=sharing,2,2,2,,3,FALSE,TRUE,TRUE,FALSE,FALSE,2,2
3515,Extended AI - 2021 Post ARVO,2021,20180801mouse12_OD_L_4_90_0000016_Structure_0001 RA1.TIFF,https://drive.google.com/file/d/1Np10UEB6loBqzCysMHg7oP0dJPPubAhT/view?usp=sharing,3,3,3,,3,FALSE,TRUE,TRUE,FALSE,FALSE,3,3
3516,Extended AI - 2021 Post ARVO,2021,20180801mouse12_OD_L_4_90_0000036_Structure_0001 RA2.TIFF,https://drive.google.com/file/d/1xpa0mO-VdxxDbWsjiGa56xhsZrKjDCNy/view?usp=sharing,3,3,3,,3,FALSE,TRUE,TRUE,FALSE,FALSE,3,3
3517,Extended AI - 2021 Post ARVO,2021,20180801mouse12_OD_L_4_90_0000056_Structure_0001 RA3.TIFF,https://drive.google.com/file/d/1VORPOQcCTcD22fUW5WB2Ru0ThfSBSZn3/view?usp=sharing,1,1,1,,3,FALSE,TRUE,TRUE,FALSE,FALSE,1,1
3518,Extended AI - 2021 Post ARVO,2021,20180801mouse12_OD_L_4_90_0000066_Structure_0001 RA4.TIFF,https://drive.google.com/file/d/107iZ2G2EXWl_-uZDlslKo8M9bp-1FnLi/view?usp=sharing,0.5,0.5,1,,3,FALSE,FALSE,TRUE,FALSE,FALSE,0.5,0.5
3519,Extended AI - 2021 Post ARVO,2021,20180801mouse12_OD_L_4_90_0000156_Structure_0001 RA14.TIFF,https://drive.google.com/file/d/14grQ936fVq8TF7vv3QBdrofHFCSO94cK/view?usp=sharing,0.5,0.5,1,,3,FALSE,FALSE,TRUE,FALSE,FALSE,0.5,0.5
3520,Extended AI - 2021 Post ARVO,2021,20180801mouse13_OD_L_4_90_0000016_Structure_0001 RA1.TIFF,https://drive.google.com/file/d/1mRrcOk1pGXfz5bOZrAiT7YOBk_ejh86X/view?usp=sharing,2,2,2,,3,FALSE,TRUE,TRUE,FALSE,FALSE,2,2
3521,Extended AI - 2021 Post ARVO,2021,20180801mouse14_OD_L_4_90_0000016_Structure_0001 RA1.TIFF,https://drive.google.com/file/d/1x0V1WWSolu8Q4Z9lTtLs6vZ_ZTSaa0DI/view?usp=sharing,3,3,3,,3,FALSE,TRUE,TRUE,FALSE,FALSE,3,3
3522,Extended AI - 2021 Post ARVO,2021,20180801mouse14_OD_L_4_90_0000036_Structure_0001 RA2.TIFF,https://drive.google.com/file/d/1A8xWTR_Pl0qIx2pGxOONK7dmTDnqa4mc/view?usp=sharing,2,2,2,,3,FALSE,TRUE,TRUE,FALSE,FALSE,2,2
3523,Extended AI - 2021 Post ARVO,2021,20180801mouse14_OD_L_4_90_0000056_Structure_0001 RA3.TIFF,https://drive.google.com/file/d/1yyK99Dipt7j_yu0gblfZUwoLlz66cU0O/view?usp=sharing,1,1,1,,3,FALSE,TRUE,TRUE,FALSE,FALSE,1,1
3524,Extended AI - 2021 Post ARVO,2021,20180801mouse15_OD_L_4_90_0000016_Structure_0001 RA1.TIFF,https://drive.google.com/file/d/1Y7bGyKFBiS_vyI_y8dVA_NUoJP9HyBVU/view?usp=sharing,1,1,1,,3,FALSE,TRUE,TRUE,FALSE,FALSE,1,1
3525,Extended AI - 2021 Post ARVO,2021,20180801mouse16_OD_L_4_90_0000016_Structure_0001 RA1.TIFF,https://drive.google.com/file/d/1X856vHvSgDv3XjR2PmrEf1yhv1z-E_mb/view?usp=sharing,3,3,4,,3,FALSE,FALSE,TRUE,FALSE,FALSE,3,3
3526,Extended AI - 2021 Post ARVO,2021,20180801mouse16_OD_L_4_90_0000046_Structure_0001 RA2.TIFF,https://drive.google.com/file/d/1v0Gp5dNszx101-iS9PPaY1TCPR4Zf7_t/view?usp=sharing,4,4,4,,3,FALSE,TRUE,TRUE,FALSE,FALSE,4,4
3527,Extended AI - 2021 Post ARVO,2021,20180801mouse16_OD_L_4_90_0000066_Structure_0001 RA3.TIFF,https://drive.google.com/file/d/1xxRS-6mmw3FbccocHOFjrxH6y3Q7dp62/view?usp=sharing,2,2,4,,3,FALSE,FALSE,TRUE,FALSE,FALSE,2,2
3528,Extended AI - 2021 Post ARVO,2021,20180801mouse16_OD_L_4_90_0000076_Structure_0001 RA4.TIFF,https://drive.google.com/file/d/11HRE1G6Gdxky05GFL5ocaDYzw3efLMVo/view?usp=sharing,1,1,1,,3,FALSE,TRUE,TRUE,FALSE,FALSE,1,1
3529,Extended AI - 2021 Post ARVO,2021,20180801mouse16_OD_L_4_90_0000096_Structure_0001 RA5.TIFF,https://drive.google.com/file/d/1U-7LC2R8XwEg6auYBhE2ldxcZ6TAJ-D_/view?usp=sharing,1,1,1,,3,FALSE,TRUE,TRUE,FALSE,FALSE,1,1
3530,Extended AI - 2021 Post ARVO,2021,20180801mouse16_OD_L_4_90_0000126_Structure_0001 RA6.TIFF,https://drive.google.com/file/d/1qF8tYiPp7B5PcsL2u8ndycYRpe_YM-mm/view?usp=sharing,1,1,1,,3,FALSE,TRUE,TRUE,FALSE,FALSE,1,1
3531,Extended AI - 2021 Post ARVO,2021,20180801mouse16_OD_L_4_90_0000146_Structure_0001 RA7.TIFF,https://drive.google.com/file/d/1if7aLyXAvx79hFSt3gl7kJ7lQZjx5KV3/view?usp=sharing,0.5,1,1,,3,FALSE,FALSE,TRUE,FALSE,FALSE,1,1
3532,Extended AI - 2021 Post ARVO,2021,20180801mouse16_OD_L_4_90_0000176_Structure_0001 RA21.TIFF,https://drive.google.com/file/d/1sEOY0o9l6YaaETXoBxtKfhc8NnDUln3G/view?usp=sharing,1,1,1,,3,FALSE,TRUE,TRUE,FALSE,FALSE,1,1
3533,Extended AI - 2021 Post ARVO,2021,20180801mouse16_OD_L_4_90_0000246_Structure_0001 RA42.TIFF,https://drive.google.com/file/d/18k3_LilgGqWBQmbupr4u0P0-PiFCQZ0c/view?usp=sharing,0.5,0.5,0.5,,3,FALSE,TRUE,TRUE,FALSE,FALSE,0.5,0.5
3534,Extended AI - 2021 Post ARVO,2021,20180801mouse16_OD_L_4_90_0000266_Structure_0001 RA49.TIFF,https://drive.google.com/file/d/1R3JTLretsbwUGvzJnqFhmy8ov3eG-o2K/view?usp=sharing,0.5,0.5,0.5,,3,FALSE,TRUE,TRUE,FALSE,FALSE,0.5,0.5
3535,Extended AI - 2021 Post ARVO,2021,20180801mouse17_OD_L_4_90_0000026_Structure_0001 RA3.TIFF,https://drive.google.com/file/d/1Qdj7PnUm6r5A0rFMyBKYYYu9ZAVVuoe1/view?usp=sharing,4,4,4,,3,FALSE,TRUE,TRUE,FALSE,FALSE,4,4
3536,Extended AI - 2021 Post ARVO,2021,20180801mouse17_OD_L_4_90_0000036_Structure_0001 RA2.TIFF,https://drive.google.com/file/d/1Q9lhQ-bjD2HksEi9w78qTaBslOTtEFDk/view?usp=sharing,4,4,4,,3,FALSE,TRUE,TRUE,FALSE,FALSE,4,4
3537,Extended AI - 2021 Post ARVO,2021,20180801mouse17_OD_L_4_90_0000046_Structure_0001 RA4.TIFF,https://drive.google.com/file/d/1wgFHKWA7HzgLd_By0-8O0Fu6-lBWOERc/view?usp=sharing,4,3,3,,3,FALSE,FALSE,TRUE,FALSE,FALSE,3,3
3538,Extended AI - 2021 Post ARVO,2021,20180801mouse17_OD_L_4_90_0000066_Structure_0001 RA5.TIFF,https://drive.google.com/file/d/15DpXkCA7SsvTIPzeFjgZ_Eh8xHaCDEHb/view?usp=sharing,3,3,3,,3,FALSE,TRUE,TRUE,FALSE,FALSE,3,3
3539,Extended AI - 2021 Post ARVO,2021,20180801mouse17_OD_L_4_90_0000086_Structure_0001 RA6.TIFF,https://drive.google.com/file/d/1Axig5c8PnFzTfX1b0sbq4aMccTL20Nt7/view?usp=sharing,3,3,3,,3,FALSE,TRUE,TRUE,FALSE,FALSE,3,3
3540,Extended AI - 2021 Post ARVO,2021,20180801mouse17_OD_L_4_90_0000106_Structure_0001 RA7.TIFF,https://drive.google.com/file/d/1e4SESX2nulML0GDBwNibjulqOMyOJ9bt/view?usp=sharing,3,2,3,,3,FALSE,FALSE,TRUE,FALSE,FALSE,3,3
3541,Extended AI - 2021 Post ARVO,2021,20180801mouse17_OD_L_4_90_0000116_Structure_0001 RA14.TIFF,https://drive.google.com/file/d/1a9uCWMEY0YvO8L_jTteSuicGoluKpcLU/view?usp=sharing,1,1,2,,3,FALSE,FALSE,TRUE,FALSE,FALSE,1,1
3542,Extended AI - 2021 Post ARVO,2021,20180801mouse17_OD_L_4_90_0000142_Structure_0001 RA21.TIFF,https://drive.google.com/file/d/14GVBP1kOCHj5FnTjth3tixQ1AxB7UobS/view?usp=sharing,2,2,2,,3,FALSE,TRUE,TRUE,FALSE,FALSE,2,2
3543,Extended AI - 2021 Post ARVO,2021,20180801mouse17_OD_L_4_90_0000156_Structure_0001 RA28.TIFF,https://drive.google.com/file/d/1oBNSM0NZQ17QHa5tGWgj4zzrcs1-FG6s/view?usp=sharing,3,3,2,,3,FALSE,FALSE,TRUE,FALSE,FALSE,3,3
3544,Extended AI - 2021 Post ARVO,2021,20180801mouse17_OD_L_4_90_0000186_Structure_0001 RA35.TIFF,https://drive.google.com/file/d/1R2XYtFArJDfiNii0WgJUoDCmkOMHN0ID/view?usp=sharing,3,3,2,,3,FALSE,FALSE,TRUE,FALSE,FALSE,3,3
3545,Extended AI - 2021 Post ARVO,2021,20180801mouse17_OD_L_4_90_0000206_Structure_0001 RA42.TIFF,https://drive.google.com/file/d/1TQOoPFhzVg7YD12RzqJDSnYZLBQPWf2C/view?usp=sharing,3,3,2,,3,FALSE,FALSE,TRUE,FALSE,FALSE,3,3
3546,Extended AI - 2021 Post ARVO,2021,20180801mouse17_OD_L_4_90_0000226_Structure_0001 RA49.TIFF,https://drive.google.com/file/d/1I24Eyivv4q_96yfgirAr5L9FuhDAzd5l/view?usp=sharing,3,3,2,,3,FALSE,FALSE,TRUE,FALSE,FALSE,3,3
3547,Extended AI - 2021 Post ARVO,2021,20180801mouse4_OD_L_4_90_0000016_Structure_0001 RA1.TIFF,https://drive.google.com/file/d/1jMlFEq39r5AwljwlTEktFmX6myzQp-aF/view?usp=sharing,2,1,1,,3,FALSE,FALSE,TRUE,FALSE,FALSE,1,1
3548,Extended AI - 2021 Post ARVO,2021,20180801mouse6_OD_L_4_90_0000016_Structure_0001 RA1.TIFF,https://drive.google.com/file/d/14nj9U59atPkeJZPpQ_MIiN_cA0fPILbp/view?usp=sharing,3,2,2,,3,FALSE,FALSE,TRUE,FALSE,FALSE,2,2
3549,Extended AI - 2021 Post ARVO,2021,20180801mouse6_OD_L_4_90_0000036_Structure_0001 RA2.TIFF,https://drive.google.com/file/d/15Fg2Bc51YT-XOf75wqZMGCL8N7hu5MVl/view?usp=sharing,2,2,2,,3,FALSE,TRUE,TRUE,FALSE,FALSE,2,2
3550,Extended AI - 2021 Post ARVO,2021,20180801mouse7_OD_L_4_90_0000016_Structure_0001 RA1.TIFF,https://drive.google.com/file/d/1pm1oPcjSy1X_ByHoSIalxiuw6CW0wCFp/view?usp=sharing,3,3,3,,3,FALSE,TRUE,TRUE,FALSE,FALSE,3,3
3551,Extended AI - 2021 Post ARVO,2021,20180801mouse7_OD_L_4_90_0000036_Structure_0001 RA2.TIFF,https://drive.google.com/file/d/1mib5Z3b2r-uqn570khlshotNH0E29cHF/view?usp=sharing,4,4,3,,3,FALSE,FALSE,TRUE,FALSE,FALSE,4,4
3552,Extended AI - 2021 Post ARVO,2021,20180801mouse7_OD_L_4_90_0000056_Structure_0001 RA3.TIFF,https://drive.google.com/file/d/1IZKbqAlxyEwbdwEaS8DDyiNNR8yjeA7W/view?usp=sharing,2,2,1,,3,FALSE,FALSE,TRUE,FALSE,FALSE,2,2
3553,Extended AI - 2021 Post ARVO,2021,20180801mouse8_OD_L_4_90_0000016_Structure_0001 RA1.TIFF,https://drive.google.com/file/d/1gGbbGlddQBTRVjN2HCn0XIx5_FHEpsSR/view?usp=sharing,2,2,2,,3,FALSE,TRUE,TRUE,FALSE,FALSE,2,2
3554,Extended AI - 2021 Post ARVO,2021,20180801mouse8_OD_L_4_90_0000036_Structure_0001 RA2.TIFF,https://drive.google.com/file/d/17AJ_4VC23WkYpWpZIzGydMqyiZYEE7ni/view?usp=sharing,3,2,2,,3,FALSE,FALSE,TRUE,FALSE,FALSE,2,2
3555,Extended AI - 2021 Post ARVO,2021,20180801mouse8_OD_L_4_90_0000056_Structure_0001 RA3.TIFF,https://drive.google.com/file/d/167B3qlkflM1kkHKt0nlcUw_BldGeFGKD/view?usp=sharing,3,3,2,,3,FALSE,FALSE,TRUE,FALSE,FALSE,3,3
3556,Extended AI - 2021 Post ARVO,2021,20180801mouse9_OD_L_4_90_0000006_Structure_0001 RA1.TIFF,https://drive.google.com/file/d/15py321xwuwwysC-A_DnBvflyFkJKY9y1/view?usp=sharing,4,4,4,,3,FALSE,TRUE,TRUE,FALSE,FALSE,4,4
3557,Extended AI - 2021 Post ARVO,2021,20180801mouse9_OD_L_4_90_0000016_Structure_0001 RA2.TIFF,https://drive.google.com/file/d/1AfNnHWwdzlpgMsEwpwqUmT5zwdWWeo0s/view?usp=sharing,4,4,4,,3,FALSE,TRUE,TRUE,FALSE,FALSE,4,4
3558,Extended AI - 2021 Post ARVO,2021,20180801mouse9_OD_L_4_90_0000026_Structure_0001 RA3.TIFF,https://drive.google.com/file/d/1dsYwyIWtymHnd2xYM43YqVfdHuuBmUBw/view?usp=sharing,4,4,4,,3,FALSE,TRUE,TRUE,FALSE,FALSE,4,4
3559,Extended AI - 2021 Post ARVO,2021,20180829mouse1_OD_L_4_90_0000016_Structure_0001 RA1.TIFF,https://drive.google.com/file/d/1UpblaOE2wxp56kHTh3nH3xuTOu8esoDB/view?usp=sharing,3,3,3,,3,FALSE,TRUE,TRUE,FALSE,FALSE,3,3
3560,Extended AI - 2021 Post ARVO,2021,20180829mouse10_OD_L_4_90_0000006_Structure_0001 RA1.TIFF,https://drive.google.com/file/d/1R6M7B11heySvyMCAwxHvTOuZPLgcVaTo/view?usp=sharing,3,4,3,,3,FALSE,FALSE,TRUE,FALSE,FALSE,3,3
3561,Extended AI - 2021 Post ARVO,2021,20180829mouse11_OD_L_4_90_0000016_Structure_0001 RA1.TIFF,https://drive.google.com/file/d/1-c68j8vqfFdw3w7ShAxCnqFO-LWJ5HrD/view?usp=sharing,3,3,3,,3,FALSE,TRUE,TRUE,FALSE,FALSE,3,3
3562,Extended AI - 2021 Post ARVO,2021,20180829mouse2_OD_L_4_90_0000006_Structure_0001 RA1.TIFF,https://drive.google.com/file/d/1Eef6Zi7ny2LCOgqVnQcdT0pN6_sLGu0J/view?usp=sharing,2,2,2,,3,FALSE,TRUE,TRUE,FALSE,FALSE,2,2
3563,Extended AI - 2021 Post ARVO,2021,20180829mouse5_OD_L_4_90_0000016_Structure_0001 RA1.TIFF,https://drive.google.com/file/d/1KDkBDdGLwG_tLesRcZK8n0M_CGQx2CT8/view?usp=sharing,3,4,3,,3,FALSE,FALSE,TRUE,FALSE,FALSE,3,3
3564,Extended AI - 2021 Post ARVO,2021,20180829mouse6_OD_L_4_90_0000006_Structure_0001 RA1.TIFF,https://drive.google.com/file/d/1Fzy1Yg7bMnr5T4YiMtrBRbyb_YGmb-Dz/view?usp=sharing,3,2,3,,3,FALSE,FALSE,TRUE,FALSE,FALSE,3,3
3565,Extended AI - 2021 Post ARVO,2021,20180829mouse9_OD_L_4_90_0000006_Structure_0001 RA1.TIFF,https://drive.google.com/file/d/1LWLGdfJ8zICk4wBh9AOEkXZFiQ4ScPY6/view?usp=sharing,4,4,4,,3,FALSE,TRUE,TRUE,FALSE,FALSE,4,4
3566,Extended AI - 2021 Post ARVO,2021,20181009mouse2_OD_L_4_90_0000016_Structure_0001 ra1.TIFF,https://drive.google.com/file/d/1wSqfKMIgLU0i2oafScEaX00Q2xfMST12/view?usp=sharing,0,0,0,,3,FALSE,TRUE,TRUE,FALSE,FALSE,0,0
3567,Extended AI - 2021 Post ARVO,2021,20181009mouse3_OD_L_4_90_0000016_Structure_0001 RA1.TIFF,https://drive.google.com/file/d/1TWnGZuJbfaAx97kqNBvN8OF1kUmo0xEJ/view?usp=sharing,0,0,0,,3,FALSE,TRUE,TRUE,FALSE,FALSE,0,0
3568,Extended AI - 2021 Post ARVO,2021,20181009mouse3_OD_L_4_90_0000046_Structure_0001 RA8.TIFF,https://drive.google.com/file/d/1K2Ev1MAOn-tK2thrtAlCYHR4hNJ9-nsQ/view?usp=sharing,4,4,4,,3,FALSE,TRUE,TRUE,FALSE,FALSE,4,4
3569,Extended AI - 2021 Post ARVO,2021,20181009mouse4_OD_L_4_90_0000016_Structure_0001 RA1.TIFF,https://drive.google.com/file/d/1Mn1oHi78rwNrir2mdXtlLVBAey1N2_42/view?usp=sharing,0.5,0,0,,3,FALSE,TRUE,TRUE,FALSE,FALSE,0,0
3570,Extended AI - 2021 Post ARVO,2021,20181009mouse5_OD_L_4_90_0000016_Structure_0001 RA1.TIFF,https://drive.google.com/file/d/1mJ7Dd91IYJjwEy2M3OpRHs3BMu1rW20J/view?usp=sharing,0,0,0,,3,FALSE,TRUE,TRUE,FALSE,FALSE,0,0
3571,Extended AI - 2021 Post ARVO,2021,20181026mouse1_OD_L_4_90_0000006_Structure_0001 RA1.TIFF,https://drive.google.com/file/d/1p1mKSKYPc6edTOwXLiASZvTnmrWeduGk/view?usp=sharing,4,4,2,,3,FALSE,FALSE,TRUE,FALSE,FALSE,4,4
3572,Extended AI - 2021 Post ARVO,2021,20181026mouse10_OD_L_4_90_0000016_Structure_0001 RA1.TIFF,https://drive.google.com/file/d/1HlLUnfJV3iAvQw4nVp9FoTdWMH5Va5YD/view?usp=sharing,2,2,2,,3,FALSE,TRUE,TRUE,FALSE,FALSE,2,2
3573,Extended AI - 2021 Post ARVO,2021,20181026mouse2_OD_L_4_90_0000016_Structure_0001 RA1.TIFF,https://drive.google.com/file/d/1kYS9BiAbn0wHs0bqgeO95kgt1mwTvKT0/view?usp=sharing,4,4,4,,3,FALSE,TRUE,TRUE,FALSE,FALSE,4,4
3574,Extended AI - 2021 Post ARVO,2021,20181026mouse3_OD_L_4_90_0000006_Structure_0001 RA1.TIFF,https://drive.google.com/file/d/1Ll50Cr96b3bMjsqkDEJyOYodtzyBAyW7/view?usp=sharing,3,3,3,,3,FALSE,TRUE,TRUE,FALSE,FALSE,3,3
3575,Extended AI - 2021 Post ARVO,2021,20181026mouse3_OD_L_4_90_0000053_Structure_0001 RA20.TIFF,https://drive.google.com/file/d/1IOQMEU2N9_hNgczlPol9M1EF2IwPVXSQ/view?usp=sharing,4,4,2,,3,FALSE,FALSE,TRUE,FALSE,FALSE,4,4
3576,Extended AI - 2021 Post ARVO,2021,20181026mouse4_OD_L_4_90_0000016_Structure_0001 RA1.TIFF,https://drive.google.com/file/d/1su3alUaQ8krSNbEBkQbMBcNS_MvmjucJ/view?usp=sharing,3,3,3,,3,FALSE,TRUE,TRUE,FALSE,FALSE,3,3
3577,Extended AI - 2021 Post ARVO,2021,20181026mouse4_OD_L_4_90_0000053_Structure_0001 RA20.TIFF,https://drive.google.com/file/d/1E2ccNfgZ3Kbtuj-TjY7QQbTdHd76Uj8Z/view?usp=sharing,2,1,1,,3,FALSE,FALSE,TRUE,FALSE,FALSE,1,1
3578,Extended AI - 2021 Post ARVO,2021,20181026mouse5_OD_L_4_90_0000006_Structure_0001 RA1.TIFF,https://drive.google.com/file/d/1F0OOjAu8f7bqvA5NZsFARXJtWFvt2C1d/view?usp=sharing,3,3,3,,3,FALSE,TRUE,TRUE,FALSE,FALSE,3,3
3579,Extended AI - 2021 Post ARVO,2021,20181026mouse6_OD_L_4_90_0000016_Structure_0001 RA1.TIFF,https://drive.google.com/file/d/1Xi_Zdh3_QtwIKTwRcjlYp5tjL26jR_5J/view?usp=sharing,1,1,1,,3,FALSE,TRUE,TRUE,FALSE,FALSE,1,1
3580,Extended AI - 2021 Post ARVO,2021,20181026mouse7_OD_L_4_90_0000006_Structure_0001 RA1.TIFF,https://drive.google.com/file/d/1aQ_iZl0r9_V8FHrSL3ZDcr002-AoRBDU/view?usp=sharing,3,4,4,,3,FALSE,FALSE,TRUE,FALSE,FALSE,4,4
3581,Extended AI - 2021 Post ARVO,2021,20181026mouse8_OD_L_4_90_0000016_Structure_0001 RA1.TIFF,https://drive.google.com/file/d/13Gu09oVmUfwkdVEohdE_zbUUzu0gM0wx/view?usp=sharing,4,4,4,,3,FALSE,TRUE,TRUE,FALSE,FALSE,4,4
3582,Extended AI - 2021 Post ARVO,2021,20181026mouse9_OD_L_4_90_0000006_Structure_0001 RA1.TIFF,https://drive.google.com/file/d/1DeQBYAAjwHCHP-pFZr9ai18O3EUJukhP/view?usp=sharing,4,4,4,,3,FALSE,TRUE,TRUE,FALSE,FALSE,4,4
3583,Extended AI - 2021 Post ARVO,2021,20181106mouse1M_OD_L_4_90_0000006_Structure_0001 RA1.TIFF,https://drive.google.com/file/d/1-hqtcs2GNzdKQ1KNduk3dA1qL0UXfxv_/view?usp=sharing,0,0,0,,3,FALSE,TRUE,TRUE,FALSE,FALSE,0,0
3584,Extended AI - 2021 Post ARVO,2021,20181106mouse2F_OD_L_4_90_0000022_Structure_0001 RA1.TIFF,https://drive.google.com/file/d/1wLuk_s96B8w0T6-tZqG-h59l-_6fZnUW/view?usp=sharing,0,0,0,,3,FALSE,TRUE,TRUE,FALSE,FALSE,0,0
3585,Extended AI - 2021 Post ARVO,2021,20181106mouse2M_OD_L_4_90_0000036_Structure_0001 RA1.TIFF,https://drive.google.com/file/d/13OOa8PqpaOaYaxkdLuarflNZ9ncl7BGR/view?usp=sharing,0,0,0,,3,FALSE,TRUE,TRUE,FALSE,FALSE,0,0
3586,Extended AI - 2021 Post ARVO,2021,20181106mouse3F_OD_L_4_90_0000036_Structure_0001 RA1.TIFF,https://drive.google.com/file/d/1VsSCO7WSOyTIqCvSx8Gg15EaCZcvr5oH/view?usp=sharing,0,0,0,,3,FALSE,TRUE,TRUE,FALSE,FALSE,0,0
3587,Extended AI - 2021 Post ARVO,2021,20181114mouse1_OD_L_4_90_0000006_Structure_0001 RA1.TIFF,https://drive.google.com/file/d/1IX4XOmvkCYTJoyasPa3RSqSfzRvIYiT6/view?usp=sharing,3,3,3,,3,FALSE,TRUE,TRUE,FALSE,FALSE,3,3
3588,Extended AI - 2021 Post ARVO,2021,20181114mouse2_OD_L_4_90_0000006_Structure_0001 RA1.TIFF,https://drive.google.com/file/d/1KyXxpEFQuhhqfkejaKJpl6ml2MqEqGH7/view?usp=sharing,3,4,4,,3,FALSE,FALSE,TRUE,FALSE,FALSE,4,4
3589,Extended AI - 2021 Post ARVO,2021,20181114mouse2_OD_L_4_90_0000036_Structure_0001 RA6.TIFF,https://drive.google.com/file/d/1wV6aPiRKxAPNULH7A6IfIKdcxM6QK3NV/view?usp=sharing,3,3,3,,3,FALSE,TRUE,TRUE,FALSE,FALSE,3,3
3590,Extended AI - 2021 Post ARVO,2021,20181114mouse4_OD_L_4_90_0000036_Structure_0001 RA6.TIFF,https://drive.google.com/file/d/15lYcYLvN9Z0Ke18_H4WrQkqGadB5-JJY/view?usp=sharing,3,4,4,,3,FALSE,FALSE,TRUE,FALSE,FALSE,4,4
3591,Extended AI - 2021 Post ARVO,2021,20181114mouse5_OD_L_4_90_0000016_Structure_0001 RA1.TIFF,https://drive.google.com/file/d/1DcQq2kMyXT2iQG3pZfbehQdTnWsjxEnm/view?usp=sharing,4,4,3,,3,FALSE,FALSE,TRUE,FALSE,FALSE,4,4
3592,Extended AI - 2021 Post ARVO,2021,20181114mouse5_OD_L_4_90_0000046_Structure_0001 RA6.TIFF,https://drive.google.com/file/d/1w_3hryckna7_Ebp9uSwKmH_swxEtClkW/view?usp=sharing,3,3,2,,3,FALSE,FALSE,TRUE,FALSE,FALSE,3,3
3593,Extended AI - 2021 Post ARVO,2021,20181114mouse6_OD_L_4_90_0000046_Structure_0001 RA6.TIFF,https://drive.google.com/file/d/1QPTIpczn34_DhbftBLRY4MEATmAxJYOv/view?usp=sharing,1,1,1,,3,FALSE,TRUE,TRUE,FALSE,FALSE,1,1
3594,Extended AI - 2021 Post ARVO,2021,20181114mouse7_OD_L_4_90_0000023_Structure_0001 RA1.TIFF,https://drive.google.com/file/d/1JNT0l7HfROenRwgouEP7e6MvCUJFPWd5/view?usp=sharing,0.5,0.5,0.5,,3,FALSE,TRUE,TRUE,FALSE,FALSE,0.5,0.5
3595,Extended AI - 2021 Post ARVO,2021,20181114mouse7_OD_L_4_90_0000053_Structure_0001 RA6.TIFF,https://drive.google.com/file/d/1FXR5ZhjqAt3TzmVS55kKugCLtGaClp7p/view?usp=sharing,1,1,1,,3,FALSE,TRUE,TRUE,FALSE,FALSE,1,1
3596,Extended AI - 2021 Post ARVO,2021,20181114mouse8_OD_L_4_90_0000013_Structure_0001 RA1.TIFF,https://drive.google.com/file/d/11LZ9Un7zyaAzVU_IunkbGxSHv3uFsciK/view?usp=sharing,4,4,4,,3,FALSE,TRUE,TRUE,FALSE,FALSE,4,4
3597,Extended AI - 2021 Post ARVO,2021,20181114mouse8_OD_L_4_90_0000053_Structure_0001 RA6.TIFF,https://drive.google.com/file/d/1RvFneSFor3CERPp8K0jB1FuOvT-Mv8sQ/view?usp=sharing,1,2,2,,3,FALSE,FALSE,TRUE,FALSE,FALSE,2,2
3598,Extended AI - 2021 Post ARVO,2021,20181114mouse9_OD_L_4_90_0000023_Structure_0001 RA1.TIFF,https://drive.google.com/file/d/1tJjWjMzY38FMFRtd4-HT1fSqri-FDfwm/view?usp=sharing,3,3,3,,3,FALSE,TRUE,TRUE,FALSE,FALSE,3,3
3599,Extended AI - 2021 Post ARVO,2021,20181127mouse1_OD_L_4_90_0000016_Structure_0001 RA1.TIFF,https://drive.google.com/file/d/1zgacYiGmFs52Hj2voRauRVXZOaWw09aH/view?usp=sharing,2,2,2,,3,FALSE,TRUE,TRUE,FALSE,FALSE,2,2
3600,Extended AI - 2021 Post ARVO,2021,20181127mouse2_OD_L_4_90_0000006_Structure_0001 RA1.TIFF,https://drive.google.com/file/d/1ipReyRIVKWWm_CoB8R9pbhwPmpreBTN_/view?usp=sharing,2,2,2,,3,FALSE,TRUE,TRUE,FALSE,FALSE,2,2
3601,Extended AI - 2021 Post ARVO,2021,20181127mouse2_OD_L_4_90_0000036_Structure_0001 RA2.TIFF,https://drive.google.com/file/d/1Ym22vqmBviG135g7On6ZbpNyK65Zq7fm/view?usp=sharing,1,2,2,,3,FALSE,FALSE,TRUE,FALSE,FALSE,2,2
3602,Extended AI - 2021 Post ARVO,2021,20181127mouse4_OD_L_4_90_0000006_Structure_0001 RA1.TIFF,https://drive.google.com/file/d/1kkqwLFPokhxowqnAchnLZMSr9pnfnir9/view?usp=sharing,2,2,2,,3,FALSE,TRUE,TRUE,FALSE,FALSE,2,2
3603,Extended AI - 2021 Post ARVO,2021,20181127mouse4_OD_L_4_90_0000076_Structure_0001 RA4.TIFF,https://drive.google.com/file/d/1iwe3hmAZx59o4oasM220uElbL1fnpbFH/view?usp=sharing,3,2,2,,3,FALSE,FALSE,TRUE,FALSE,FALSE,2,2
3604,Extended AI - 2021 Post ARVO,2021,20181127mouse6_OD_L_4_90_0000006_Structure_0001 RA1.TIFF,https://drive.google.com/file/d/1IzXPA0K5pap26qeFExcSIo0FW5e1VonY/view?usp=sharing,3,3,3,,3,FALSE,TRUE,TRUE,FALSE,FALSE,3,3
3605,Extended AI - 2021 Post ARVO,2021,20181127mouse6_OD_L_4_90_0000046_Structure_0001 RA3.TIFF,https://drive.google.com/file/d/1yzQVTvzn0eG8bv3o0Cye3OFhe6U1F4Rf/view?usp=sharing,1,1,2,,3,FALSE,FALSE,TRUE,FALSE,FALSE,1,1
3606,Extended AI - 2021 Post ARVO,2021,20181127mouse7_OD_L_4_90_0000016_Structure_0001 RA1.TIFF,https://drive.google.com/file/d/13pU_DgRUSiKxZ7hU2s_n9_gaTYwHpgYf/view?usp=sharing,2,2,2,,3,FALSE,TRUE,TRUE,FALSE,FALSE,2,2
3607,Extended AI - 2021 Post ARVO,2021,20181127mouse7_OD_L_4_90_0000036_Structure_0001 RA2.TIFF,https://drive.google.com/file/d/1DY_8AfGbZmCWRXOIbZcs-E8Wnm1z0h-1/view?usp=sharing,2,2,2,,3,FALSE,TRUE,TRUE,FALSE,FALSE,2,2
3608,Extended AI - 2021 Post ARVO,2021,20181127mouse7_OD_L_4_90_0000076_Structure_0001 RA4.TIFF,https://drive.google.com/file/d/1Cc0G6aRLGctBcsGbklOpK2abuJ1L9ZyH/view?usp=sharing,1,0.5,1,,3,FALSE,FALSE,TRUE,FALSE,FALSE,1,1
3609,Extended AI - 2021 Post ARVO,2021,20181127mouse7_OD_L_4_90_0000096_Structure_0001 RA5.TIFF,https://drive.google.com/file/d/195FZC-OuzOlsaVhNiMXXF1FQBSNusqRo/view?usp=sharing,0.5,0.5,0.5,,3,FALSE,TRUE,TRUE,FALSE,FALSE,0.5,0.5
3610,Extended AI - 2021 Post ARVO,2021,20181127mouse9_OD_L_4_90_0000016_Structure_0001 RA1.TIFF,https://drive.google.com/file/d/1IsUq9h1BToxtnnC1N3RMkXq7jGp-6OEN/view?usp=sharing,3,3,3,,3,FALSE,TRUE,TRUE,FALSE,FALSE,3,3
3611,Extended AI - 2021 Post ARVO,2021,20181127mouse9_OD_L_4_90_0000056_Structure_0001 RA3.TIFF,https://drive.google.com/file/d/1rtlKxO3TFt7xYqJ9fU1qoRHj6yPgwK1v/view?usp=sharing,3,3,3,,3,FALSE,TRUE,TRUE,FALSE,FALSE,3,3
3612,Extended AI - 2021 Post ARVO,2021,20181127mouse9_OD_L_4_90_0000096_Structure_0001 RA5.TIFF,https://drive.google.com/file/d/1LdEjhI-bzkwizeGUnZROkTJoAYa9HzOP/view?usp=sharing,3,3,3,,3,FALSE,TRUE,TRUE,FALSE,FALSE,3,3
3613,Extended AI - 2021 Post ARVO,2021,20181203mouse1_OD_L_4_90_0000026_Structure_0001 RA2.TIFF,https://drive.google.com/file/d/1tQtYsNBVYuGKpvvH_3s_RUTLA8tjisV6/view?usp=sharing,0,0,0,,3,FALSE,TRUE,TRUE,FALSE,FALSE,0,0
3614,Extended AI - 2021 Post ARVO,2021,20181212mouse10_OD_L_4_90_0000016_Structure_0001 RA1.TIFF,https://drive.google.com/file/d/1V1SbR1wvC4d-Rm64goYOlgvX0WHbiv4k/view?usp=sharing,3,2,2,,3,FALSE,FALSE,TRUE,FALSE,FALSE,2,2
3615,Extended AI - 2021 Post ARVO,2021,20181212mouse12_OD_L_4_90_0000016_Structure_0001 RA1.TIFF,https://drive.google.com/file/d/1H8_Dl66ry5EI1ZqSizUifLZap7PnBR8K/view?usp=sharing,4,4,3,,3,FALSE,FALSE,TRUE,FALSE,FALSE,4,4
3616,Extended AI - 2021 Post ARVO,2021,20181212mouse14_OD_L_4_90_0000016_Structure_0001 RA1.TIFF,https://drive.google.com/file/d/1UKRZDzjVRka0BnC81BDzoLrMYFA0y32d/view?usp=sharing,3,4,3,,3,FALSE,FALSE,TRUE,FALSE,FALSE,3,3
3617,Extended AI - 2021 Post ARVO,2021,20181212mouse6_OD_L_4_90_0000016_Structure_0001 RA1.TIFF,https://drive.google.com/file/d/16TkqRhehaIVzO1Fo83EEwr8rxhQayvB7/view?usp=sharing,3,3,3,,3,FALSE,TRUE,TRUE,FALSE,FALSE,3,3
3618,Extended AI - 2021 Post ARVO,2021,20181212mouse9_OD_L_4_90_0000016_Structure_0001 RA1.TIFF,https://drive.google.com/file/d/1liWFVt9Cd8No-1qhlhjNdtohT0FDGmmG/view?usp=sharing,3,4,4,,3,FALSE,FALSE,TRUE,FALSE,FALSE,4,4
3619,Extended AI - 2021 Post ARVO,2021,20190107mouse1_OD_L_4_90_0000016_Structure_0001 RA-7.TIFF,https://drive.google.com/file/d/1R0eZz-6tT3lE0BYJWN2WrJDmckcw1GmB/view?usp=sharing,0,0,0,,3,FALSE,TRUE,TRUE,FALSE,FALSE,0,0
3620,Extended AI - 2021 Post ARVO,2021,20190107mouse16_OD_L_4_90_0000006_Structure_0001 RA-7.TIFF,https://drive.google.com/file/d/1chifQRdjRnZUIFCUHsyMfEnlqhdI5Mjh/view?usp=sharing,0.5,0.5,0.5,,3,FALSE,TRUE,TRUE,FALSE,FALSE,0.5,0.5
3621,Extended AI - 2021 Post ARVO,2021,20190107mouse3_OD_L_4_90_0000016_Structure_0001 RA-7.TIFF,https://drive.google.com/file/d/1dK2KBEK9SjhH_17r4sW3NGhbjHpaGp-G/view?usp=sharing,0,0,0,,3,FALSE,TRUE,TRUE,FALSE,FALSE,0,0
3622,Extended AI - 2021 Post ARVO,2021,20190107mouse4_OD_L_4_90_0000006_Structure_0001 RA-7.TIFF,https://drive.google.com/file/d/1j84dYj4l13V9Hu2JK1CSPTt2tTEAJD91/view?usp=sharing,0,0,0,,3,FALSE,TRUE,TRUE,FALSE,FALSE,0,0
3623,Extended AI - 2021 Post ARVO,2021,20190107mouse5_OD_L_4_90_0000016_Structure_0001 RA-7.TIFF,https://drive.google.com/file/d/1ByMZQIKu8kr-HC9gjsMDHJOE4VeDZ7K1/view?usp=sharing,0,0,0,,3,FALSE,TRUE,TRUE,FALSE,FALSE,0,0
3624,Extended AI - 2021 Post ARVO,2021,20190107mouse6_OD_L_4_90_0000006_Structure_0001 RA-7.TIFF,https://drive.google.com/file/d/1uBkLUye-tjQbsT0TpFHfwA5mPuKj31G_/view?usp=sharing,0,0,0,,3,FALSE,TRUE,TRUE,FALSE,FALSE,0,0
3625,Extended AI - 2021 Post ARVO,2021,20190107mouse7_OD_L_4_90_0000016_Structure_0001 RA-7.TIFF,https://drive.google.com/file/d/1XNOxgo9I4nVU8UTXb7RF84Y3DT345kN2/view?usp=sharing,0,0,0,,3,FALSE,TRUE,TRUE,FALSE,FALSE,0,0
3626,Extended AI - 2021 Post ARVO,2021,20190107mouse8_OD_L_4_90_0000006_Structure_0001 RA-7.TIFF,https://drive.google.com/file/d/1-Yn0NM5nDloPtBcTjC5pF_NxJ1y31Vva/view?usp=sharing,0.5,0,0.5,,3,FALSE,FALSE,TRUE,FALSE,FALSE,0.5,0.5
3627,Extended AI - 2021 Post ARVO,2021,20190114mouse10_OD_L_4_90_0000016_Structure_0001 RA1.TIFF,https://drive.google.com/file/d/1RSxXlnox0o5d3jw59APwPZ6YuYywkJBr/view?usp=sharing,0,0,0,,3,FALSE,TRUE,TRUE,FALSE,FALSE,0,0
3628,Extended AI - 2021 Post ARVO,2021,20190114mouse7_OD_L_4_90_0000016_Structure_0001 RA1.TIFF,https://drive.google.com/file/d/16IZ19p52i8GIBsSxxnWQX4F49XnyD-lV/view?usp=sharing,0,0,0,,3,FALSE,TRUE,TRUE,FALSE,FALSE,0,0
3629,Extended AI - 2021 Post ARVO,2021,20190114mouse9_OD_L_4_90_0000006_Structure_0001 RA1.TIFF,https://drive.google.com/file/d/1Bz8nQdKeH8MV5ifeA1KVFD5Pf89HKYW-/view?usp=sharing,0,0,0,,3,FALSE,TRUE,TRUE,FALSE,FALSE,0,0
3630,Extended AI - 2021 Post ARVO,2021,20190130mouse1_OD_L_4_90_0000036_Structure_0001 RA-7.TIFF,https://drive.google.com/file/d/1IQNo9_70ZMZ1LJq5_3wAx1DhYairGNXo/view?usp=sharing,0,0.5,0,,3,FALSE,TRUE,TRUE,FALSE,FALSE,0,0
3631,Extended AI - 2021 Post ARVO,2021,20190130mouse1_OD_L_4_90_0000056_Structure_0001 RA1.TIFF,https://drive.google.com/file/d/1a6ABGsI5BBzHoDuy6_dsHzx2cs_mm52u/view?usp=sharing,2,2,1,,3,FALSE,FALSE,TRUE,FALSE,FALSE,2,2
3632,Extended AI - 2021 Post ARVO,2021,20190130mouse1_OD_L_4_90_0000147_Structure_0001 RA28.TIFF,https://drive.google.com/file/d/1YKAj7oiK_aqkTEJJ9LICQZ-5c-wbAdix/view?usp=sharing,0.5,0,0,,3,FALSE,TRUE,TRUE,FALSE,FALSE,0,0
3633,Extended AI - 2021 Post ARVO,2021,20190130mouse1_OD_L_4_90_0000177_Structure_0001 RA35.TIFF,https://drive.google.com/file/d/1g2T_-zKRscDhSc14fQJNRO5mJFGT1b5a/view?usp=sharing,0,0,0.5,,3,FALSE,TRUE,TRUE,FALSE,FALSE,0,0
3634,Extended AI - 2021 Post ARVO,2021,20190130mouse1_OD_L_4_90_0000237_Structure_0001 RA42.TIFF,https://drive.google.com/file/d/1h-zVaBe840_DhqBkYC1az9DcPU1bHow8/view?usp=sharing,0.5,0.5,0.5,,3,FALSE,TRUE,TRUE,FALSE,FALSE,0.5,0.5
3635,Extended AI - 2021 Post ARVO,2021,20190130mouse2_OD_L_4_90_0000026_Structure_0001 RA-7.TIFF,https://drive.google.com/file/d/17E8Bpi0Ue5kbt5WKLe6Prq454MPDN-Og/view?usp=sharing,0,0.5,0,,3,FALSE,TRUE,TRUE,FALSE,FALSE,0,0
3636,Extended AI - 2021 Post ARVO,2021,20190130mouse3_OD_L_4_90_0000016_Structure_0001 RA-7.TIFF,https://drive.google.com/file/d/1VLfJGN3B9Bpl-4r1p7BuorAefg1mbZ3w/view?usp=sharing,0,0.5,0,,3,FALSE,TRUE,TRUE,FALSE,FALSE,0,0
3637,Extended AI - 2021 Post ARVO,2021,20190130mouse8_OD_L_4_90_0000016_Structure_0001 RA-7.TIFF,https://drive.google.com/file/d/1C-7v5xknTO4SDsmenUqxib8OmTuyLnW2/view?usp=sharing,0.5,0.5,0,,3,FALSE,FALSE,TRUE,FALSE,FALSE,0.5,0.5
3638,Extended AI - 2021 Post ARVO,2021,20190130mouse9_OD_L_4_90_0000026_Structure_0001 RA-7.TIFF,https://drive.google.com/file/d/1YZdh6nu5AXLcQ8r-hh57TQ-0W9Ky7UBL/view?usp=sharing,0,0,0,,3,FALSE,TRUE,TRUE,FALSE,FALSE,0,0
3639,Extended AI - 2021 Post ARVO,2021,20190207mouse11_OD_L_4_90_0000016_Structure_0001 RA-7.TIFF,https://drive.google.com/file/d/1zV0uGJrWIvSvIz2V5ojPgf8qjwZbZdbO/view?usp=sharing,0,0.5,0,,3,FALSE,TRUE,TRUE,FALSE,FALSE,0,0
3640,Extended AI - 2021 Post ARVO,2021,20190207mouse13_OD_L_4_90_0000136_Structure_0001 RA14.TIFF,https://drive.google.com/file/d/17vt3fT42MXUAWf8WSq-8WhhvdXlxjn6x/view?usp=sharing,0,0,0,,3,FALSE,TRUE,TRUE,FALSE,FALSE,0,0
3641,Extended AI - 2021 Post ARVO,2021,20190207mouse16_OD_L_4_90_0000016_Structure_0001 RA-7.TIFF,https://drive.google.com/file/d/1H0DtaSn5d80wXGuq8bUdN_CPYxWTfpJ5/view?usp=sharing,0,0,0,,3,FALSE,TRUE,TRUE,FALSE,FALSE,0,0
3642,Extended AI - 2021 Post ARVO,2021,20190207mouse17_OD_L_4_90_0000006_Structure_0001 RA-7.TIFF,https://drive.google.com/file/d/1g1iNF_c9jtXQTTp_e-vJJ49WW0HUUCzC/view?usp=sharing,0,0,0,,3,FALSE,TRUE,TRUE,FALSE,FALSE,0,0
3643,Extended AI - 2021 Post ARVO,2021,20190207mouse19_OD_L_4_90_0000006_Structure_0001 RA-7.TIFF,https://drive.google.com/file/d/1D6kmS9PmnIxEWR9CpB3Vi41hm8pUDfF6/view?usp=sharing,0,0,0,,3,FALSE,TRUE,TRUE,FALSE,FALSE,0,0
3644,Extended AI - 2021 Post ARVO,2021,20190207mouse2_OD_L_4_90_0000006_Structure_0001 RA-7.TIFF,https://drive.google.com/file/d/1wtqQlVhImRrd101fXWGSFXz8lhKh7DxC/view?usp=sharing,0,0,0,,3,FALSE,TRUE,TRUE,FALSE,FALSE,0,0
3645,Extended AI - 2021 Post ARVO,2021,20190207mouse28_OD_L_4_90_0000016_Structure_0001 RA-7.TIFF,https://drive.google.com/file/d/1RldePJmQ3mZr-qfrpWEfrGZ03tlm2Hh6/view?usp=sharing,0,0,0,,3,FALSE,TRUE,TRUE,FALSE,FALSE,0,0
3646,Extended AI - 2021 Post ARVO,2021,20190207mouse3_OD_L_4_90_0000010_Structure_0001 RA-7.TIFF,https://drive.google.com/file/d/13vtAPT55UlU_GaqPW6WKt4OUVjEyeaiT/view?usp=sharing,0,0,0,,3,FALSE,TRUE,TRUE,FALSE,FALSE,0,0
3647,Extended AI - 2021 Post ARVO,2021,20190207mouse4_OD_L_4_90_0000016_Structure_0001 RA-7.TIFF,https://drive.google.com/file/d/1jswjBbpeW-CP3i9WhNddg26n6cQ4gc4T/view?usp=sharing,0,0,0,,3,FALSE,TRUE,TRUE,FALSE,FALSE,0,0
3648,Extended AI - 2021 Post ARVO,2021,20190207mouse5_OD_L_4_90_0000016_Structure_0001 RA-7.TIFF,https://drive.google.com/file/d/1CcdHEYSxs9uJ-wWczbIyt6hC7Fz6biz4/view?usp=sharing,0,0,0,,3,FALSE,TRUE,TRUE,FALSE,FALSE,0,0
3649,Extended AI - 2021 Post ARVO,2021,20190207mouse6_OD_L_4_90_0000006_Structure_0001 RA-7.TIFF,https://drive.google.com/file/d/135qhbuZ-CImRAe6P9Qa_qgS646vbA1z9/view?usp=sharing,0,0,0,,3,FALSE,TRUE,TRUE,FALSE,FALSE,0,0
3650,Extended AI - 2021 Post ARVO,2021,20190207mouse7_OD_L_4_90_0000016_Structure_0001 RA-7.TIFF,https://drive.google.com/file/d/1_pkM-4WmcdJDMISt_BFhyiX1i5UKYMuI/view?usp=sharing,0,0,0,,3,FALSE,TRUE,TRUE,FALSE,FALSE,0,0
3651,Extended AI - 2021 Post ARVO,2021,20190409mouse1_OD_L_4_90_0000016_Structure_0001 RA1.TIFF,https://drive.google.com/file/d/1froSESj2jWpkyaWQqZQGaPO7jvBSkxG2/view?usp=sharing,4,4,4,,3,FALSE,TRUE,TRUE,FALSE,FALSE,4,4
3652,Extended AI - 2021 Post ARVO,2021,20190409mouse10_OD_L_4_90_0000016_Structure_0001 RA1.TIFF,https://drive.google.com/file/d/1JrZoEH_7MaJcOsEGBAV_RnrU9PAq770G/view?usp=sharing,3,3,3,,3,FALSE,TRUE,TRUE,FALSE,FALSE,3,3
3653,Extended AI - 2021 Post ARVO,2021,20190409mouse11_OD_L_4_90_0000016_Structure_0001 RA1.TIFF,https://drive.google.com/file/d/1ROs02GsxrpUvitSacBnuNqXXJA32J5VN/view?usp=sharing,1,1,1,,3,FALSE,TRUE,TRUE,FALSE,FALSE,1,1
3654,Extended AI - 2021 Post ARVO,2021,20190409mouse12_OD_L_4_90_0000006_Structure_0001 RA1.TIFF,https://drive.google.com/file/d/11Yu1luE4IFmAT_6QxheQisMAn2ahQv13/view?usp=sharing,1,1,1,,3,FALSE,TRUE,TRUE,FALSE,FALSE,1,1
3655,Extended AI - 2021 Post ARVO,2021,20190409mouse13_OD_L_4_90_0000016_Structure_0001 RA1.TIFF,https://drive.google.com/file/d/15rLJCkScfs6XZkDimKsvnqKyDPSXmxuZ/view?usp=sharing,1,1,1,,3,FALSE,TRUE,TRUE,FALSE,FALSE,1,1
3656,Extended AI - 2021 Post ARVO,2021,20190409mouse14_OD_L_4_90_0000006_Structure_0001 RA1.TIFF,https://drive.google.com/file/d/1mFnkfyfu4auVehR6N3fuBR3Al3Ek1SHT/view?usp=sharing,0.5,0.5,0,,3,FALSE,FALSE,TRUE,FALSE,FALSE,0.5,0.5
3657,Extended AI - 2021 Post ARVO,2021,20190409mouse15_OD_L_4_90_0000006_Structure_0001 RA1.TIFF,https://drive.google.com/file/d/1nU-qsaQd44rG1SGlVoAtDkqd5xz6Bcwm/view?usp=sharing,1,1,1,,3,FALSE,TRUE,TRUE,FALSE,FALSE,1,1
3658,Extended AI - 2021 Post ARVO,2021,20190409mouse16_OD_L_4_90_0000016_Structure_0001 RA1.TIFF,https://drive.google.com/file/d/1GEPfPIfFYVUjutofufS5RuxUyocUU6I9/view?usp=sharing,1,1,1,,3,FALSE,TRUE,TRUE,FALSE,FALSE,1,1
3659,Extended AI - 2021 Post ARVO,2021,20190409mouse17_OD_L_4_90_0000006_Structure_0001 RA1.TIFF,https://drive.google.com/file/d/1Y01mf-3jkZ5F8HgsTNDfg-QDuA1Cjae8/view?usp=sharing,0.5,0.5,0.5,,3,FALSE,TRUE,TRUE,FALSE,FALSE,0.5,0.5
3660,Extended AI - 2021 Post ARVO,2021,20190409mouse18_OD_L_4_90_0000016_Structure_0001 RA1.TIFF,https://drive.google.com/file/d/1fU_x4kqKwGla9KTXC5TnxJuzWGl8BE1i/view?usp=sharing,3,3,2,,3,FALSE,FALSE,TRUE,FALSE,FALSE,3,3
3661,Extended AI - 2021 Post ARVO,2021,20190409mouse19_OD_L_4_90_0000006_Structure_0001 RA1.TIFF,https://drive.google.com/file/d/1-MnkqevwbOJFAHPda1aeSyZwiTKE70EF/view?usp=sharing,2,2,2,,3,FALSE,TRUE,TRUE,FALSE,FALSE,2,2
3662,Extended AI - 2021 Post ARVO,2021,20190409mouse2_OD_L_4_90_0000006_Structure_0001 RA1.TIFF,https://drive.google.com/file/d/1Bclikw2-O3vVL0X2ia_MYNsZ6CJDQk6F/view?usp=sharing,0.5,0.5,0.5,,3,FALSE,TRUE,TRUE,FALSE,FALSE,0.5,0.5
3663,Extended AI - 2021 Post ARVO,2021,20190409mouse20_OD_L_4_90_0000016_Structure_0001 RA1.TIFF,https://drive.google.com/file/d/129bs76-AV7uEH_pqFR4bbnlMkZSOiLEA/view?usp=sharing,1,1,0.5,,3,FALSE,FALSE,TRUE,FALSE,FALSE,1,1
3664,Extended AI - 2021 Post ARVO,2021,20190409mouse3_OD_L_4_90_0000016_Structure_0001 RA1.TIFF,https://drive.google.com/file/d/1_nWXsqrUfGiSFsCZ1o0kDyhojDI8nR71/view?usp=sharing,0.5,0.5,0.5,,3,FALSE,TRUE,TRUE,FALSE,FALSE,0.5,0.5
3665,Extended AI - 2021 Post ARVO,2021,20190409mouse5_OD_L_4_90_0000006_Structure_0001 RA1.TIFF,https://drive.google.com/file/d/1dUkR-_V4BpanOpysbRzhEWX4MLJFnCpg/view?usp=sharing,3,3,3,,3,FALSE,TRUE,TRUE,FALSE,FALSE,3,3
3666,Extended AI - 2021 Post ARVO,2021,20190409mouse6_OD_L_4_90_0000016_Structure_0001 RA1.TIFF,https://drive.google.com/file/d/1ojy_FGbMfZuzUFBecM1dtzcKd31M5wv4/view?usp=sharing,2,2,2,,3,FALSE,TRUE,TRUE,FALSE,FALSE,2,2
3667,Extended AI - 2021 Post ARVO,2021,20190409mouse7_OD_L_4_90_0000006_Structure_0001 RA1.TIFF,https://drive.google.com/file/d/1ctGoCWG8Vbklv32AeWcT3cZ-deoxN-8z/view?usp=sharing,2,2,2,,3,FALSE,TRUE,TRUE,FALSE,FALSE,2,2
3668,Extended AI - 2021 Post ARVO,2021,20190409mouse8_OD_L_4_90_0000006_Structure_0001 RA1.TIFF,https://drive.google.com/file/d/16Vh5EuQnEjLrCaLCpdJvCsU6hZkqb-NA/view?usp=sharing,3,3,3,,3,FALSE,TRUE,TRUE,FALSE,FALSE,3,3
3669,Extended AI - 2021 Post ARVO,2021,20190409mouse9_OD_L_4_90_0000016_Structure_0001 RA1.TIFF,https://drive.google.com/file/d/1BGFm294JaLp8VYrzBl6da3YO3m6bnSrv/view?usp=sharing,3,3,3,,3,FALSE,TRUE,TRUE,FALSE,FALSE,3,3
3670,Extended AI - 2021 Post ARVO,2021,S0.5 20180131mouse2_OD_L_2_0_0000303_Structure_0001 RR28.TIFF,https://drive.google.com/file/d/1haIDkC-XOUs-2woVPqcMJlfTywxGUQ6v/view?usp=sharing,0.5,1,0.5,,3,FALSE,FALSE,TRUE,FALSE,FALSE,0.5,0.5
3671,Extended AI - 2021 Post ARVO,2021,S1 20180131mouse2_OD_L_2_0_0000222_Structure_0001 RR14.TIFF,https://drive.google.com/file/d/1juwSADF5X79tEUa_0hWgyI84INFm8Iei/view?usp=sharing,1,1,0.5,,3,FALSE,FALSE,TRUE,FALSE,FALSE,1,1
3672,Extended AI - 2021 Post ARVO,2021,S1 20180131mouse2_OD_L_2_0_0000259_Structure_0001 RR21.TIFF,https://drive.google.com/file/d/1RmZN2OunD3tRIdP_uVxUqNM4EeygNfnm/view?usp=sharing,1,1,1,,3,FALSE,TRUE,TRUE,FALSE,FALSE,1,1
3673,Extended AI - 2021 Post ARVO,2021,S1 20180131mouse2_OD_L_2_0_0000340_Structure_0001 RR35.TIFF,https://drive.google.com/file/d/188HjBMK1gOFUH2QIZeUFDPr6Z6EFRIJJ/view?usp=sharing,1,1,0.5,,3,FALSE,FALSE,TRUE,FALSE,FALSE,1,1
3674,Extended AI - 2021 Post ARVO,2021,S1 20180131mouse2_OD_L_2_0_0000384_Structure_0001 RR42.TIFF,https://drive.google.com/file/d/1kee1mYcrhT5rsNeVRlef6ilZe0Vp_PYw/view?usp=sharing,1,1,0.5,,3,FALSE,FALSE,TRUE,FALSE,FALSE,1,1
3675,Extended AI - 2021 Post ARVO,2021,S2 20180131mouse2_OD_L_2_0_0000070_Structure_0001 RR1.TIFF,https://drive.google.com/file/d/11gD7w20E7mmqeB64vKTwy40H5MpCUnsD/view?usp=sharing,2,2,2,,3,FALSE,TRUE,TRUE,FALSE,FALSE,2,2
3676,Extended AI - 2021 Post ARVO,2021,S2 20180131mouse2_OD_L_2_0_0000178_Structure_0001 RR7.TIFF,https://drive.google.com/file/d/1gvO0uOvnrAvsvJer1L__Xqi5oXRggpYu/view?usp=sharing,2,2,1,,3,FALSE,FALSE,TRUE,FALSE,FALSE,2,2
3677,Extended AI - 2021 Post ARVO,2021,S1 20180131mouse3_OD_L_2_0_0000070_Structure_0001 RR1.TIFF,https://drive.google.com/file/d/1XraebGQTdZLYB_tumO6R60nSmnLrstEt/view?usp=sharing,1,1,1,,3,FALSE,TRUE,TRUE,FALSE,FALSE,1,1
3678,Extended AI - 2021 Post ARVO,2021,S2 20180131mouse4_OD_L_2_0_0000178_Structure_0001 RR7.TIFF,https://drive.google.com/file/d/1lurV40QjaJSpDjutrHnAPVP6Y0rHAznk/view?usp=sharing,2,2,2,,3,FALSE,TRUE,TRUE,FALSE,FALSE,2,2
3679,Extended AI - 2021 Post ARVO,2021,S2 20180131mouse4_OD_L_2_0_0000222_Structure_0001 RR14.TIFF,https://drive.google.com/file/d/1041UeTee7MWhj20wMxLrHvevWZZlIHw5/view?usp=sharing,2,2,2,,3,FALSE,TRUE,TRUE,FALSE,FALSE,2,2
3680,Extended AI - 2021 Post ARVO,2021,S2 20180131mouse4_OD_L_2_0_0000340_Structure_0001 RR35.TIFF,https://drive.google.com/file/d/10KqO-6XA8MzpOj2N6-yxC0PQr9WdzkR9/view?usp=sharing,2,2,1,,3,FALSE,FALSE,TRUE,FALSE,FALSE,2,2
3681,Extended AI - 2021 Post ARVO,2021,S3 20180131mouse4_OD_L_2_0_0000070_Structure_0001 RR1.TIFF,https://drive.google.com/file/d/1jklEl1GmwjPixNfvifO-MRurL70Fv7kX/view?usp=sharing,3,2,3,,3,FALSE,FALSE,TRUE,FALSE,FALSE,3,3
3682,Extended AI - 2021 Post ARVO,2021,S0.5 20180131mouse5_OD_L_2_0_0000070_Structure_0001 RR1.TIFF,https://drive.google.com/file/d/1qTG9bcRSzF9BES-fA0GjNEMIhDWZTsRU/view?usp=sharing,1,0.5,0.5,,3,FALSE,FALSE,TRUE,FALSE,FALSE,0.5,0.5
3683,Extended AI - 2021 Post ARVO,2021,S0.5 20180131mouse5_OD_L_2_0_0000265_Structure_0001 RR21.TIFF,https://drive.google.com/file/d/1-pHOi33pcZ17o8eoYIrnynvcOpKaUL--/view?usp=sharing,0.5,0.5,0.5,,3,FALSE,TRUE,TRUE,FALSE,FALSE,0.5,0.5
3684,Extended AI - 2021 Post ARVO,2021,S0.5 20180131mouse5_OD_L_2_0_0000309_Structure_0001 RR28.TIFF,https://drive.google.com/file/d/1yEwyNbwynknIPwkj3_qXtjlIPUXJGIg6/view?usp=sharing,0.5,0.5,0.5,,3,FALSE,TRUE,TRUE,FALSE,FALSE,0.5,0.5
3685,Extended AI - 2021 Post ARVO,2021,S0.5 20180131mouse5_OD_L_2_0_0000346_Structure_0001 RR35.TIFF,https://drive.google.com/file/d/1dUyAHGAlM-2oxF9UqRf1djRzzdKw2p-P/view?usp=sharing,0.5,0.5,0.5,,3,FALSE,TRUE,TRUE,FALSE,FALSE,0.5,0.5
3686,Extended AI - 2021 Post ARVO,2021,S1 20180131mouse5_OD_L_2_0_0000184_Structure_0001 RR7.TIFF,https://drive.google.com/file/d/196JG396hD7XsTtFQrzx0nAaAWRHiAaKu/view?usp=sharing,1,1,0.5,,3,FALSE,FALSE,TRUE,FALSE,FALSE,1,1
3687,Extended AI - 2021 Post ARVO,2021,SNA 20180214_PMUmouse1_OD_L_2_0_0000006_Structure_0001 RR1.TIFF,https://drive.google.com/file/d/1UiHGppT-k6r_GsQLI0uqatUzuo0pJJNc/view?usp=sharing,100,100,4,,3,FALSE,FALSE,TRUE,FALSE,FALSE,100,100
3688,Extended AI - 2021 Post ARVO,2021,S4 20180306IVI_mouse1_OD_L_2_0_0000023_Structure_0001 RR1.TIFF,https://drive.google.com/file/d/1Yj6i5AkGv9isLatQqGrYTDiA84ECJL5I/view?usp=sharing,4,4,2,,3,FALSE,FALSE,TRUE,FALSE,FALSE,4,4
3689,Extended AI - 2021 Post ARVO,2021,SNA 20180306IVI_mouse1_OD_L_2_0_0000033_Structure_0001 RR2.TIFF,https://drive.google.com/file/d/1OuMl46ckLkrlqSWXSNJpB7h7J8ilu4Rd/view?usp=sharing,4,100,100,,3,FALSE,FALSE,TRUE,FALSE,FALSE,100,100
3690,Extended AI - 2021 Post ARVO,2021,S4 20180306IVI_mouse2_OD_L_2_0_0000006_Structure_0001 RR1.TIFF,https://drive.google.com/file/d/1-5-60-DCnhyfKgveLLWRT8FmOT2Q_XSC/view?usp=sharing,4,4,3,,3,FALSE,FALSE,TRUE,FALSE,FALSE,4,4
3691,Extended AI - 2021 Post ARVO,2021,S2 20180306IVI_mouse2_OD_L_2_0_0000050_Structure_0001 RR2.TIFF,https://drive.google.com/file/d/1lggZDYZ57alsIA2kkcvO9RRzxOHAURIS/view?usp=sharing,2,2,1,,3,FALSE,FALSE,TRUE,FALSE,FALSE,2,2
3692,Extended AI - 2021 Post ARVO,2021,S1 20180306IVI_mouse3_OD_L_2_0_0000006_Structure_0001 RR1.TIFF,https://drive.google.com/file/d/1G2BiqQQaNg6ptyDm4F_ijcNq5bEakeo5/view?usp=sharing,1,1,1,,3,FALSE,TRUE,TRUE,FALSE,FALSE,1,1
3693,Extended AI - 2021 Post ARVO,2021,S2 20180306IVI_mouse3_OD_L_2_0_0000033_Structure_0001 RR2.TIFF,https://drive.google.com/file/d/1mKH3wtdcsw4t9lrgBfmP8JAAQBomhx0w/view?usp=sharing,2,2,2,,3,FALSE,TRUE,TRUE,FALSE,FALSE,2,2
3694,Extended AI - 2021 Post ARVO,2021,S4 20180306IVI_mouse4_OD_L_2_0_0000006_Structure_0001 RR1.TIFF,https://drive.google.com/file/d/1xKHMxYuXqlMVx0yNzE9dMNIy7yHbrthK/view?usp=sharing,4,4,4,,3,FALSE,TRUE,TRUE,FALSE,FALSE,4,4
3695,Extended AI - 2021 Post ARVO,2021,S4 20180306IVI_mouse4_OD_L_2_0_0000033_Structure_0001 RR2.TIFF,https://drive.google.com/file/d/1-ySEOolc7R_L3-S6zDtIvsbYd-vO1AAw/view?usp=sharing,4,4,4,,3,FALSE,TRUE,TRUE,FALSE,FALSE,4,4
3696,Extended AI - 2021 Post ARVO,2021,S4 20180306IVI_mouse5_OD_L_2_0_0000006_Structure_0001 RR1.TIFF,https://drive.google.com/file/d/11JNNhvIV46g3mvNwnZFvNTtS3csUH0cX/view?usp=sharing,4,4,3,,3,FALSE,FALSE,TRUE,FALSE,FALSE,4,4
3697,Extended AI - 2021 Post ARVO,2021,S4 20180306IVI_mouse5_OD_L_2_0_0000050_Structure_0001 RR2.TIFF,https://drive.google.com/file/d/1iRMNUB_LxcTNtJD4lvC1Zk8f-Cc7-3n5/view?usp=sharing,4,4,3,,3,FALSE,FALSE,TRUE,FALSE,FALSE,4,4
3698,Extended AI - 2021 Post ARVO,2021,S3 20180312IVI_mouse1_OD_L_2_0_0000006_Structure_0001 RR7.TIFF,https://drive.google.com/file/d/1uJSFiEco2CEti2vSo_FpM0Wt9lUFp_x5/view?usp=sharing,3,3,2,,3,FALSE,FALSE,TRUE,FALSE,FALSE,3,3
3699,Extended AI - 2021 Post ARVO,2021,S4 20180312IVI_mouse2_OD_L_2_0_0000006_Structure_0001 RR7.TIFF,https://drive.google.com/file/d/1krO-5bZDgZcrWN3oVMzZLX9vl2qXsHZP/view?usp=sharing,4,4,3,,3,FALSE,FALSE,TRUE,FALSE,FALSE,4,4
3700,Extended AI - 2021 Post ARVO,2021,S2 20180312IVI_mouse3_OD_L_2_0_0000006_Structure_0001 RR7.TIFF,https://drive.google.com/file/d/1P4qi64g_8jZuXkl8Up15BywjPjXGtFVF/view?usp=sharing,2,2,1,,3,FALSE,FALSE,TRUE,FALSE,FALSE,2,2
3701,Extended AI - 2021 Post ARVO,2021,S4 20180312IVI_mouse4_OD_L_2_0_0000006_Structure_0001 RR7.TIFF,https://drive.google.com/file/d/1S4RLkt4eYsMIlIFaWywKMesv_DnGoCpx/view?usp=sharing,4,4,4,,3,FALSE,TRUE,TRUE,FALSE,FALSE,4,4
3702,Extended AI - 2021 Post ARVO,2021,S4 20180312IVI_mouse5_OD_L_2_0_0000006_Structure_0001 RR7.TIFF,https://drive.google.com/file/d/15VzBcyeZBiNqZP3ZShmkaOrB9Prx5T5h/view?usp=sharing,4,4,3,,3,FALSE,FALSE,TRUE,FALSE,FALSE,4,4
3703,Extended AI - 2021 Post ARVO,2021,S0.5 20180315Rag2mouse1_OD_L_2_0_0000232_Structure_0001 RR7.TIFF,https://drive.google.com/file/d/14KkZepD_w7kH-Vi5Sk4RK4utNsiR7NKk/view?usp=sharing,0.5,0.5,0.5,,3,FALSE,TRUE,TRUE,FALSE,FALSE,0.5,0.5
3704,Extended AI - 2021 Post ARVO,2021,S0.5 20180315Rag2mouse1_OD_L_2_0_0000321_Structure_0001 RR28.TIFF,https://drive.google.com/file/d/1JptoVyQdmVDqyuiEJ0CzZd6Aa3iHSVBx/view?usp=sharing,0.5,0.5,0.5,,3,FALSE,TRUE,TRUE,FALSE,FALSE,0.5,0.5
3705,Extended AI - 2021 Post ARVO,2021,S2 20180315Rag2mouse1_OD_L_2_0_0000208_Structure_0001 RR6.TIFF,https://drive.google.com/file/d/11CA-RFC8WvU_3gHQiVuhkb06ApmfSUeW/view?usp=sharing,2,2,1,,3,FALSE,FALSE,TRUE,FALSE,FALSE,2,2
3706,Extended AI - 2021 Post ARVO,2021,S2 20180315Rag2mouse1_OD_L_2_0_0000256_Structure_0001 RR14.TIFF,https://drive.google.com/file/d/1j7byYj4XgX4-CQcnT1E3WmSqt2ktOONu/view?usp=sharing,2,2,1,,3,FALSE,FALSE,TRUE,FALSE,FALSE,2,2
3707,Extended AI - 2021 Post ARVO,2021,S3 20180315Rag2mouse1_OD_L_2_0_0000016_Structure_0001 RR1.TIFF,https://drive.google.com/file/d/1z8Jp-S2eKIVnQyw7cX-0s03KgfQapB6Q/view?usp=sharing,3,3,2,,3,FALSE,FALSE,TRUE,FALSE,FALSE,3,3
3708,Extended AI - 2021 Post ARVO,2021,S3 20180315Rag2mouse1_OD_L_2_0_0000070_Structure_0001 RR2.TIFF,https://drive.google.com/file/d/1LoqpEZdBN69Cee8UTJlpD0CcbTMo-1XC/view?usp=sharing,3,3,1,,3,FALSE,FALSE,TRUE,FALSE,FALSE,3,3
3709,Extended AI - 2021 Post ARVO,2021,S3 20180315Rag2mouse1_OD_L_2_0_0000122_Structure_0001 RR3.TIFF,https://drive.google.com/file/d/1dU-FOIy7Dupa43UignjPiJf_0YImcksX/view?usp=sharing,3,3,3,,3,FALSE,TRUE,TRUE,FALSE,FALSE,3,3
3710,Extended AI - 2021 Post ARVO,2021,S3 20180315Rag2mouse1_OD_L_2_0_0000160_Structure_0001 RR4.TIFF,https://drive.google.com/file/d/18iW9xuXtlO-6qJTx5xXUYyRZEgeyh4KC/view?usp=sharing,3,3,2,,3,FALSE,FALSE,TRUE,FALSE,FALSE,3,3
3711,Extended AI - 2021 Post ARVO,2021,S3 20180315Rag2mouse1_OD_L_2_0_0000184_Structure_0001 RR5.TIFF,https://drive.google.com/file/d/1CMnfCsoHm-EyzB69SK6mwyXntxzMz2T4/view?usp=sharing,3,3,1,,3,FALSE,FALSE,TRUE,FALSE,FALSE,3,3
3712,Extended AI - 2021 Post ARVO,2021,S0.5 20180315Rag2mouse2_OD_L_2_0_0000118_Structure_0001 RR3.TIFF,https://drive.google.com/file/d/1CGOoBHpEAQZpaFuM47_tKuW7gMHhqMM-/view?usp=sharing,0.5,0.5,0.5,,3,FALSE,TRUE,TRUE,FALSE,FALSE,0.5,0.5
3713,Extended AI - 2021 Post ARVO,2021,S0.5 20180315Rag2mouse2_OD_L_2_0_0000242_Structure_0001 RR7.TIFF,https://drive.google.com/file/d/1_avlIwfxk4V-GhWAS9qQ1nYmuinT3mDq/view?usp=sharing,0.5,0.5,0.5,,3,FALSE,TRUE,TRUE,FALSE,FALSE,0.5,0.5
3714,Extended AI - 2021 Post ARVO,2021,S1 20180315Rag2mouse2_OD_L_2_0_0000016_Structure_0001 RR1.TIFF,https://drive.google.com/file/d/1b7-qfLaqD4bSNDlu18fK8qxbnWPJn5fK/view?usp=sharing,1,1,1,,3,FALSE,TRUE,TRUE,FALSE,FALSE,1,1
3715,Extended AI - 2021 Post ARVO,2021,S1 20180315Rag2mouse2_OD_L_2_0_0000070_Structure_0001 RR2.TIFF,https://drive.google.com/file/d/1ZXWCPDlJcwFmgjD9-uObnTIY5OqlypnW/view?usp=sharing,1,2,1,,3,FALSE,FALSE,TRUE,FALSE,FALSE,1,1
3716,Extended AI - 2021 Post ARVO,2021,S0 20180315Rag2mouse5_OD_L_2_0_0000108_Structure_0001 RR3.TIFF,https://drive.google.com/file/d/1Q5JHZuPZLZv_bBP3tUMAYGnjHWxRAt24/view?usp=sharing,0.5,0,0,,3,FALSE,TRUE,TRUE,FALSE,FALSE,0,0
3717,Extended AI - 2021 Post ARVO,2021,S0.5 20180315Rag2mouse5_OD_L_2_0_0000016_Structure_0001 RR1.TIFF,https://drive.google.com/file/d/1liRgwlxWWLJt6FrFpt49RTffWkCd2s6t/view?usp=sharing,0.5,0.5,0.5,,3,FALSE,TRUE,TRUE,FALSE,FALSE,0.5,0.5
3718,Extended AI - 2021 Post ARVO,2021,S1 20180315Rag2mouse5_OD_L_2_0_0000070_Structure_0001 RR2.TIFF,https://drive.google.com/file/d/1JUVUJ1ns5uG8UlJILKGsGIQmBLV0-xax/view?usp=sharing,1,0.5,1,,3,FALSE,FALSE,TRUE,FALSE,FALSE,1,1
3719,Extended AI - 2021 Post ARVO,2021,S0.5 20180315Rag2mouse6_OD_L_2_0_0000016_Structure_0001 RR1.TIFF,https://drive.google.com/file/d/1TGrdT8HRwu60W-OOceXHoa6kMwgldbBy/view?usp=sharing,0.5,0.5,0.5,,3,FALSE,TRUE,TRUE,FALSE,FALSE,0.5,0.5
3720,Extended AI - 2021 Post ARVO,2021,S1 20180315Rag2mouse6_OD_L_2_0_0000070_Structure_0001 RR2.TIFF,https://drive.google.com/file/d/1pwzh-BhyJoiftf2IcvkfqDLBBPSyii8l/view?usp=sharing,1,1,0.5,,3,FALSE,FALSE,TRUE,FALSE,FALSE,1,1
3721,Extended AI - 2021 Post ARVO,2021,S0 20180315Rag2mouse8_OD_L_2_0_0000104_Structure_0001 RR3.TIFF,https://drive.google.com/file/d/1mtr6BiRC3YeRLMZ0QzyW67CulgV5LJWD/view?usp=sharing,0.5,0,0,,3,FALSE,TRUE,TRUE,FALSE,FALSE,0,0
3722,Extended AI - 2021 Post ARVO,2021,S0.5 20180315Rag2mouse8_OD_L_2_0_0000016_Structure_0001 RR1.TIFF,https://drive.google.com/file/d/139L15Yl-07pU3WaeapA13yesGYYSgWt5/view?usp=sharing,0.5,0.5,0.5,,3,FALSE,TRUE,TRUE,FALSE,FALSE,0.5,0.5
3723,Extended AI - 2021 Post ARVO,2021,S0.5 20180315Rag2mouse8_OD_L_2_0_0000060_Structure_0001 RR2.TIFF,https://drive.google.com/file/d/1KM6BpKLm9uEfhL-BDe8wLV-zR4Rh1M0k/view?usp=sharing,0.5,0.5,0.5,,3,FALSE,TRUE,TRUE,FALSE,FALSE,0.5,0.5
3724,Extended AI - 2021 Post ARVO,2021,S0.5 20180315Rag2mouse8_OD_L_2_0_0000176_Structure_0001 RR5.TIFF,https://drive.google.com/file/d/10eFDDzj0uySE50V2p3NCcfEs0AuM333l/view?usp=sharing,0.5,0.5,0,,3,FALSE,FALSE,TRUE,FALSE,FALSE,0.5,0.5
3725,Extended AI - 2021 Post ARVO,2021,S1 20180315Rag2mouse9_OD_L_2_0_0000016_Structure_0001 RR1.TIFF,https://drive.google.com/file/d/14LY4T-THi-u7B0hRtWnCZd74GQpPps8c/view?usp=sharing,1,1,1,,3,FALSE,TRUE,TRUE,FALSE,FALSE,1,1
3726,Extended AI - 2021 Post ARVO,2021,S1 20180315Rag2mouse9_OD_L_2_0_0000070_Structure_0001 RR2.TIFF,https://drive.google.com/file/d/1Pp_Id4MCsTgB5RldJgawqD_GxHCQzinX/view?usp=sharing,1,1,1,,3,FALSE,TRUE,TRUE,FALSE,FALSE,1,1
3727,Extended AI - 2021 Post ARVO,2021,S1 20180315Rag2mouse9_OD_L_2_0_0000094_Structure_0001 RR3.TIFF,https://drive.google.com/file/d/1QI-PTWiBgFwtzpOfeLymftyQJP4T5ndc/view?usp=sharing,1,1,1,,3,FALSE,TRUE,TRUE,FALSE,FALSE,1,1
3728,Extended AI - 2021 Post ARVO,2021,S3 20180321mouse1_OD_L_2_0_0000006_Structure_0001 RR1.TIFF,https://drive.google.com/file/d/1N0qJysk2_0zG5I0m_m-8iet4YZAUV3gT/view?usp=sharing,3,3,3,,3,FALSE,TRUE,TRUE,FALSE,FALSE,3,3
3729,Extended AI - 2021 Post ARVO,2021,S4 20180321mouse2_OD_L_2_0_0000006_Structure_0001 RR1.TIFF,https://drive.google.com/file/d/1Lv3gJKHjLSUTh-t-HPp3U39tzGcWDF-p/view?usp=sharing,4,4,3,,3,FALSE,FALSE,TRUE,FALSE,FALSE,4,4
3730,Extended AI - 2021 Post ARVO,2021,S4 20180321mouse3_OD_L_2_0_0000006_Structure_0001 RR1.TIFF,https://drive.google.com/file/d/18d9yCooVsD4YH3B1YxzCDhL7YVvArMRJ/view?usp=sharing,4,4,2,,3,FALSE,FALSE,TRUE,FALSE,FALSE,4,4
3731,Extended AI - 2021 Post ARVO,2021,S2 20180321mouse4_OD_L_2_0_0000006_Structure_0001 RR1.TIFF,https://drive.google.com/file/d/1IXu6OLRlHc08NETPT9EfOV5RCL7LhI05/view?usp=sharing,2,2,1,,3,FALSE,FALSE,TRUE,FALSE,FALSE,2,2
3732,Extended AI - 2021 Post ARVO,2021,S3 20180402IVT_mouse1_OD_L_2_0_0000006_Structure_0001 RR2.TIFF,https://drive.google.com/file/d/1kjAZ0NrVSeFxb0o5erNUk8D8FKNjxY43/view?usp=sharing,3,3,3,,3,FALSE,TRUE,TRUE,FALSE,FALSE,3,3
3733,Extended AI - 2021 Post ARVO,2021,S4 20180402IVT_mouse3_OD_L_2_0_0000006_Structure_0001 RR2.TIFF,https://drive.google.com/file/d/1b11Oc8Ij3TMMsdG1RCweCF9paWJN7gNV/view?usp=sharing,4,4,4,,3,FALSE,TRUE,TRUE,FALSE,FALSE,4,4
3734,Extended AI - 2021 Post ARVO,2021,S2 20180403IVT_mouse1_OD_L_2_0_0000016_Structure_0001 RR3.TIFF,https://drive.google.com/file/d/1G_QXu8OYIJzjk-KJdUguKiJZf9cFrGP0/view?usp=sharing,2,2,1,,3,FALSE,FALSE,TRUE,FALSE,FALSE,2,2
3735,Extended AI - 2021 Post ARVO,2021,S4 20180412IVT_mouse4_OD_L_2_0_0000045_Structure_0001 RR14.TIFF,https://drive.google.com/file/d/1RSuqCqyLmrFn6PGLpo3XYYzClls59jQK/view?usp=sharing,4,4,4,,3,FALSE,TRUE,TRUE,FALSE,FALSE,4,4
3736,Extended AI - 2021 Post ARVO,2021,S3 20180412IVT_mouse5_OD_L_2_0_0000006_Structure_0001 RR1.TIFF,https://drive.google.com/file/d/1M2m2I2a17_q7OWYjopkbPaQ3i2d3xTgL/view?usp=sharing,4,3,3,,3,FALSE,FALSE,TRUE,FALSE,FALSE,3,3
3737,Extended AI - 2021 Post ARVO,2021,S4 20180416IVT_mouse1_OD_L_2_0_0000006_Structure_0001 RR1.TIFF,https://drive.google.com/file/d/1IAIOJJ79t1j7yUvaKIXdJox87M2KCRJP/view?usp=sharing,4,4,4,,3,FALSE,TRUE,TRUE,FALSE,FALSE,4,4
3738,Extended AI - 2021 Post ARVO,2021,S3 20180416IVT_mouse5_OD_L_2_0_0000006_Structure_0001 RR1.TIFF,https://drive.google.com/file/d/1BMYCEv-XnZKu5TrrJrb1d0ERjz0LDNhA/view?usp=sharing,3,3,2,,3,FALSE,FALSE,TRUE,FALSE,FALSE,3,3
3739,Extended AI - 2021 Post ARVO,2021,S3 20180510IVT_mouse5_OD_L_2_0_0000006_Structure_0001 RR1.TIFF,https://drive.google.com/file/d/1IMXwIG5veGdwc9z1b0JGY0NLwVrCAEjL/view?usp=sharing,3,3,4,,3,FALSE,FALSE,TRUE,FALSE,FALSE,3,3
3740,Extended AI - 2021 Post ARVO,2021,S3 20180514IVT_D21_m3_OD_L_2_0_0000033_Structure_0001 RR21.TIFF,https://drive.google.com/file/d/19Alp-CcF2_HX71fHIzjNS0dxdfUj83N_/view?usp=sharing,3,3,3,,3,FALSE,TRUE,TRUE,FALSE,FALSE,3,3
3741,Extended AI - 2021 Post ARVO,2021,S3 20180514IVT_D14_m5_OD_L_2_0_0000033_Structure_0001 RR14.TIFF,https://drive.google.com/file/d/1COIh9cdjCa7__eqfPeIy9giqclTMX5eD/view?usp=sharing,4,3,3,,3,FALSE,FALSE,TRUE,FALSE,FALSE,3,3
3742,Extended AI - 2021 Post ARVO,2021,S4 20180516IVT_D21_m1_OD_L_2_0_0000016_Structure_0001 RR2.TIFF,https://drive.google.com/file/d/1XU9k-i1odCkgixrUHEp4fgFF5GdLE0jh/view?usp=sharing,4,4,4,,3,FALSE,TRUE,TRUE,FALSE,FALSE,4,4
3743,Extended AI - 2021 Post ARVO,2021,S4 20180516IVT_D21_m2_OD_L_2_0_0000006_Structure_0001 RR2.TIFF,https://drive.google.com/file/d/1jw6LtTUzY1VbyHm-pWcGvKM2cOlCoBuA/view?usp=sharing,4,4,4,,3,FALSE,TRUE,TRUE,FALSE,FALSE,4,4
3744,Extended AI - 2021 Post ARVO,2021,S4 20180516IVT_D21_m2_OD_L_2_0_0000033_Structure_0001 RR20.TIFF,https://drive.google.com/file/d/1VTRKO1ENVD1AK9-6ngAYaGDNEnDbyTEX/view?usp=sharing,4,4,4,,3,FALSE,TRUE,TRUE,FALSE,FALSE,4,4
3745,Extended AI - 2021 Post ARVO,2021,SNA 20180516IVT_D21_m3_OD_L_2_0_0000006_Structure_0001 RR2.TIFF,https://drive.google.com/file/d/1_ENm1zMQ-m3rcb9Ki2nGTxWLg-Aail9R/view?usp=sharing,100,100,4,,3,FALSE,FALSE,TRUE,FALSE,FALSE,100,100
3746,Extended AI - 2021 Post ARVO,2021,S4 20180516IVT_D21_m3_OD_L_2_0_0000033_Structure_0001 RR21.TIFF,https://drive.google.com/file/d/1a94L_I2zfnPuGicOwm-jJMYy_Sph3ize/view?usp=sharing,4,4,4,,3,FALSE,TRUE,TRUE,FALSE,FALSE,4,4
3747,Extended AI - 2021 Post ARVO,2021,SNA 20180516IVT_D21_m4_OD_L_2_0_0000006_Structure_0001 RR2.TIFF,https://drive.google.com/file/d/1ss9seVVhP6b0dRjv9JWoS_cDEiKwlS65/view?usp=sharing,100,100,100,,3,FALSE,TRUE,TRUE,FALSE,FALSE,100,100
3748,Extended AI - 2021 Post ARVO,2021,S4 20180516IVT_D21_m4_OD_L_2_0_0000033_Structure_0001 RR21.TIFF,https://drive.google.com/file/d/1k89D6NE9_q6irFaAqXNSBfY5GBwZi_On/view?usp=sharing,4,4,4,,3,FALSE,TRUE,TRUE,FALSE,FALSE,4,4
3749,Extended AI - 2021 Post ARVO,2021,S3 20180516IVT_D21_m5_OD_L_2_0_0000006_Structure_0001 RR2.TIFF,https://drive.google.com/file/d/1Pj0mI1cpjYLDQZB1rJfNwlZRj-TRkrP0/view?usp=sharing,2,3,3,,3,FALSE,FALSE,TRUE,FALSE,FALSE,3,3
3750,Extended AI - 2021 Post ARVO,2021,S4 20180516IVT_D21_m5_OD_L_2_0_0000033_Structure_0001 RR21.TIFF,https://drive.google.com/file/d/1ZHpIg6tB5AynVsAl3XkKUF1PvQ80OO3T/view?usp=sharing,3,4,4,,3,FALSE,FALSE,TRUE,FALSE,FALSE,4,4
3751,Extended AI - 2021 Post ARVO,2021,S2 20180517IVT_uD7_m1_OD_L_2_0_0000070_Structure_0001 RR7.TIFF,https://drive.google.com/file/d/1Oft1BCQZA1pTnOG5-gUU5u4mOyC7JI31/view?usp=sharing,2,2,1,,3,FALSE,FALSE,TRUE,FALSE,FALSE,2,2
3752,Extended AI - 2021 Post ARVO,2021,S0.5 20180521IVT_D1_m2_OD_L_2_0_0000006_Structure_0001 RR1.TIFF,https://drive.google.com/file/d/1kjRkXQ_Ya6YJadkINvtJ2YRt5lzbtULR/view?usp=sharing,0.5,0.5,0.5,,3,FALSE,TRUE,TRUE,FALSE,FALSE,0.5,0.5
3753,Extended AI - 2021 Post ARVO,2021,S3 20180521IVT_D1_m4_OD_L_2_0_0000006_Structure_0001 RR1.TIFF,https://drive.google.com/file/d/1o-3-MKJ6K_ERaDoLzqO0TNkLoEUMgfAc/view?usp=sharing,3,3,3,,3,FALSE,TRUE,TRUE,FALSE,FALSE,3,3
3754,Extended AI - 2021 Post ARVO,2021,S2 20180521IVT_D1_m5_OD_L_2_0_0000006_Structure_0001 RR1.TIFF,https://drive.google.com/file/d/15CjkaUkCdQkw9LFQb0JwsQuTXYvdKJYL/view?usp=sharing,2,2,2,,3,FALSE,TRUE,TRUE,FALSE,FALSE,2,2
3755,Extended AI - 2021 Post ARVO,2021,S1 20180523mouse1_OD_L_2_0_0000254_Structure_0001 RR35.TIFF,https://drive.google.com/file/d/1XYz45BcX3Xw8Ec2VwCJAxjZAStOJ5EMu/view?usp=sharing,1,1,0.5,,3,FALSE,FALSE,TRUE,FALSE,FALSE,1,1
3756,Extended AI - 2021 Post ARVO,2021,S1 20180523mouse1_OD_L_2_0_0000294_Structure_0001 RR49.TIFF,https://drive.google.com/file/d/1KJxqxzZhIEoLgr_pGCztErlYYKCVjtGl/view?usp=sharing,1,1,0.5,,3,FALSE,FALSE,TRUE,FALSE,FALSE,1,1
3757,Extended AI - 2021 Post ARVO,2021,S2 20180523mouse1_OD_L_2_0_0000214_Structure_0001 RR21.TIFF,https://drive.google.com/file/d/1_R91LfRvGB1U0BJk1pMIQ6Nv7WJFjq9S/view?usp=sharing,2,2,1,,3,FALSE,FALSE,TRUE,FALSE,FALSE,2,2
3758,Extended AI - 2021 Post ARVO,2021,S2 20180523mouse1_OD_L_2_0_0000234_Structure_0001 RR28.TIFF,https://drive.google.com/file/d/13lJ9zV9yduNh1pEeoAZR-dJ7EmmoaEeL/view?usp=sharing,2,2,1,,3,FALSE,FALSE,TRUE,FALSE,FALSE,2,2
3759,Extended AI - 2021 Post ARVO,2021,S3 20180523mouse1_OD_L_2_0_0000054_Structure_0001 RR1.TIFF,https://drive.google.com/file/d/1WJemyq-JGutWSKESHEy7A42LlugjZOEc/view?usp=sharing,3,2,3,,3,FALSE,FALSE,TRUE,FALSE,FALSE,3,3
3760,Extended AI - 2021 Post ARVO,2021,S0.5 20180523mouse2_OD_L_2_0_0000006_Structure_0001 RR-7.TIFF,https://drive.google.com/file/d/1gP_NYcR44sgur7XjJycQ42tO3d7Fgi-I/view?usp=sharing,0.5,0.5,0,,3,FALSE,FALSE,TRUE,FALSE,FALSE,0.5,0.5
3761,Extended AI - 2021 Post ARVO,2021,S4 20180523mouse2_OD_L_2_0_0000064_Structure_0001 RR1.TIFF,https://drive.google.com/file/d/1ga-o4bO6KjX1YAD3jW7eYcnCs2sY-GDp/view?usp=sharing,4,4,4,,3,FALSE,TRUE,TRUE,FALSE,FALSE,4,4
3762,Extended AI - 2021 Post ARVO,2021,S4 20180523mouse2_OD_L_2_0_0000164_Structure_0001 RR7.TIFF,https://drive.google.com/file/d/1DuWZxHWoRZxLXBk4jf3AFMl59f4NU-0A/view?usp=sharing,4,4,4,,3,FALSE,TRUE,TRUE,FALSE,FALSE,4,4
3763,Extended AI - 2021 Post ARVO,2021,S4 20180523mouse2_OD_L_2_0_0000184_Structure_0001 RR14.TIFF,https://drive.google.com/file/d/1avAMonPb-uqhsA91W4jgSQ5KcndCFGnm/view?usp=sharing,4,4,4,,3,FALSE,TRUE,TRUE,FALSE,FALSE,4,4
3764,Extended AI - 2021 Post ARVO,2021,S4 20180523mouse2_OD_L_2_0_0000200_Structure_0001 RR21.TIFF,https://drive.google.com/file/d/1Z-4RysMj4KO3Z23E9ZkuCZKv1Oi7phCo/view?usp=sharing,4,4,4,,3,FALSE,TRUE,TRUE,FALSE,FALSE,4,4
3765,Extended AI - 2021 Post ARVO,2021,S0 20180523mouse3_OD_L_2_0_0000006_Structure_0001 RR-7.TIFF,https://drive.google.com/file/d/1gtDkNnzIw6DerD5BtqkFYLVj3LJwIIzE/view?usp=sharing,0,0,0,,3,FALSE,TRUE,TRUE,FALSE,FALSE,0,0
3766,Extended AI - 2021 Post ARVO,2021,S0.5 20180523mouse3_OD_L_2_0_0000318_Structure_0001 RR49.TIFF,https://drive.google.com/file/d/1S4_QJo4Ta9MrdqML8UYHL7Oz8Gtc9blC/view?usp=sharing,0.5,0.5,0.5,,3,FALSE,TRUE,TRUE,FALSE,FALSE,0.5,0.5
3767,Extended AI - 2021 Post ARVO,2021,S1 20180523mouse3_OD_L_2_0_0000218_Structure_0001 RR14.TIFF,https://drive.google.com/file/d/1iVS3Xx3mzQjdUlIEUIegk5bIe8reQJ-i/view?usp=sharing,1,1,0.5,,3,FALSE,FALSE,TRUE,FALSE,FALSE,1,1
3768,Extended AI - 2021 Post ARVO,2021,S1 20180523mouse3_OD_L_2_0_0000238_Structure_0001 RR21.TIFF,https://drive.google.com/file/d/1W4Y9a8W6MStYzuBEDWFp3Z2x3sD4BWbC/view?usp=sharing,1,1,0.5,,3,FALSE,FALSE,TRUE,FALSE,FALSE,1,1
3769,Extended AI - 2021 Post ARVO,2021,S1 20180523mouse3_OD_L_2_0_0000258_Structure_0001 RR28.TIFF,https://drive.google.com/file/d/1I4dYqTtJ_CVEvfApnUfb1foCQfG1EeHf/view?usp=sharing,1,1,0.5,,3,FALSE,FALSE,TRUE,FALSE,FALSE,1,1
3770,Extended AI - 2021 Post ARVO,2021,S1 20180523mouse3_OD_L_2_0_0000278_Structure_0001 RR35.TIFF,https://drive.google.com/file/d/1ljpYeRm2yT8R_PnsfRKah_lsS14BMHUW/view?usp=sharing,1,1,0.5,,3,FALSE,FALSE,TRUE,FALSE,FALSE,1,1
3771,Extended AI - 2021 Post ARVO,2021,S1 20180523mouse3_OD_L_2_0_0000298_Structure_0001 RR42.TIFF,https://drive.google.com/file/d/1X5MC9sYPHpYR8tHVTUsUaGhaQkXfxX-9/view?usp=sharing,1,1,0.5,,3,FALSE,FALSE,TRUE,FALSE,FALSE,1,1
3772,Extended AI - 2021 Post ARVO,2021,S0 20180523mouse4_OD_L_2_0_0000006_Structure_0001 RR-7.TIFF,https://drive.google.com/file/d/1mosomqEa0VNyOdE-t2-uDGv0OXLyndKW/view?usp=sharing,0,0,0,,3,FALSE,TRUE,TRUE,FALSE,FALSE,0,0
3773,Extended AI - 2021 Post ARVO,2021,S2 20180523mouse4_OD_L_2_0_0000172_Structure_0001 RR7.TIFF,https://drive.google.com/file/d/16ganzTekUZNN0n8kb5hipXpOb_Q_uUjh/view?usp=sharing,2,2,2,,3,FALSE,TRUE,TRUE,FALSE,FALSE,2,2
3774,Extended AI - 2021 Post ARVO,2021,S2 20180523mouse4_OD_L_2_0_0000212_Structure_0001 RR21.TIFF,https://drive.google.com/file/d/12lqudX6ywExso-bcdNqopn2n_q8Eo4Lv/view?usp=sharing,2,2,1,,3,FALSE,FALSE,TRUE,FALSE,FALSE,2,2
3775,Extended AI - 2021 Post ARVO,2021,S2 20180523mouse4_OD_L_2_0_0000242_Structure_0001 RR35.TIFF,https://drive.google.com/file/d/1OYrKGnUb1ATvhOeOOpSVCCuDZQ7NPHve/view?usp=sharing,2,2,1,,3,FALSE,FALSE,TRUE,FALSE,FALSE,2,2
3776,Extended AI - 2021 Post ARVO,2021,S2 20180523mouse4_OD_L_2_0_0000262_Structure_0001 RR42.TIFF,https://drive.google.com/file/d/1HqdPuHkGvw7f1rUKbusWRg1ZmWXVr0bZ/view?usp=sharing,2,2,1,,3,FALSE,FALSE,TRUE,FALSE,FALSE,2,2
3777,Extended AI - 2021 Post ARVO,2021,S3 20180523mouse4_OD_L_2_0_0000064_Structure_0001 RR1.TIFF,https://drive.google.com/file/d/10snbGJUEiIKMEgfaSJ8uTKLHpcwK-1Qv/view?usp=sharing,3,3,2,,3,FALSE,FALSE,TRUE,FALSE,FALSE,3,3
3778,Extended AI - 2021 Post ARVO,2021,S3 20180523mouse4_OD_L_2_0_0000282_Structure_0001 RR49.TIFF,https://drive.google.com/file/d/13yuXYQiKZTy1Jmyhgh16DDt0RKmmEtSV/view?usp=sharing,3,3,3,,3,FALSE,TRUE,TRUE,FALSE,FALSE,3,3
3779,Extended AI - 2021 Post ARVO,2021,S0 20180523mouse5_OD_L_2_0_0000006_Structure_0001 RR-7.TIFF,https://drive.google.com/file/d/1GDI5xzPgqB4XzS5Ue5XMiAZwqcIuTiE2/view?usp=sharing,0,0,0,,3,FALSE,TRUE,TRUE,FALSE,FALSE,0,0
3780,Extended AI - 2021 Post ARVO,2021,S3 20180523mouse5_OD_L_2_0_0000060_Structure_0001 RR1.TIFF,https://drive.google.com/file/d/1NhOpinuFKCLkNQavw-n7HO2nSzrKj5Sc/view?usp=sharing,4,3,3,,3,FALSE,FALSE,TRUE,FALSE,FALSE,3,3
3781,Extended AI - 2021 Post ARVO,2021,S4 20180523mouse5_OD_L_2_0_0000166_Structure_0001 RR7.TIFF,https://drive.google.com/file/d/1uoYeruN3tdwhf28yyHL7sqzG6gr_67ac/view?usp=sharing,4,4,4,,3,FALSE,TRUE,TRUE,FALSE,FALSE,4,4
3782,Extended AI - 2021 Post ARVO,2021,S4 20180523mouse5_OD_L_2_0_0000182_Structure_0001 RR14.TIFF,https://drive.google.com/file/d/1V5hO9fcCXsZby-Y7dvEqG5KlrAfEom_0/view?usp=sharing,4,3,4,,3,FALSE,FALSE,TRUE,FALSE,FALSE,4,4
3783,Extended AI - 2021 Post ARVO,2021,S4 20180523mouse5_OD_L_2_0_0000198_Structure_0001 RR21.TIFF,https://drive.google.com/file/d/1YvcA0V1zC_k9TDXQ3sJmJM3FX8h1WOYX/view?usp=sharing,4,4,4,,3,FALSE,TRUE,TRUE,FALSE,FALSE,4,4
3784,Extended AI - 2021 Post ARVO,2021,S4 20180523mouse5_OD_L_2_0_0000218_Structure_0001 RR28.TIFF,https://drive.google.com/file/d/1ozVLEbrEvuilfK2I31a14-o7dsogoLgu/view?usp=sharing,4,4,4,,3,FALSE,TRUE,TRUE,FALSE,FALSE,4,4
3785,Extended AI - 2021 Post ARVO,2021,S4 20180523mouse5_OD_L_2_0_0000248_Structure_0001 RR35.TIFF,https://drive.google.com/file/d/11-zNR11f8d9acw-agKsudoK3xkAUHujJ/view?usp=sharing,4,4,4,,3,FALSE,TRUE,TRUE,FALSE,FALSE,4,4
3786,Extended AI - 2021 Post ARVO,2021,S0 20180523mouse6_OD_L_2_0_0000006_Structure_0001 RR-7.TIFF,https://drive.google.com/file/d/1LcCAm0712ANRE9FzIw4ewriJWO7F5BPZ/view?usp=sharing,0,0,0,,3,FALSE,TRUE,TRUE,FALSE,FALSE,0,0
3787,Extended AI - 2021 Post ARVO,2021,S3 20180523mouse6_OD_L_2_0_0000050_Structure_0001 RR1.TIFF,https://drive.google.com/file/d/1UJmA9hDm2CxQSYpsfrm4VIKrWOXwfP1E/view?usp=sharing,3,3,3,,3,FALSE,TRUE,TRUE,FALSE,FALSE,3,3
3788,Extended AI - 2021 Post ARVO,2021,S4 20180523mouse6_OD_L_2_0_0000180_Structure_0001 RR7.TIFF,https://drive.google.com/file/d/1i2JSrxvlScBdLbFn3c2oX2M0HxuISYST/view?usp=sharing,4,4,4,,3,FALSE,TRUE,TRUE,FALSE,FALSE,4,4
3789,Extended AI - 2021 Post ARVO,2021,S4 20180523mouse6_OD_L_2_0_0000200_Structure_0001 RR14.TIFF,https://drive.google.com/file/d/1__IMezlkvnkzMsRrMN1X89bpXaZp_s4a/view?usp=sharing,4,4,4,,3,FALSE,TRUE,TRUE,FALSE,FALSE,4,4
3790,Extended AI - 2021 Post ARVO,2021,S4 20180523mouse6_OD_L_2_0_0000216_Structure_0001 RR21.TIFF,https://drive.google.com/file/d/14LQ4GmsnmMnaoYA8hRg-FGHOSRgDM-ZO/view?usp=sharing,4,4,4,,3,FALSE,TRUE,TRUE,FALSE,FALSE,4,4
3791,Extended AI - 2021 Post ARVO,2021,S4 20180523mouse6_OD_L_2_0_0000226_Structure_0001 RR28.TIFF,https://drive.google.com/file/d/1VE7v7xCRHn5wXWAOWpFsLU1OOX5ILtyD/view?usp=sharing,4,4,4,,3,FALSE,TRUE,TRUE,FALSE,FALSE,4,4
3792,Extended AI - 2021 Post ARVO,2021,S4 20180523mouse6_OD_L_2_0_0000276_Structure_0001 RR49.TIFF,https://drive.google.com/file/d/1PT0vYIc2Y8qgIoXDRmFCj925UAjf9eLr/view?usp=sharing,4,4,4,,3,FALSE,TRUE,TRUE,FALSE,FALSE,4,4
3793,Extended AI - 2021 Post ARVO,2021,S0 20180523mouse7_OD_L_2_0_0000006_Structure_0001 RR-7.TIFF,https://drive.google.com/file/d/1V0vASAxrvIERGNUWvgXqKbcqeEn07LpZ/view?usp=sharing,0,0,0,,3,FALSE,TRUE,TRUE,FALSE,FALSE,0,0
3794,Extended AI - 2021 Post ARVO,2021,S3 20180523mouse7_OD_L_2_0_0000064_Structure_0001 RR1.TIFF,https://drive.google.com/file/d/108hQCAO0SDcg5V3Q8SZoOsWbP7fvQ7Nx/view?usp=sharing,4,3,4,,3,FALSE,FALSE,TRUE,FALSE,FALSE,4,4
3795,Extended AI - 2021 Post ARVO,2021,S4 20180523mouse7_OD_L_2_0_0000174_Structure_0001 RR7.TIFF,https://drive.google.com/file/d/1fsCCY36gn7vtF216z6naXlZWpVZQWFzr/view?usp=sharing,4,4,4,,3,FALSE,TRUE,TRUE,FALSE,FALSE,4,4
3796,Extended AI - 2021 Post ARVO,2021,S4 20180523mouse7_OD_L_2_0_0000190_Structure_0001 RR14.TIFF,https://drive.google.com/file/d/12dFmdjHlxkpPzCgGjLhTTZSn_irjHi3s/view?usp=sharing,4,4,4,,3,FALSE,TRUE,TRUE,FALSE,FALSE,4,4
3797,Extended AI - 2021 Post ARVO,2021,S4 20180523mouse7_OD_L_2_0_0000206_Structure_0001 RR21.TIFF,https://drive.google.com/file/d/1KuBrGZThMamABba-ANKa8YfdoOKbXwyF/view?usp=sharing,4,3,4,,3,FALSE,FALSE,TRUE,FALSE,FALSE,4,4
3798,Extended AI - 2021 Post ARVO,2021,S0 20180523mouse8_OD_L_2_0_0000006_Structure_0001 RR-7.TIFF,https://drive.google.com/file/d/1RhkOlIyQANs-o3kttvSa_u8WfK4rZrc5/view?usp=sharing,0,0,0,,3,FALSE,TRUE,TRUE,FALSE,FALSE,0,0
3799,Extended AI - 2021 Post ARVO,2021,S1 20180523mouse8_OD_L_2_0_0000254_Structure_0001 RR35.TIFF,https://drive.google.com/file/d/1EgqkVQGnpiUGh9Py5X4UmUedjDgwpXD6/view?usp=sharing,1,1,1,,3,FALSE,TRUE,TRUE,FALSE,FALSE,1,1
3800,Extended AI - 2021 Post ARVO,2021,S2 20180523mouse8_OD_L_2_0_0000224_Structure_0001 RR21.TIFF,https://drive.google.com/file/d/1E4uHoZaeA637_DHuczUrqBUusgdTVEnE/view?usp=sharing,2,2,1,,3,FALSE,FALSE,TRUE,FALSE,FALSE,2,2
3801,Extended AI - 2021 Post ARVO,2021,S3 20180523mouse8_OD_L_2_0_0000184_Structure_0001 RR7.TIFF,https://drive.google.com/file/d/1koU80lp0gUgrDm9F2T26yC7FNZWxlYt9/view?usp=sharing,3,3,2,,3,FALSE,FALSE,TRUE,FALSE,FALSE,3,3
3802,Extended AI - 2021 Post ARVO,2021,S3 20180523mouse8_OD_L_2_0_0000204_Structure_0001 RR14.TIFF,https://drive.google.com/file/d/1Fp5jBrXKz35x5IM7P4M2oudT0QfMYr0-/view?usp=sharing,3,3,2,,3,FALSE,FALSE,TRUE,FALSE,FALSE,3,3
3803,Extended AI - 2021 Post ARVO,2021,S4 20180523mouse8_OD_L_2_0_0000054_Structure_0001 RR1.TIFF,https://drive.google.com/file/d/1mfHrAl04OVuEVkNdo1MmGyr46BS-V-vP/view?usp=sharing,4,4,4,,3,FALSE,TRUE,TRUE,FALSE,FALSE,4,4
3804,Extended AI - 2021 Post ARVO,2021,S0.5 20180529mouse1_OD_L_2_0_0000043_Structure_0001 RR2.TIFF,https://drive.google.com/file/d/1cSzuxKLaNiDT1cguKxgMAjINw9Y8_1Of/view?usp=sharing,0.5,1,0.5,,3,FALSE,FALSE,TRUE,FALSE,FALSE,0.5,0.5
3805,Extended AI - 2021 Post ARVO,2021,S1 20180529mouse1_OD_L_2_0_0000006_Structure_0001 RR1.TIFF,https://drive.google.com/file/d/13tYoH0O8NkFnjF8Nz3qW6xE_Yxa3p-W3/view?usp=sharing,1,1,0.5,,3,FALSE,FALSE,TRUE,FALSE,FALSE,1,1
3806,Extended AI - 2021 Post ARVO,2021,S1 20180529mouse1_OD_L_2_0_0000069_Structure_0001 RR4.TIFF,https://drive.google.com/file/d/1pCPyHxLB9-HCTI4N1XXHgBEbej10-5sP/view?usp=sharing,1,1,0.5,,3,FALSE,FALSE,TRUE,FALSE,FALSE,1,1
3807,Extended AI - 2021 Post ARVO,2021,S1 20180529mouse1_OD_L_2_0_0000089_Structure_0001 RR5.TIFF,https://drive.google.com/file/d/1oX3YDU_PcBs0vF_PQ7_svXyMfhyhUwUq/view?usp=sharing,1,1,0.5,,3,FALSE,FALSE,TRUE,FALSE,FALSE,1,1
3808,Extended AI - 2021 Post ARVO,2021,S1 20180529mouse1_OD_L_2_0_0000109_Structure_0001 RR6.TIFF,https://drive.google.com/file/d/1bfuPmu_vBoeOd9Fijc2hjL14YEgF409h/view?usp=sharing,1,1,0.5,,3,FALSE,FALSE,TRUE,FALSE,FALSE,1,1
3809,Extended AI - 2021 Post ARVO,2021,S0 20180529mouse14_OD_L_2_0_0000169_Structure_0001 RR28.TIFF,https://drive.google.com/file/d/1UxjkmxvPAuKKD1g3p75lwCn3Izlz7GLm/view?usp=sharing,0,0,0,,3,FALSE,TRUE,TRUE,FALSE,FALSE,0,0
3810,Extended AI - 2021 Post ARVO,2021,S0 20180529mouse16_OD_L_2_0_0000195_Structure_0001 RR35.TIFF,https://drive.google.com/file/d/1LqX81yeyLCsOlgI4pZHWRXtTsOkL5EFo/view?usp=sharing,0,0,0,,3,FALSE,TRUE,TRUE,FALSE,FALSE,0,0
3811,Extended AI - 2021 Post ARVO,2021,S0 20180529mouse3_OD_L_2_0_0000033_Structure_0001 RR2.TIFF,https://drive.google.com/file/d/13Tsvz24cb3jGzf-U6fil6f1L2XzmbpxR/view?usp=sharing,0.5,0,0,,3,FALSE,TRUE,TRUE,FALSE,FALSE,0,0
3812,Extended AI - 2021 Post ARVO,2021,S0.5 20180529mouse3_OD_L_2_0_0000006_Structure_0001 RR1.TIFF,https://drive.google.com/file/d/1gVXPZUV83xGzU9QJYxLJx_1Z22TOhAzK/view?usp=sharing,0.5,0.5,0,,3,FALSE,FALSE,TRUE,FALSE,FALSE,0.5,0.5
3813,Extended AI - 2021 Post ARVO,2021,S0.5 20180529mouse3_OD_L_2_0_0000053_Structure_0001 RR3.TIFF,https://drive.google.com/file/d/1B3XHKKnHPTGKu2jiWCDxlV7WqMVUdLZT/view?usp=sharing,0.5,0.5,0,,3,FALSE,FALSE,TRUE,FALSE,FALSE,0.5,0.5
3814,Extended AI - 2021 Post ARVO,2021,S0.5 20180529mouse3_OD_L_2_0_0000073_Structure_0001 RR4.TIFF,https://drive.google.com/file/d/1XO8omeDxcTgcbprHYCFO5brd8BDUuTI8/view?usp=sharing,0.5,0.5,0,,3,FALSE,FALSE,TRUE,FALSE,FALSE,0.5,0.5
3815,Extended AI - 2021 Post ARVO,2021,S0.5 20180529mouse3_OD_L_2_0_0000093_Structure_0001 RR5.TIFF,https://drive.google.com/file/d/1rUclNqxF_GCmCg1_gP-AkNZqlZ5OHDBx/view?usp=sharing,0.5,0.5,0,,3,FALSE,FALSE,TRUE,FALSE,FALSE,0.5,0.5
3816,Extended AI - 2021 Post ARVO,2021,S1 20180529mouse7_OD_L_2_0_0000193_Structure_0001 RR28.TIFF,https://drive.google.com/file/d/1_V2pFAM06ubkSDJz5iCv8FQloa5nLmIy/view?usp=sharing,1,1,0.5,,3,FALSE,FALSE,TRUE,FALSE,FALSE,1,1
3817,Extended AI - 2021 Post ARVO,2021,S2 20180529mouse8_OD_L_2_0_0000006_Structure_0001 RR1.TIFF,https://drive.google.com/file/d/1ViqyYMuCvqsdFDtC4x44v893vNOsaQi9/view?usp=sharing,2,2,2,,3,FALSE,TRUE,TRUE,FALSE,FALSE,2,2
3818,Extended AI - 2021 Post ARVO,2021,S3 20180529mouse8_OD_L_2_0_0000043_Structure_0001 RR2.TIFF,https://drive.google.com/file/d/1W1kqAqj79oaENqdb0BXbVIOD2x5cKVWr/view?usp=sharing,3,3,3,,3,FALSE,TRUE,TRUE,FALSE,FALSE,3,3
3819,Extended AI - 2021 Post ARVO,2021,S3 20180529mouse8_OD_L_2_0_0000063_Structure_0001 RR3.TIFF,https://drive.google.com/file/d/1nwtT8kq4-NnLx767e9plUGl1at6aKF3G/view?usp=sharing,3,3,2,,3,FALSE,FALSE,TRUE,FALSE,FALSE,3,3
3820,Extended AI - 2021 Post ARVO,2021,SNA 20180529mouse9_OD_L_2_0_0000049_Structure_0001 RR3.TIFF,https://drive.google.com/file/d/1lOfaqR-nMZwXBLWIDUGjfIYEpDoGeV4j/view?usp=sharing,100,100,0,,3,FALSE,FALSE,TRUE,FALSE,FALSE,100,100
3821,Extended AI - 2021 Post ARVO,2021,S1 20180531mouse1_OD_L_2_0_0000006_Structure_0001 RR1.TIFF,https://drive.google.com/file/d/1cVgxzUaSkbjbuPzYEMyWtOxSjYxIME7e/view?usp=sharing,1,1,0.5,,3,FALSE,FALSE,TRUE,FALSE,FALSE,1,1
3822,Extended AI - 2021 Post ARVO,2021,S4 20180531mouse6_OD_L_2_0_0000026_Structure_0001 RR2.TIFF,https://drive.google.com/file/d/1QWug4YRva6c_pu2VUcXowEKHVge6LqFN/view?usp=sharing,4,4,2,,3,FALSE,FALSE,TRUE,FALSE,FALSE,4,4
3823,Extended AI - 2021 Post ARVO,2021,S4 20180611IVT_D1_m1_OD_L_2_0_0000016_Structure_0001 RR1.TIFF,https://drive.google.com/file/d/1EBcUYPik6Sce1HBiqMSFAG5wGVTUI7PM/view?usp=sharing,4,4,4,,3,FALSE,TRUE,TRUE,FALSE,FALSE,4,4
3824,Extended AI - 2021 Post ARVO,2021,S3 20180611IVT_D7_m1_OD_L_2_0_0000016_Structure_0001 RR2.TIFF,https://drive.google.com/file/d/1r_PxrEm0MVyH6t73uNgz-PndC-YTb_uG/view?usp=sharing,3,3,3,,3,FALSE,TRUE,TRUE,FALSE,FALSE,3,3
3825,Extended AI - 2021 Post ARVO,2021,S3 20180611IVT_D7_m1_OD_L_2_0_0000070_Structure_0001 RR7.TIFF,https://drive.google.com/file/d/1gA0q0rUcqR01-dIrU772QZBmHO8OGUPj/view?usp=sharing,3,3,3,,3,FALSE,TRUE,TRUE,FALSE,FALSE,3,3
3826,Extended AI - 2021 Post ARVO,2021,S3 20180611IVT_D1_m2_OD_L_2_0_0000006_Structure_0001 RR1.TIFF,https://drive.google.com/file/d/1pUMP4UsfJGEllj4YRQ0Ryvh6Bubwv44V/view?usp=sharing,4,3,3,,3,FALSE,FALSE,TRUE,FALSE,FALSE,3,3
3827,Extended AI - 2021 Post ARVO,2021,S2 20180611IVT_D1_m3_OD_L_2_0_0000006_Structure_0001 RR1.TIFF,https://drive.google.com/file/d/1ecr_p4TZf-ZsUdnFXLG2HXptiC1EdSL3/view?usp=sharing,2,2,1,,3,FALSE,FALSE,TRUE,FALSE,FALSE,2,2
3828,Extended AI - 2021 Post ARVO,2021,S2 20180611IVT_D1_m4_OD_L_2_0_0000006_Structure_0001 RR1.TIFF,https://drive.google.com/file/d/1EVWiSdd4MnVqKx6iD32nEbOHTJBO-Cmf/view?usp=sharing,2,2,2,,3,FALSE,TRUE,TRUE,FALSE,FALSE,2,2
3829,Extended AI - 2021 Post ARVO,2021,S4 20180611IVT_D7_m5_OD_L_2_0_0000033_Structure_0001 RR7.TIFF,https://drive.google.com/file/d/1pTqpMnFV7qI5YMEeQBr4gP1-kHpipJF6/view?usp=sharing,4,4,3,,3,FALSE,FALSE,TRUE,FALSE,FALSE,4,4
3830,Extended AI - 2021 Post ARVO,2021,S3 20180614IVT_D7_m1_OD_L_2_0_0000066_Structure_0001 RR7.TIFF,https://drive.google.com/file/d/1zcZAzEZk0EvKccuqvxb3D7rcNRg9tXCR/view?usp=sharing,4,3,3,,3,FALSE,FALSE,TRUE,FALSE,FALSE,3,3
3831,Extended AI - 2021 Post ARVO,2021,S2 20180614IVT_D7_m2_OD_L_2_0_0000023_Structure_0001 RR1.TIFF,https://drive.google.com/file/d/1lahAW28UqEvlNVltW0aWYcuhQOtBKzfO/view?usp=sharing,2,2,1,,3,FALSE,FALSE,TRUE,FALSE,FALSE,2,2
3832,Extended AI - 2021 Post ARVO,2021,S2 20180614IVT_D7_m3_OD_L_2_0_0000006_Structure_0001 RR1.TIFF,https://drive.google.com/file/d/1q7Z1PXUJTvdZixGXY-jWa9njt_3GwpHg/view?usp=sharing,2,2,0.5,,3,FALSE,FALSE,TRUE,FALSE,FALSE,2,2
3833,Extended AI - 2021 Post ARVO,2021,SNA 20180614IVT_D7_m4_OD_L_2_0_0000023_Structure_0001 RR1.TIFF,https://drive.google.com/file/d/1t3JGm1SW8FKfjuPpo5mkLYpDnhF80OSp/view?usp=sharing,100,100,0.5,,3,FALSE,FALSE,TRUE,FALSE,FALSE,100,100
3834,Extended AI - 2021 Post ARVO,2021,S4 20180614IVT_D7_m4_OD_L_2_0_0000033_Structure_0001 RR7.TIFF,https://drive.google.com/file/d/1Bk6T3orWMaUcPxZ-oU9mru1oKNCIMwA_/view?usp=sharing,4,4,2,,3,FALSE,FALSE,TRUE,FALSE,FALSE,4,4
3835,Extended AI - 2021 Post ARVO,2021,S4 20180614IVT_D7_m5_OD_L_2_0_0000006_Structure_0001 RR1.TIFF,https://drive.google.com/file/d/12mLPHc_9ISREkJ4L7CTymP_0Q7A6FIAu/view?usp=sharing,4,3,4,,3,FALSE,FALSE,TRUE,FALSE,FALSE,4,4
3836,Extended AI - 2021 Post ARVO,2021,S3 20180614IVT_D7_m5_OD_L_2_0_0000033_Structure_0001 RR7.TIFF,https://drive.google.com/file/d/1YKPBzqZ00VJU_sKRy9lf_rs61cHG1PRh/view?usp=sharing,3,3,3,,3,FALSE,TRUE,TRUE,FALSE,FALSE,3,3
3837,Extended AI - 2021 Post ARVO,2021,S4 20180626IVT_D1_m1_OD_L_2_0_0000016_Structure_0001 RR1.TIFF,https://drive.google.com/file/d/1sKWuG4eUzaKBqMQmEvXZvlWUjaEfyDj6/view?usp=sharing,4,4,4,,3,FALSE,TRUE,TRUE,FALSE,FALSE,4,4
3838,Extended AI - 2021 Post ARVO,2021,S3 20180626IVT_D1_m2_OD_L_2_0_0000006_Structure_0001 RR1.TIFF,https://drive.google.com/file/d/1abx99VqiM5Ii47521HdAzB1PdbEmjsf6/view?usp=sharing,3,3,3,,3,FALSE,TRUE,TRUE,FALSE,FALSE,3,3
3839,Extended AI - 2021 Post ARVO,2021,S3 20180626IVT_D1_m3_OD_L_2_0_0000023_Structure_0001 RR1.TIFF,https://drive.google.com/file/d/1YNWX2_tioafrWGriYTcUXMPUmXMuQLs1/view?usp=sharing,3,3,2,,3,FALSE,FALSE,TRUE,FALSE,FALSE,3,3
3840,Extended AI - 2021 Post ARVO,2021,S2 20180626IVT_D1_m4_OD_L_2_0_0000006_Structure_0001 RR1.TIFF,https://drive.google.com/file/d/1zDibyv7C4xjubQEW3e_BB7FJfD7EY1rO/view?usp=sharing,2,2,1,,3,FALSE,FALSE,TRUE,FALSE,FALSE,2,2
3841,Extended AI - 2021 Post ARVO,2021,S3 20180801mouse10_OD_L_2_0_0000066_Structure_0001 RR4.TIFF,https://drive.google.com/file/d/1h7iiy2Nq94eBE3xJZ1_xhIbqg67x1OlY/view?usp=sharing,3,3,3,,3,FALSE,TRUE,TRUE,FALSE,FALSE,3,3
3842,Extended AI - 2021 Post ARVO,2021,S4 20180801mouse10_OD_L_2_0_0000006_Structure_0001 RR1.TIFF,https://drive.google.com/file/d/1FDns8ayVKsFQ_2bQmqgf5j5U1ZxssieG/view?usp=sharing,4,4,4,,3,FALSE,TRUE,TRUE,FALSE,FALSE,4,4
3843,Extended AI - 2021 Post ARVO,2021,S4 20180801mouse10_OD_L_2_0_0000026_Structure_0001 RR2.TIFF,https://drive.google.com/file/d/13Q6OKdBB36GZki3ASmNdTtSJVtmv5oQP/view?usp=sharing,4,4,4,,3,FALSE,TRUE,TRUE,FALSE,FALSE,4,4
3844,Extended AI - 2021 Post ARVO,2021,S4 20180801mouse10_OD_L_2_0_0000046_Structure_0001 RR3.TIFF,https://drive.google.com/file/d/1shInrgSC9Tyol8T0BlrARpZSQ-Gesm9d/view?usp=sharing,4,4,4,,3,FALSE,TRUE,TRUE,FALSE,FALSE,4,4
3845,Extended AI - 2021 Post ARVO,2021,S2 20180801mouse12_OD_L_2_0_0000006_Structure_0001 RR1.TIFF,https://drive.google.com/file/d/13TZp7PgmgBjuil15J-5dVNVYQfL50gUt/view?usp=sharing,2,2,3,,3,FALSE,FALSE,TRUE,FALSE,FALSE,2,2
3846,Extended AI - 2021 Post ARVO,2021,S2 20180801mouse12_OD_L_2_0_0000046_Structure_0001 RR3.TIFF,https://drive.google.com/file/d/1BkpuKIlIs15PwVstVkn9XSdoOSPo7PBl/view?usp=sharing,2,2,2,,3,FALSE,TRUE,TRUE,FALSE,FALSE,2,2
3847,Extended AI - 2021 Post ARVO,2021,S2 20180801mouse12_OD_L_2_0_0000146_Structure_0001 RR14.TIFF,https://drive.google.com/file/d/1w-WKzqFIgoOcXykXIG06eklUJ6OI2eDO/view?usp=sharing,3,3,1,,3,FALSE,FALSE,TRUE,FALSE,FALSE,3,3
3848,Extended AI - 2021 Post ARVO,2021,S3 20180801mouse12_OD_L_2_0_0000076_Structure_0001 RR4.TIFF,https://drive.google.com/file/d/1Iqq1xESdrbv2jxV6gE1VyxmFER4lSSK3/view?usp=sharing,3,3,2,,3,FALSE,FALSE,TRUE,FALSE,FALSE,3,3
3849,Extended AI - 2021 Post ARVO,2021,S3 20180801mouse12_OD_L_2_0_0000206_Structure_0001 RR34.TIFF,https://drive.google.com/file/d/1CmVOcERiXUw56gTXbP7y8adsu6ddqueK/view?usp=sharing,3,3,1,,3,FALSE,FALSE,TRUE,FALSE,FALSE,3,3
3850,Extended AI - 2021 Post ARVO,2021,S3 20180801mouse12_OD_L_2_0_0000226_Structure_0001 RR42.TIFF,https://drive.google.com/file/d/1qH8XOb7y6zYLkenh5qdxNOcs8L4Ujjmk/view?usp=sharing,3,3,1,,3,FALSE,FALSE,TRUE,FALSE,FALSE,3,3
3851,Extended AI - 2021 Post ARVO,2021,S3 20180801mouse13_OD_L_2_0_0000006_Structure_0001 RR1.TIFF,https://drive.google.com/file/d/1DyURJc_POTekyPMre70EZ9pbkiQVQ9aH/view?usp=sharing,3,3,2,,3,FALSE,FALSE,TRUE,FALSE,FALSE,3,3
3852,Extended AI - 2021 Post ARVO,2021,S2 20180801mouse14_OD_L_2_0_0000026_Structure_0001 RR2.TIFF,https://drive.google.com/file/d/1CSE06jjX6FhOm-CqfmwbKv1KaHHfPXiK/view?usp=sharing,2,2,2,,3,FALSE,TRUE,TRUE,FALSE,FALSE,2,2
3853,Extended AI - 2021 Post ARVO,2021,S2 20180801mouse14_OD_L_2_0_0000146_Structure_0001 RR14.TIFF,https://drive.google.com/file/d/1o2Sk_fgMcRFz5sNJyYTUtJhqYWPMe5Ay/view?usp=sharing,2,2,2,,3,FALSE,TRUE,TRUE,FALSE,FALSE,2,2
3854,Extended AI - 2021 Post ARVO,2021,S3 20180801mouse14_OD_L_2_0_0000006_Structure_0001 RR1.TIFF,https://drive.google.com/file/d/1yc9Bx-yMBqQrMftrasMHEWGgy3iySQHy/view?usp=sharing,3,3,3,,3,FALSE,TRUE,TRUE,FALSE,FALSE,3,3
3855,Extended AI - 2021 Post ARVO,2021,S3 20180801mouse15_OD_L_2_0_0000006_Structure_0001 RR1.TIFF,https://drive.google.com/file/d/1INUj1xxzR0GBlcvJXQ8Y3BzWaXPVRB2E/view?usp=sharing,3,3,3,,3,FALSE,TRUE,TRUE,FALSE,FALSE,3,3
3856,Extended AI - 2021 Post ARVO,2021,S0.5 20180801mouse16_OD_L_2_0_0000236_Structure_0001 RR42.TIFF,https://drive.google.com/file/d/1E21w8FU4tuXr0JnR65I_x0WVS_95K4ee/view?usp=sharing,0.5,3,0.5,,3,FALSE,FALSE,TRUE,FALSE,FALSE,0.5,0.5
3857,Extended AI - 2021 Post ARVO,2021,S2 20180801mouse16_OD_L_2_0_0000056_Structure_0001 RR3.TIFF,https://drive.google.com/file/d/1vSFPDdbkqOzj71Ceo57RlJ0kGqbDVgpw/view?usp=sharing,2,2,1,,3,FALSE,FALSE,TRUE,FALSE,FALSE,2,2
3858,Extended AI - 2021 Post ARVO,2021,S2 20180801mouse16_OD_L_2_0_0000086_Structure_0001 RR4.TIFF,https://drive.google.com/file/d/1rmB_vy8fvpnEAKxfrIywVX49rdXl-zhl/view?usp=sharing,2,2,1,,3,FALSE,FALSE,TRUE,FALSE,FALSE,2,2
3859,Extended AI - 2021 Post ARVO,2021,SNA 20180801mouse16_OD_L_2_0_0000006_Structure_0001 RR1.TIFF,https://drive.google.com/file/d/1bvkfTroxBqVsCEbSE6h1hb2LvD8kLEps/view?usp=sharing,100,2,100,,3,FALSE,FALSE,TRUE,FALSE,FALSE,100,100
3860,Extended AI - 2021 Post ARVO,2021,S2 20180801mouse17_OD_L_2_0_0000016_Structure_0001 RR3.TIFF,https://drive.google.com/file/d/10gXZ5S6Lpkxci9bjUlaYGdhrUOMywXgR/view?usp=sharing,2,2,1,,3,FALSE,FALSE,TRUE,FALSE,FALSE,2,2
3861,Extended AI - 2021 Post ARVO,2021,S2 20180801mouse17_OD_L_2_0_0000036_Structure_0001 RR4.TIFF,https://drive.google.com/file/d/1erRoby0VlXGOK68JqrIqD9Y1nH8w-mJ1/view?usp=sharing,2,3,2,,3,FALSE,FALSE,TRUE,FALSE,FALSE,2,2
3862,Extended AI - 2021 Post ARVO,2021,S3 20180801mouse17_OD_L_2_0_0000026_Structure_0001 RR2.TIFF,https://drive.google.com/file/d/1OLqIqKAcxZ8FcQb5tp2sxf7lttgi2kHH/view?usp=sharing,3,3,2,,3,FALSE,FALSE,TRUE,FALSE,FALSE,3,3
3863,Extended AI - 2021 Post ARVO,2021,S3 20180801mouse17_OD_L_2_0_0000123_Structure_0001 RR14.TIFF,https://drive.google.com/file/d/1nOHWCbrbf-a7vOK14DYPFLbAp4Fha6Sx/view?usp=sharing,3,3,2,,3,FALSE,FALSE,TRUE,FALSE,FALSE,3,3
3864,Extended AI - 2021 Post ARVO,2021,S4 20180801mouse17_OD_L_2_0_0000056_Structure_0001 RR5.TIFF,https://drive.google.com/file/d/1uSjxF8RSX745sBjxVt6WsaJSCftajfDQ/view?usp=sharing,4,4,3,,3,FALSE,FALSE,TRUE,FALSE,FALSE,4,4
3865,Extended AI - 2021 Post ARVO,2021,S4 20180801mouse17_OD_L_2_0_0000076_Structure_0001 RR6.TIFF,https://drive.google.com/file/d/1Ww0dN2KqnW_CcSIuAFHA9PooTXKSWRct/view?usp=sharing,4,4,3,,3,FALSE,FALSE,TRUE,FALSE,FALSE,4,4
3866,Extended AI - 2021 Post ARVO,2021,S4 20180801mouse17_OD_L_2_0_0000096_Structure_0001 RR7.TIFF,https://drive.google.com/file/d/1oIcCT61dDMJVn1S7Q_n_OMFFe-wmi50k/view?usp=sharing,4,4,2,,3,FALSE,FALSE,TRUE,FALSE,FALSE,4,4
3867,Extended AI - 2021 Post ARVO,2021,S4 20180801mouse17_OD_L_2_0_0000166_Structure_0001 RR28.TIFF,https://drive.google.com/file/d/1TcwtrMv0pQnlgZom5YUSrYG5WNvYB82Y/view?usp=sharing,4,4,2,,3,FALSE,FALSE,TRUE,FALSE,FALSE,4,4
3868,Extended AI - 2021 Post ARVO,2021,S2 20180801mouse6_OD_L_2_0_0000006_Structure_0001 RR1.TIFF,https://drive.google.com/file/d/1MNkus3GaIDEFkIvJ3nXdxhhlXkIQZmhP/view?usp=sharing,2,2,0.5,,3,FALSE,FALSE,TRUE,FALSE,FALSE,2,2
3869,Extended AI - 2021 Post ARVO,2021,S2 20180801mouse6_OD_L_2_0_0000026_Structure_0001 RR2.TIFF,https://drive.google.com/file/d/1_1cRQCWUpipWVJrfWjvRQDpkbf-_XR6U/view?usp=sharing,2,2,1,,3,FALSE,FALSE,TRUE,FALSE,FALSE,2,2
3870,Extended AI - 2021 Post ARVO,2021,S2 20180801mouse7_OD_L_2_0_0000026_Structure_0001 RR2.TIFF,https://drive.google.com/file/d/18Moym42s8g5rKMyrNmfnW5Uul5pQdpS7/view?usp=sharing,2,2,2,,3,FALSE,TRUE,TRUE,FALSE,FALSE,2,2
3871,Extended AI - 2021 Post ARVO,2021,S2 20180801mouse7_OD_L_2_0_0000046_Structure_0001 RR3.TIFF,https://drive.google.com/file/d/1moiYKtQ3x1jezZxbATrwokgDv6OU7Cl3/view?usp=sharing,2,2,2,,3,FALSE,TRUE,TRUE,FALSE,FALSE,2,2
3872,Extended AI - 2021 Post ARVO,2021,S3 20180801mouse7_OD_L_2_0_0000006_Structure_0001 RR1.TIFF,https://drive.google.com/file/d/1QSVAC3RrV5GTu8CWAsSiiLyk8Trcgdrn/view?usp=sharing,3,3,2,,3,FALSE,FALSE,TRUE,FALSE,FALSE,3,3
3873,Extended AI - 2021 Post ARVO,2021,S3 20180801mouse7_OD_L_2_0_0000066_Structure_0001 RR4.TIFF,https://drive.google.com/file/d/1e22-6xVxxUKNXOXEQX2tgiPkiuW0b2aL/view?usp=sharing,3,3,2,,3,FALSE,FALSE,TRUE,FALSE,FALSE,3,3
3874,Extended AI - 2021 Post ARVO,2021,S2 20180801mouse8_OD_L_2_0_0000026_Structure_0001 RR2.TIFF,https://drive.google.com/file/d/1Y6eOiNcOAa9WTXPff8mlIj-rBLJm31mL/view?usp=sharing,2,2,2,,3,FALSE,TRUE,TRUE,FALSE,FALSE,2,2
3875,Extended AI - 2021 Post ARVO,2021,S2 20180801mouse8_OD_L_2_0_0000046_Structure_0001 RR3.TIFF,https://drive.google.com/file/d/17rQ_XHnbBqQBg45QNidE93510xXpi2Z1/view?usp=sharing,2,2,1,,3,FALSE,FALSE,TRUE,FALSE,FALSE,2,2
3876,Extended AI - 2021 Post ARVO,2021,S3 20180801mouse8_OD_L_2_0_0000006_Structure_0001 RR1.TIFF,https://drive.google.com/file/d/1rRXEkxHstV05UpyB5lpQLEnqlI_4uyFC/view?usp=sharing,3,3,3,,3,FALSE,TRUE,TRUE,FALSE,FALSE,3,3
3877,Extended AI - 2021 Post ARVO,2021,S1 20180829mouse1_OD_L_2_0_0000006_Structure_0001 RR1.TIFF,https://drive.google.com/file/d/1eeenZ3VbZXAziAOGe-sqfbDir9uyD384/view?usp=sharing,2,1,1,,3,FALSE,FALSE,TRUE,FALSE,FALSE,1,1
3878,Extended AI - 2021 Post ARVO,2021,S4 20180829mouse10_OD_L_2_0_0000016_Structure_0001 RR1.TIFF,https://drive.google.com/file/d/1oHVL41t7DVfaI6c3zDCDpd_Ow7i-9QNS/view?usp=sharing,4,4,4,,3,FALSE,TRUE,TRUE,FALSE,FALSE,4,4
3879,Extended AI - 2021 Post ARVO,2021,S0.5 20180829mouse11_OD_L_2_0_0000006_Structure_0001 RR1.TIFF,https://drive.google.com/file/d/1gYK0MMXzi-yHVaUxWgPn2s2UNl-GbFJD/view?usp=sharing,1,0.5,0.5,,3,FALSE,FALSE,TRUE,FALSE,FALSE,0.5,0.5
3880,Extended AI - 2021 Post ARVO,2021,S2 20180829mouse2_OD_L_2_0_0000016_Structure_0001 RR1.TIFF,https://drive.google.com/file/d/1Flid1QaQA0AGfe8AVGmRiwuKfPoa4Cg-/view?usp=sharing,2,2,1,,3,FALSE,FALSE,TRUE,FALSE,FALSE,2,2
3881,Extended AI - 2021 Post ARVO,2021,S4 20180829mouse5_OD_L_2_0_0000006_Structure_0001 RR1.TIFF,https://drive.google.com/file/d/1ljPvyZJhKLjDsRI5rNSa5MBklG3dafei/view?usp=sharing,4,4,3,,3,FALSE,FALSE,TRUE,FALSE,FALSE,4,4
3882,Extended AI - 2021 Post ARVO,2021,S2 20180829mouse6_OD_L_2_0_0000016_Structure_0001 RR1.TIFF,https://drive.google.com/file/d/1lmuU727maRRux0UOeS3tdZCnUV6XKXhq/view?usp=sharing,2,2,1,,3,FALSE,FALSE,TRUE,FALSE,FALSE,2,2
3883,Extended AI - 2021 Post ARVO,2021,S3 20180829mouse9_OD_L_2_0_0000016_Structure_0001 RR1.TIFF,https://drive.google.com/file/d/1qw1SSkW-fEuJCtaKt4wGYdw1I0qqTK7B/view?usp=sharing,3,3,2,,3,FALSE,FALSE,TRUE,FALSE,FALSE,3,3
3884,Extended AI - 2021 Post ARVO,2021,S4 20181009mouse3_OD_L_2_0_0000232_Structure_0001 RR27.TIFF,https://drive.google.com/file/d/1gfs4zR_u-4IFLxOJm4JmlkvIe9AqYpCO/view?usp=sharing,4,4,2,,3,FALSE,FALSE,TRUE,FALSE,FALSE,4,4
3885,Extended AI - 2021 Post ARVO,2021,SNA 20181026mouse10_OD_L_2_0_0000036_Structure_0001 RR20.TIFF,https://drive.google.com/file/d/1IDilNn0l2U5C9SJKgQoyI6J4BKtODMMu/view?usp=sharing,100,100,0,,3,FALSE,FALSE,TRUE,FALSE,FALSE,100,100
3886,Extended AI - 2021 Post ARVO,2021,S4 20181026mouse10_OD_L_2_0_0000006_Structure_0001 RR1.TIFF,https://drive.google.com/file/d/1lyBb525KyJCu73rYkTsYM8719zMfCMQR/view?usp=sharing,4,4,4,,3,FALSE,TRUE,TRUE,FALSE,FALSE,4,4
3887,Extended AI - 2021 Post ARVO,2021,S4 20181026mouse2_OD_L_2_0_0000006_Structure_0001 RR1.TIFF,https://drive.google.com/file/d/109sGLd6NC2iewMaSyWKA8vapoleHfB0y/view?usp=sharing,4,3,4,,3,FALSE,FALSE,TRUE,FALSE,FALSE,4,4
3888,Extended AI - 2021 Post ARVO,2021,S4 20181026mouse3_OD_L_2_0_0000012_Structure_0001 RR1.TIFF,https://drive.google.com/file/d/1AWZFms6PQmN-n_ZGNp95BKhONpRcHMw1/view?usp=sharing,4,4,4,,3,FALSE,TRUE,TRUE,FALSE,FALSE,4,4
3889,Extended AI - 2021 Post ARVO,2021,S4 20181026mouse3_OD_L_2_0_0000036_Structure_0001 RR20.TIFF,https://drive.google.com/file/d/1u2w0WoYJ5_3LFLEU3O8stHf3evlEJHAh/view?usp=sharing,4,4,4,,3,FALSE,TRUE,TRUE,FALSE,FALSE,4,4
3890,Extended AI - 2021 Post ARVO,2021,S2 20181026mouse4_OD_L_2_0_0000036_Structure_0001 RR20.TIFF,https://drive.google.com/file/d/1-PnA4oB4m1UoxeYN6EmxRyEAHSIYBxHi/view?usp=sharing,2,2,2,,3,FALSE,TRUE,TRUE,FALSE,FALSE,2,2
3891,Extended AI - 2021 Post ARVO,2021,S3 20181026mouse4_OD_L_2_0_0000006_Structure_0001 RR1.TIFF,https://drive.google.com/file/d/1iJakI9D5S47HakpcUZiryeqzrB13cWqQ/view?usp=sharing,3,3,3,,3,FALSE,TRUE,TRUE,FALSE,FALSE,3,3
3892,Extended AI - 2021 Post ARVO,2021,S2 20181026mouse6_OD_L_2_0_0000036_Structure_0001 RR20.TIFF,https://drive.google.com/file/d/1uwLLQCGawCpGIXhEAY33agleA9XVpz9b/view?usp=sharing,2,2,2,,3,FALSE,TRUE,TRUE,FALSE,FALSE,2,2
3893,Extended AI - 2021 Post ARVO,2021,S4 20181026mouse7_OD_L_2_0_0000016_Structure_0001 RR1.TIFF,https://drive.google.com/file/d/1pAS9I3bqqfFhDFQXfC_2JkmsF6y81cap/view?usp=sharing,4,4,4,,3,FALSE,TRUE,TRUE,FALSE,FALSE,4,4
3894,Extended AI - 2021 Post ARVO,2021,S3 20181026mouse8_OD_L_2_0_0000006_Structure_0001 RR1.TIFF,https://drive.google.com/file/d/17YwoNUVhm42t-0CWocLAoFab3-RFMYsz/view?usp=sharing,3,3,4,,3,FALSE,FALSE,TRUE,FALSE,FALSE,3,3
3895,Extended AI - 2021 Post ARVO,2021,SNA 20181026mouse8_OD_L_2_0_0000036_Structure_0001 RR20.TIFF,https://drive.google.com/file/d/1fbhCg2W9yTcIaVnH6w3vcDfQkQz80sC7/view?usp=sharing,100,100,0.5,,3,FALSE,FALSE,TRUE,FALSE,FALSE,100,100
3896,Extended AI - 2021 Post ARVO,2021,S2 20181026mouse9_OD_L_2_0_0000016_Structure_0001 RR1.TIFF,https://drive.google.com/file/d/1xIlu32sRnPOMyzyG7S-5GbKM1DkR0pDf/view?usp=sharing,2,3,2,,3,FALSE,FALSE,TRUE,FALSE,FALSE,2,2
3897,Extended AI - 2021 Post ARVO,2021,S4 20181114mouse1_OD_L_2_0_0000016_Structure_0001 RR1.TIFF,https://drive.google.com/file/d/13xPQpPVUUL3WEyS2JXfV6yS10yLjNKr6/view?usp=sharing,4,4,4,,3,FALSE,TRUE,TRUE,FALSE,FALSE,4,4
3898,Extended AI - 2021 Post ARVO,2021,S4 20181114mouse4_OD_L_2_0_0000016_Structure_0001 RR1.TIFF,https://drive.google.com/file/d/1ZzocqPpeqAeRea1Zzh0o8EcHeirc1v-j/view?usp=sharing,4,4,3,,3,FALSE,FALSE,TRUE,FALSE,FALSE,4,4
3899,Extended AI - 2021 Post ARVO,2021,S4 20181114mouse5_OD_L_2_0_0000036_Structure_0001 RR6.TIFF,https://drive.google.com/file/d/1d01XRSiyFfaU6bRtDsSTYrpkRIdbcOMo/view?usp=sharing,4,4,4,,3,FALSE,TRUE,TRUE,FALSE,FALSE,4,4
3900,Extended AI - 2021 Post ARVO,2021,S2 20181114mouse6_OD_L_2_0_0000036_Structure_0001 RR6.TIFF,https://drive.google.com/file/d/1mcJHCvpum5Dnj6A9vvTXhqZJGkCN_z_X/view?usp=sharing,2,2,1,,3,FALSE,FALSE,TRUE,FALSE,FALSE,2,2
3901,Extended AI - 2021 Post ARVO,2021,S2 20181114mouse7_OD_L_2_0_0000006_Structure_0001 RR1.TIFF,https://drive.google.com/file/d/1HP7ZFFtVRIPgr-HJYhO0ezJxbafM5LEU/view?usp=sharing,2,2,1,,3,FALSE,FALSE,TRUE,FALSE,FALSE,2,2
3902,Extended AI - 2021 Post ARVO,2021,S3 20181114mouse7_OD_L_2_0_0000043_Structure_0001 RR6.TIFF,https://drive.google.com/file/d/1cwtoYouJXNGcZBjjnzShIrhktLnRKUhE/view?usp=sharing,3,3,2,,3,FALSE,FALSE,TRUE,FALSE,FALSE,3,3
3903,Extended AI - 2021 Post ARVO,2021,S4 20181114mouse8_OD_L_2_0_0000023_Structure_0001 RR1.TIFF,https://drive.google.com/file/d/1psvfqATJfoM-_MVmYSTayJDaY9i1ze7n/view?usp=sharing,4,4,100,,3,FALSE,FALSE,TRUE,FALSE,FALSE,4,4
3904,Extended AI - 2021 Post ARVO,2021,S4 20181127mouse2_OD_L_2_0_0000016_Structure_0001 RR1.TIFF,https://drive.google.com/file/d/1sB9n3Xualu72c-aAONomM3XjO1vuoLkS/view?usp=sharing,4,4,3,,3,FALSE,FALSE,TRUE,FALSE,FALSE,4,4
3905,Extended AI - 2021 Post ARVO,2021,S1 20181127mouse4_OD_L_2_0_0000016_Structure_0001 RR1.TIFF,https://drive.google.com/file/d/1gwaWlOG5QW9jaJ2f9SNG77wydm56TILr/view?usp=sharing,1,1,0.5,,3,FALSE,FALSE,TRUE,FALSE,FALSE,1,1
3906,Extended AI - 2021 Post ARVO,2021,S2 20181127mouse6_OD_L_2_0_0000016_Structure_0001 RR1.TIFF,https://drive.google.com/file/d/1HAfUai1D6m-aaABbN7lJNExKKhVE19qP/view?usp=sharing,2,2,2,,3,FALSE,TRUE,TRUE,FALSE,FALSE,2,2
3907,Extended AI - 2021 Post ARVO,2021,S2 20181127mouse6_OD_L_2_0_0000056_Structure_0001 RR3.TIFF,https://drive.google.com/file/d/1igiqn9c2VokTkVxe-0s_vuLytOXe2iqt/view?usp=sharing,2,2,1,,3,FALSE,FALSE,TRUE,FALSE,FALSE,2,2
3908,Extended AI - 2021 Post ARVO,2021,S0 20181127mouse7_OD_L_2_0_0000066_Structure_0001 RR4.TIFF,https://drive.google.com/file/d/1KQX8h_xaDoPvsC6CwEkS3gXvr-ZudDCA/view?usp=sharing,0,0,0,,3,FALSE,TRUE,TRUE,FALSE,FALSE,0,0
3909,Extended AI - 2021 Post ARVO,2021,S0.5 20181127mouse7_OD_L_2_0_0000006_Structure_0001 RR1.TIFF,https://drive.google.com/file/d/1cAA88DWwVmEVPIee6ZOVrkm-AYEyf3cd/view?usp=sharing,1,0.5,0.5,,3,FALSE,FALSE,TRUE,FALSE,FALSE,0.5,0.5
3910,Extended AI - 2021 Post ARVO,2021,S0.5 20181127mouse7_OD_L_2_0_0000026_Structure_0001 RR2.TIFF,https://drive.google.com/file/d/1auESpA67J1dfbHuOqOcUPE7RrUCc4ujC/view?usp=sharing,0.5,0.5,0.5,,3,FALSE,TRUE,TRUE,FALSE,FALSE,0.5,0.5
3911,Extended AI - 2021 Post ARVO,2021,S0.5 20181127mouse9_OD_L_2_0_0000086_Structure_0001 RR5.TIFF,https://drive.google.com/file/d/1ytvV167vlP4tkQxWgmSiVZfObZRnsRKZ/view?usp=sharing,0.5,0.5,0.5,,3,FALSE,TRUE,TRUE,FALSE,FALSE,0.5,0.5
3912,Extended AI - 2021 Post ARVO,2021,S1 20181212mouse10_OD_L_2_0_0000006_Structure_0001 RR1.TIFF,https://drive.google.com/file/d/1sT2ADo-z9kkcyELAT_F79gw31bzYvH5R/view?usp=sharing,1,1,0.5,,3,FALSE,FALSE,TRUE,FALSE,FALSE,1,1
3913,Extended AI - 2021 Post ARVO,2021,S3 20181212mouse12_OD_L_2_0_0000006_Structure_0001 RR1.TIFF,https://drive.google.com/file/d/184uqXd-ut_f8FEzsc72KXuDWzOi2SM4Q/view?usp=sharing,3,3,3,,3,FALSE,TRUE,TRUE,FALSE,FALSE,3,3
3914,Extended AI - 2021 Post ARVO,2021,S3 20181212mouse2_OD_L_2_0_0000006_Structure_0001 rr1.TIFF,https://drive.google.com/file/d/103IDQTu4dDL_GUBmkb_nnFDQ1x5m5cuz/view?usp=sharing,3,3,1,,3,FALSE,FALSE,TRUE,FALSE,FALSE,3,3
3915,Extended AI - 2021 Post ARVO,2021,S2 20181212mouse6_OD_L_2_0_0000006_Structure_0001 rr1.TIFF,https://drive.google.com/file/d/1Nrkzexc9wtGxl1tLuvZ7FN5hq53kPlRF/view?usp=sharing,3,2,2,,3,FALSE,FALSE,TRUE,FALSE,FALSE,2,2
3916,Extended AI - 2021 Post ARVO,2021,S3 20181212mouse9_OD_L_2_0_0000006_Structure_0001 RR1.TIFF,https://drive.google.com/file/d/1ZGXDCAV00WANBDr0c5jFP1gtai6Q0Q7g/view?usp=sharing,3,3,3,,3,FALSE,TRUE,TRUE,FALSE,FALSE,3,3
3917,Extended AI - 2021 Post ARVO,2021,S2 20190107mouse1_OD_L_2_0_0000026_Structure_0001 RR1.TIFF,https://drive.google.com/file/d/1MtX_ERLzp8jYOoPLALDySV-N73M6oA9V/view?usp=sharing,2,2,2,,3,FALSE,TRUE,TRUE,FALSE,FALSE,2,2
3918,Extended AI - 2021 Post ARVO,2021,S2 20190107mouse1_OD_L_2_0_0000108_Structure_0001 RR7.TIFF,https://drive.google.com/file/d/1XKkmw9xHvCATyBqUoQ6QCHEfjQkXdLOA/view?usp=sharing,2,2,2,,3,FALSE,TRUE,TRUE,FALSE,FALSE,2,2
3919,Extended AI - 2021 Post ARVO,2021,S2 20190107mouse1_OD_L_2_0_0000118_Structure_0001 RR14.TIFF,https://drive.google.com/file/d/1Ps8W3YYhHzEWjfCHqO-WjZxY1aHKEtPU/view?usp=sharing,2,2,2,,3,FALSE,TRUE,TRUE,FALSE,FALSE,2,2
3920,Extended AI - 2021 Post ARVO,2021,S2 20190107mouse1_OD_L_2_0_0000142_Structure_0001 RR21.TIFF,https://drive.google.com/file/d/17qm9V4eNhDTUhKqCNhFx4sDU-WHQHkwD/view?usp=sharing,2,2,1,,3,FALSE,FALSE,TRUE,FALSE,FALSE,2,2
3921,Extended AI - 2021 Post ARVO,2021,S0.5 20190107mouse12_OD_L_2_0_0000114_Structure_0001 RR14.TIFF,https://drive.google.com/file/d/1tnCRJqbkBLIvQdjMHxK96tLv5ASHUcND/view?usp=sharing,0.5,0.5,0.5,,3,FALSE,TRUE,TRUE,FALSE,FALSE,0.5,0.5
3922,Extended AI - 2021 Post ARVO,2021,S1 20190107mouse12_OD_L_2_0_0000036_Structure_0001 RR1.TIFF,https://drive.google.com/file/d/1GLaTIXqfRMOqetS78lJgVWdhPyBFL7at/view?usp=sharing,1,1,0.5,,3,FALSE,FALSE,TRUE,FALSE,FALSE,1,1
3923,Extended AI - 2021 Post ARVO,2021,SNA 20190107mouse13_OD_L_2_0_0000026_Structure_0001 RR1.TIFF,https://drive.google.com/file/d/1qbC1Gw0cJPkvBwXRP0MyY9d6He2YhdfD/view?usp=sharing,100,100,1,,3,FALSE,FALSE,TRUE,FALSE,FALSE,100,100
3924,Extended AI - 2021 Post ARVO,2021,S0 20190107mouse16_OD_L_2_0_0000016_Structure_0001 RR-7.TIFF,https://drive.google.com/file/d/1LO3yOoh3JVszwniZNR94_JZ-PCDsZxy3/view?usp=sharing,0,0,0,,3,FALSE,TRUE,TRUE,FALSE,FALSE,0,0
3925,Extended AI - 2021 Post ARVO,2021,S4 20190107mouse19_OD_L_2_0_0000026_Structure_0001 RR1.TIFF,https://drive.google.com/file/d/1p3C7JpOEGVVDpy1yxNTcYi56Zw37TyY4/view?usp=sharing,4,3,4,,3,FALSE,FALSE,TRUE,FALSE,FALSE,4,4
3926,Extended AI - 2021 Post ARVO,2021,S0 20190107mouse3_OD_L_2_0_0000006_Structure_0001 RR-7.TIFF,https://drive.google.com/file/d/1KNnwLrmp62vLKnSbbeBrIkKDZl4q7Ub2/view?usp=sharing,0,0,0,,3,FALSE,TRUE,TRUE,FALSE,FALSE,0,0
3927,Extended AI - 2021 Post ARVO,2021,S0 20190107mouse4_OD_L_2_0_0000016_Structure_0001 RR-7.TIFF,https://drive.google.com/file/d/1rTqkB9n77MfIh-77uPK3BqeHYV9MsAoB/view?usp=sharing,0,0,0,,3,FALSE,TRUE,TRUE,FALSE,FALSE,0,0
3928,Extended AI - 2021 Post ARVO,2021,S0.5 20190107mouse4_OD_L_2_0_0000032_Structure_0001 RR1.TIFF,https://drive.google.com/file/d/1pm2eo716t6Q1BAORCCrIz9aF3hJCYukl/view?usp=sharing,100,0.5,100,,3,FALSE,FALSE,TRUE,FALSE,FALSE,100,100
3929,Extended AI - 2021 Post ARVO,2021,S0 20190107mouse5_OD_L_2_0_0000006_Structure_0001 RR-7.TIFF,https://drive.google.com/file/d/1gkX2sdiV6Y3rdkLmx-PAn_gz7oAJX_-O/view?usp=sharing,0,0,0,,3,FALSE,TRUE,TRUE,FALSE,FALSE,0,0
3930,Extended AI - 2021 Post ARVO,2021,S2 20190107mouse5_OD_L_2_0_0000116_Structure_0001 RR7.TIFF,https://drive.google.com/file/d/1aKbdlLrDgtND5IY53CL3beyoaaESt7Au/view?usp=sharing,2,2,2,,3,FALSE,TRUE,TRUE,FALSE,FALSE,2,2
3931,Extended AI - 2021 Post ARVO,2021,S3 20190107mouse5_OD_L_2_0_0000026_Structure_0001 RR1.TIFF,https://drive.google.com/file/d/1E_l5FjVc12L3UAfgu_MHfYavwqVloLqo/view?usp=sharing,3,3,2,,3,FALSE,FALSE,TRUE,FALSE,FALSE,3,3
3932,Extended AI - 2021 Post ARVO,2021,S0 20190107mouse6_OD_L_2_0_0000016_Structure_0001 RR-7.TIFF,https://drive.google.com/file/d/1iowBnyqjEDgebR9sc92amfn51ZBfXLyl/view?usp=sharing,0,0.5,0,,3,FALSE,TRUE,TRUE,FALSE,FALSE,0,0
3933,Extended AI - 2021 Post ARVO,2021,S0.5 20190107mouse7_OD_L_2_0_0000132_Structure_0001 RR14.TIFF,https://drive.google.com/file/d/1edBhF3FchnvYcbuqczIxeFiIT8SuNHwO/view?usp=sharing,0.5,0.5,0.5,,3,FALSE,TRUE,TRUE,FALSE,FALSE,0.5,0.5
3934,Extended AI - 2021 Post ARVO,2021,S0 20190107mouse8_OD_L_2_0_0000016_Structure_0001 RR-7.TIFF,https://drive.google.com/file/d/13Cu0W9nFo3yGPaACuZJKg1PMmywziWYk/view?usp=sharing,0,0,0,,3,FALSE,TRUE,TRUE,FALSE,FALSE,0,0
3935,Extended AI - 2021 Post ARVO,2021,S0.5 20190107mouse8_OD_L_2_0_0000036_Structure_0001 RR1.TIFF,https://drive.google.com/file/d/1NiUCdbD14JumfMLfgEAyIMYUQEjnzUVU/view?usp=sharing,1,0.5,0.5,,3,FALSE,FALSE,TRUE,FALSE,FALSE,0.5,0.5
3936,Extended AI - 2021 Post ARVO,2021,S2 20190114mouse8_OD_L_2_0_0000136_Structure_0001 RR14.TIFF,https://drive.google.com/file/d/1N4jk5Xlz73Hg7_YX0m_Dz6JJTnEA0Giu/view?usp=sharing,2,2,1,,3,FALSE,FALSE,TRUE,FALSE,FALSE,2,2
3937,Extended AI - 2021 Post ARVO,2021,S2 20190114mouse8_OD_L_2_0_0000156_Structure_0001 RR21.TIFF,https://drive.google.com/file/d/1hithM3Ij0JRJtB-jsGZ505GFdELxgQ7G/view?usp=sharing,2,2,1,,3,FALSE,FALSE,TRUE,FALSE,FALSE,2,2
3938,Extended AI - 2021 Post ARVO,2021,S0.5 20190114mouse9_OD_L_2_0_0000094_Structure_0001 RR7.TIFF,https://drive.google.com/file/d/1FvWAxZo9vJD6DHuXFJbVLc6v6DoXF70b/view?usp=sharing,100,0.5,100,,3,FALSE,FALSE,TRUE,FALSE,FALSE,100,100
3939,Extended AI - 2021 Post ARVO,2021,S3 20190114mouse9_OD_L_2_0_0000026_Structure_0001 RR1.TIFF,https://drive.google.com/file/d/1G9sw6DCAIFxbhkwuiKKoolzl79xbaCK4/view?usp=sharing,3,3,2,,3,FALSE,FALSE,TRUE,FALSE,FALSE,3,3
3940,Extended AI - 2021 Post ARVO,2021,S0 20190130mouse1_OD_L_2_0_0000026_Structure_0001 RR-7.TIFF,https://drive.google.com/file/d/1xfvOGAgXUrAgI_Vx1ftQenArko4RurLa/view?usp=sharing,0,0,0.5,,3,FALSE,TRUE,TRUE,FALSE,FALSE,0,0
3941,Extended AI - 2021 Post ARVO,2021,S0.5 20190130mouse2_OD_L_2_0_0000016_Structure_0001 RR-7.TIFF,https://drive.google.com/file/d/1541XrozG7xvRLpovQSqMBkgR5kZnx3hh/view?usp=sharing,0,0.5,0.5,,3,FALSE,FALSE,TRUE,FALSE,FALSE,0.5,0.5
3942,Extended AI - 2021 Post ARVO,2021,S0 20190130mouse3_OD_L_2_0_0000026_Structure_0001 RR-7.TIFF,https://drive.google.com/file/d/1oFuRSb6H3qOaohHr7OMVcX94GYUKV5io/view?usp=sharing,0,0,0.5,,3,FALSE,TRUE,TRUE,FALSE,FALSE,0,0
3943,Extended AI - 2021 Post ARVO,2021,S0 20190207mouse19_OD_L_2_0_0000122_Structure_0001 RR14.TIFF,https://drive.google.com/file/d/1B5Va96yMGSjq8nv_67QeI_0ShH5upKnj/view?usp=sharing,0,0,0,,3,FALSE,TRUE,TRUE,FALSE,FALSE,0,0
3944,Extended AI - 2021 Post ARVO,2021,S0.5 20190207mouse19_OD_L_2_0_0000036_Structure_0001 RR1.TIFF,https://drive.google.com/file/d/1rAxV1Zf5HXP1v-eMs5_E3iLWcCsSA1L2/view?usp=sharing,0.5,0.5,0.5,,3,FALSE,TRUE,TRUE,FALSE,FALSE,0.5,0.5
3945,Extended AI - 2021 Post ARVO,2021,S4 20190207mouse21_OD_L_2_0_0000136_Structure_0001 RR14.TIFF,https://drive.google.com/file/d/1Rym25iB_mUpFzz1fRIOfSnq51Gf5bM0u/view?usp=sharing,4,4,2,,3,FALSE,FALSE,TRUE,FALSE,FALSE,4,4
3946,Extended AI - 2021 Post ARVO,2021,S0 20190207mouse21B_OD_L_2_0_0000132_Structure_0001 RR14.TIFF,https://drive.google.com/file/d/1RNbWlvTLDnF8tOqEbi-1j_OgZaCRg6Md/view?usp=sharing,0,0.5,0,,3,FALSE,TRUE,TRUE,FALSE,FALSE,0,0
3947,Extended AI - 2021 Post ARVO,2021,S1 20190207mouse21B_OD_L_2_0_0000036_Structure_0001 RR1.TIFF,https://drive.google.com/file/d/1LZbw0Oh1EtDhy93B4ODgRHd4IAN98PxA/view?usp=sharing,2,1,1,,3,FALSE,FALSE,TRUE,FALSE,FALSE,1,1
3948,Extended AI - 2021 Post ARVO,2021,S0 20190207mouse22_OD_L_2_0_0000006_Structure_0001 RR-7.TIFF,https://drive.google.com/file/d/1X1qFY4os6dZJh0LApwEZtqbhOt2KClEO/view?usp=sharing,0,0,0,,3,FALSE,TRUE,TRUE,FALSE,FALSE,0,0
3949,Extended AI - 2021 Post ARVO,2021,S0.5 20190207mouse23_OD_L_2_0_0000116_Structure_0001 RR7.TIFF,https://drive.google.com/file/d/1yGdHfjujkz1eW1ge5a_cMmzdBd195k3x/view?usp=sharing,0.5,1,0.5,,3,FALSE,FALSE,TRUE,FALSE,FALSE,0.5,0.5
3950,Extended AI - 2021 Post ARVO,2021,S1 20190207mouse28_OD_L_2_0_0000116_Structure_0001 RR7.TIFF,https://drive.google.com/file/d/1BC8g7CRddGLemQjhBgXcKGL4Iory1av5/view?usp=sharing,1,1,0.5,,3,FALSE,FALSE,TRUE,FALSE,FALSE,1,1
3951,Extended AI - 2021 Post ARVO,2021,S2 20190207mouse28_OD_L_2_0_0000036_Structure_0001 RR1.TIFF,https://drive.google.com/file/d/1qqh3cn_IgYMKsJ9C4Mzcm43e6yQG1a2s/view?usp=sharing,2,2,1,,3,FALSE,FALSE,TRUE,FALSE,FALSE,2,2
3952,Extended AI - 2021 Post ARVO,2021,S3 20190409mouse1_OD_L_2_0_0000006_Structure_0001 RR1.TIFF,https://drive.google.com/file/d/1MxamKzr7gJVl60Li2YfU10nAMblcyz5a/view?usp=sharing,4,3,3,,3,FALSE,FALSE,TRUE,FALSE,FALSE,3,3
3953,Extended AI - 2021 Post ARVO,2021,S4 20190409mouse10_OD_L_2_0_0000006_Structure_0001 RR1.TIFF,https://drive.google.com/file/d/1_K4LL6UieSDwLqLri4PYa0zZOIMzVTko/view?usp=sharing,4,4,3,,3,FALSE,FALSE,TRUE,FALSE,FALSE,4,4
3954,Extended AI - 2021 Post ARVO,2021,S2 20190409mouse11_OD_L_2_0_0000006_Structure_0001 RR1.TIFF,https://drive.google.com/file/d/1uZcztlNktwsEAJwM17BZ7d5zXzcxVBVi/view?usp=sharing,2,2,1,,3,FALSE,FALSE,TRUE,FALSE,FALSE,2,2
3955,Extended AI - 2021 Post ARVO,2021,S1 20190409mouse12_OD_L_2_0_0000016_Structure_0001 RR1.TIFF,https://drive.google.com/file/d/18QBJ5quAev9OkBN4IFVosLAAmCJ9MFxz/view?usp=sharing,1,1,1,,3,FALSE,TRUE,TRUE,FALSE,FALSE,1,1
3956,Extended AI - 2021 Post ARVO,2021,S3 20190409mouse13_OD_L_2_0_0000006_Structure_0001 RR1.TIFF,https://drive.google.com/file/d/1Wi7LoSUpTH2Gtaz_RQVk11fpWB62N2PC/view?usp=sharing,3,3,1,,3,FALSE,FALSE,TRUE,FALSE,FALSE,3,3
3957,Extended AI - 2021 Post ARVO,2021,S1 20190409mouse14_OD_L_2_0_0000016_Structure_0001 RR1.TIFF,https://drive.google.com/file/d/1l5QAeynEuq4AX_fUjY7eE2WlQqyStWzD/view?usp=sharing,1,2,1,,3,FALSE,FALSE,TRUE,FALSE,FALSE,1,1
3958,Extended AI - 2021 Post ARVO,2021,S4 20190409mouse15_OD_L_2_0_0000016_Structure_0001 RR1.TIFF,https://drive.google.com/file/d/1zvgOENy6HhtJfS9PNdklmN5kGsvXjzZA/view?usp=sharing,4,4,4,,3,FALSE,TRUE,TRUE,FALSE,FALSE,4,4
3959,Extended AI - 2021 Post ARVO,2021,S1 20190409mouse16_OD_L_2_0_0000006_Structure_0001 RR1.TIFF,https://drive.google.com/file/d/1cIoqsB2e5UqPxJuIvYjizTkt4hGy0h1N/view?usp=sharing,1,1,1,,3,FALSE,TRUE,TRUE,FALSE,FALSE,1,1
3960,Extended AI - 2021 Post ARVO,2021,S2 20190409mouse17_OD_L_2_0_0000016_Structure_0001 RR1.TIFF,https://drive.google.com/file/d/1gaQX13CHuxtv-N3nJw1CNRge2wBlzGcb/view?usp=sharing,2,2,1,,3,FALSE,FALSE,TRUE,FALSE,FALSE,2,2
3961,Extended AI - 2021 Post ARVO,2021,S3 20190409mouse18_OD_L_2_0_0000006_Structure_0001 RR1.TIFF,https://drive.google.com/file/d/1T-V7SpxyCgptZ3a7H3jhngd3Nvgqk4cN/view?usp=sharing,4,3,3,,3,FALSE,FALSE,TRUE,FALSE,FALSE,3,3
3962,Extended AI - 2021 Post ARVO,2021,S4 20190409mouse19_OD_L_2_0_0000016_Structure_0001 RR1.TIFF,https://drive.google.com/file/d/18aRnruI_WJDEbK_56S_-M-zg5tGYw_m5/view?usp=sharing,4,4,4,,3,FALSE,TRUE,TRUE,FALSE,FALSE,4,4
3963,Extended AI - 2021 Post ARVO,2021,S2 20190409mouse2_OD_L_2_0_0000016_Structure_0001 RR1.TIFF,https://drive.google.com/file/d/1JNithiFR6sHNRBPwUNcAR6XTkSq1vjVW/view?usp=sharing,2,2,1,,3,FALSE,FALSE,TRUE,FALSE,FALSE,2,2
3964,Extended AI - 2021 Post ARVO,2021,S2 20190409mouse20_OD_L_2_0_0000006_Structure_0001 RR1.TIFF,https://drive.google.com/file/d/18qUI7X_Q2tAEDlTUvfr1J0tejHoFAcVl/view?usp=sharing,2,2,2,,3,FALSE,TRUE,TRUE,FALSE,FALSE,2,2
3965,Extended AI - 2021 Post ARVO,2021,S0.5 20190409mouse3_OD_L_2_0_0000006_Structure_0001 RR1.TIFF,https://drive.google.com/file/d/1onkonN3hejA9y2l_uSduK1_MQeVTTebb/view?usp=sharing,0.5,0.5,0.5,,3,FALSE,TRUE,TRUE,FALSE,FALSE,0.5,0.5
3966,Extended AI - 2021 Post ARVO,2021,S0.5 20190409mouse4_OD_L_2_0_0000016_Structure_0001 RR1.TIFF,https://drive.google.com/file/d/1Awf5ejg8otmEO_kGOjdE6EeJsajGoBHJ/view?usp=sharing,0.5,1,0.5,,3,FALSE,FALSE,TRUE,FALSE,FALSE,0.5,0.5
3967,Extended AI - 2021 Post ARVO,2021,S4 20190409mouse5_OD_L_2_0_0000016_Structure_0001 RR1.TIFF,https://drive.google.com/file/d/1QPhoYD_Xbyncrr-hGCMwdIkHig1uOSXj/view?usp=sharing,4,4,4,,3,FALSE,TRUE,TRUE,FALSE,FALSE,4,4
3968,Extended AI - 2021 Post ARVO,2021,S0.5 20190409mouse6_OD_L_2_0_0000006_Structure_0001 RR1.TIFF,https://drive.google.com/file/d/1T1Ck_Ze1xNJXqbYVqNaDsMNWdmueyKJW/view?usp=sharing,1,0.5,0.5,,3,FALSE,FALSE,TRUE,FALSE,FALSE,0.5,0.5
3969,Extended AI - 2021 Post ARVO,2021,S2 20190409mouse7_OD_L_2_0_0000016_Structure_0001 RR1.TIFF,https://drive.google.com/file/d/1x5I55ZRX6m9ziObIAdahWXeKFs9T5VZM/view?usp=sharing,2,2,1,,3,FALSE,FALSE,TRUE,FALSE,FALSE,2,2
3970,Extended AI - 2021 Post ARVO,2021,SNA 20190409mouse8_OD_L_2_0_0000016_Structure_0001 RR1.TIFF,https://drive.google.com/file/d/1lnKbelLsRxktSu0fB7Z8zX8G9mR8lrI_/view?usp=sharing,100,100,100,,3,FALSE,TRUE,TRUE,FALSE,FALSE,100,100
3971,Extended AI - 2021 Post ARVO,2021,S4 20190409mouse9_OD_L_2_0_0000006_Structure_0001 RR1.TIFF,https://drive.google.com/file/d/1ewVqL4DnpdtJZrbKSZtUG6NDSkpfphEI/view?usp=sharing,4,4,3,,3,FALSE,FALSE,TRUE,FALSE,FALSE,4,4
