0,/data/yue/pepple/classification/data/Images for AI analysis/AC_imgs_r512_c512/20190710mouse1_OD_L_4_90_0000363_Structure_0001 RA 49.png
0,/data/yue/pepple/classification/data/Images for AI analysis/AC_imgs_r512_c512/20190710mouse1_OD_L_4_90_0000380_Structure_0001ra 56.png
0,/data/yue/pepple/classification/data/Images for AI analysis/AC_imgs_r512_c512/20190710mouse1_OS_L_4_90_0000370_Structure_0001 LA 49.png
0,/data/yue/pepple/classification/data/Images for AI analysis/AC_imgs_r512_c512/20190710mouse1_OS_L_4_90_0000370_Structure_0001 LA56.png
0,/data/yue/pepple/classification/data/Images for AI analysis/AC_imgs_r512_c512/20190710mouse2_OD_L_4_90_0000344_Structure_0001 RA49.png
0,/data/yue/pepple/classification/data/Images for AI analysis/AC_imgs_r512_c512/20190710mouse2_OD_L_4_90_0000398_Structure_0001 RA56.png
0,/data/yue/pepple/classification/data/Images for AI analysis/AC_imgs_r512_c512/20190710mouse2_OS_L_4_90_0000338_Structure_0001 LA49.png
0,/data/yue/pepple/classification/data/Images for AI analysis/AC_imgs_r512_c512/20190710mouse2_OS_L_4_90_0000408_Structure_0001 LA56.png
4,/data/yue/pepple/classification/data/Images for AI analysis/AC_imgs_r512_c512/20190919mouse2_OD_L_4_90_0000006_Structure_0001 RA2.png
4,/data/yue/pepple/classification/data/Images for AI analysis/AC_imgs_r512_c512/20190919mouse4_OD_L_4_90_0000006_Structure_0001 RA2.png
4,/data/yue/pepple/classification/data/Images for AI analysis/AC_imgs_r512_c512/20190919mouse6_OD_L_4_90_0000006_Structure_0001 RA2.png
4,/data/yue/pepple/classification/data/Images for AI analysis/AC_imgs_r512_c512/20190919mouse8_OD_L_4_90_0000016_Structure_0001 RA2.png
3,/data/yue/pepple/classification/data/Images for AI analysis/AC_imgs_r512_c512/20190920mouse1_OD_L_4_90_0000016_Structure_0001 RA 1.png
0.5,/data/yue/pepple/classification/data/Images for AI analysis/AC_imgs_r512_c512/20190920mouse1_OD_L_4_90_0000036_Structure_0001 RA 55.png
2,/data/yue/pepple/classification/data/Images for AI analysis/AC_imgs_r512_c512/20190920mouse2_OD_L_4_90_0000006_Structure_0001RA 1.png
0,/data/yue/pepple/classification/data/Images for AI analysis/AC_imgs_r512_c512/20190920mouse2_OD_L_4_90_0000026_Structure_0001 RA 55.png
2,/data/yue/pepple/classification/data/Images for AI analysis/AC_imgs_r512_c512/20190920mouse4_OD_L_4_90_0000006_Structure_0001 RA 1.png
0,/data/yue/pepple/classification/data/Images for AI analysis/AC_imgs_r512_c512/20190920mouse4_OD_L_4_90_0000036_Structure_0001 RA 55.png
1,/data/yue/pepple/classification/data/Images for AI analysis/AC_imgs_r512_c512/20190920mouse5_OD_L_4_90_0000016_Structure_0001 RA 1.png
0,/data/yue/pepple/classification/data/Images for AI analysis/AC_imgs_r512_c512/20190920mouse5_OD_L_4_90_0000026_Structure_0001 RA 55.png
3,/data/yue/pepple/classification/data/Images for AI analysis/AC_imgs_r512_c512/20190925mouse1_OD_L_4_90_0000006_Structure_0001 RA2.png
0,/data/yue/pepple/classification/data/Images for AI analysis/AC_imgs_r512_c512/20190925mouse1_OD_L_4_90_0000036_Structure_0001 ra 35.png
1,/data/yue/pepple/classification/data/Images for AI analysis/AC_imgs_r512_c512/20190925mouse11_OD_L_4_90_0000016_Structure_0001 RA 1.png
0.5,/data/yue/pepple/classification/data/Images for AI analysis/AC_imgs_r512_c512/20190925mouse11_OD_L_4_90_0000036_Structure_0001 RA 55.png
2,/data/yue/pepple/classification/data/Images for AI analysis/AC_imgs_r512_c512/20190925mouse12_OD_L_4_90_0000006_Structure_0001 RA 1.png
0.5,/data/yue/pepple/classification/data/Images for AI analysis/AC_imgs_r512_c512/20190925mouse12_OD_L_4_90_0000026_Structure_0001RA 55.png
1,/data/yue/pepple/classification/data/Images for AI analysis/AC_imgs_r512_c512/20190925mouse14_OD_L_4_90_0000006_Structure_0001RA 1.png
3,/data/yue/pepple/classification/data/Images for AI analysis/AC_imgs_r512_c512/20190925mouse15_OD_L_4_90_0000016_Structure_0001RA 1.png
2,/data/yue/pepple/classification/data/Images for AI analysis/AC_imgs_r512_c512/20190925mouse15_OD_L_4_90_0000036_Structure_0001RA 55.png
4,/data/yue/pepple/classification/data/Images for AI analysis/AC_imgs_r512_c512/20190925mouse17_OD_L_4_90_0000016_Structure_0001 RA 1.png
0,/data/yue/pepple/classification/data/Images for AI analysis/AC_imgs_r512_c512/20190925mouse17_OD_L_4_90_0000026_Structure_0001 RA28.png
4,/data/yue/pepple/classification/data/Images for AI analysis/AC_imgs_r512_c512/20190925mouse18_OD_L_4_90_0000006_Structure_0001 RA 1.png
0,/data/yue/pepple/classification/data/Images for AI analysis/AC_imgs_r512_c512/20190925mouse18_OD_L_4_90_0000026_Structure_0001 RA28.png
3,/data/yue/pepple/classification/data/Images for AI analysis/AC_imgs_r512_c512/20190925mouse19_OD_L_4_90_0000016_Structure_0001 RA 1.png
2,/data/yue/pepple/classification/data/Images for AI analysis/AC_imgs_r512_c512/20190925mouse19_OD_L_4_90_0000036_Structure_0001 RA28.png
4,/data/yue/pepple/classification/data/Images for AI analysis/AC_imgs_r512_c512/20190925mouse2_OD_L_4_90_0000016_Structure_0001 RA2.png
0.5,/data/yue/pepple/classification/data/Images for AI analysis/AC_imgs_r512_c512/20190925mouse2_OD_L_4_90_0000026_Structure_0001 ra35.png
4,/data/yue/pepple/classification/data/Images for AI analysis/AC_imgs_r512_c512/20190925mouse20_OD_L_4_90_0000006_Structure_0001 RA 1.png
2,/data/yue/pepple/classification/data/Images for AI analysis/AC_imgs_r512_c512/20190925mouse4_OD_L_4_90_0000012_Structure_0001 RA2.png
0,/data/yue/pepple/classification/data/Images for AI analysis/AC_imgs_r512_c512/20190925mouse4_OD_L_4_90_0000026_Structure_0001 ra35.png
1,/data/yue/pepple/classification/data/Images for AI analysis/AC_imgs_r512_c512/20190925mouse5_OD_L_4_90_0000006_Structure_0001 RA2.png
1,/data/yue/pepple/classification/data/Images for AI analysis/AC_imgs_r512_c512/20190925mouse5_OD_L_4_90_0000036_Structure_0001 ra35.png
4,/data/yue/pepple/classification/data/Images for AI analysis/AC_imgs_r512_c512/20190925mouse6_OD_L_4_90_0000016_Structure_0001 RA2.png
1,/data/yue/pepple/classification/data/Images for AI analysis/AC_imgs_r512_c512/20190925mouse6_OD_L_4_90_0000026_Structure_0001 ra35.png
1,/data/yue/pepple/classification/data/Images for AI analysis/AC_imgs_r512_c512/20190925mouse7_OD_L_4_90_0000006_Structure_0001 RA2.png
0.5,/data/yue/pepple/classification/data/Images for AI analysis/AC_imgs_r512_c512/20190925mouse7_OD_L_4_90_0000036_Structure_0001 ra35.png
3,/data/yue/pepple/classification/data/Images for AI analysis/AC_imgs_r512_c512/20190925mouse8_OD_L_4_90_0000016_Structure_0001 RA2.png
1,/data/yue/pepple/classification/data/Images for AI analysis/AC_imgs_r512_c512/20190925mouse8_OD_L_4_90_0000026_Structure_0001 ra35.png
1,/data/yue/pepple/classification/data/Images for AI analysis/AC_imgs_r512_c512/20190925mouse9_OD_L_4_90_0000006_Structure_0001 RA2.png
0.5,/data/yue/pepple/classification/data/Images for AI analysis/AC_imgs_r512_c512/20190925mouse9_OD_L_4_90_0000036_Structure_0001 ra35.png
3,/data/yue/pepple/classification/data/Images for AI analysis/AC_imgs_r512_c512/20191003mouse1_OD_L_4_90_0000006_Structure_0001 ra2.png
1,/data/yue/pepple/classification/data/Images for AI analysis/AC_imgs_r512_c512/20191003mouse1_OD_L_4_90_0000026_Structure_0001 ra35.png
0.5,/data/yue/pepple/classification/data/Images for AI analysis/AC_imgs_r512_c512/20191003mouse5_OD_L_4_90_0000016_Structure_0001 ra2.png
0,/data/yue/pepple/classification/data/Images for AI analysis/AC_imgs_r512_c512/20191003mouse5_OD_L_4_90_0000036_Structure_0001 ra35.png
0,/data/yue/pepple/classification/data/Images for AI analysis/AC_imgs_r512_c512/20191003mouse6_OD_L_4_90_0000006_Structure_0001 ra2.png
1,/data/yue/pepple/classification/data/Images for AI analysis/AC_imgs_r512_c512/20191003mouse6_OD_L_4_90_0000026_Structure_0001 ra35.png
0.5,/data/yue/pepple/classification/data/Images for AI analysis/AC_imgs_r512_c512/20191003mouse8_OD_L_4_90_0000006_Structure_0001 ra2.png
1,/data/yue/pepple/classification/data/Images for AI analysis/AC_imgs_r512_c512/20191003mouse8_OD_L_4_90_0000026_Structure_0001 ra34.png
0,/data/yue/pepple/classification/data/Images for AI analysis/AC_imgs_r512_c512/20200207mouse1_OD_L_4_90_0000026_Structure_0001 RA28.png
3,/data/yue/pepple/classification/data/Images for AI analysis/AC_imgs_r512_c512/20200207mouse2_OD_L_4_90_0000036_Structure_0001 RA28.png
0,/data/yue/pepple/classification/data/Images for AI analysis/AC_imgs_r512_c512/20200207mouse4_OD_L_4_90_0000026_Structure_0001 RA28.png
0,/data/yue/pepple/classification/data/Images for AI analysis/AC_imgs_r512_c512/20200207mouse5_OD_L_4_90_0000032_Structure_0001 RA28.png
2,/data/yue/pepple/classification/data/Images for AI analysis/AC_imgs_r512_c512/20200207mouse6_OD_L_4_90_0000026_Structure_0001 RA28.png
1,/data/yue/pepple/classification/data/Images for AI analysis/AC_imgs_r512_c512/20200207mouse7_OD_L_4_90_0000026_Structure_0001 RA28.png
1,/data/yue/pepple/classification/data/Images for AI analysis/AC_imgs_r512_c512/20200207mouse8_OD_L_4_90_0000036_Structure_0001 RA28.png
0.5,/data/yue/pepple/classification/data/Images for AI analysis/AC_imgs_r512_c512/20200207mouse9_OD_L_4_90_0000036_Structure_0001 RA28.png
4,/data/yue/pepple/classification/data/Images for AI analysis/AC_imgs_r512_c512/20200220mouse1_OD_L_4_90_0000006_Structure_0001 ra1.png
1,/data/yue/pepple/classification/data/Images for AI analysis/AC_imgs_r512_c512/20200220mouse2_OD_L_4_90_0000016_Structure_0001 ra1.png
2,/data/yue/pepple/classification/data/Images for AI analysis/AC_imgs_r512_c512/20200220mouse4_OD_L_4_90_0000016_Structure_0001 ra1.png
2,/data/yue/pepple/classification/data/Images for AI analysis/AC_imgs_r512_c512/20200220mouse5_OD_L_4_90_0000012_Structure_0001 ra1.png
4,/data/yue/pepple/classification/data/Images for AI analysis/AC_imgs_r512_c512/20200220mouse6_OD_L_4_90_0000016_Structure_0001 ra1.png
4,/data/yue/pepple/classification/data/Images for AI analysis/AC_imgs_r512_c512/20200220mouse7_OD_L_4_90_0000006_Structure_0001 ra1.png
4,/data/yue/pepple/classification/data/Images for AI analysis/AC_imgs_r512_c512/20200220mouse8_OD_L_4_90_0000006_Structure_0001 ra1.png
2,/data/yue/pepple/classification/data/Images for AI analysis/AC_imgs_r512_c512/20200220mouse9_OD_L_4_90_0000016_Structure_0001 ra1.png
3,/data/yue/pepple/classification/data/Images for AI analysis/AC_imgs_r512_c512/20200221mouse1_OD_L_4_90_0000006_Structure_0001 ra1.png
1,/data/yue/pepple/classification/data/Images for AI analysis/AC_imgs_r512_c512/20200221mouse1_OD_L_4_90_0000026_Structure_0001 ra28.png
1,/data/yue/pepple/classification/data/Images for AI analysis/AC_imgs_r512_c512/20200221mouse2_OD_L_4_90_0000006_Structure_0001 ra1.png
2,/data/yue/pepple/classification/data/Images for AI analysis/AC_imgs_r512_c512/20200221mouse2_OD_L_4_90_0000026_Structure_0001 ra28.png
4,/data/yue/pepple/classification/data/Images for AI analysis/AC_imgs_r512_c512/20200221mouse4_OD_L_4_90_0000006_Structure_0001 ra1.png
0.5,/data/yue/pepple/classification/data/Images for AI analysis/AC_imgs_r512_c512/20200221mouse4_OD_L_4_90_0000022_Structure_0001 ra28.png
1,/data/yue/pepple/classification/data/Images for AI analysis/AC_imgs_r512_c512/20200221mouse5_OD_L_4_90_0000016_Structure_0001 ra1.png
2,/data/yue/pepple/classification/data/Images for AI analysis/AC_imgs_r512_c512/20200221mouse5_OD_L_4_90_0000026_Structure_0001 ra28.png
4,/data/yue/pepple/classification/data/Images for AI analysis/AC_imgs_r512_c512/20200221mouse6_OD_L_4_90_0000006_Structure_0001 ra1.png
4,/data/yue/pepple/classification/data/Images for AI analysis/AC_imgs_r512_c512/20200221mouse6_OD_L_4_90_0000016_Structure_0001 ra28.png
2,/data/yue/pepple/classification/data/Images for AI analysis/AC_imgs_r512_c512/20200221mouse7_OD_L_4_90_0000012_Structure_0001 ra1.png
1,/data/yue/pepple/classification/data/Images for AI analysis/AC_imgs_r512_c512/20200221mouse7_OD_L_4_90_0000026_Structure_0001 ra28.png
4,/data/yue/pepple/classification/data/Images for AI analysis/AC_imgs_r512_c512/20200221mouse8_OD_L_4_90_0000006_Structure_0001 ra1.png
1,/data/yue/pepple/classification/data/Images for AI analysis/AC_imgs_r512_c512/20200221mouse8_OD_L_4_90_0000016_Structure_0001 ra28.png
1,/data/yue/pepple/classification/data/Images for AI analysis/AC_imgs_r512_c512/20200221mouse9_OD_L_4_90_0000006_Structure_0001 ra1.png
1,/data/yue/pepple/classification/data/Images for AI analysis/AC_imgs_r512_c512/20200221mouse9_OD_L_4_90_0000036_Structure_0001 ra28.png
0,/data/yue/pepple/classification/data/Images for AI analysis/AC_imgs_r512_c512/20200225mouse1_OD_L_4_90_0000006_Structure_0001 ra 0.png
3,/data/yue/pepple/classification/data/Images for AI analysis/AC_imgs_r512_c512/20200225mouse1_OD_L_4_90_0000036_Structure_0001 ra 10h .png
1,/data/yue/pepple/classification/data/Images for AI analysis/AC_imgs_r512_c512/20200225mouse1_OD_L_4_90_0000056_Structure_0001 ra 1.png
1,/data/yue/pepple/classification/data/Images for AI analysis/AC_imgs_r512_c512/20200225mouse1_OD_L_4_90_0000062_Structure_0001 ra2.png
0,/data/yue/pepple/classification/data/Images for AI analysis/AC_imgs_r512_c512/20200225mouse2_OD_L_4_90_0000016_Structure_0001 ra 0.png
2,/data/yue/pepple/classification/data/Images for AI analysis/AC_imgs_r512_c512/20200225mouse2_OD_L_4_90_0000022_Structure_0001 ra 10h.png
1,/data/yue/pepple/classification/data/Images for AI analysis/AC_imgs_r512_c512/20200225mouse2_OD_L_4_90_0000042_Structure_0001 ra 1.png
2,/data/yue/pepple/classification/data/Images for AI analysis/AC_imgs_r512_c512/20200225mouse2_OD_L_4_90_0000068_Structure_0001 ra2.png
0,/data/yue/pepple/classification/data/Images for AI analysis/AC_imgs_r512_c512/20200225mouse4_OD_L_4_90_0000016_Structure_0001 ra 0.png
0.5,/data/yue/pepple/classification/data/Images for AI analysis/AC_imgs_r512_c512/20200225mouse4_OD_L_4_90_0000036_Structure_0001 ra 10h.png
3,/data/yue/pepple/classification/data/Images for AI analysis/AC_imgs_r512_c512/20200225mouse4_OD_L_4_90_0000046_Structure_0001 ra 1.png
4,/data/yue/pepple/classification/data/Images for AI analysis/AC_imgs_r512_c512/20200225mouse4_OD_L_4_90_0000076_Structure_0001 ra2.png
0,/data/yue/pepple/classification/data/Images for AI analysis/AC_imgs_r512_c512/20200225mouse5_OD_L_4_90_0000006_Structure_0001 ra 0.png
1,/data/yue/pepple/classification/data/Images for AI analysis/AC_imgs_r512_c512/20200225mouse5_OD_L_4_90_0000032_Structure_0001 ra 10h.png
3,/data/yue/pepple/classification/data/Images for AI analysis/AC_imgs_r512_c512/20200225mouse5_OD_L_4_90_0000046_Structure_0001 ra 1.png
2,/data/yue/pepple/classification/data/Images for AI analysis/AC_imgs_r512_c512/20200225mouse5_OD_L_4_90_0000066_Structure_0001 ra2.png
0,/data/yue/pepple/classification/data/Images for AI analysis/AC_imgs_r512_c512/20200225mouse6_OD_L_4_90_0000016_Structure_0001 ra 0.png
2,/data/yue/pepple/classification/data/Images for AI analysis/AC_imgs_r512_c512/20200225mouse6_OD_L_4_90_0000026_Structure_0001 ra 10h.png
2,/data/yue/pepple/classification/data/Images for AI analysis/AC_imgs_r512_c512/20200225mouse6_OD_L_4_90_0000046_Structure_0001 ra1.png
3,/data/yue/pepple/classification/data/Images for AI analysis/AC_imgs_r512_c512/20200225mouse6_OD_L_4_90_0000076_Structure_0001 ra2.png
0,/data/yue/pepple/classification/data/Images for AI analysis/AC_imgs_r512_c512/20200225mouse7_OD_L_4_90_0000006_Structure_0001 ra 0.png
2,/data/yue/pepple/classification/data/Images for AI analysis/AC_imgs_r512_c512/20200225mouse7_OD_L_4_90_0000036_Structure_0001 ra 10h.png
2,/data/yue/pepple/classification/data/Images for AI analysis/AC_imgs_r512_c512/20200225mouse7_OD_L_4_90_0000056_Structure_0001 ra 1.png
4,/data/yue/pepple/classification/data/Images for AI analysis/AC_imgs_r512_c512/20200225mouse7_OD_L_4_90_0000072_Structure_0001 ra2.png
0,/data/yue/pepple/classification/data/Images for AI analysis/AC_imgs_r512_c512/20200225mouse8_OD_L_4_90_0000026_Structure_0001 ra 10h.png
0,/data/yue/pepple/classification/data/Images for AI analysis/AC_imgs_r512_c512/20200225mouse8_OD_L_4_90_0000046_Structure_0001 ra 1.png
0.5,/data/yue/pepple/classification/data/Images for AI analysis/AC_imgs_r512_c512/20200225mouse8_OD_L_4_90_0000066_Structure_0001 ra2.png
0,/data/yue/pepple/classification/data/Images for AI analysis/AC_imgs_r512_c512/20200225mouse9_OD_L_4_90_0000006_Structure_0001 ra 0.png
1,/data/yue/pepple/classification/data/Images for AI analysis/AC_imgs_r512_c512/20200225mouse9_OD_L_4_90_0000036_Structure_0001 ra 10h.png
4,/data/yue/pepple/classification/data/Images for AI analysis/AC_imgs_r512_c512/20200225mouse9_OD_L_4_90_0000056_Structure_0001 ra 1.png
4,/data/yue/pepple/classification/data/Images for AI analysis/AC_imgs_r512_c512/20200225mouse9_OD_L_4_90_0000066_Structure_0001 ra2.png
4,/data/yue/pepple/classification/data/Images for AI analysis/AC_imgs_r512_c512/20200226mouse1_OD_L_4_90_0000006_Structure_0001 ra1.png
2,/data/yue/pepple/classification/data/Images for AI analysis/AC_imgs_r512_c512/20200226mouse1_OD_L_4_90_0000042_Structure_0001 ra28.png
0,/data/yue/pepple/classification/data/Images for AI analysis/AC_imgs_r512_c512/20200226mouse11_OD_L_4_90_0000016_Structure_0001 ra 0.png
2,/data/yue/pepple/classification/data/Images for AI analysis/AC_imgs_r512_c512/20200226mouse11_OD_L_4_90_0000036_Structure_0001 ra 10h.png
2,/data/yue/pepple/classification/data/Images for AI analysis/AC_imgs_r512_c512/20200226mouse11_OD_L_4_90_0000056_Structure_0001 ra 1.png
4,/data/yue/pepple/classification/data/Images for AI analysis/AC_imgs_r512_c512/20200226mouse11_OD_L_4_90_0000066_Structure_0001 ra2.png
0,/data/yue/pepple/classification/data/Images for AI analysis/AC_imgs_r512_c512/20200226mouse12_OD_L_4_90_0000006_Structure_0001 ra 0.png
3,/data/yue/pepple/classification/data/Images for AI analysis/AC_imgs_r512_c512/20200226mouse12_OD_L_4_90_0000026_Structure_0001 ra 10h.png
3,/data/yue/pepple/classification/data/Images for AI analysis/AC_imgs_r512_c512/20200226mouse12_OD_L_4_90_0000046_Structure_0001 ra 1.png
2,/data/yue/pepple/classification/data/Images for AI analysis/AC_imgs_r512_c512/20200226mouse12_OD_L_4_90_0000068_Structure_0001 ra2.png
0,/data/yue/pepple/classification/data/Images for AI analysis/AC_imgs_r512_c512/20200226mouse14_OD_L_4_90_0000006_Structure_0001 ra 0.png
2,/data/yue/pepple/classification/data/Images for AI analysis/AC_imgs_r512_c512/20200226mouse14_OD_L_4_90_0000026_Structure_0001 ra 10h.png
2,/data/yue/pepple/classification/data/Images for AI analysis/AC_imgs_r512_c512/20200226mouse14_OD_L_4_90_0000036_Structure_0001 ra 1.png
3,/data/yue/pepple/classification/data/Images for AI analysis/AC_imgs_r512_c512/20200226mouse14_OD_L_4_90_0000066_Structure_0001 ra2.png
0,/data/yue/pepple/classification/data/Images for AI analysis/AC_imgs_r512_c512/20200226mouse15_OD_L_4_90_0000016_Structure_0001 ra 0.png
2,/data/yue/pepple/classification/data/Images for AI analysis/AC_imgs_r512_c512/20200226mouse15_OD_L_4_90_0000036_Structure_0001 ra 10h.png
2,/data/yue/pepple/classification/data/Images for AI analysis/AC_imgs_r512_c512/20200226mouse15_OD_L_4_90_0000056_Structure_0001 ra 1.png
4,/data/yue/pepple/classification/data/Images for AI analysis/AC_imgs_r512_c512/20200226mouse15_OD_L_4_90_0000066_Structure_0001 ra2.png
0,/data/yue/pepple/classification/data/Images for AI analysis/AC_imgs_r512_c512/20200226mouse17_OD_L_4_90_0000016_Structure_0001 ra 0.png
2,/data/yue/pepple/classification/data/Images for AI analysis/AC_imgs_r512_c512/20200226mouse17_OD_L_4_90_0000036_Structure_0001 ra 10h.png
4,/data/yue/pepple/classification/data/Images for AI analysis/AC_imgs_r512_c512/20200226mouse17_OD_L_4_90_0000052_Structure_0001 ra 1.png
4,/data/yue/pepple/classification/data/Images for AI analysis/AC_imgs_r512_c512/20200226mouse17_OD_L_4_90_0000066_Structure_0001 ra2.png
0,/data/yue/pepple/classification/data/Images for AI analysis/AC_imgs_r512_c512/20200226mouse18_OD_L_4_90_0000006_Structure_0001 ra 0.png
4,/data/yue/pepple/classification/data/Images for AI analysis/AC_imgs_r512_c512/20200226mouse18_OD_L_4_90_0000026_Structure_0001 ra 10h.png
4,/data/yue/pepple/classification/data/Images for AI analysis/AC_imgs_r512_c512/20200226mouse18_OD_L_4_90_0000036_Structure_0001 ra 1.png
4,/data/yue/pepple/classification/data/Images for AI analysis/AC_imgs_r512_c512/20200226mouse18_OD_L_4_90_0000046_Structure_0001 ra2.png
0,/data/yue/pepple/classification/data/Images for AI analysis/AC_imgs_r512_c512/20200226mouse19_OD_L_4_90_0000016_Structure_0001 ra 0.png
3,/data/yue/pepple/classification/data/Images for AI analysis/AC_imgs_r512_c512/20200226mouse19_OD_L_4_90_0000032_Structure_0001 ra 10h.png
4,/data/yue/pepple/classification/data/Images for AI analysis/AC_imgs_r512_c512/20200226mouse19_OD_L_4_90_0000052_Structure_0001 ra 1.png
4,/data/yue/pepple/classification/data/Images for AI analysis/AC_imgs_r512_c512/20200226mouse19_OD_L_4_90_0000062_Structure_0001 ra2.png
3,/data/yue/pepple/classification/data/Images for AI analysis/AC_imgs_r512_c512/20200226mouse2_OD_L_4_90_0000006_Structure_0001 ra1.png
1,/data/yue/pepple/classification/data/Images for AI analysis/AC_imgs_r512_c512/20200226mouse2_OD_L_4_90_0000016_Structure_0001 ra28.png
4,/data/yue/pepple/classification/data/Images for AI analysis/AC_imgs_r512_c512/20200226mouse4_OD_L_4_90_0000006_Structure_0001 RA1.png
2,/data/yue/pepple/classification/data/Images for AI analysis/AC_imgs_r512_c512/20200226mouse4_OD_L_4_90_0000036_Structure_0001 ra28.png
3,/data/yue/pepple/classification/data/Images for AI analysis/AC_imgs_r512_c512/20200226mouse5_OD_L_4_90_0000016_Structure_0001 RA1.png
0,/data/yue/pepple/classification/data/Images for AI analysis/AC_imgs_r512_c512/20200226mouse5_OD_L_4_90_0000036_Structure_0001 ra28.png
2,/data/yue/pepple/classification/data/Images for AI analysis/AC_imgs_r512_c512/20200226mouse6_OD_L_4_90_0000006_Structure_0001 RA1.png
0.5,/data/yue/pepple/classification/data/Images for AI analysis/AC_imgs_r512_c512/20200226mouse6_OD_L_4_90_0000036_Structure_0001 ra28.png
3,/data/yue/pepple/classification/data/Images for AI analysis/AC_imgs_r512_c512/20200226mouse7_OD_L_4_90_0000016_Structure_0001 RA1.png
2,/data/yue/pepple/classification/data/Images for AI analysis/AC_imgs_r512_c512/20200226mouse7_OD_L_4_90_0000026_Structure_0001 ra28.png
3,/data/yue/pepple/classification/data/Images for AI analysis/AC_imgs_r512_c512/20200226mouse8_OD_L_4_90_0000006_Structure_0001 ra1.png
0.5,/data/yue/pepple/classification/data/Images for AI analysis/AC_imgs_r512_c512/20200226mouse8_OD_L_4_90_0000026_Structure_0001 ra28.png
2,/data/yue/pepple/classification/data/Images for AI analysis/AC_imgs_r512_c512/20200226mouse9_OD_L_4_90_0000016_Structure_0001 ra1.png
0.5,/data/yue/pepple/classification/data/Images for AI analysis/AC_imgs_r512_c512/20200226mouse9_OD_L_4_90_0000036_Structure_0001 ra28.png
0,/data/yue/pepple/classification/data/Images for AI analysis/AC_imgs_r512_c512/20200421mouse1_OD_L_4_90_0000016_Structure_0001 RA1.png
0,/data/yue/pepple/classification/data/Images for AI analysis/AC_imgs_r512_c512/20200421mouse1_OD_L_4_90_0000036_Structure_0001 RA14.png
0,/data/yue/pepple/classification/data/Images for AI analysis/AC_imgs_r512_c512/20200421mouse1_OD_L_4_90_0000060_Structure_0001 RA21.png
0,/data/yue/pepple/classification/data/Images for AI analysis/AC_imgs_r512_c512/20200421mouse1_OD_L_4_90_0000080_Structure_0001 ra28.png
0,/data/yue/pepple/classification/data/Images for AI analysis/AC_imgs_r512_c512/20200421mouse1_OD_L_4_90_0000090_Structure_0001 RA35.png
0,/data/yue/pepple/classification/data/Images for AI analysis/AC_imgs_r512_c512/20200421mouse1_OD_L_4_90_0000120_Structure_0001 RA42.png
0,/data/yue/pepple/classification/data/Images for AI analysis/AC_imgs_r512_c512/20200421mouse1_OD_L_4_90_0000140_Structure_0001 RA49.png
0,/data/yue/pepple/classification/data/Images for AI analysis/AC_imgs_r512_c512/20200421mouse1_OD_L_4_90_0000160_Structure_0001 RA54.png
0,/data/yue/pepple/classification/data/Images for AI analysis/AC_imgs_r512_c512/20200421mouse11_OD_L_4_90_0000016_Structure_0001 RA1.png
0,/data/yue/pepple/classification/data/Images for AI analysis/AC_imgs_r512_c512/20200421mouse11_OD_L_4_90_0000026_Structure_0001 RA14.png
0,/data/yue/pepple/classification/data/Images for AI analysis/AC_imgs_r512_c512/20200421mouse11_OD_L_4_90_0000056_Structure_0001 RA21.png
0,/data/yue/pepple/classification/data/Images for AI analysis/AC_imgs_r512_c512/20200421mouse11_OD_L_4_90_0000076_Structure_0001 ra28.png
0,/data/yue/pepple/classification/data/Images for AI analysis/AC_imgs_r512_c512/20200421mouse11_OD_L_4_90_0000086_Structure_0001 RA35.png
0,/data/yue/pepple/classification/data/Images for AI analysis/AC_imgs_r512_c512/20200421mouse11_OD_L_4_90_0000118_Structure_0001 RA42.png
0,/data/yue/pepple/classification/data/Images for AI analysis/AC_imgs_r512_c512/20200421mouse11_OD_L_4_90_0000142_Structure_0001 RA49.png
0,/data/yue/pepple/classification/data/Images for AI analysis/AC_imgs_r512_c512/20200421mouse11_OD_L_4_90_0000152_Structure_0001 RA54.png
3,/data/yue/pepple/classification/data/Images for AI analysis/AC_imgs_r512_c512/20200421mouse12_OD_L_4_90_0000006_Structure_0001 RA1.png
1,/data/yue/pepple/classification/data/Images for AI analysis/AC_imgs_r512_c512/20200421mouse12_OD_L_4_90_0000036_Structure_0001 RA14.png
1,/data/yue/pepple/classification/data/Images for AI analysis/AC_imgs_r512_c512/20200421mouse12_OD_L_4_90_0000046_Structure_0001 RA21.png
1,/data/yue/pepple/classification/data/Images for AI analysis/AC_imgs_r512_c512/20200421mouse12_OD_L_4_90_0000066_Structure_0001 ra28.png
1,/data/yue/pepple/classification/data/Images for AI analysis/AC_imgs_r512_c512/20200421mouse12_OD_L_4_90_0000096_Structure_0001 RA35.png
0.5,/data/yue/pepple/classification/data/Images for AI analysis/AC_imgs_r512_c512/20200421mouse12_OD_L_4_90_0000106_Structure_0001 RA42.png
0,/data/yue/pepple/classification/data/Images for AI analysis/AC_imgs_r512_c512/20200421mouse14_OD_L_4_90_0000006_Structure_0001 RA1.png
0,/data/yue/pepple/classification/data/Images for AI analysis/AC_imgs_r512_c512/20200421mouse14_OD_L_4_90_0000036_Structure_0001 RA14.png
0,/data/yue/pepple/classification/data/Images for AI analysis/AC_imgs_r512_c512/20200421mouse14_OD_L_4_90_0000046_Structure_0001 RA21.png
0,/data/yue/pepple/classification/data/Images for AI analysis/AC_imgs_r512_c512/20200421mouse14_OD_L_4_90_0000066_Structure_0001 ra28.png
0,/data/yue/pepple/classification/data/Images for AI analysis/AC_imgs_r512_c512/20200421mouse14_OD_L_4_90_0000086_Structure_0001 RA35.png
0,/data/yue/pepple/classification/data/Images for AI analysis/AC_imgs_r512_c512/20200421mouse14_OD_L_4_90_0000116_Structure_0001 RA42.png
0,/data/yue/pepple/classification/data/Images for AI analysis/AC_imgs_r512_c512/20200421mouse14_OD_L_4_90_0000136_Structure_0001 RA49.png
0,/data/yue/pepple/classification/data/Images for AI analysis/AC_imgs_r512_c512/20200421mouse14_OD_L_4_90_0000156_Structure_0001 RA54.png
0,/data/yue/pepple/classification/data/Images for AI analysis/AC_imgs_r512_c512/20200421mouse15_OD_L_4_90_0000016_Structure_0001 RA1.png
0,/data/yue/pepple/classification/data/Images for AI analysis/AC_imgs_r512_c512/20200421mouse15_OD_L_4_90_0000026_Structure_0001 RA14.png
0,/data/yue/pepple/classification/data/Images for AI analysis/AC_imgs_r512_c512/20200421mouse15_OD_L_4_90_0000056_Structure_0001 RA21.png
0,/data/yue/pepple/classification/data/Images for AI analysis/AC_imgs_r512_c512/20200421mouse15_OD_L_4_90_0000076_Structure_0001 ra28.png
0,/data/yue/pepple/classification/data/Images for AI analysis/AC_imgs_r512_c512/20200421mouse15_OD_L_4_90_0000096_Structure_0001 RA35.png
0,/data/yue/pepple/classification/data/Images for AI analysis/AC_imgs_r512_c512/20200421mouse15_OD_L_4_90_0000136_Structure_0001 RA49.png
0,/data/yue/pepple/classification/data/Images for AI analysis/AC_imgs_r512_c512/20200421mouse15_OD_L_4_90_0000146_Structure_0001 RA56.png
0,/data/yue/pepple/classification/data/Images for AI analysis/AC_imgs_r512_c512/20200421mouse17_OD_L_4_90_0000016_Structure_0001 RA1.png
0,/data/yue/pepple/classification/data/Images for AI analysis/AC_imgs_r512_c512/20200421mouse17_OD_L_4_90_0000026_Structure_0001 RA14.png
0,/data/yue/pepple/classification/data/Images for AI analysis/AC_imgs_r512_c512/20200421mouse17_OD_L_4_90_0000056_Structure_0001 RA21.png
0,/data/yue/pepple/classification/data/Images for AI analysis/AC_imgs_r512_c512/20200421mouse17_OD_L_4_90_0000076_Structure_0001 ra28.png
2,/data/yue/pepple/classification/data/Images for AI analysis/AC_imgs_r512_c512/20200421mouse18_OD_L_4_90_0000006_Structure_0001 RA1.png
0,/data/yue/pepple/classification/data/Images for AI analysis/AC_imgs_r512_c512/20200421mouse18_OD_L_4_90_0000036_Structure_0001 RA14.png
0,/data/yue/pepple/classification/data/Images for AI analysis/AC_imgs_r512_c512/20200421mouse18_OD_L_4_90_0000046_Structure_0001 RA21.png
0,/data/yue/pepple/classification/data/Images for AI analysis/AC_imgs_r512_c512/20200421mouse18_OD_L_4_90_0000066_Structure_0001 ra28.png
2,/data/yue/pepple/classification/data/Images for AI analysis/AC_imgs_r512_c512/20200421mouse19_OD_L_4_90_0000016_Structure_0001 RA1.png
0,/data/yue/pepple/classification/data/Images for AI analysis/AC_imgs_r512_c512/20200421mouse19_OD_L_4_90_0000026_Structure_0001 RA14.png
0,/data/yue/pepple/classification/data/Images for AI analysis/AC_imgs_r512_c512/20200421mouse19_OD_L_4_90_0000056_Structure_0001 RA21.png
0,/data/yue/pepple/classification/data/Images for AI analysis/AC_imgs_r512_c512/20200421mouse19_OD_L_4_90_0000096_Structure_0001 RA28.png
0,/data/yue/pepple/classification/data/Images for AI analysis/AC_imgs_r512_c512/20200421mouse2_OD_L_4_90_0000006_Structure_0001 RA1.png
0,/data/yue/pepple/classification/data/Images for AI analysis/AC_imgs_r512_c512/20200421mouse2_OD_L_4_90_0000036_Structure_0001 RA14.png
0,/data/yue/pepple/classification/data/Images for AI analysis/AC_imgs_r512_c512/20200421mouse2_OD_L_4_90_0000046_Structure_0001 RA21.png
0,/data/yue/pepple/classification/data/Images for AI analysis/AC_imgs_r512_c512/20200421mouse2_OD_L_4_90_0000066_Structure_0001 ra28.png
0,/data/yue/pepple/classification/data/Images for AI analysis/AC_imgs_r512_c512/20200421mouse2_OD_L_4_90_0000096_Structure_0001 RA35.png
0,/data/yue/pepple/classification/data/Images for AI analysis/AC_imgs_r512_c512/20200421mouse2_OD_L_4_90_0000106_Structure_0001 RA42.png
0,/data/yue/pepple/classification/data/Images for AI analysis/AC_imgs_r512_c512/20200421mouse2_OD_L_4_90_0000126_Structure_0001 RA49.png
0,/data/yue/pepple/classification/data/Images for AI analysis/AC_imgs_r512_c512/20200421mouse2_OD_L_4_90_0000146_Structure_0001 RA54.png
2,/data/yue/pepple/classification/data/Images for AI analysis/AC_imgs_r512_c512/20200421mouse20_OD_L_4_90_0000012_Structure_0001 RA1.png
0,/data/yue/pepple/classification/data/Images for AI analysis/AC_imgs_r512_c512/20200421mouse20_OD_L_4_90_0000048_Structure_0001 RA14.png
0,/data/yue/pepple/classification/data/Images for AI analysis/AC_imgs_r512_c512/20200421mouse20_OD_L_4_90_0000058_Structure_0001 RA21.png
0,/data/yue/pepple/classification/data/Images for AI analysis/AC_imgs_r512_c512/20200421mouse20_OD_L_4_90_0000088_Structure_0001 RA35.png
0,/data/yue/pepple/classification/data/Images for AI analysis/AC_imgs_r512_c512/20200421mouse20_OD_L_4_90_0000118_Structure_0001 RA49.png
0,/data/yue/pepple/classification/data/Images for AI analysis/AC_imgs_r512_c512/20200421mouse20_OD_L_4_90_0000144_Structure_0001 RA54.png
2,/data/yue/pepple/classification/data/Images for AI analysis/AC_imgs_r512_c512/20200421mouse21_OD_L_4_90_0000016_Structure_0001 RA1.png
0,/data/yue/pepple/classification/data/Images for AI analysis/AC_imgs_r512_c512/20200421mouse21_OD_L_4_90_0000026_Structure_0001 RA14.png
0,/data/yue/pepple/classification/data/Images for AI analysis/AC_imgs_r512_c512/20200421mouse21_OD_L_4_90_0000056_Structure_0001 RA21.png
0,/data/yue/pepple/classification/data/Images for AI analysis/AC_imgs_r512_c512/20200421mouse21_OD_L_4_90_0000066_Structure_0001 RA28.png
0,/data/yue/pepple/classification/data/Images for AI analysis/AC_imgs_r512_c512/20200421mouse21_OD_L_4_90_0000086_Structure_0001 RA54.png
0,/data/yue/pepple/classification/data/Images for AI analysis/AC_imgs_r512_c512/20200421mouse22_OD_L_4_90_0000006_Structure_0001 RA1.png
0,/data/yue/pepple/classification/data/Images for AI analysis/AC_imgs_r512_c512/20200421mouse22_OD_L_4_90_0000032_Structure_0001 RA14.png
0,/data/yue/pepple/classification/data/Images for AI analysis/AC_imgs_r512_c512/20200421mouse22_OD_L_4_90_0000046_Structure_0001 RA21.png
0,/data/yue/pepple/classification/data/Images for AI analysis/AC_imgs_r512_c512/20200421mouse22_OD_L_4_90_0000076_Structure_0001 RA28.png
0,/data/yue/pepple/classification/data/Images for AI analysis/AC_imgs_r512_c512/20200421mouse22_OD_L_4_90_0000086_Structure_0001 RA35.png
0,/data/yue/pepple/classification/data/Images for AI analysis/AC_imgs_r512_c512/20200421mouse22_OD_L_4_90_0000126_Structure_0001 RA49.png
0,/data/yue/pepple/classification/data/Images for AI analysis/AC_imgs_r512_c512/20200421mouse22_OD_L_4_90_0000146_Structure_0001 RA54.png
0,/data/yue/pepple/classification/data/Images for AI analysis/AC_imgs_r512_c512/20200421mouse4_OD_L_4_90_0000006_Structure_0001 RA1.png
0,/data/yue/pepple/classification/data/Images for AI analysis/AC_imgs_r512_c512/20200421mouse4_OD_L_4_90_0000036_Structure_0001 RA14.png
0,/data/yue/pepple/classification/data/Images for AI analysis/AC_imgs_r512_c512/20200421mouse4_OD_L_4_90_0000046_Structure_0001 RA21.png
0,/data/yue/pepple/classification/data/Images for AI analysis/AC_imgs_r512_c512/20200421mouse4_OD_L_4_90_0000066_Structure_0001 ra28.png
0,/data/yue/pepple/classification/data/Images for AI analysis/AC_imgs_r512_c512/20200421mouse5_OD_L_4_90_0000016_Structure_0001 RA1.png
0,/data/yue/pepple/classification/data/Images for AI analysis/AC_imgs_r512_c512/20200421mouse5_OD_L_4_90_0000026_Structure_0001 RA14.png
0,/data/yue/pepple/classification/data/Images for AI analysis/AC_imgs_r512_c512/20200421mouse5_OD_L_4_90_0000056_Structure_0001 RA21.png
0,/data/yue/pepple/classification/data/Images for AI analysis/AC_imgs_r512_c512/20200421mouse5_OD_L_4_90_0000076_Structure_0001 ra28.png
0,/data/yue/pepple/classification/data/Images for AI analysis/AC_imgs_r512_c512/20200421mouse6_OD_L_4_90_0000006_Structure_0001 RA1.png
0,/data/yue/pepple/classification/data/Images for AI analysis/AC_imgs_r512_c512/20200421mouse6_OD_L_4_90_0000036_Structure_0001 RA14.png
0,/data/yue/pepple/classification/data/Images for AI analysis/AC_imgs_r512_c512/20200421mouse6_OD_L_4_90_0000046_Structure_0001 RA21.png
0,/data/yue/pepple/classification/data/Images for AI analysis/AC_imgs_r512_c512/20200421mouse6_OD_L_4_90_0000066_Structure_0001 ra28.png
2,/data/yue/pepple/classification/data/Images for AI analysis/AC_imgs_r512_c512/20200421mouse7_OD_L_4_90_0000016_Structure_0001 RA1.png
1,/data/yue/pepple/classification/data/Images for AI analysis/AC_imgs_r512_c512/20200421mouse7_OD_L_4_90_0000026_Structure_0001 RA14.png
1,/data/yue/pepple/classification/data/Images for AI analysis/AC_imgs_r512_c512/20200421mouse7_OD_L_4_90_0000052_Structure_0001 RA21.png
1,/data/yue/pepple/classification/data/Images for AI analysis/AC_imgs_r512_c512/20200421mouse7_OD_L_4_90_0000076_Structure_0001 ra28.png
2,/data/yue/pepple/classification/data/Images for AI analysis/AC_imgs_r512_c512/20200421mouse8_OD_L_4_90_0000006_Structure_0001 RA1.png
1,/data/yue/pepple/classification/data/Images for AI analysis/AC_imgs_r512_c512/20200421mouse8_OD_L_4_90_0000036_Structure_0001 RA14.png
1,/data/yue/pepple/classification/data/Images for AI analysis/AC_imgs_r512_c512/20200421mouse8_OD_L_4_90_0000046_Structure_0001 RA21.png
1,/data/yue/pepple/classification/data/Images for AI analysis/AC_imgs_r512_c512/20200421mouse8_OD_L_4_90_0000066_Structure_0001 ra28.png
1,/data/yue/pepple/classification/data/Images for AI analysis/AC_imgs_r512_c512/20200421mouse8_OD_L_4_90_0000092_Structure_0001 RA35.png
0.5,/data/yue/pepple/classification/data/Images for AI analysis/AC_imgs_r512_c512/20200421mouse9_OD_L_4_90_0000016_Structure_0001 RA1.png
0,/data/yue/pepple/classification/data/Images for AI analysis/AC_imgs_r512_c512/20200421mouse9_OD_L_4_90_0000026_Structure_0001 RA14.png
0.5,/data/yue/pepple/classification/data/Images for AI analysis/AC_imgs_r512_c512/20200421mouse9_OD_L_4_90_0000056_Structure_0001 RA21.png
0,/data/yue/pepple/classification/data/Images for AI analysis/AC_imgs_r512_c512/20200421mouse9_OD_L_4_90_0000076_Structure_0001 ra28.png
0,/data/yue/pepple/classification/data/Images for AI analysis/AC_imgs_r512_c512/20200421mouse9_OD_L_4_90_0000086_Structure_0001 RA35.png
0,/data/yue/pepple/classification/data/Images for AI analysis/AC_imgs_r512_c512/20200421mouse9_OD_L_4_90_0000116_Structure_0001 RA42.png
0,/data/yue/pepple/classification/data/Images for AI analysis/AC_imgs_r512_c512/20200421mouse9_OD_L_4_90_0000136_Structure_0001 RA49.png
0,/data/yue/pepple/classification/data/Images for AI analysis/AC_imgs_r512_c512/20200421mouse9_OD_L_4_90_0000146_Structure_0001 RA54.png
0,/data/yue/pepple/classification/data/Images for AI analysis/AC_imgs_r512_c512/20200507mouse1_OD_L_4_90_0000016_Structure_0001 RA 0.png
3,/data/yue/pepple/classification/data/Images for AI analysis/AC_imgs_r512_c512/20200507mouse1_OD_L_4_90_0000036_Structure_0001 ra24h.png
3,/data/yue/pepple/classification/data/Images for AI analysis/AC_imgs_r512_c512/20200507mouse1_OD_L_4_90_0000046_Structure_0001 ra 10h.png
0.5,/data/yue/pepple/classification/data/Images for AI analysis/AC_imgs_r512_c512/20200507mouse1_OD_L_4_90_0000046_Structure_0001 ra2.png
0,/data/yue/pepple/classification/data/Images for AI analysis/AC_imgs_r512_c512/20200507mouse2_OD_L_4_90_0000006_Structure_0001 RA 0.png
1,/data/yue/pepple/classification/data/Images for AI analysis/AC_imgs_r512_c512/20200507mouse2_OD_L_4_90_0000026_Structure_0001 ra 10h.png
1,/data/yue/pepple/classification/data/Images for AI analysis/AC_imgs_r512_c512/20200507mouse2_OD_L_4_90_0000026_Structure_0001 ra24h.png
2,/data/yue/pepple/classification/data/Images for AI analysis/AC_imgs_r512_c512/20200507mouse2_OD_L_4_90_0000056_Structure_0001 ra2.png
0,/data/yue/pepple/classification/data/Images for AI analysis/AC_imgs_r512_c512/20200507mouse4_OD_L_4_90_0000006_Structure_0001 RA 0.png
4,/data/yue/pepple/classification/data/Images for AI analysis/AC_imgs_r512_c512/20200507mouse4_OD_L_4_90_0000026_Structure_0001 ra 10h.png
2,/data/yue/pepple/classification/data/Images for AI analysis/AC_imgs_r512_c512/20200507mouse4_OD_L_4_90_0000026_Structure_0001 ra24h.png
0.5,/data/yue/pepple/classification/data/Images for AI analysis/AC_imgs_r512_c512/20200507mouse4_OD_L_4_90_0000046_Structure_0001 ra2.png
0,/data/yue/pepple/classification/data/Images for AI analysis/AC_imgs_r512_c512/20200507mouse5_OD_L_4_90_0000016_Structure_0001 RA 0.png
2,/data/yue/pepple/classification/data/Images for AI analysis/AC_imgs_r512_c512/20200507mouse5_OD_L_4_90_0000036_Structure_0001 ra 10h.png
1,/data/yue/pepple/classification/data/Images for AI analysis/AC_imgs_r512_c512/20200507mouse5_OD_L_4_90_0000036_Structure_0001 ra24h.png
1,/data/yue/pepple/classification/data/Images for AI analysis/AC_imgs_r512_c512/20200507mouse5_OD_L_4_90_0000056_Structure_0001 ra2.png
0,/data/yue/pepple/classification/data/Images for AI analysis/AC_imgs_r512_c512/20200507mouse6_OD_L_4_90_0000006_Structure_0001 RA 0.png
3,/data/yue/pepple/classification/data/Images for AI analysis/AC_imgs_r512_c512/20200507mouse6_OD_L_4_90_0000026_Structure_0001 ra24h.png
3,/data/yue/pepple/classification/data/Images for AI analysis/AC_imgs_r512_c512/20200507mouse6_OD_L_4_90_0000040_Structure_0001 ra 10h.png
3,/data/yue/pepple/classification/data/Images for AI analysis/AC_imgs_r512_c512/20200507mouse6_OD_L_4_90_0000070_Structure_0001 ra2.png
0,/data/yue/pepple/classification/data/Images for AI analysis/AC_imgs_r512_c512/20200507mouse7_OD_L_4_90_0000016_Structure_0001 RA 0.png
3,/data/yue/pepple/classification/data/Images for AI analysis/AC_imgs_r512_c512/20200507mouse7_OD_L_4_90_0000036_Structure_0001 ra 10h.png
3,/data/yue/pepple/classification/data/Images for AI analysis/AC_imgs_r512_c512/20200507mouse7_OD_L_4_90_0000036_Structure_0001 ra24h.png
2,/data/yue/pepple/classification/data/Images for AI analysis/AC_imgs_r512_c512/20200507mouse7_OD_L_4_90_0000046_Structure_0001 ra2.png
0,/data/yue/pepple/classification/data/Images for AI analysis/AC_imgs_r512_c512/20200507mouse8_OD_L_4_90_0000006_Structure_0001 RA 0.png
2,/data/yue/pepple/classification/data/Images for AI analysis/AC_imgs_r512_c512/20200507mouse8_OD_L_4_90_0000026_Structure_0001 ra 10h.png
3,/data/yue/pepple/classification/data/Images for AI analysis/AC_imgs_r512_c512/20200507mouse8_OD_L_4_90_0000026_Structure_0001 ra24h.png
4,/data/yue/pepple/classification/data/Images for AI analysis/AC_imgs_r512_c512/20200507mouse8_OD_L_4_90_0000076_Structure_0001 ra2.png
0.5,/data/yue/pepple/classification/data/Images for AI analysis/AC_imgs_r512_c512/20200512mouse1_OD_L_4_90_0000016_Structure_0001 RA1.png
0,/data/yue/pepple/classification/data/Images for AI analysis/AC_imgs_r512_c512/20200512mouse11_OD_L_4_90_0000016_Structure_0001 ra 0.png
3,/data/yue/pepple/classification/data/Images for AI analysis/AC_imgs_r512_c512/20200512mouse11_OD_L_4_90_0000066_Structure_0001 ra 10h.png
2,/data/yue/pepple/classification/data/Images for AI analysis/AC_imgs_r512_c512/20200512mouse11_OD_L_4_90_0000086_Structure_0001 ra24h.png
1,/data/yue/pepple/classification/data/Images for AI analysis/AC_imgs_r512_c512/20200512mouse11_OD_L_4_90_0000106_Structure_0001 ra2.png
0,/data/yue/pepple/classification/data/Images for AI analysis/AC_imgs_r512_c512/20200512mouse12_OD_L_4_90_0000016_Structure_0001 ra 0.png
0.5,/data/yue/pepple/classification/data/Images for AI analysis/AC_imgs_r512_c512/20200512mouse12_OD_L_4_90_0000046_Structure_0001 ra 10h.png
3,/data/yue/pepple/classification/data/Images for AI analysis/AC_imgs_r512_c512/20200512mouse12_OD_L_4_90_0000066_Structure_0001 ra24h.png
1,/data/yue/pepple/classification/data/Images for AI analysis/AC_imgs_r512_c512/20200512mouse12_OD_L_4_90_0000086_Structure_0001 ra2.png
0,/data/yue/pepple/classification/data/Images for AI analysis/AC_imgs_r512_c512/20200512mouse14_OD_L_4_90_0000016_Structure_0001 ra 0.png
0.5,/data/yue/pepple/classification/data/Images for AI analysis/AC_imgs_r512_c512/20200512mouse14_OD_L_4_90_0000046_Structure_0001 ra 10h.png
0.5,/data/yue/pepple/classification/data/Images for AI analysis/AC_imgs_r512_c512/20200512mouse14_OD_L_4_90_0000076_Structure_0001 ra24h.png
0,/data/yue/pepple/classification/data/Images for AI analysis/AC_imgs_r512_c512/20200512mouse14_OD_L_4_90_0000086_Structure_0001 ra2.png
0,/data/yue/pepple/classification/data/Images for AI analysis/AC_imgs_r512_c512/20200512mouse15_OD_L_4_90_0000006_Structure_0001 ra 0.png
2,/data/yue/pepple/classification/data/Images for AI analysis/AC_imgs_r512_c512/20200512mouse15_OD_L_4_90_0000056_Structure_0001 ra 10h.png
0.5,/data/yue/pepple/classification/data/Images for AI analysis/AC_imgs_r512_c512/20200512mouse15_OD_L_4_90_0000066_Structure_0001 ra24h.png
0.5,/data/yue/pepple/classification/data/Images for AI analysis/AC_imgs_r512_c512/20200512mouse15_OD_L_4_90_0000092_Structure_0001 ra2.png
0,/data/yue/pepple/classification/data/Images for AI analysis/AC_imgs_r512_c512/20200512mouse17_OD_L_4_90_0000016_Structure_0001 ra 0.png
1,/data/yue/pepple/classification/data/Images for AI analysis/AC_imgs_r512_c512/20200512mouse17_OD_L_4_90_0000056_Structure_0001 ra 10h.png
2,/data/yue/pepple/classification/data/Images for AI analysis/AC_imgs_r512_c512/20200512mouse17_OD_L_4_90_0000076_Structure_0001 ra24h.png
1,/data/yue/pepple/classification/data/Images for AI analysis/AC_imgs_r512_c512/20200512mouse17_OD_L_4_90_0000096_Structure_0001 ra2.png
0,/data/yue/pepple/classification/data/Images for AI analysis/AC_imgs_r512_c512/20200512mouse18_OD_L_4_90_0000006_Structure_0001 ra0.png
0.5,/data/yue/pepple/classification/data/Images for AI analysis/AC_imgs_r512_c512/20200512mouse18_OD_L_4_90_0000046_Structure_0001 ra 10h.png
0.5,/data/yue/pepple/classification/data/Images for AI analysis/AC_imgs_r512_c512/20200512mouse18_OD_L_4_90_0000066_Structure_0001 ra24h.png
1,/data/yue/pepple/classification/data/Images for AI analysis/AC_imgs_r512_c512/20200512mouse18_OD_L_4_90_0000086_Structure_0001 ra2.png
1,/data/yue/pepple/classification/data/Images for AI analysis/AC_imgs_r512_c512/20200512mouse2_OD_L_4_90_0000006_Structure_0001 RA1.png
0.5,/data/yue/pepple/classification/data/Images for AI analysis/AC_imgs_r512_c512/20200512mouse4_OD_L_4_90_0000006_Structure_0001 RA1.png
2,/data/yue/pepple/classification/data/Images for AI analysis/AC_imgs_r512_c512/20200512mouse5_OD_L_4_90_0000016_Structure_0001 RA1.png
0,/data/yue/pepple/classification/data/Images for AI analysis/AC_imgs_r512_c512/20200512mouse6_OD_L_4_90_0000016_Structure_0001 RA1.png
0,/data/yue/pepple/classification/data/Images for AI analysis/AC_imgs_r512_c512/20200512mouse7_OD_L_4_90_0000006_Structure_0001 RA1.png
0,/data/yue/pepple/classification/data/Images for AI analysis/AC_imgs_r512_c512/20200512mouse8_OD_L_4_90_0000006_Structure_0001 RA1.png
0,/data/yue/pepple/classification/data/Images for AI analysis/AC_imgs_r512_c512/20200512mouse9_OD_L_4_90_0000016_Structure_0001 RA1.png
0,/data/yue/pepple/classification/data/Images for AI analysis/AC_imgs_r512_c512/20200521mouse1_OD_L_4_90_0000016_Structure_0001 RA0.png
0,/data/yue/pepple/classification/data/Images for AI analysis/AC_imgs_r512_c512/20200521mouse1_OS_L_4_90_0000006_Structure_0001 LA0.png
0,/data/yue/pepple/classification/data/Images for AI analysis/AC_imgs_r512_c512/20200521mouse2_OD_L_4_90_0000030_Structure_0001 RA0.png
0,/data/yue/pepple/classification/data/Images for AI analysis/AC_imgs_r512_c512/20200521mouse2_OS_L_4_90_0000040_Structure_0001 LA0.png
0.5,/data/yue/pepple/classification/data/Images for AI analysis/AC_imgs_r512_c512/20200527mouse1_OD_L_4_90_0000036_Structure_0001RA 7.png
0,/data/yue/pepple/classification/data/Images for AI analysis/AC_imgs_r512_c512/20200527mouse11_OD_L_4_90_0000016_Structure_0001 RA1.png
0,/data/yue/pepple/classification/data/Images for AI analysis/AC_imgs_r512_c512/20200527mouse11_OD_L_4_90_0000036_Structure_0001 RA7.png
0,/data/yue/pepple/classification/data/Images for AI analysis/AC_imgs_r512_c512/20200527mouse12_OD_L_4_90_0000006_Structure_0001 RA1.png
0,/data/yue/pepple/classification/data/Images for AI analysis/AC_imgs_r512_c512/20200527mouse12_OD_L_4_90_0000026_Structure_0001 RA7.png
0.5,/data/yue/pepple/classification/data/Images for AI analysis/AC_imgs_r512_c512/20200527mouse2_OD_L_4_90_0000006_Structure_0001 RA1.png
0,/data/yue/pepple/classification/data/Images for AI analysis/AC_imgs_r512_c512/20200527mouse2_OD_L_4_90_0000026_Structure_0001 RA7.png
1,/data/yue/pepple/classification/data/Images for AI analysis/AC_imgs_r512_c512/20200527mouse4_OD_L_4_90_0000006_Structure_0001 RA1.png
0,/data/yue/pepple/classification/data/Images for AI analysis/AC_imgs_r512_c512/20200527mouse4_OD_L_4_90_0000026_Structure_0001 RA7.png
0,/data/yue/pepple/classification/data/Images for AI analysis/AC_imgs_r512_c512/20200527mouse5_OD_L_4_90_0000016_Structure_0001 RA1.png
0,/data/yue/pepple/classification/data/Images for AI analysis/AC_imgs_r512_c512/20200527mouse5_OD_L_4_90_0000038_Structure_0001 RA7.png
1,/data/yue/pepple/classification/data/Images for AI analysis/AC_imgs_r512_c512/20200527mouse6_OD_L_4_90_0000006_Structure_0001 RA1.png
0,/data/yue/pepple/classification/data/Images for AI analysis/AC_imgs_r512_c512/20200527mouse6_OD_L_4_90_0000036_Structure_0001 RA7.png
1,/data/yue/pepple/classification/data/Images for AI analysis/AC_imgs_r512_c512/20200527mouse7_OD_L_4_90_0000016_Structure_0001 RA1.png
0.5,/data/yue/pepple/classification/data/Images for AI analysis/AC_imgs_r512_c512/20200527mouse7_OD_L_4_90_0000026_Structure_0001 RA7.png
2,/data/yue/pepple/classification/data/Images for AI analysis/AC_imgs_r512_c512/20200527mouse8_OD_L_4_90_0000006_Structure_0001 RA1.png
0,/data/yue/pepple/classification/data/Images for AI analysis/AC_imgs_r512_c512/20200527mouse8_OD_L_4_90_0000036_Structure_0001 RA7.png
3,/data/yue/pepple/classification/data/Images for AI analysis/AC_imgs_r512_c512/20200527mouse9_OD_L_4_90_0000016_Structure_0001 RA1.png
0,/data/yue/pepple/classification/data/Images for AI analysis/AC_imgs_r512_c512/20200527mouse9_OD_L_4_90_0000026_Structure_0001 RA7.png
0,/data/yue/pepple/classification/data/Images for AI analysis/AC_imgs_r512_c512/20200604mouse1_OD_L_4_90_0000016_Structure_0001 a 0.png
2,/data/yue/pepple/classification/data/Images for AI analysis/AC_imgs_r512_c512/20200604mouse1_OD_L_4_90_0000036_Structure_0001 ra 10hr.png
1,/data/yue/pepple/classification/data/Images for AI analysis/AC_imgs_r512_c512/20200604mouse1_OD_L_4_90_0000056_Structure_0001 ra 1.png
0,/data/yue/pepple/classification/data/Images for AI analysis/AC_imgs_r512_c512/20200604mouse2_OD_L_4_90_0000006_Structure_0001 ra 0.png
1,/data/yue/pepple/classification/data/Images for AI analysis/AC_imgs_r512_c512/20200604mouse2_OD_L_4_90_0000030_Structure_0001 ra 10hr.png
0.5,/data/yue/pepple/classification/data/Images for AI analysis/AC_imgs_r512_c512/20200604mouse2_OD_L_4_90_0000050_Structure_0001 ra 1.png
0,/data/yue/pepple/classification/data/Images for AI analysis/AC_imgs_r512_c512/20200604mouse4_OD_L_4_90_0000006_Structure_0001 ra 0.png
2,/data/yue/pepple/classification/data/Images for AI analysis/AC_imgs_r512_c512/20200604mouse4_OD_L_4_90_0000026_Structure_0001 ra 10hr.png
2,/data/yue/pepple/classification/data/Images for AI analysis/AC_imgs_r512_c512/20200604mouse4_OD_L_4_90_0000046_Structure_0001 ra 1.png
0,/data/yue/pepple/classification/data/Images for AI analysis/AC_imgs_r512_c512/20200604mouse5_OD_L_4_90_0000016_Structure_0001 ra 0.png
0.5,/data/yue/pepple/classification/data/Images for AI analysis/AC_imgs_r512_c512/20200604mouse5_OD_L_4_90_0000036_Structure_0001 ra 10hr.png
0.5,/data/yue/pepple/classification/data/Images for AI analysis/AC_imgs_r512_c512/20200604mouse5_OD_L_4_90_0000056_Structure_0001 ra 1.png
0,/data/yue/pepple/classification/data/Images for AI analysis/AC_imgs_r512_c512/20200604mouse6_OD_L_4_90_0000006_Structure_0001 ra 0.png
0.5,/data/yue/pepple/classification/data/Images for AI analysis/AC_imgs_r512_c512/20200604mouse6_OD_L_4_90_0000026_Structure_0001 ra 10hr.png
4,/data/yue/pepple/classification/data/Images for AI analysis/AC_imgs_r512_c512/20200604mouse6_OD_L_4_90_0000046_Structure_0001 ra 1.png
0,/data/yue/pepple/classification/data/Images for AI analysis/AC_imgs_r512_c512/20200604mouse7_OD_L_4_90_0000016_Structure_0001 ra 0.png
1,/data/yue/pepple/classification/data/Images for AI analysis/AC_imgs_r512_c512/20200604mouse7_OD_L_4_90_0000036_Structure_0001 ra 10hr.png
2,/data/yue/pepple/classification/data/Images for AI analysis/AC_imgs_r512_c512/20200604mouse7_OD_L_4_90_0000056_Structure_0001 ra 1.png
0,/data/yue/pepple/classification/data/Images for AI analysis/AC_imgs_r512_c512/20200604mouse8_OD_L_4_90_0000006_Structure_0001 ra 0.png
0.5,/data/yue/pepple/classification/data/Images for AI analysis/AC_imgs_r512_c512/20200604mouse8_OD_L_4_90_0000026_Structure_0001 ra 10hr.png
2,/data/yue/pepple/classification/data/Images for AI analysis/AC_imgs_r512_c512/20200604mouse8_OD_L_4_90_0000046_Structure_0001 ra 1.png
0,/data/yue/pepple/classification/data/Images for AI analysis/AC_imgs_r512_c512/20200604mouse9_OD_L_4_90_0000016_Structure_0001 ra 0.png
1,/data/yue/pepple/classification/data/Images for AI analysis/AC_imgs_r512_c512/20200604mouse9_OD_L_4_90_0000036_Structure_0001 ra 10hr.png
2,/data/yue/pepple/classification/data/Images for AI analysis/AC_imgs_r512_c512/20200604mouse9_OD_L_4_90_0000056_Structure_0001 ra 1.png
0,/data/yue/pepple/classification/data/Images for AI analysis/AC_imgs_r512_c512/20200624mouse1_OD_L_4_90_0000036_Structure_0001 ra7.png
0.5,/data/yue/pepple/classification/data/Images for AI analysis/AC_imgs_r512_c512/20200624mouse1_OD_L_4_90_0000056_Structure_0001 RA14.png
0.5,/data/yue/pepple/classification/data/Images for AI analysis/AC_imgs_r512_c512/20200624mouse1_OD_L_4_90_0000076_Structure_0001 RA21.png
0,/data/yue/pepple/classification/data/Images for AI analysis/AC_imgs_r512_c512/20200624mouse1_OD_L_4_90_0000096_Structure_0001 RA28.png
0.5,/data/yue/pepple/classification/data/Images for AI analysis/AC_imgs_r512_c512/20200624mouse1_OD_L_4_90_0000106_Structure_0001 ra35.png
0.5,/data/yue/pepple/classification/data/Images for AI analysis/AC_imgs_r512_c512/20200624mouse1_OD_L_4_90_0000136_Structure_0001 RA42.png
0.5,/data/yue/pepple/classification/data/Images for AI analysis/AC_imgs_r512_c512/20200624mouse1_OD_L_4_90_0000156_Structure_0001 RA49.png
0,/data/yue/pepple/classification/data/Images for AI analysis/AC_imgs_r512_c512/20200624mouse11_OD_L_4_90_0000036_Structure_0001 ra7.png
0,/data/yue/pepple/classification/data/Images for AI analysis/AC_imgs_r512_c512/20200624mouse11_OD_L_4_90_0000056_Structure_0001 RA14.png
0,/data/yue/pepple/classification/data/Images for AI analysis/AC_imgs_r512_c512/20200624mouse11_OD_L_4_90_0000076_Structure_0001 RA21.png
0,/data/yue/pepple/classification/data/Images for AI analysis/AC_imgs_r512_c512/20200624mouse11_OD_L_4_90_0000096_Structure_0001 RA28.png
0,/data/yue/pepple/classification/data/Images for AI analysis/AC_imgs_r512_c512/20200624mouse11_OD_L_4_90_0000106_Structure_0001 ra35.png
0,/data/yue/pepple/classification/data/Images for AI analysis/AC_imgs_r512_c512/20200624mouse11_OD_L_4_90_0000136_Structure_0001 RA42.png
0,/data/yue/pepple/classification/data/Images for AI analysis/AC_imgs_r512_c512/20200624mouse11_OD_L_4_90_0000156_Structure_0001 RA49.png
0.5,/data/yue/pepple/classification/data/Images for AI analysis/AC_imgs_r512_c512/20200624mouse2_OD_L_4_90_0000026_Structure_0001 ra7.png
1,/data/yue/pepple/classification/data/Images for AI analysis/AC_imgs_r512_c512/20200624mouse2_OD_L_4_90_0000046_Structure_0001 RA14.png
0,/data/yue/pepple/classification/data/Images for AI analysis/AC_imgs_r512_c512/20200624mouse2_OD_L_4_90_0000066_Structure_0001 RA21.png
1,/data/yue/pepple/classification/data/Images for AI analysis/AC_imgs_r512_c512/20200624mouse4_OD_L_4_90_0000026_Structure_0001 RA14.png
1,/data/yue/pepple/classification/data/Images for AI analysis/AC_imgs_r512_c512/20200624mouse4_OD_L_4_90_0000046_Structure_0001 RA21.png
0,/data/yue/pepple/classification/data/Images for AI analysis/AC_imgs_r512_c512/20200624mouse4_OD_L_4_90_0000056_Structure_0001 ra7.png
1,/data/yue/pepple/classification/data/Images for AI analysis/AC_imgs_r512_c512/20200624mouse4_OD_L_4_90_0000076_Structure_0001 RA28.png
1,/data/yue/pepple/classification/data/Images for AI analysis/AC_imgs_r512_c512/20200624mouse4_OD_L_4_90_0000086_Structure_0001 ra35.png
1,/data/yue/pepple/classification/data/Images for AI analysis/AC_imgs_r512_c512/20200624mouse4_OD_L_4_90_0000136_Structure_0001 RA49.png
0,/data/yue/pepple/classification/data/Images for AI analysis/AC_imgs_r512_c512/20200624mouse5_OD_L_4_90_0000026_Structure_0001 ra7.png
0,/data/yue/pepple/classification/data/Images for AI analysis/AC_imgs_r512_c512/20200624mouse5_OD_L_4_90_0000076_Structure_0001 RA14.png
0,/data/yue/pepple/classification/data/Images for AI analysis/AC_imgs_r512_c512/20200624mouse5_OD_L_4_90_0000096_Structure_0001 RA21.png
0,/data/yue/pepple/classification/data/Images for AI analysis/AC_imgs_r512_c512/20200624mouse5_OD_L_4_90_0000106_Structure_0001 RA28.png
0,/data/yue/pepple/classification/data/Images for AI analysis/AC_imgs_r512_c512/20200624mouse5_OD_L_4_90_0000136_Structure_0001 ra35.png
0,/data/yue/pepple/classification/data/Images for AI analysis/AC_imgs_r512_c512/20200624mouse5_OD_L_4_90_0000146_Structure_0001 RA42.png
0,/data/yue/pepple/classification/data/Images for AI analysis/AC_imgs_r512_c512/20200624mouse5_OD_L_4_90_0000166_Structure_0001 RA49.png
0,/data/yue/pepple/classification/data/Images for AI analysis/AC_imgs_r512_c512/20200624mouse6_OD_L_4_90_0000026_Structure_0001 ra7.png
0,/data/yue/pepple/classification/data/Images for AI analysis/AC_imgs_r512_c512/20200624mouse6_OD_L_4_90_0000046_Structure_0001 RA14.png
0,/data/yue/pepple/classification/data/Images for AI analysis/AC_imgs_r512_c512/20200624mouse6_OD_L_4_90_0000066_Structure_0001 RA21.png
0,/data/yue/pepple/classification/data/Images for AI analysis/AC_imgs_r512_c512/20200624mouse7_OD_L_4_90_0000036_Structure_0001 ra7.png
0,/data/yue/pepple/classification/data/Images for AI analysis/AC_imgs_r512_c512/20200624mouse7_OD_L_4_90_0000056_Structure_0001 RA14.png
0,/data/yue/pepple/classification/data/Images for AI analysis/AC_imgs_r512_c512/20200624mouse7_OD_L_4_90_0000076_Structure_0001 RA21.png
0,/data/yue/pepple/classification/data/Images for AI analysis/AC_imgs_r512_c512/20200624mouse7_OD_L_4_90_0000096_Structure_0001 RA28.png
0,/data/yue/pepple/classification/data/Images for AI analysis/AC_imgs_r512_c512/20200624mouse7_OD_L_4_90_0000106_Structure_0001 ra35.png
0,/data/yue/pepple/classification/data/Images for AI analysis/AC_imgs_r512_c512/20200624mouse7_OD_L_4_90_0000136_Structure_0001 RA42.png
0,/data/yue/pepple/classification/data/Images for AI analysis/AC_imgs_r512_c512/20200624mouse7_OD_L_4_90_0000156_Structure_0001 RA49.png
0.5,/data/yue/pepple/classification/data/Images for AI analysis/AC_imgs_r512_c512/20200624mouse8_OD_L_4_90_0000026_Structure_0001 ra7.png
0.5,/data/yue/pepple/classification/data/Images for AI analysis/AC_imgs_r512_c512/20200624mouse8_OD_L_4_90_0000046_Structure_0001 RA14.png
0,/data/yue/pepple/classification/data/Images for AI analysis/AC_imgs_r512_c512/20200624mouse8_OD_L_4_90_0000066_Structure_0001 RA21.png
0.5,/data/yue/pepple/classification/data/Images for AI analysis/AC_imgs_r512_c512/20200624mouse8_OD_L_4_90_0000086_Structure_0001 RA28.png
0,/data/yue/pepple/classification/data/Images for AI analysis/AC_imgs_r512_c512/20200624mouse8_OD_L_4_90_0000116_Structure_0001 ra35.png
0,/data/yue/pepple/classification/data/Images for AI analysis/AC_imgs_r512_c512/20200624mouse8_OD_L_4_90_0000126_Structure_0001 RA42.png
0,/data/yue/pepple/classification/data/Images for AI analysis/AC_imgs_r512_c512/20200624mouse8_OD_L_4_90_0000156_Structure_0001 RA49.png
0,/data/yue/pepple/classification/data/Images for AI analysis/AC_imgs_r512_c512/20200624mouse9_OD_L_4_90_0000032_Structure_0001 ra7.png
0,/data/yue/pepple/classification/data/Images for AI analysis/AC_imgs_r512_c512/20200624mouse9_OD_L_4_90_0000050_Structure_0001 RA14.png
0,/data/yue/pepple/classification/data/Images for AI analysis/AC_imgs_r512_c512/20200624mouse9_OD_L_4_90_0000070_Structure_0001 RA21.png
0,/data/yue/pepple/classification/data/Images for AI analysis/AC_imgs_r512_c512/20200624mouse9_OD_L_4_90_0000090_Structure_0001 RA28.png
0,/data/yue/pepple/classification/data/Images for AI analysis/AC_imgs_r512_c512/20200624mouse9_OD_L_4_90_0000100_Structure_0001 ra35.png
0,/data/yue/pepple/classification/data/Images for AI analysis/AC_imgs_r512_c512/20200624mouse9_OD_L_4_90_0000126_Structure_0001 RA42.png
0,/data/yue/pepple/classification/data/Images for AI analysis/AC_imgs_r512_c512/20200624mouse9_OD_L_4_90_0000140_Structure_0001 RA49.png
0.5,/data/yue/pepple/classification/data/Images for AI analysis/AC_imgs_r512_c512/20200710mouse1_OD_L_4_90_0000036_Structure_0001 RA7.png
2,/data/yue/pepple/classification/data/Images for AI analysis/AC_imgs_r512_c512/20200710mouse2_OD_L_4_90_0000006_Structure_0001 RA1.png
0,/data/yue/pepple/classification/data/Images for AI analysis/AC_imgs_r512_c512/20200710mouse2_OD_L_4_90_0000026_Structure_0001 RA7.png
0.5,/data/yue/pepple/classification/data/Images for AI analysis/AC_imgs_r512_c512/20200710mouse4_OD_L_4_90_0000006_Structure_0001 RA1.png
0,/data/yue/pepple/classification/data/Images for AI analysis/AC_imgs_r512_c512/20200710mouse4_OD_L_4_90_0000026_Structure_0001 RA7.png
2,/data/yue/pepple/classification/data/Images for AI analysis/AC_imgs_r512_c512/20200710mouse5_OD_L_4_90_0000012_Structure_0001 RA1.png
0,/data/yue/pepple/classification/data/Images for AI analysis/AC_imgs_r512_c512/20200710mouse5_OD_L_4_90_0000036_Structure_0001 RA7.png
4,/data/yue/pepple/classification/data/Images for AI analysis/AC_imgs_r512_c512/20200710mouse6_OD_L_4_90_0000006_Structure_0001 RA1.png
1,/data/yue/pepple/classification/data/Images for AI analysis/AC_imgs_r512_c512/20200710mouse6_OD_L_4_90_0000026_Structure_0001 RA7.png
3,/data/yue/pepple/classification/data/Images for AI analysis/AC_imgs_r512_c512/20200710mouse7_OD_L_4_90_0000016_Structure_0001 RA1.png
1,/data/yue/pepple/classification/data/Images for AI analysis/AC_imgs_r512_c512/20200710mouse7_OD_L_4_90_0000036_Structure_0001 RA7.png
4,/data/yue/pepple/classification/data/Images for AI analysis/AC_imgs_r512_c512/20200710mouse8_OD_L_4_90_0000006_Structure_0001 RA1.png
0.5,/data/yue/pepple/classification/data/Images for AI analysis/AC_imgs_r512_c512/20200710mouse8_OD_L_4_90_0000026_Structure_0001 RA7.png
0.5,/data/yue/pepple/classification/data/Images for AI analysis/AC_imgs_r512_c512/20200710mouse9_OD_L_4_90_0000016_Structure_0001 RA1.png
0,/data/yue/pepple/classification/data/Images for AI analysis/AC_imgs_r512_c512/20200710mouse9_OD_L_4_90_0000036_Structure_0001 RA7.png
0.5,/data/yue/pepple/classification/data/Images for AI analysis/AC_imgs_r512_c512/20200729mouse1_OD_L_4_90_0000076_Structure_0001 RA4.png
0,/data/yue/pepple/classification/data/Images for AI analysis/AC_imgs_r512_c512/20200729mouse4_OD_L_4_90_0000066_Structure_0001 RA4.png
0,/data/yue/pepple/classification/data/Images for AI analysis/AC_imgs_r512_c512/20200729mouse5_OD_L_4_90_0000072_Structure_0001 RA4.png
2,/data/yue/pepple/classification/data/Images for AI analysis/AC_imgs_r512_c512/20200729mouse6_OD_L_4_90_0000056_Structure_0001 RA4.png
0.5,/data/yue/pepple/classification/data/Images for AI analysis/AC_imgs_r512_c512/20200729mouse7_OD_L_4_90_0000072_Structure_0001 RA4.png
0.5,/data/yue/pepple/classification/data/Images for AI analysis/AC_imgs_r512_c512/20200729mouse8_OD_L_4_90_0000076_Structure_0001 RA4.png
0.5,/data/yue/pepple/classification/data/Images for AI analysis/AC_imgs_r512_c512/20190423mouse5_OD_L_4_90_0000016_Structure_0001 RA1.png
1,/data/yue/pepple/classification/data/Images for AI analysis/AC_imgs_r512_c512/20190423mouse5_OD_L_4_90_0000026_Structure_0001 RA2.png
2,/data/yue/pepple/classification/data/Images for AI analysis/AC_imgs_r512_c512/20190424mouse1_OD_L_4_90_0000006_Structure_0001 RA1.png
1,/data/yue/pepple/classification/data/Images for AI analysis/AC_imgs_r512_c512/20190424mouse1_OD_L_4_90_0000036_Structure_0001 RA2.png
1,/data/yue/pepple/classification/data/Images for AI analysis/AC_imgs_r512_c512/20190424mouse1_OD_L_4_90_0000056_Structure_0001 RA3.png
0.5,/data/yue/pepple/classification/data/Images for AI analysis/AC_imgs_r512_c512/20190424mouse1_OD_L_4_90_0000076_Structure_0001 RA6.png
1,/data/yue/pepple/classification/data/Images for AI analysis/AC_imgs_r512_c512/20190424mouse1_OD_L_4_90_0000096_Structure_0001 RA7.png
0,/data/yue/pepple/classification/data/Images for AI analysis/AC_imgs_r512_c512/20190424mouse1_OD_L_4_90_0000106_Structure_0001 RA14.png
1,/data/yue/pepple/classification/data/Images for AI analysis/AC_imgs_r512_c512/20190424mouse1_OD_L_4_90_0000236_Structure_0001 RA56.png
2,/data/yue/pepple/classification/data/Images for AI analysis/AC_imgs_r512_c512/20190424mouse8_OD_L_4_90_0000026_Structure_0001 RA2.png
0,/data/yue/pepple/classification/data/Images for AI analysis/AC_imgs_r512_c512/20190424mouse17_OD_L_4_90_0000056_Structure_0001 RA3.png
0,/data/yue/pepple/classification/data/Images for AI analysis/AC_imgs_r512_c512/20190424mouse17_OD_L_4_90_0000076_Structure_0001 RA6.png
1,/data/yue/pepple/classification/data/Images for AI analysis/AC_imgs_r512_c512/20190514mouse11_OD_L_4_90_0000104_Structure_0001 RA14.png
1,/data/yue/pepple/classification/data/Images for AI analysis/AC_imgs_r512_c512/20190514mouse12_OD_L_4_90_0000126_Structure_0001RA14.png
1,/data/yue/pepple/classification/data/Images for AI analysis/AC_imgs_r512_c512/20190514mouse15_OD_L_4_90_0000106_Structure_0001 RA14.png
1,/data/yue/pepple/classification/data/Images for AI analysis/AC_imgs_r512_c512/20190514mouse15_OD_L_4_90_0000136_Structure_0001 RA21.png
1,/data/yue/pepple/classification/data/Images for AI analysis/AC_imgs_r512_c512/20190514mouse15_OD_L_4_90_0000156_Structure_0001 RA28.png
1,/data/yue/pepple/classification/data/Images for AI analysis/AC_imgs_r512_c512/20190514mouse15_OD_L_4_90_0000176_Structure_0001 RA35.png
1,/data/yue/pepple/classification/data/Images for AI analysis/AC_imgs_r512_c512/20190514mouse15_OD_L_4_90_0000196_Structure_0001 RA42.png
1,/data/yue/pepple/classification/data/Images for AI analysis/AC_imgs_r512_c512/20190514mouse15_OD_L_4_90_0000216_Structure_0001 RA49.png
1,/data/yue/pepple/classification/data/Images for AI analysis/AC_imgs_r512_c512/20190514mouse15_OD_L_4_90_0000236_Structure_0001 RA56.png
3,/data/yue/pepple/classification/data/Images for AI analysis/AC_imgs_r512_c512/20190618mouse1_OD_L_4_90_0000026_Structure_0001 RA1.png
1,/data/yue/pepple/classification/data/Images for AI analysis/AC_imgs_r512_c512/20190618mouse2_OD_L_4_90_0000026_Structure_0001 RA1.png
4,/data/yue/pepple/classification/data/Images for AI analysis/AC_imgs_r512_c512/20190618mouse4_OD_L_4_90_0000026_Structure_0001 RA1.png
3,/data/yue/pepple/classification/data/Images for AI analysis/AC_imgs_r512_c512/20190618mouse5_OD_L_4_90_0000026_Structure_0001 RA1.png
4,/data/yue/pepple/classification/data/Images for AI analysis/AC_imgs_r512_c512/20190618mouse6_OD_L_4_90_0000026_Structure_0001 RA1.png
1,/data/yue/pepple/classification/data/Images for AI analysis/AC_imgs_r512_c512/20190619mouse6_OD_L_4_90_0000006_Structure_0001 RA1.png
2,/data/yue/pepple/classification/data/Images for AI analysis/AC_imgs_r512_c512/20190619mouse6_OD_L_4_90_0000026_Structure_0001 RA2.png
0,/data/yue/pepple/classification/data/Images for AI analysis/AC_imgs_r512_c512/20190619mouse6_OD_L_4_90_0000069_Structure_0001 RA6.png
0,/data/yue/pepple/classification/data/Images for AI analysis/AC_imgs_r512_c512/20190619mouse6_OD_L_4_90_0000119_Structure_0001 RA14.png
0,/data/yue/pepple/classification/data/Images for AI analysis/AC_imgs_r512_c512/20190619mouse6_OD_L_4_90_0000129_Structure_0001 RA21.png
0.5,/data/yue/pepple/classification/data/Images for AI analysis/AC_imgs_r512_c512/20190619mouse7_OD_L_4_90_0000016_Structure_0001 RA1.png
0,/data/yue/pepple/classification/data/Images for AI analysis/AC_imgs_r512_c512/20190619mouse7_OD_L_4_90_0000036_Structure_0001 RA2.png
0,/data/yue/pepple/classification/data/Images for AI analysis/AC_imgs_r512_c512/20190619mouse7_OD_L_4_90_0000046_Structure_0001 RA3.png
0,/data/yue/pepple/classification/data/Images for AI analysis/AC_imgs_r512_c512/20190619mouse7_OD_L_4_90_0000076_Structure_0001 RA6.png
0,/data/yue/pepple/classification/data/Images for AI analysis/AC_imgs_r512_c512/20190619mouse7_OD_L_4_90_0000086_Structure_0001 RA7.png
0,/data/yue/pepple/classification/data/Images for AI analysis/AC_imgs_r512_c512/20190619mouse7_OD_L_4_90_0000116_Structure_0001 RA14.png
0,/data/yue/pepple/classification/data/Images for AI analysis/AC_imgs_r512_c512/20190619mouse7_OD_L_4_90_0000136_Structure_0001 RA21.png
3,/data/yue/pepple/classification/data/Images for AI analysis/AC_imgs_r512_c512/20190625mouse6_OD_L_4_90_0000016_Structure_0001 RA7.png
2,/data/yue/pepple/classification/data/Images for AI analysis/AC_imgs_r512_c512/20190514mouse2_OD_L_4_90_0000016_Structure_0001 RA1.png
3,/data/yue/pepple/classification/data/Images for AI analysis/AC_imgs_r512_c512/20190514mouse2_OD_L_4_90_0000036_Structure_0001 RA2.png
1,/data/yue/pepple/classification/data/Images for AI analysis/AC_imgs_r512_c512/20190619mouse6_OD_L_4_90_0000046_Structure_0001 RA3.png
0.5,/data/yue/pepple/classification/data/Images for AI analysis/AC_imgs_r512_c512/20190619mouse8_OD_L_4_90_0000006_Structure_0001 RA1.png
0.5,/data/yue/pepple/classification/data/Images for AI analysis/AC_imgs_r512_c512/20190619mouse8_OD_L_4_90_0000026_Structure_0001 RA2.png
0.5,/data/yue/pepple/classification/data/Images for AI analysis/AC_imgs_r512_c512/20190619mouse8_OD_L_4_90_0000056_Structure_0001 RA3.png
0,/data/yue/pepple/classification/data/Images for AI analysis/AC_imgs_r512_c512/20190619mouse8_OD_L_4_90_0000116_Structure_0001 RA14.png
0,/data/yue/pepple/classification/data/Images for AI analysis/AC_imgs_r512_c512/20190619mouse8_OD_L_4_90_0000136_Structure_0001 RA21.png
2,/data/yue/pepple/classification/data/Images for AI analysis/AC_imgs_r512_c512/20190619mouse9_OD_L_4_90_0000016_Structure_0001 RA1.png
0,/data/yue/pepple/classification/data/Images for AI analysis/AC_imgs_r512_c512/20190619mouse9_OD_L_4_90_0000036_Structure_0001 RA2.png
0,/data/yue/pepple/classification/data/Images for AI analysis/AC_imgs_r512_c512/20190619mouse9_OD_L_4_90_0000056_Structure_0001 RA3.png
0,/data/yue/pepple/classification/data/Images for AI analysis/AC_imgs_r512_c512/20190619mouse9_OD_L_4_90_0000076_Structure_0001 RA6.png
0,/data/yue/pepple/classification/data/Images for AI analysis/AC_imgs_r512_c512/20190619mouse9_OD_L_4_90_0000086_Structure_0001 RA7.png
0,/data/yue/pepple/classification/data/Images for AI analysis/AC_imgs_r512_c512/20190619mouse9_OD_L_4_90_0000106_Structure_0001 RA14.png
0,/data/yue/pepple/classification/data/Images for AI analysis/AC_imgs_r512_c512/20190619mouse11_OD_L_4_90_0000016_Structure_0001 RA1.png
0,/data/yue/pepple/classification/data/Images for AI analysis/AC_imgs_r512_c512/20190619mouse11_OD_L_4_90_0000036_Structure_0001 RA2.png
4,/data/yue/pepple/classification/data/Images for AI analysis/AC_imgs_r512_c512/20190619mouse11_OD_L_4_90_0000046_Structure_0001 RA3.png
0,/data/yue/pepple/classification/data/Images for AI analysis/AC_imgs_r512_c512/20190619mouse12_OD_L_4_90_0000046_Structure_0001 RA3.png
0,/data/yue/pepple/classification/data/Images for AI analysis/AC_imgs_r512_c512/20190619mouse12_OD_L_4_90_0000076_Structure_0001 RA6.png
0,/data/yue/pepple/classification/data/Images for AI analysis/AC_imgs_r512_c512/20190619mouse12_OD_L_4_90_0000086_Structure_0001 RA7.png
0,/data/yue/pepple/classification/data/Images for AI analysis/AC_imgs_r512_c512/20190619mouse12_OD_L_4_90_0000106_Structure_0001 RA14.png
0,/data/yue/pepple/classification/data/Images for AI analysis/AC_imgs_r512_c512/20190619mouse14_OD_L_4_90_0000026_Structure_0001 RA2.png
0,/data/yue/pepple/classification/data/Images for AI analysis/AC_imgs_r512_c512/20190619mouse14_OD_L_4_90_0000066_Structure_0001 RA6.png
0,/data/yue/pepple/classification/data/Images for AI analysis/AC_imgs_r512_c512/20190619mouse14_OD_L_4_90_0000086_Structure_0001 RA7.png
0,/data/yue/pepple/classification/data/Images for AI analysis/AC_imgs_r512_c512/20190619mouse14_OD_L_4_90_0000116_Structure_0001 RA14.png
0,/data/yue/pepple/classification/data/Images for AI analysis/AC_imgs_r512_c512/20190619mouse14_OD_L_4_90_0000126_Structure_0001 RA21.png
0,/data/yue/pepple/classification/data/Images for AI analysis/AC_imgs_r512_c512/20190619mouse14_OD_L_4_90_0000146_Structure_0001 RA28.png
0,/data/yue/pepple/classification/data/Images for AI analysis/AC_imgs_r512_c512/20190619mouse14_OD_L_4_90_0000226_Structure_0001 RA56.png
0,/data/yue/pepple/classification/data/Images for AI analysis/AC_imgs_r512_c512/20190626mouse5_OD_L_4_90_0000006_Structure_0001 RA1.png
4,/data/yue/pepple/classification/data/Images for AI analysis/AC_imgs_r512_c512/20190626mouse6_OD_L_4_90_0000016_Structure_0001 RA1.png
0.5,/data/yue/pepple/classification/data/Images for AI analysis/AC_imgs_r512_c512/20190626mouse7_OD_L_4_90_0000006_Structure_0001 RA1.png
4,/data/yue/pepple/classification/data/Images for AI analysis/AC_imgs_r512_c512/20190626mouse8_OD_L_4_90_0000006_Structure_0001 RA1.png
1,/data/yue/pepple/classification/data/Images for AI analysis/AC_imgs_r512_c512/20190626mouse9_OD_L_4_90_0000016_Structure_0001 RA1.png
4,/data/yue/pepple/classification/data/Images for AI analysis/AC_imgs_r512_c512/20190626mouse11_OD_L_4_90_0000006_Structure_0001 RA2.png
4,/data/yue/pepple/classification/data/Images for AI analysis/AC_imgs_r512_c512/20190626mouse12_OD_L_4_90_0000006_Structure_0001 RA2.png
1,/data/yue/pepple/classification/data/Images for AI analysis/AC_imgs_r512_c512/20190626mouse14_OD_L_4_90_0000016_Structure_0001 RA2.png
2,/data/yue/pepple/classification/data/Images for AI analysis/AC_imgs_r512_c512/20190806mouse1_OD_L_4_90_0000016_Structure_0001 RA1.png
2,/data/yue/pepple/classification/data/Images for AI analysis/AC_imgs_r512_c512/20190806mouse1_OD_L_4_90_0000026_Structure_0001 RA2.png
2,/data/yue/pepple/classification/data/Images for AI analysis/AC_imgs_r512_c512/20190806mouse1_OD_L_4_90_0000056_Structure_0001 RA3.png
2,/data/yue/pepple/classification/data/Images for AI analysis/AC_imgs_r512_c512/20190806mouse1_OD_L_4_90_0000076_Structure_0001 RA4.png
0.5,/data/yue/pepple/classification/data/Images for AI analysis/AC_imgs_r512_c512/20190806mouse1_OD_L_4_90_0000096_Structure_0001 RA7.png
0,/data/yue/pepple/classification/data/Images for AI analysis/AC_imgs_r512_c512/20190806mouse1_OD_L_4_90_0000116_Structure_0001 RA14.png
3,/data/yue/pepple/classification/data/Images for AI analysis/AC_imgs_r512_c512/20190806mouse2_OD_L_4_90_0000006_Structure_0001 RA1.png
4,/data/yue/pepple/classification/data/Images for AI analysis/AC_imgs_r512_c512/20190806mouse2_OD_L_4_90_0000026_Structure_0001 RA2.png
1,/data/yue/pepple/classification/data/Images for AI analysis/AC_imgs_r512_c512/20190806mouse2_OD_L_4_90_0000066_Structure_0001 RA4.png
0.5,/data/yue/pepple/classification/data/Images for AI analysis/AC_imgs_r512_c512/20190806mouse2_OD_L_4_90_0000096_Structure_0001 RA7.png
0,/data/yue/pepple/classification/data/Images for AI analysis/AC_imgs_r512_c512/20190806mouse2_OD_L_4_90_0000116_Structure_0001 RA14.png
0,/data/yue/pepple/classification/data/Images for AI analysis/AC_imgs_r512_c512/20190806mouse2_OD_L_4_90_0000136_Structure_0001 RA21.png
0,/data/yue/pepple/classification/data/Images for AI analysis/AC_imgs_r512_c512/20190806mouse2_OD_L_4_90_0000156_Structure_0001 RA28.png
0.5,/data/yue/pepple/classification/data/Images for AI analysis/AC_imgs_r512_c512/20190806mouse2_OD_L_4_90_0000186_Structure_0001 RA42.png
0,/data/yue/pepple/classification/data/Images for AI analysis/AC_imgs_r512_c512/20190806mouse2_OD_L_4_90_0000216_Structure_0001 RA49.png
0,/data/yue/pepple/classification/data/Images for AI analysis/AC_imgs_r512_c512/20190806mouse2_OD_L_4_90_0000236_Structure_0001 RA56.png
1,/data/yue/pepple/classification/data/Images for AI analysis/AC_imgs_r512_c512/20190806mouse4_OD_L_4_90_0000006_Structure_0001 RA1.png
0.5,/data/yue/pepple/classification/data/Images for AI analysis/AC_imgs_r512_c512/20190806mouse4_OD_L_4_90_0000036_Structure_0001 RA2.png
0,/data/yue/pepple/classification/data/Images for AI analysis/AC_imgs_r512_c512/20190806mouse4_OD_L_4_90_0000056_Structure_0001 RA3.png
0,/data/yue/pepple/classification/data/Images for AI analysis/AC_imgs_r512_c512/20190806mouse4_OD_L_4_90_0000066_Structure_0001 RA4.png
1,/data/yue/pepple/classification/data/Images for AI analysis/AC_imgs_r512_c512/20190806mouse4_OD_L_4_90_0000096_Structure_0001 RA7.png
0.5,/data/yue/pepple/classification/data/Images for AI analysis/AC_imgs_r512_c512/20190806mouse4_OD_L_4_90_0000126_Structure_0001 RA21.png
0.5,/data/yue/pepple/classification/data/Images for AI analysis/AC_imgs_r512_c512/20190806mouse4_OD_L_4_90_0000156_Structure_0001 RA28.png
0.5,/data/yue/pepple/classification/data/Images for AI analysis/AC_imgs_r512_c512/20190806mouse4_OD_L_4_90_0000176_Structure_0001 RA35.png
0,/data/yue/pepple/classification/data/Images for AI analysis/AC_imgs_r512_c512/20190806mouse4_OD_L_4_90_0000186_Structure_0001 RA42.png
0.5,/data/yue/pepple/classification/data/Images for AI analysis/AC_imgs_r512_c512/20190806mouse4_OD_L_4_90_0000216_Structure_0001 RA49.png
1,/data/yue/pepple/classification/data/Images for AI analysis/AC_imgs_r512_c512/20190806mouse4_OD_L_4_90_0000236_Structure_0001 RA56.png
1,/data/yue/pepple/classification/data/Images for AI analysis/AC_imgs_r512_c512/20190806mouse5_OD_L_4_90_0000016_Structure_0001 RA1.png
0.5,/data/yue/pepple/classification/data/Images for AI analysis/AC_imgs_r512_c512/20190806mouse5_OD_L_4_90_0000086_Structure_0001 RA7.png
0,/data/yue/pepple/classification/data/Images for AI analysis/AC_imgs_r512_c512/20190806mouse5_OD_L_4_90_0000146_Structure_0001 RA28.png
0.5,/data/yue/pepple/classification/data/Images for AI analysis/AC_imgs_r512_c512/20190806mouse6_OD_L_4_90_0000006_Structure_0001 RA1.png
0,/data/yue/pepple/classification/data/Images for AI analysis/AC_imgs_r512_c512/20190806mouse6_OD_L_4_90_0000066_Structure_0001 RA4.png
0,/data/yue/pepple/classification/data/Images for AI analysis/AC_imgs_r512_c512/20190806mouse6_OD_L_4_90_0000160_Structure_0001 RA21.png
0,/data/yue/pepple/classification/data/Images for AI analysis/AC_imgs_r512_c512/20190806mouse6_OD_L_4_90_0000200_Structure_0001 RA35.png
0,/data/yue/pepple/classification/data/Images for AI analysis/AC_imgs_r512_c512/20190806mouse6_OD_L_4_90_0000210_Structure_0001 RA42.png
0,/data/yue/pepple/classification/data/Images for AI analysis/AC_imgs_r512_c512/20190806mouse6_OD_L_4_90_0000240_Structure_0001 RA49.png
0.5,/data/yue/pepple/classification/data/Images for AI analysis/AC_imgs_r512_c512/20190806mouse8_OD_L_4_90_0000026_Structure_0001 RA2.png
0,/data/yue/pepple/classification/data/Images for AI analysis/AC_imgs_r512_c512/20190806mouse8_OD_L_4_90_0000056_Structure_0001 RA3.png
1,/data/yue/pepple/classification/data/Images for AI analysis/AC_imgs_r512_c512/20190806mouse8_OD_L_4_90_0000076_Structure_0001 RA4.png
0.5,/data/yue/pepple/classification/data/Images for AI analysis/AC_imgs_r512_c512/20190806mouse8_OD_L_4_90_0000096_Structure_0001 RA7.png
0.5,/data/yue/pepple/classification/data/Images for AI analysis/AC_imgs_r512_c512/20190806mouse9_OD_L_4_90_0000146_Structure_0001 RA35.png
0.5,/data/yue/pepple/classification/data/Images for AI analysis/AC_imgs_r512_c512/20190806mouse9_OD_L_4_90_0000176_Structure_0001 RA42.png
0.5,/data/yue/pepple/classification/data/Images for AI analysis/AC_imgs_r512_c512/20190806mouse9_OD_L_4_90_0000186_Structure_0001 RA49.png
0.5,/data/yue/pepple/classification/data/Images for AI analysis/AC_imgs_r512_c512/20190806mouse11_OD_L_4_90_0000016_Structure_0001 RA1.png
2,/data/yue/pepple/classification/data/Images for AI analysis/AC_imgs_r512_c512/20190806mouse11_OD_L_4_90_0000026_Structure_0001 RA2.png
1,/data/yue/pepple/classification/data/Images for AI analysis/AC_imgs_r512_c512/20190806mouse11_OD_L_4_90_0000056_Structure_0001 RA3.png
0.5,/data/yue/pepple/classification/data/Images for AI analysis/AC_imgs_r512_c512/20190806mouse11_OD_L_4_90_0000076_Structure_0001 RA4.png
0.5,/data/yue/pepple/classification/data/Images for AI analysis/AC_imgs_r512_c512/20190806mouse11_OD_L_4_90_0000086_Structure_0001 RA7.png
1,/data/yue/pepple/classification/data/Images for AI analysis/AC_imgs_r512_c512/20190821mouse1_OD_L_4_90_0000007_Structure_0001 RA1.png
1,/data/yue/pepple/classification/data/Images for AI analysis/AC_imgs_r512_c512/20190821mouse1_OD_L_4_90_0000028_Structure_0001 RA2.png
0,/data/yue/pepple/classification/data/Images for AI analysis/AC_imgs_r512_c512/20190821mouse1_OD_L_4_90_0000058_Structure_0001 RA3.png
0,/data/yue/pepple/classification/data/Images for AI analysis/AC_imgs_r512_c512/20190821mouse1_OD_L_4_90_0000078_Structure_0001 RA6.png
0.5,/data/yue/pepple/classification/data/Images for AI analysis/AC_imgs_r512_c512/20190821mouse1_OD_L_4_90_0000098_Structure_0001 RA7.png
1,/data/yue/pepple/classification/data/Images for AI analysis/AC_imgs_r512_c512/20190821mouse2_OD_L_4_90_0000036_Structure_0001 RA2.png
1,/data/yue/pepple/classification/data/Images for AI analysis/AC_imgs_r512_c512/20190821mouse2_OD_L_4_90_0000046_Structure_0001 RA3.png
1,/data/yue/pepple/classification/data/Images for AI analysis/AC_imgs_r512_c512/20190821mouse2_OD_L_4_90_0000066_Structure_0001 RA6.png
1,/data/yue/pepple/classification/data/Images for AI analysis/AC_imgs_r512_c512/20190821mouse2_OD_L_4_90_0000086_Structure_0001 RA7.png
4,/data/yue/pepple/classification/data/Images for AI analysis/AC_imgs_r512_c512/20190821mouse4_OD_L_4_90_0000016_Structure_0001 RA1.png
3,/data/yue/pepple/classification/data/Images for AI analysis/AC_imgs_r512_c512/20190821mouse4_OD_L_4_90_0000036_Structure_0001 RA2.png
1,/data/yue/pepple/classification/data/Images for AI analysis/AC_imgs_r512_c512/20190821mouse6_OD_L_4_90_0000036_Structure_0001 RA2.png
2,/data/yue/pepple/classification/data/Images for AI analysis/AC_imgs_r512_c512/20190821mouse7_OD_L_4_90_0000006_Structure_0001 RA1.png
0.5,/data/yue/pepple/classification/data/Images for AI analysis/AC_imgs_r512_c512/20190821mouse7_OD_L_4_90_0000056_Structure_0001 RA3.png
0.5,/data/yue/pepple/classification/data/Images for AI analysis/AC_imgs_r512_c512/20190821mouse7_OD_L_4_90_0000076_Structure_0001 RA6.png
0.5,/data/yue/pepple/classification/data/Images for AI analysis/AC_imgs_r512_c512/20190821mouse7_OD_L_4_90_0000096_Structure_0001 RA7.png
4,/data/yue/pepple/classification/data/Images for AI analysis/AC_imgs_r512_c512/20190925mouse20_OD_L_4_90_0000006_Structure_0001 RA1.png
0,/data/yue/pepple/classification/data/Images for AI analysis/AC_imgs_r512_c512/20200207mouse2_OD_L_4_90_0000006_Structure_0001 RA1.png
3,/data/yue/pepple/classification/data/Images for AI analysis/AC_imgs_r512_c512/20200207mouse7_OD_L_4_90_0000006_Structure_0001 RA1.png
3,/data/yue/pepple/classification/data/Images for AI analysis/AC_imgs_r512_c512/20200207mouse8_OD_L_4_90_0000016_Structure_0001 RA1.png
2,/data/yue/pepple/classification/data/Images for AI analysis/AC_imgs_r512_c512/20200207mouse9_OD_L_4_90_0000016_Structure_0001 RA1.png
0.5,/data/yue/pepple/classification/data/Images for AI analysis/AC_imgs_r512_c512/20200604mouse1_OD_L_4_90_0000076_Structure_0001 ra2.png
2,/data/yue/pepple/classification/data/Images for AI analysis/AC_imgs_r512_c512/20200604mouse4_OD_L_4_90_0000076_Structure_0001 ra2.png
2,/data/yue/pepple/classification/data/Images for AI analysis/AC_imgs_r512_c512/20200604mouse6_OD_L_4_90_0000076_Structure_0001 ra2.png
2,/data/yue/pepple/classification/data/Images for AI analysis/AC_imgs_r512_c512/20200630mouse1_OD_L_4_90_0000026_Structure_0001 ra10h.png
3,/data/yue/pepple/classification/data/Images for AI analysis/AC_imgs_r512_c512/20200630mouse1_OD_L_4_90_0000056_Structure_0001 ra1.png
2,/data/yue/pepple/classification/data/Images for AI analysis/AC_imgs_r512_c512/20200630mouse1_OD_L_4_90_0000076_Structure_0001 ra2.png
2,/data/yue/pepple/classification/data/Images for AI analysis/AC_imgs_r512_c512/20200630mouse2_OD_L_4_90_0000036_Structure_0001 ra10h.png
1,/data/yue/pepple/classification/data/Images for AI analysis/AC_imgs_r512_c512/20200630mouse2_OD_L_4_90_0000046_Structure_0001 ra1.png
0.5,/data/yue/pepple/classification/data/Images for AI analysis/AC_imgs_r512_c512/20200630mouse2_OD_L_4_90_0000066_Structure_0001 RA2 .png
1,/data/yue/pepple/classification/data/Images for AI analysis/AC_imgs_r512_c512/20200630mouse5_OD_L_4_90_0000060_Structure_0001 ra1.png
2,/data/yue/pepple/classification/data/Images for AI analysis/AC_imgs_r512_c512/20200630mouse6_OD_L_4_90_0000046_Structure_0001 ra1.png
2,/data/yue/pepple/classification/data/Images for AI analysis/AC_imgs_r512_c512/20200630mouse7_OD_L_4_90_0000026_Structure_0001 ra10h.png
2,/data/yue/pepple/classification/data/Images for AI analysis/AC_imgs_r512_c512/20200630mouse7_OD_L_4_90_0000070_Structure_0001 ra1.png
2,/data/yue/pepple/classification/data/Images for AI analysis/AC_imgs_r512_c512/20200630mouse7_OD_L_4_90_0000090_Structure_0001 RA2.png
3,/data/yue/pepple/classification/data/Images for AI analysis/AC_imgs_r512_c512/20200630mouse9_OD_L_4_90_0000026_Structure_0001 ra10h.png
4,/data/yue/pepple/classification/data/Images for AI analysis/AC_imgs_r512_c512/20200630mouse9_OD_L_4_90_0000056_Structure_0001 ra1.png
4,/data/yue/pepple/classification/data/Images for AI analysis/AC_imgs_r512_c512/20200630mouse9_OD_L_4_90_0000076_Structure_0001 RA2.png
2,/data/yue/pepple/classification/data/Images for AI analysis/AC_imgs_r512_c512/20200630mouse12_OD_L_4_90_0000036_Structure_0001 ra10h.png
1,/data/yue/pepple/classification/data/Images for AI analysis/AC_imgs_r512_c512/20200630mouse12_OD_L_4_90_0000046_Structure_0001 ra1.png
2,/data/yue/pepple/classification/data/Images for AI analysis/AC_imgs_r512_c512/20200630mouse12_OD_L_4_90_0000076_Structure_0001 RA2.png
4,/data/yue/pepple/classification/data/Images for AI analysis/AC_imgs_r512_c512/20200129mouse1_OD_L_4_90_0000006_Structure_0001 RA1.png
3,/data/yue/pepple/classification/data/Images for AI analysis/AC_imgs_r512_c512/20200129mouse2_OD_L_4_90_0000016_Structure_0001 RA1.png
4,/data/yue/pepple/classification/data/Images for AI analysis/AC_imgs_r512_c512/20200129mouse4_OD_L_4_90_0000016_Structure_0001 RA1.png
4,/data/yue/pepple/classification/data/Images for AI analysis/AC_imgs_r512_c512/20200130mouse5_OD_L_4_90_0000006_Structure_0001 RA1.png
1,/data/yue/pepple/classification/data/Images for AI analysis/AC_imgs_r512_c512/20200220mouse1_OD_L_4_90_0000036_Structure_0001 RA53.png
1,/data/yue/pepple/classification/data/Images for AI analysis/AC_imgs_r512_c512/20200220mouse2_OD_L_4_90_0000026_Structure_0001 RA53.png
0,/data/yue/pepple/classification/data/Images for AI analysis/AC_imgs_r512_c512/20200220mouse4_OD_L_4_90_0000026_Structure_0001 RA53.png
0.5,/data/yue/pepple/classification/data/Images for AI analysis/AC_imgs_r512_c512/20200220mouse5_OD_L_4_90_0000042_Structure_0001 RA53.png
2,/data/yue/pepple/classification/data/Images for AI analysis/AC_imgs_r512_c512/20200220mouse6_OD_L_4_90_0000026_Structure_0001 RA53.png
1,/data/yue/pepple/classification/data/Images for AI analysis/AC_imgs_r512_c512/20200220mouse9_OD_L_4_90_0000026_Structure_0001 RA53.png
3,/data/yue/pepple/classification/data/Images for AI analysis/AC_imgs_r512_c512/20200303mouse1_OD_L_4_90_0000016_Structure_0001 RA1.png
0.5,/data/yue/pepple/classification/data/Images for AI analysis/AC_imgs_r512_c512/20200303mouse2_OD_L_4_90_0000026_Structure_0001 RA1.png
1,/data/yue/pepple/classification/data/Images for AI analysis/AC_imgs_r512_c512/20200303mouse4_OD_L_4_90_0000066_Structure_0001 RA1.png
2,/data/yue/pepple/classification/data/Images for AI analysis/AC_imgs_r512_c512/20200707mouse1_OD_L_4_90_0000036_Structure_0001 RA10H.png
0.5,/data/yue/pepple/classification/data/Images for AI analysis/AC_imgs_r512_c512/20200707mouse1_OD_L_4_90_0000056_Structure_0001 RA1.png
0.5,/data/yue/pepple/classification/data/Images for AI analysis/AC_imgs_r512_c512/20200707mouse1_OD_L_4_90_0000076_Structure_0001 RA2.png
2,/data/yue/pepple/classification/data/Images for AI analysis/AC_imgs_r512_c512/20200707mouse2_OD_L_4_90_0000026_Structure_0001 RA10H.png
3,/data/yue/pepple/classification/data/Images for AI analysis/AC_imgs_r512_c512/20200707mouse2_OD_L_4_90_0000046_Structure_0001 RA1.png
2,/data/yue/pepple/classification/data/Images for AI analysis/AC_imgs_r512_c512/20200707mouse2_OD_L_4_90_0000066_Structure_0001 RA2.png
3,/data/yue/pepple/classification/data/Images for AI analysis/AC_imgs_r512_c512/20200707mouse6_OD_L_4_90_0000046_Structure_0001 RA1.png
3,/data/yue/pepple/classification/data/Images for AI analysis/AC_imgs_r512_c512/20200707mouse7_OD_L_4_90_0000056_Structure_0001 RA1.png
3,/data/yue/pepple/classification/data/Images for AI analysis/AC_imgs_r512_c512/20200707mouse7_OD_L_4_90_0000076_Structure_0001 RA2.png
2,/data/yue/pepple/classification/data/Images for AI analysis/AC_imgs_r512_c512/20200707mouse8_OD_L_4_90_0000026_Structure_0001 RA10H.png
2,/data/yue/pepple/classification/data/Images for AI analysis/AC_imgs_r512_c512/20200707mouse8_OD_L_4_90_0000046_Structure_0001 RA1.png
0,/data/yue/pepple/classification/data/Images for AI analysis/AC_imgs_r512_c512/20200714mouse1_OD_L_4_90_0000063_Structure_0001 RA1.png
1,/data/yue/pepple/classification/data/Images for AI analysis/AC_imgs_r512_c512/20200714mouse1_OD_L_4_90_0000103_Structure_0001 RA2.png
1,/data/yue/pepple/classification/data/Images for AI analysis/AC_imgs_r512_c512/20200714mouse2_OD_L_4_90_0000056_Structure_0001 RA1.png
0.5,/data/yue/pepple/classification/data/Images for AI analysis/AC_imgs_r512_c512/20200714mouse2_OD_L_4_90_0000083_Structure_0001 RA2.png
0.5,/data/yue/pepple/classification/data/Images for AI analysis/AC_imgs_r512_c512/20200714mouse6_OD_L_4_90_0000046_Structure_0001 RA1.png
0.5,/data/yue/pepple/classification/data/Images for AI analysis/AC_imgs_r512_c512/20200714mouse6_OD_L_4_90_0000066_Structure_0001 RA2.png
0.5,/data/yue/pepple/classification/data/Images for AI analysis/AC_imgs_r512_c512/20200714mouse7_OD_L_4_90_0000056_Structure_0001 RA1.png
0.5,/data/yue/pepple/classification/data/Images for AI analysis/AC_imgs_r512_c512/20200714mouse7_OD_L_4_90_0000076_Structure_0001 RA2.png
0.5,/data/yue/pepple/classification/data/Images for AI analysis/AC_imgs_r512_c512/20200714mouse8_OD_L_4_90_0000056_Structure_0001 RA1.png
0.5,/data/yue/pepple/classification/data/Images for AI analysis/AC_imgs_r512_c512/20200714mouse8_OD_L_4_90_0000066_Structure_0001 RA2.png
1,/data/yue/pepple/classification/data/Images for AI analysis/AC_imgs_r512_c512/20200729mouse1_OD_L_4_90_0000056_Structure_0001 RA3.png
0,/data/yue/pepple/classification/data/Images for AI analysis/AC_imgs_r512_c512/20200729mouse1_OD_L_4_90_0000096_Structure_0001 RA6.png
0.5,/data/yue/pepple/classification/data/Images for AI analysis/AC_imgs_r512_c512/20200729mouse1_OD_L_4_90_0000116_Structure_0001 RA7.png
0.5,/data/yue/pepple/classification/data/Images for AI analysis/AC_imgs_r512_c512/20200729mouse1_OD_L_4_90_0000136_Structure_0001 RA14.png
1,/data/yue/pepple/classification/data/Images for AI analysis/AC_imgs_r512_c512/20200729mouse1_OD_L_4_90_0000156_Structure_0001 RA21.png
0,/data/yue/pepple/classification/data/Images for AI analysis/AC_imgs_r512_c512/20200729mouse1_OD_L_4_90_0000176_Structure_0001 RA28.png
2,/data/yue/pepple/classification/data/Images for AI analysis/AC_imgs_r512_c512/20200729mouse2_OD_L_4_90_0000046_Structure_0001 RA3.png
0.5,/data/yue/pepple/classification/data/Images for AI analysis/AC_imgs_r512_c512/20200729mouse2_OD_L_4_90_0000096_Structure_0001 RA6.png
0,/data/yue/pepple/classification/data/Images for AI analysis/AC_imgs_r512_c512/20200729mouse2_OD_L_4_90_0000106_Structure_0001 RA7.png
0,/data/yue/pepple/classification/data/Images for AI analysis/AC_imgs_r512_c512/20190404mouse2F_OD_L_4_90_0000086_Structure_0001 RA28.png
2,/data/yue/pepple/classification/data/Images for AI analysis/AC_imgs_r512_c512/20200224mouse2_OD_L_4_90_0000066_Structure_0001 RA1.png
2,/data/yue/pepple/classification/data/Images for AI analysis/AC_imgs_r512_c512/20200224mouse2_OD_L_4_90_0000106_Structure_0001 RA2.png
2,/data/yue/pepple/classification/data/Images for AI analysis/AC_imgs_r512_c512/20200224mouse1_OD_L_4_90_0000096_Structure_0001 RA1.png
1,/data/yue/pepple/classification/data/Images for AI analysis/AC_imgs_r512_c512/20200224mouse1_OD_L_4_90_0000136_Structure_0001 RA2.png
4,/data/yue/pepple/classification/data/Images for AI analysis/AC_imgs_r512_c512/20200224mouse4_OD_L_4_90_0000082_Structure_0001 RA1.png
4,/data/yue/pepple/classification/data/Images for AI analysis/AC_imgs_r512_c512/20200224mouse4_OD_L_4_90_0000098_Structure_0001 RA2.png
4,/data/yue/pepple/classification/data/Images for AI analysis/AC_imgs_r512_c512/20200224mouse5_OD_L_4_90_0000070_Structure_0001 RA1.png
4,/data/yue/pepple/classification/data/Images for AI analysis/AC_imgs_r512_c512/20200224mouse5_OD_L_4_90_0000090_Structure_0001 RA2.png
2,/data/yue/pepple/classification/data/Images for AI analysis/AC_imgs_r512_c512/20200224mouse1_OD_L_4_90_0000066_Structure_0001 RA10H.png
2,/data/yue/pepple/classification/data/Images for AI analysis/AC_imgs_r512_c512/20200224mouse2_OD_L_4_90_0000016_Structure_0001 RA10H.png
2,/data/yue/pepple/classification/data/Images for AI analysis/AC_imgs_r512_c512/20200224mouse4_OD_L_4_90_0000052_Structure_0001 RA10H.png
3,/data/yue/pepple/classification/data/Images for AI analysis/AC_imgs_r512_c512/20190404mouse2F_OD_L_4_90_0000006_Structure_0001 ra1.png
1,/data/yue/pepple/classification/data/Images for AI analysis/AC_imgs_r512_c512/20190404mouse2F_OD_L_4_90_0000056_Structure_0001 ra7.png
0,/data/yue/pepple/classification/data/Images for AI analysis/AC_imgs_r512_c512/20190402mouse4_OD_L_4_90_0000026_Structure_0001 ra1.png
1,/data/yue/pepple/classification/data/Images for AI analysis/AC_imgs_r512_c512/20200609mouse6_OD_L_4_90_0000006_Structure_0001 RA1.png
2,/data/yue/pepple/classification/data/Images for AI analysis/AC_imgs_r512_c512/20200609mouse8_OD_L_4_90_0000006_Structure_0001 RA1.png
2,/data/yue/pepple/classification/data/Images for AI analysis/AC_imgs_r512_c512/20200609mouse9_OD_L_4_90_0000016_Structure_0001 RA1.png
0,/data/yue/pepple/classification/data/Images for AI analysis/AC_imgs_r512_c512/20200609mouse12_OD_L_4_90_0000006_Structure_0001 RA1.png
3,/data/yue/pepple/classification/data/Images for AI analysis/AC_imgs_r512_c512/20200609mouse15_OD_L_4_90_0000016_Structure_0001 RA1.png
1,/data/yue/pepple/classification/data/Images for AI analysis/AC_imgs_r512_c512/20200729mouse7_OD_L_4_90_0000026_Structure_0001 ra2.png
2,/data/yue/pepple/classification/data/Images for AI analysis/AC_imgs_r512_c512/20200729mouse1_OD_L_4_90_0000016_Structure_0001 ra1.png
2,/data/yue/pepple/classification/data/Images for AI analysis/AC_imgs_r512_c512/20200729mouse1_OD_L_4_90_0000036_Structure_0001 ra2.png
3,/data/yue/pepple/classification/data/Images for AI analysis/AC_imgs_r512_c512/20200729mouse2_OD_L_4_90_0000026_Structure_0001 ra2.png
0.5,/data/yue/pepple/classification/data/Images for AI analysis/AC_imgs_r512_c512/20190806mouse4_OD_L_4_90_0000106_Structure_0001 RA14.png
2,/data/yue/pepple/classification/data/Images for AI analysis/AC_imgs_r512_c512/20190806mouse9_OD_L_4_90_0000026_Structure_0001 RA2.png
0.5,/data/yue/pepple/classification/data/Images for AI analysis/AC_imgs_r512_c512/20190806mouse9_OD_L_4_90_0000126_Structure_0001 RA28.png
0,/data/yue/pepple/data_2024/AC_imgs_r512_c512/20220929mouse4_OD_R_4_0_0000002_Structure_0001.png
0,/data/yue/pepple/data_2024/AC_imgs_r512_c512/20220825mouse5_OD_R_4_0_0000023_Structure_0002.png
0,/data/yue/pepple/data_2024/AC_imgs_r512_c512/20221115mouose4_OD_R_4_0_0000030_Structure_0001.png
2,/data/yue/pepple/data_2024/AC_imgs_r512_c512/20220706mouse1_OD_R_4_0_0000016_Structure_0001.png
0,/data/yue/pepple/data_2024/AC_imgs_r512_c512/20221013mouse5_OD_R_4_0_0000023_Structure_0002.png
0.5,/data/yue/pepple/data_2024/AC_imgs_r512_c512/20220929mouse1_OD_R_4_0_0000037_Structure_0002.png
2,/data/yue/pepple/data_2024/AC_imgs_r512_c512/20220809mouse13_OD_L_4_90_0000036_Structure_0001.png
1,/data/yue/pepple/data_2024/AC_imgs_r512_c512/20220706mouse4_OD_R_4_0_0000023_Structure_0002.png
0.5,/data/yue/pepple/data_2024/AC_imgs_r512_c512/20190409mouse14_OD_L_4_90_0000006_Structure_0001 RA1.TIFF.png
0.5,/data/yue/pepple/data_2024/AC_imgs_r512_c512/20220706mouse5_OD_R_4_0_0000045_Structure_0001.png
0,/data/yue/pepple/data_2024/AC_imgs_r512_c512/20221215mouse10_OD_R_4_0_0000037_Structure_0002.png
0.5,/data/yue/pepple/data_2024/AC_imgs_r512_c512/20220706mouse8_OD_R_4_0_0000051_Structure_0004.png
2,/data/yue/pepple/data_2024/AC_imgs_r512_c512/20221115mouse1_OD_R_4_0_0000030_Structure_0001.png
2,/data/yue/pepple/data_2024/AC_imgs_r512_c512/20220706mouse5_OD_R_4_0_0000066_Structure_0003.png
4,/data/yue/pepple/data_2024/AC_imgs_r512_c512/20220505mouse5_OD_R_4_0_0000009_Structure_0002.png
0.5,/data/yue/pepple/data_2024/AC_imgs_r512_c512/20220809mouse14_OD_L_4_90_0000046_Structure_0001.png
2,/data/yue/pepple/data_2024/AC_imgs_r512_c512/20180531mouse1_OD_L_4_90_0000016_Structure_0001 RA1.TIFF.png
2,/data/yue/pepple/data_2024/AC_imgs_r512_c512/20180510IVT_mouse1_OD_L_4_90_0000033_Structure_0001 RA1.TIFF.png
0,/data/yue/pepple/data_2024/AC_imgs_r512_c512/20190207mouse19_OD_L_4_90_0000006_Structure_0001 RA-7.TIFF.png
0,/data/yue/pepple/data_2024/AC_imgs_r512_c512/20221215mouse8_OD_R_4_0_0000037_Structure_0004.png
3,/data/yue/pepple/data_2024/AC_imgs_r512_c512/20180801mouse17_OD_L_4_90_0000226_Structure_0001 RA49.TIFF.png
0.5,/data/yue/pepple/data_2024/AC_imgs_r512_c512/20220706mouse8_OD_R_4_0_0000002_Structure_0003.png
1,/data/yue/pepple/data_2024/AC_imgs_r512_c512/20180611IVT_D1_m3_OD_L_4_90_0000023_Structure_0001 RA1.TIFF.png
0,/data/yue/pepple/data_2024/AC_imgs_r512_c512/20220706mouse2_OD_R_4_0_0000058_Structure_0003.png
4,/data/yue/pepple/data_2024/AC_imgs_r512_c512/20220816mouse2_OD_L_4_90_0000046_Structure_0001.png
1,/data/yue/pepple/data_2024/AC_imgs_r512_c512/20220823mouse7_OD_L_4_90_0000096_Structure_0001.png
0,/data/yue/pepple/data_2024/AC_imgs_r512_c512/20221115mouse5_OD_R_4_0_0000023_Structure_0002.png
2,/data/yue/pepple/data_2024/AC_imgs_r512_c512/20220505mouse4_OD_R_4_0_0000002_Structure_0004.png
0,/data/yue/pepple/data_2024/AC_imgs_r512_c512/20221013mouse10_OD_R_4_0_0000016_Structure_0001.png
2,/data/yue/pepple/data_2024/AC_imgs_r512_c512/20220706mouse2_OD_R_4_0_0000044_Structure_0004.png
3,/data/yue/pepple/data_2024/AC_imgs_r512_c512/20220823mouse7_OD_L_4_90_0000026_Structure_0001.png
0.5,/data/yue/pepple/data_2024/AC_imgs_r512_c512/20221215mouse13_OD_R_4_0_0000023_Structure_0003.png
4,/data/yue/pepple/data_2024/AC_imgs_r512_c512/20221115mouse1_OD_R_4_0_0000009_Structure_0003.png
3,/data/yue/pepple/data_2024/AC_imgs_r512_c512/20181026mouse3_OD_L_4_90_0000006_Structure_0001 RA1.TIFF.png
4,/data/yue/pepple/data_2024/AC_imgs_r512_c512/20180412IVT_mouse4_OD_L_4_90_0000035_Structure_0001 RA1.TIFF.png
1,/data/yue/pepple/data_2024/AC_imgs_r512_c512/20221013mouse3_OD_R_4_0_0000044_Structure_0004.png
2,/data/yue/pepple/data_2024/AC_imgs_r512_c512/20180626IVT_D1_m4_OD_L_4_90_0000023_Structure_0001 RA1.TIFF.png
0,/data/yue/pepple/data_2024/AC_imgs_r512_c512/20220929mousse2_OD_R_4_0_0000016_Structure_0001.png
0,/data/yue/pepple/data_2024/AC_imgs_r512_c512/20220825mouse5_OD_R_4_0_0000009_Structure_0004.png
0.5,/data/yue/pepple/data_2024/AC_imgs_r512_c512/20221215mouse1_OD_R_4_0_0000037_Structure_0002.png
2,/data/yue/pepple/data_2024/AC_imgs_r512_c512/20221115mouose4_OD_R_4_0_0000009_Structure_0003.png
0.5,/data/yue/pepple/data_2024/AC_imgs_r512_c512/20220706mouse9_OD_R_4_0_0000023_Structure_0003.png
2,/data/yue/pepple/data_2024/AC_imgs_r512_c512/20221013mouse6_OD_R_4_0_0000037_Structure_0003.png
4,/data/yue/pepple/data_2024/AC_imgs_r512_c512/20220816mouse1_OD_L_4_90_0000026_Structure_0001.png
2,/data/yue/pepple/data_2024/AC_imgs_r512_c512/20220706mouse4_OD_R_4_0_0000009_Structure_0004.png
0,/data/yue/pepple/data_2024/AC_imgs_r512_c512/20221215mouse9_OD_R_4_0_0000016_Structure_0004.png
3,/data/yue/pepple/data_2024/AC_imgs_r512_c512/20181114mouse5_OD_L_4_90_0000046_Structure_0001 RA6.TIFF.png
2,/data/yue/pepple/data_2024/AC_imgs_r512_c512/20221215mouse7_OD_R_4_0_0000002_Structure_0004.png
0,/data/yue/pepple/data_2024/AC_imgs_r512_c512/20221013mouse5_OD_R_4_0_0000009_Structure_0004.png
2,/data/yue/pepple/data_2024/AC_imgs_r512_c512/20220816mouse5_OD_L_4_90_0000086_Structure_0001.png
3,/data/yue/pepple/data_2024/AC_imgs_r512_c512/20180516IVT_D21_m3_OD_L_4_90_0000023_Structure_0001 RA2.TIFF.png
0.5,/data/yue/pepple/data_2024/AC_imgs_r512_c512/20221215mouse11_OD_R_4_0_0000016_Structure_0002.png
3,/data/yue/pepple/data_2024/AC_imgs_r512_c512/20220809mouse3_OD_L_4_90_0000006_Structure_0001.png
2,/data/yue/pepple/data_2024/AC_imgs_r512_c512/20221115mouse6_OD_R_4_0_0000037_Structure_0003.png
0.5,/data/yue/pepple/data_2024/AC_imgs_r512_c512/20220706mouse1_OD_R_4_0_0000051_Structure_0002.png
2,/data/yue/pepple/data_2024/AC_imgs_r512_c512/20221013mouse7_OD_R_4_0_0000044_Structure_0003.png
0,/data/yue/pepple/data_2024/AC_imgs_r512_c512/20221115mouse5_OD_R_4_0_0000009_Structure_0004.png
0,/data/yue/pepple/data_2024/AC_imgs_r512_c512/20220505mouse2_OD_R_4_0_0000127_Structure_0002.png
0.5,/data/yue/pepple/data_2024/AC_imgs_r512_c512/20220706mouse4_OD_R_4_0_0000031_Structure_0001.png
0,/data/yue/pepple/data_2024/AC_imgs_r512_c512/20220929mouse5_OD_R_4_0_0000023_Structure_0001.png
0.5,/data/yue/pepple/data_2024/AC_imgs_r512_c512/20221013mouse2_OD_R_4_0_0000037_Structure_0004.png
0.5,/data/yue/pepple/data_2024/AC_imgs_r512_c512/20221013mouse1_OD_R_4_0_0000009_Structure_0003.png
0,/data/yue/pepple/data_2024/AC_imgs_r512_c512/20221013mouse4_OD_R_4_0_0000002_Structure_0002.png
0,/data/yue/pepple/data_2024/AC_imgs_r512_c512/20220825mouse2_OD_R_4_0_0000037_Structure_0004.png
0,/data/yue/pepple/data_2024/AC_imgs_r512_c512/20221013mouse10_OD_R_4_0_0000044_Structure_0001.png
1,/data/yue/pepple/data_2024/AC_imgs_r512_c512/20220706mouse5_OD_R_4_0_0000002_Structure_0002.png
0,/data/yue/pepple/data_2024/AC_imgs_r512_c512/20220825mouse1_OD_R_4_0_0000009_Structure_0003.png
0,/data/yue/pepple/data_2024/AC_imgs_r512_c512/20190207mouse11_OD_L_4_90_0000016_Structure_0001 RA-7.TIFF.png
0.5,/data/yue/pepple/data_2024/AC_imgs_r512_c512/20220929mouse5_OD_R_4_0_0000009_Structure_0003.png
2,/data/yue/pepple/data_2024/AC_imgs_r512_c512/20220809mouse1_OD_L_4_90_0000066_Structure_0001.png
2,/data/yue/pepple/data_2024/AC_imgs_r512_c512/20180801mouse8_OD_L_4_90_0000036_Structure_0001 RA2.TIFF.png
0,/data/yue/pepple/data_2024/AC_imgs_r512_c512/20220929mouse5_OD_R_4_0_0000037_Structure_0001.png
0,/data/yue/pepple/data_2024/AC_imgs_r512_c512/20221013mouse1_OD_R_4_0_0000023_Structure_0001.png
2,/data/yue/pepple/data_2024/AC_imgs_r512_c512/20180514IVT_D14_m2_OD_L_4_90_0000033_Structure_0001 RA2.TIFF.png
0,/data/yue/pepple/data_2024/AC_imgs_r512_c512/20221215mouse8_OD_R_4_0_0000009_Structure_0002.png
2,/data/yue/pepple/data_2024/AC_imgs_r512_c512/20220706mouse5_OD_R_4_0_0000016_Structure_0002.png
0,/data/yue/pepple/data_2024/AC_imgs_r512_c512/20221013mouse4_OD_R_4_0_0000016_Structure_0002.png
0,/data/yue/pepple/data_2024/AC_imgs_r512_c512/20181203mouse1_OD_L_4_90_0000026_Structure_0001 RA2.TIFF.png
0,/data/yue/pepple/data_2024/AC_imgs_r512_c512/20220825mouse1_OD_R_4_0_0000023_Structure_0001.png
0,/data/yue/pepple/data_2024/AC_imgs_r512_c512/20221215mouse5_OD_R_4_0_0000030_Structure_0001.png
0.5,/data/yue/pepple/data_2024/AC_imgs_r512_c512/20220809mouse8_OD_L_4_90_0000046_Structure_0001.png
0.5,/data/yue/pepple/data_2024/AC_imgs_r512_c512/20221215mouse11_OD_R_4_0_0000002_Structure_0002.png
3,/data/yue/pepple/data_2024/AC_imgs_r512_c512/20220816mouse4_OD_L_4_90_0000036_Structure_0001.png
2,/data/yue/pepple/data_2024/AC_imgs_r512_c512/20220706mouse5_OD_R_4_0_0000073_Structure_0004.png
1,/data/yue/pepple/data_2024/AC_imgs_r512_c512/20180131mouse4_OD_L_4_90_0000276_Structure_0001 RA21.TIFF.png
2,/data/yue/pepple/data_2024/AC_imgs_r512_c512/20180517IVT_D7_m4_OD_L_4_90_0000023_Structure_0001 RA1.TIFF.png
2,/data/yue/pepple/data_2024/AC_imgs_r512_c512/20221215mouse14_OD_R_4_0_0000037_Structure_0001.png
0.5,/data/yue/pepple/data_2024/AC_imgs_r512_c512/20180315Rag2mouse2_OD_L_4_90_0000033_Structure_0001 RA1.TIFF.png
0,/data/yue/pepple/data_2024/AC_imgs_r512_c512/20221115mouse8_OD_R_4_0_0000037_Structure_0003.png
0.5,/data/yue/pepple/data_2024/AC_imgs_r512_c512/20220706mouse9_OD_R_4_0_0000079_Structure_0004.png
0,/data/yue/pepple/data_2024/AC_imgs_r512_c512/20220929mousse2_OD_R_4_0_0000002_Structure_0001.png
0,/data/yue/pepple/data_2024/AC_imgs_r512_c512/20220825mouse10_OD_R_4_0_0000030_Structure_0002.png
2,/data/yue/pepple/data_2024/AC_imgs_r512_c512/20221215mouse2_OD_R_4_0_0000030_Structure_0003.png
2,/data/yue/pepple/data_2024/AC_imgs_r512_c512/20190130mouse1_OD_L_4_90_0000056_Structure_0001 RA1.TIFF.png
0,/data/yue/pepple/data_2024/AC_imgs_r512_c512/20221013mouse8_OD_R_4_0_0000037_Structure_0003.png
2,/data/yue/pepple/data_2024/AC_imgs_r512_c512/20180510IVT_mouse3_OD_L_4_90_0000026_Structure_0001 RA1.TIFF.png
2,/data/yue/pepple/data_2024/AC_imgs_r512_c512/20221215mouse7_OD_R_4_0_0000016_Structure_0004.png
2,/data/yue/pepple/data_2024/AC_imgs_r512_c512/20220929mouse1_OD_R_4_0_0000009_Structure_0004.png
1,/data/yue/pepple/data_2024/AC_imgs_r512_c512/20220706mouse9_OD_R_4_0_0000009_Structure_0001.png
0.5,/data/yue/pepple/data_2024/AC_imgs_r512_c512/20220505mouse8_OD_R_4_0_0000134_Structure_0001.png
2,/data/yue/pepple/data_2024/AC_imgs_r512_c512/20221215mouse9_OD_R_4_0_0000002_Structure_0004.png
0,/data/yue/pepple/data_2024/AC_imgs_r512_c512/20220706mouse9_OD_R_4_0_0000037_Structure_0003.png
1,/data/yue/pepple/data_2024/AC_imgs_r512_c512/20220823mouse6_OD_L_4_90_0000096_Structure_0001.png
2,/data/yue/pepple/data_2024/AC_imgs_r512_c512/20221215mouse10_OD_R_4_0_0000009_Structure_0004.png
1,/data/yue/pepple/data_2024/AC_imgs_r512_c512/20220706mouse8_OD_R_4_0_0000072_Structure_0002.png
0.5,/data/yue/pepple/data_2024/AC_imgs_r512_c512/20221215mouse12_OD_R_4_0_0000016_Structure_0003.png
1,/data/yue/pepple/data_2024/AC_imgs_r512_c512/20220809mouse5_OD_L_4_90_0000076_Structure_0001.png
3,/data/yue/pepple/data_2024/AC_imgs_r512_c512/20180801mouse17_OD_L_4_90_0000206_Structure_0001 RA42.TIFF.png
2,/data/yue/pepple/data_2024/AC_imgs_r512_c512/20220816mouse2_OD_L_4_90_0000110_Structure_0001.png
0,/data/yue/pepple/data_2024/AC_imgs_r512_c512/20220505mouse2_OD_R_4_0_0000081_Structure_0001.png
0.5,/data/yue/pepple/data_2024/AC_imgs_r512_c512/20220706mouse1_OD_R_4_0_0000072_Structure_0004.png
2,/data/yue/pepple/data_2024/AC_imgs_r512_c512/20180312IVI_mouse5_OD_L_4_90_0000023_Structure_0001 RA7.TIFF.png
4,/data/yue/pepple/data_2024/AC_imgs_r512_c512/20220823mouse6_OD_L_4_90_0000026_Structure_0001.png
0,/data/yue/pepple/data_2024/AC_imgs_r512_c512/20221115mouse5_OD_R_4_0_0000037_Structure_0002.png
0.5,/data/yue/pepple/data_2024/AC_imgs_r512_c512/20220823mouse9_OD_L_4_90_0000078_Structure_0001.png
0,/data/yue/pepple/data_2024/AC_imgs_r512_c512/20221215mouse14_OD_R_4_0_0000030_Structure_0001.png
3,/data/yue/pepple/data_2024/AC_imgs_r512_c512/20181127mouse9_OD_L_4_90_0000056_Structure_0001 RA3.TIFF.png
3,/data/yue/pepple/data_2024/AC_imgs_r512_c512/20180801mouse12_OD_L_4_90_0000016_Structure_0001 RA1.TIFF.png
0.5,/data/yue/pepple/data_2024/AC_imgs_r512_c512/20220505mouse8_OD_R_4_0_0000049_Structure_0004.png
0,/data/yue/pepple/data_2024/AC_imgs_r512_c512/20220929mouse6_OD_R_4_0_0000030_Structure_0004.png
0.5,/data/yue/pepple/data_2024/AC_imgs_r512_c512/20220706mouse4_OD_R_4_0_0000080_Structure_0002.png
3,/data/yue/pepple/data_2024/AC_imgs_r512_c512/20180611IVT_D14_m5_OD_L_4_90_0000050_Structure_0001 RA14.TIFF.png
1,/data/yue/pepple/data_2024/AC_imgs_r512_c512/20181114mouse7_OD_L_4_90_0000053_Structure_0001 RA6.TIFF.png
2,/data/yue/pepple/data_2024/AC_imgs_r512_c512/20220706mouse8_OD_R_4_0_0000016_Structure_0003.png
0,/data/yue/pepple/data_2024/AC_imgs_r512_c512/20221215mouse8_OD_R_4_0_0000023_Structure_0004.png
0,/data/yue/pepple/data_2024/AC_imgs_r512_c512/20221215mouse10_OD_R_4_0_0000023_Structure_0002.png
2,/data/yue/pepple/data_2024/AC_imgs_r512_c512/20220706mouse4_OD_R_4_0_0000052_Structure_0004.png
3,/data/yue/pepple/data_2024/AC_imgs_r512_c512/20180829mouse5_OD_L_4_90_0000016_Structure_0001 RA1.TIFF.png
2,/data/yue/pepple/data_2024/AC_imgs_r512_c512/20221215mouse13_OD_R_4_0_0000030_Structure_0003.png
1,/data/yue/pepple/data_2024/AC_imgs_r512_c512/20220823mouse8_OD_L_4_90_0000076_Structure_0001.png
0.5,/data/yue/pepple/data_2024/AC_imgs_r512_c512/20220706mouse2_OD_R_4_0_0000002_Structure_0004.png
3,/data/yue/pepple/data_2024/AC_imgs_r512_c512/20180306IVI_mouse5_OD_L_4_90_0000040_Structure_0001 RA2.TIFF.png
0,/data/yue/pepple/data_2024/AC_imgs_r512_c512/20220929mouse4_OD_R_4_0_0000016_Structure_0001.png
1,/data/yue/pepple/data_2024/AC_imgs_r512_c512/20221215mouse1_OD_R_4_0_0000009_Structure_0004.png
0,/data/yue/pepple/data_2024/AC_imgs_r512_c512/20220825mouse5_OD_R_4_0_0000037_Structure_0002.png
0,/data/yue/pepple/data_2024/AC_imgs_r512_c512/20220929mouse1_OD_R_4_0_0000023_Structure_0002.png
0,/data/yue/pepple/data_2024/AC_imgs_r512_c512/20221013mouse5_OD_R_4_0_0000037_Structure_0002.png
0.5,/data/yue/pepple/data_2024/AC_imgs_r512_c512/20180315Rag2mouse7_OD_L_4_90_0000173_Structure_0001 RA5.TIFF.png
1,/data/yue/pepple/data_2024/AC_imgs_r512_c512/20220825mouse1_OD_R_4_0_0000051_Structure_0002.png
0.5,/data/yue/pepple/data_2024/AC_imgs_r512_c512/20220922mouse3_OD_R_4_0_0000009_Structure_0002.png
0,/data/yue/pepple/data_2024/AC_imgs_r512_c512/20221115mouse7_OD_R_4_0_0000009_Structure_0001.png
0,/data/yue/pepple/data_2024/AC_imgs_r512_c512/20221215mouse15_OD_R_4_0_0000023_Structure_0001.png
0.5,/data/yue/pepple/data_2024/AC_imgs_r512_c512/20221115mouse9_OD_R_4_0_0000023_Structure_0003.png
2,/data/yue/pepple/data_2024/AC_imgs_r512_c512/20180306IVI_mouse2_OD_L_4_90_0000040_Structure_0001 RA2.TIFF.png
2,/data/yue/pepple/data_2024/AC_imgs_r512_c512/20221215mouse2_OD_R_4_0_0000002_Structure_0003.png
0,/data/yue/pepple/data_2024/AC_imgs_r512_c512/20220825mouse10_OD_R_4_0_0000002_Structure_0002.png
0.5,/data/yue/pepple/data_2024/AC_imgs_r512_c512/20220706mouse2_OD_R_4_0_0000037_Structure_0004.png
0,/data/yue/pepple/data_2024/AC_imgs_r512_c512/20220929mouse9_OD_R_4_0_0000037_Structure_0004.png
0.5,/data/yue/pepple/data_2024/AC_imgs_r512_c512/20220706mouse5_OD_R_4_0_0000031_Structure_0001.png
0.5,/data/yue/pepple/data_2024/AC_imgs_r512_c512/20220929mouse7_OD_R_4_0_0000023_Structure_0004.png
3,/data/yue/pepple/data_2024/AC_imgs_r512_c512/20180626IVT_D1_m3_OD_L_4_90_0000013_Structure_0001 RA1.TIFF.png
0,/data/yue/pepple/data_2024/AC_imgs_r512_c512/20220929mousse2_OD_R_4_0_0000030_Structure_0001.png
2,/data/yue/pepple/data_2024/AC_imgs_r512_c512/20220706mouse1_OD_R_4_0_0000009_Structure_0003.png
0,/data/yue/pepple/data_2024/AC_imgs_r512_c512/20221215mouse9_OD_R_4_0_0000030_Structure_0004.png
0,/data/yue/pepple/data_2024/AC_imgs_r512_c512/20220505mouse3_OD_R_4_0_0000055_Structure_0004.png
1,/data/yue/pepple/data_2024/AC_imgs_r512_c512/20180611IVT_D7_m5_OD_L_4_90_0000050_Structure_0001 RA7.TIFF.png
2,/data/yue/pepple/data_2024/AC_imgs_r512_c512/20220825mouse3_OD_R_4_0_0000037_Structure_0004.png
0.5,/data/yue/pepple/data_2024/AC_imgs_r512_c512/20221013mouse1_OD_R_4_0_0000044_Structure_0001.png
0,/data/yue/pepple/data_2024/AC_imgs_r512_c512/20220706mouse2_OD_R_4_0_0000079_Structure_0003.png
1,/data/yue/pepple/data_2024/AC_imgs_r512_c512/20180312IVI_mouse2_OD_L_4_90_0000023_Structure_0001 RA7.TIFF.png
3,/data/yue/pepple/data_2024/AC_imgs_r512_c512/20220505mouse8_OD_R_4_0_0000029_Structure_0004.png
0,/data/yue/pepple/data_2024/AC_imgs_r512_c512/20221215mouse11_OD_R_4_0_0000030_Structure_0002.png
0.5,/data/yue/pepple/data_2024/AC_imgs_r512_c512/20221013mouse10_OD_R_4_0_0000009_Structure_0003.png
0,/data/yue/pepple/data_2024/AC_imgs_r512_c512/20221215mouse1_OD_R_4_0_0000051_Structure_0001.png
3,/data/yue/pepple/data_2024/AC_imgs_r512_c512/20180131mouse4_OD_L_4_90_0000087_Structure_0001 RA1.TIFF.png
0.5,/data/yue/pepple/data_2024/AC_imgs_r512_c512/20220825mouse9_OD_R_4_0_0000023_Structure_0003.png
4,/data/yue/pepple/data_2024/AC_imgs_r512_c512/20220809mouse5_OD_L_4_90_0000016_Structure_0001.png
1,/data/yue/pepple/data_2024/AC_imgs_r512_c512/20180801mouse15_OD_L_4_90_0000016_Structure_0001 RA1.TIFF.png
0,/data/yue/pepple/data_2024/AC_imgs_r512_c512/20230508mouse20_OD_R_4_0_0000009_Structure_0003 D1.png
1,/data/yue/pepple/data_2024/AC_imgs_r512_c512/20221013mouse7_OD_R_4_0_0000009_Structure_0001.png
0,/data/yue/pepple/data_2024/AC_imgs_r512_c512/20221215mouse5_OD_R_4_0_0000002_Structure_0001.png
3,/data/yue/pepple/data_2024/AC_imgs_r512_c512/20180516IVT_D21_m4_OD_L_4_90_0000050_Structure_0001 RA20.TIFF.png
0.5,/data/yue/pepple/data_2024/AC_imgs_r512_c512/20221215mouse15_OD_R_4_0_0000009_Structure_0004 D7.png
1,/data/yue/pepple/data_2024/AC_imgs_r512_c512/20220929mouse7_OD_R_4_0_0000009_Structure_0002.png
3,/data/yue/pepple/data_2024/AC_imgs_r512_c512/20180521IVT_D1_m1_OD_L_4_90_0000050_Structure_0001 RA1.TIFF.png
0.5,/data/yue/pepple/data_2024/AC_imgs_r512_c512/20220706mouse1_OD_R_4_0_0000030_Structure_0001.png
0,/data/yue/pepple/data_2024/AC_imgs_r512_c512/20221115mouose4_OD_R_4_0_0000016_Structure_0001.png
0,/data/yue/pepple/data_2024/AC_imgs_r512_c512/20221215mouse4_OD_R_4_0_0000023_Structure_0001.png
0.5,/data/yue/pepple/data_2024/AC_imgs_r512_c512/20221013mouse8_OD_R_4_0_0000002_Structure_0003.png
0.5,/data/yue/pepple/data_2024/AC_imgs_r512_c512/20221013mouse6_OD_R_4_0_0000016_Structure_0003.png
4,/data/yue/pepple/data_2024/AC_imgs_r512_c512/20220816mouse3_OD_L_4_90_0000026_Structure_0001.png
0,/data/yue/pepple/data_2024/AC_imgs_r512_c512/20221215mouse13_OD_R_4_0_0000002_Structure_0003.png
0,/data/yue/pepple/data_2024/AC_imgs_r512_c512/20220922mouse3_OD_R_4_0_0000023_Structure_0004.png
2,/data/yue/pepple/data_2024/AC_imgs_r512_c512/20181127mouse7_OD_L_4_90_0000036_Structure_0001 RA2.TIFF.png
0.5,/data/yue/pepple/data_2024/AC_imgs_r512_c512/20220706mouse1_OD_R_4_0_0000065_Structure_0001.png
0.5,/data/yue/pepple/data_2024/AC_imgs_r512_c512/20221115mouse1_OD_R_4_0_0000016_Structure_0001.png
2,/data/yue/pepple/data_2024/AC_imgs_r512_c512/20220505mouse6_OD_R_4_0_0000002_Structure_0001.png
0,/data/yue/pepple/data_2024/AC_imgs_r512_c512/20221115mouse7_OD_R_4_0_0000030_Structure_0003.png
0,/data/yue/pepple/data_2024/AC_imgs_r512_c512/20190207mouse2_OD_L_4_90_0000006_Structure_0001 RA-7.TIFF.png
2,/data/yue/pepple/data_2024/AC_imgs_r512_c512/20180829mouse2_OD_L_4_90_0000006_Structure_0001 RA1.TIFF.png
1,/data/yue/pepple/data_2024/AC_imgs_r512_c512/20221013mouse2_OD_R_4_0_0000016_Structure_0004.png
2,/data/yue/pepple/data_2024/AC_imgs_r512_c512/20220929mouse6_OD_R_4_0_0000002_Structure_0004.png
4,/data/yue/pepple/data_2024/AC_imgs_r512_c512/20180306IVI_mouse1_OD_L_4_90_0000013_Structure_0001 RA1.TIFF.png
0,/data/yue/pepple/data_2024/AC_imgs_r512_c512/20220825mouse2_OD_R_4_0_0000016_Structure_0004.png
0,/data/yue/pepple/data_2024/AC_imgs_r512_c512/20220706mouse9_OD_R_4_0_0000051_Structure_0004.png
4,/data/yue/pepple/data_2024/AC_imgs_r512_c512/20220809mouse1_OD_L_4_90_0000006_Structure_0001.png
0.5,/data/yue/pepple/data_2024/AC_imgs_r512_c512/20220809mouse12_OD_L_4_90_0000056_Structure_0001.png
0,/data/yue/pepple/data_2024/AC_imgs_r512_c512/20221115mouse8_OD_R_4_0_0000002_Structure_0003.png
0.5,/data/yue/pepple/data_2024/AC_imgs_r512_c512/20220823mouse9_OD_L_4_90_0000108_Structure_0001.png
3,/data/yue/pepple/data_2024/AC_imgs_r512_c512/20180517IVT_D7_m3_OD_L_4_90_0000023_Structure_0001 RA1.TIFF.png
2,/data/yue/pepple/data_2024/AC_imgs_r512_c512/20221115mouse6_OD_R_4_0_0000016_Structure_0003.png
4,/data/yue/pepple/data_2024/AC_imgs_r512_c512/20180516IVT_D21_m4_OD_L_4_90_0000023_Structure_0001 RA2.TIFF.png
3,/data/yue/pepple/data_2024/AC_imgs_r512_c512/20221115mouse6_OD_R_4_0_0000002_Structure_0003.png
0.5,/data/yue/pepple/data_2024/AC_imgs_r512_c512/20220706mouse9_OD_R_4_0_0000058_Structure_0004.png
0.5,/data/yue/pepple/data_2024/AC_imgs_r512_c512/20220706mouse8_OD_R_4_0_0000065_Structure_0003.png
0,/data/yue/pepple/data_2024/AC_imgs_r512_c512/20221115mouse8_OD_R_4_0_0000016_Structure_0003.png
2,/data/yue/pepple/data_2024/AC_imgs_r512_c512/20220809mouse10_OD_L_4_90_0000036_Structure_0001.png
1,/data/yue/pepple/data_2024/AC_imgs_r512_c512/20220929mouse6_OD_R_4_0_0000016_Structure_0004.png
0.5,/data/yue/pepple/data_2024/AC_imgs_r512_c512/20221013mouse2_OD_R_4_0_0000002_Structure_0004.png
2,/data/yue/pepple/data_2024/AC_imgs_r512_c512/20220809mouse3_OD_L_4_90_0000066_Structure_0001.png
0,/data/yue/pepple/data_2024/AC_imgs_r512_c512/20221013mouse4_OD_R_4_0_0000037_Structure_0002.png
0.5,/data/yue/pepple/data_2024/AC_imgs_r512_c512/20220825mouse2_OD_R_4_0_0000002_Structure_0004.png
0,/data/yue/pepple/data_2024/AC_imgs_r512_c512/20181009mouse5_OD_L_4_90_0000016_Structure_0001 RA1.TIFF.png
0.5,/data/yue/pepple/data_2024/AC_imgs_r512_c512/20220706mouse8_OD_R_4_0_0000030_Structure_0003.png
4,/data/yue/pepple/data_2024/AC_imgs_r512_c512/20180531mouse6_OD_L_4_90_0000006_Structure_0001 RA1.TIFF.png
3,/data/yue/pepple/data_2024/AC_imgs_r512_c512/20221115mouse2_OD_R_4_0_0000002_Structure_0004.png
1,/data/yue/pepple/data_2024/AC_imgs_r512_c512/20220706mouse4_OD_R_4_0_0000059_Structure_0002.png
0,/data/yue/pepple/data_2024/AC_imgs_r512_c512/20220922mouse3_OD_R_4_0_0000037_Structure_0004.png
0.5,/data/yue/pepple/data_2024/AC_imgs_r512_c512/20221115mouse9_OD_R_4_0_0000030_Structure_0003.png
1,/data/yue/pepple/data_2024/AC_imgs_r512_c512/20220505mouse8_OD_R_4_0_0000002_Structure_0001.png
1,/data/yue/pepple/data_2024/AC_imgs_r512_c512/20221215mouse15_OD_R_4_0_0000009_Structure_0001 D2.png
4,/data/yue/pepple/data_2024/AC_imgs_r512_c512/20180801mouse17_OD_L_4_90_0000036_Structure_0001 RA2.TIFF.png
0.5,/data/yue/pepple/data_2024/AC_imgs_r512_c512/20220929mouse9_OD_R_4_0_0000009_Structure_0002.png
3,/data/yue/pepple/data_2024/AC_imgs_r512_c512/20220823mouse7_OD_L_4_90_0000046_Structure_0001.png
0,/data/yue/pepple/data_2024/AC_imgs_r512_c512/20190114mouse7_OD_L_4_90_0000016_Structure_0001 RA1.TIFF.png
0.5,/data/yue/pepple/data_2024/AC_imgs_r512_c512/20190409mouse3_OD_L_4_90_0000016_Structure_0001 RA1.TIFF.png
0,/data/yue/pepple/data_2024/AC_imgs_r512_c512/20220929mouse4_OD_R_4_0_0000030_Structure_0001.png
2,/data/yue/pepple/data_2024/AC_imgs_r512_c512/20181114mouse8_OD_L_4_90_0000053_Structure_0001 RA6.TIFF.png
3,/data/yue/pepple/data_2024/AC_imgs_r512_c512/20180516IVT_D21_m5_OD_L_4_90_0000050_Structure_0001 RA20.TIFF.png
1,/data/yue/pepple/data_2024/AC_imgs_r512_c512/20221013mouse3_OD_R_4_0_0000009_Structure_0002.png
0,/data/yue/pepple/data_2024/AC_imgs_r512_c512/20220505mouse2_OD_R_4_0_0000107_Structure_0001.png
2,/data/yue/pepple/data_2024/AC_imgs_r512_c512/20221215mouse4_OD_R_4_0_0000009_Structure_0003.png
1,/data/yue/pepple/data_2024/AC_imgs_r512_c512/20221013mouse6_OD_R_4_0_0000002_Structure_0003.png
0,/data/yue/pepple/data_2024/AC_imgs_r512_c512/20221013mouse8_OD_R_4_0_0000016_Structure_0003.png
0,/data/yue/pepple/data_2024/AC_imgs_r512_c512/20220825mouse3_OD_R_4_0_0000009_Structure_0002.png
0,/data/yue/pepple/data_2024/AC_imgs_r512_c512/20221215mouse4_OD_R_4_0_0000037_Structure_0001.png
0.5,/data/yue/pepple/data_2024/AC_imgs_r512_c512/20230508mouse20_OD_R_4_0_0000009_Structure_0001 D7.png
2,/data/yue/pepple/data_2024/AC_imgs_r512_c512/20220825mouse9_OD_R_4_0_0000009_Structure_0001.png
0.5,/data/yue/pepple/data_2024/AC_imgs_r512_c512/20220825mouse9_OD_R_4_0_0000037_Structure_0003.png
2,/data/yue/pepple/data_2024/AC_imgs_r512_c512/20221013mouse7_OD_R_4_0_0000023_Structure_0003.png
2,/data/yue/pepple/data_2024/AC_imgs_r512_c512/20220505mouse8_OD_R_4_0_0000075_Structure_0004.png
0,/data/yue/pepple/data_2024/AC_imgs_r512_c512/20221215mouse5_OD_R_4_0_0000016_Structure_0001.png
0,/data/yue/pepple/data_2024/AC_imgs_r512_c512/20220505mouse4_OD_R_4_0_0000120_Structure_0004.png
0.5,/data/yue/pepple/data_2024/AC_imgs_r512_c512/20221215mouse12_OD_R_4_0_0000009_Structure_0001.png
2,/data/yue/pepple/data_2024/AC_imgs_r512_c512/20220809mouse14_OD_L_4_90_0000026_Structure_0001.png
0,/data/yue/pepple/data_2024/AC_imgs_r512_c512/20221215mouse12_OD_R_4_0_0000037_Structure_0003.png
4,/data/yue/pepple/data_2024/AC_imgs_r512_c512/20180611IVT_D1_m4_OD_L_4_90_0000023_Structure_0001 RA1.TIFF.png
1,/data/yue/pepple/data_2024/AC_imgs_r512_c512/20220505mouse2_OD_R_4_0_0000002_Structure_0002.png
1,/data/yue/pepple/data_2024/AC_imgs_r512_c512/20181127mouse6_OD_L_4_90_0000046_Structure_0001 RA3.TIFF.png
2,/data/yue/pepple/data_2024/AC_imgs_r512_c512/20180801mouse16_OD_L_4_90_0000066_Structure_0001 RA3.TIFF.png
2,/data/yue/pepple/data_2024/AC_imgs_r512_c512/20221013mouse3_OD_R_4_0_0000023_Structure_0004.png
0.5,/data/yue/pepple/data_2024/AC_imgs_r512_c512/20220929mouse7_OD_R_4_0_0000037_Structure_0004.png
2,/data/yue/pepple/data_2024/AC_imgs_r512_c512/20220706mouse2_OD_R_4_0_0000023_Structure_0004.png
0,/data/yue/pepple/data_2024/AC_imgs_r512_c512/20220929mouse9_OD_R_4_0_0000023_Structure_0004.png
0.5,/data/yue/pepple/data_2024/AC_imgs_r512_c512/20221215mouse2_OD_R_4_0_0000016_Structure_0003.png
0,/data/yue/pepple/data_2024/AC_imgs_r512_c512/20220825mouse10_OD_R_4_0_0000016_Structure_0002.png
1,/data/yue/pepple/data_2024/AC_imgs_r512_c512/20220816mouse5_OD_L_4_90_0000056_Structure_0001.png
2,/data/yue/pepple/data_2024/AC_imgs_r512_c512/20221215mouse7_OD_R_4_0_0000030_Structure_0004.png
0,/data/yue/pepple/data_2024/AC_imgs_r512_c512/20220825mouse3_OD_R_4_0_0000023_Structure_0004.png
0,/data/yue/pepple/data_2024/AC_imgs_r512_c512/20220505mouse2_OD_R_4_0_0000042_Structure_0001.png
4,/data/yue/pepple/data_2024/AC_imgs_r512_c512/20180801mouse7_OD_L_4_90_0000036_Structure_0001 RA2.TIFF.png
2,/data/yue/pepple/data_2024/AC_imgs_r512_c512/20220505mouse3_OD_R_4_0_0000009_Structure_0004.png
1,/data/yue/pepple/data_2024/AC_imgs_r512_c512/20220809mouse9_OD_L_4_90_0000026_Structure_0001.png
0.5,/data/yue/pepple/data_2024/AC_imgs_r512_c512/20221115mouse9_OD_R_4_0_0000009_Structure_0001.png
0,/data/yue/pepple/data_2024/AC_imgs_r512_c512/20221115mouse7_OD_R_4_0_0000023_Structure_0003.png
0.5,/data/yue/pepple/data_2024/AC_imgs_r512_c512/20220809mouse13_OD_L_4_90_0000056_Structure_0001.png
1,/data/yue/pepple/data_2024/AC_imgs_r512_c512/20220505mouse8_OD_R_4_0_0000002_Structure_0004.png
4,/data/yue/pepple/data_2024/AC_imgs_r512_c512/20180321mouse1_OD_L_4_90_0000023_Structure_0001 RA1.TIFF.png
0,/data/yue/pepple/data_2024/AC_imgs_r512_c512/20221115mouse9_OD_R_4_0_0000023_Structure_0002.png
0.5,/data/yue/pepple/data_2024/AC_imgs_r512_c512/20221215mouse15_OD_R_4_0_0000009_Structure_0001 D7.png
0,/data/yue/pepple/data_2024/AC_imgs_r512_c512/20190107mouse4_OD_L_4_90_0000006_Structure_0001 RA-7.TIFF.png
2,/data/yue/pepple/data_2024/AC_imgs_r512_c512/20220922mouse3_OD_R_4_0_0000009_Structure_0003.png
2,/data/yue/pepple/data_2024/AC_imgs_r512_c512/20221115mouse2_OD_R_4_0_0000002_Structure_0001.png
3,/data/yue/pepple/data_2024/AC_imgs_r512_c512/20180305IVI_mouse1_OD_L_4_90_0000050_Structure_0001 RA20.TIFF.png
0,/data/yue/pepple/data_2024/AC_imgs_r512_c512/20220922mouse3_OD_R_4_0_0000037_Structure_0001.png
3,/data/yue/pepple/data_2024/AC_imgs_r512_c512/20180516IVT_D21_m2_OD_L_4_90_0000050_Structure_0001 RA20.TIFF.png
0,/data/yue/pepple/data_2024/AC_imgs_r512_c512/20220809mouse10_OD_L_4_90_0000046_Structure_0001.png
2,/data/yue/pepple/data_2024/AC_imgs_r512_c512/20220825mouse1_OD_R_4_0_0000051_Structure_0003.png
0,/data/yue/pepple/data_2024/AC_imgs_r512_c512/20220505mouse2_OD_R_4_0_0000107_Structure_0004.png
0,/data/yue/pepple/data_2024/AC_imgs_r512_c512/20221215mouse4_OD_R_4_0_0000037_Structure_0004.png
0.5,/data/yue/pepple/data_2024/AC_imgs_r512_c512/20180315Rag2mouse7_OD_L_4_90_0000097_Structure_0001 RA2.TIFF.png
0,/data/yue/pepple/data_2024/AC_imgs_r512_c512/20230508mouse20_OD_R_4_0_0000009_Structure_0002 D1.png
2,/data/yue/pepple/data_2024/AC_imgs_r512_c512/20220706mouse1_OD_R_4_0_0000009_Structure_0002.png
1,/data/yue/pepple/data_2024/AC_imgs_r512_c512/20221215mouse2_OD_R_4_0_0000002_Structure_0002.png
0.5,/data/yue/pepple/data_2024/AC_imgs_r512_c512/20220825mouse10_OD_R_4_0_0000002_Structure_0003.png
0,/data/yue/pepple/data_2024/AC_imgs_r512_c512/20190114mouse9_OD_L_4_90_0000006_Structure_0001 RA1.TIFF.png
0,/data/yue/pepple/data_2024/AC_imgs_r512_c512/20220929mouse4_OD_R_4_0_0000030_Structure_0004.png
0,/data/yue/pepple/data_2024/AC_imgs_r512_c512/20221013mouse10_OD_R_4_0_0000009_Structure_0002.png
0,/data/yue/pepple/data_2024/AC_imgs_r512_c512/20220706mouse9_OD_R_4_0_0000058_Structure_0001.png
0.5,/data/yue/pepple/data_2024/AC_imgs_r512_c512/20180529mouse1_OD_L_4_90_0000079_Structure_0001 RA4.TIFF.png
0.5,/data/yue/pepple/data_2024/AC_imgs_r512_c512/20221215mouse11_OD_R_4_0_0000030_Structure_0003.png
0,/data/yue/pepple/data_2024/AC_imgs_r512_c512/20220706mouse2_OD_R_4_0_0000079_Structure_0002.png
4,/data/yue/pepple/data_2024/AC_imgs_r512_c512/20180801mouse16_OD_L_4_90_0000046_Structure_0001 RA2.TIFF.png
0,/data/yue/pepple/data_2024/AC_imgs_r512_c512/20190130mouse9_OD_L_4_90_0000026_Structure_0001 RA-7.TIFF.png
0,/data/yue/pepple/data_2024/AC_imgs_r512_c512/20220825mouse2_OD_R_4_0_0000002_Structure_0001.png
4,/data/yue/pepple/data_2024/AC_imgs_r512_c512/20180306IVI_mouse4_OD_L_4_90_0000050_Structure_0001 RA2.TIFF.png
0.5,/data/yue/pepple/data_2024/AC_imgs_r512_c512/20221013mouse2_OD_R_4_0_0000002_Structure_0001.png
2,/data/yue/pepple/data_2024/AC_imgs_r512_c512/20220929mouse6_OD_R_4_0_0000016_Structure_0001.png
0.5,/data/yue/pepple/data_2024/AC_imgs_r512_c512/20220825mouse9_OD_R_4_0_0000023_Structure_0002.png
3,/data/yue/pepple/data_2024/AC_imgs_r512_c512/20180517IVT_D7_m5_OD_L_4_90_0000023_Structure_0001 RA1.TIFF.png
0,/data/yue/pepple/data_2024/AC_imgs_r512_c512/20220825mouse3_OD_R_4_0_0000023_Structure_0001.png
0.5,/data/yue/pepple/data_2024/AC_imgs_r512_c512/20221013mouse6_OD_R_4_0_0000016_Structure_0002.png
0,/data/yue/pepple/data_2024/AC_imgs_r512_c512/20221215mouse7_OD_R_4_0_0000030_Structure_0001.png
4,/data/yue/pepple/data_2024/AC_imgs_r512_c512/20180412IVT_mouse1_OD_L_4_90_0000023_Structure_0001 RA1.TIFF.png
0,/data/yue/pepple/data_2024/AC_imgs_r512_c512/20220505mouse2_OD_R_4_0_0000042_Structure_0004.png
0,/data/yue/pepple/data_2024/AC_imgs_r512_c512/20221013mouse8_OD_R_4_0_0000002_Structure_0002.png
1,/data/yue/pepple/data_2024/AC_imgs_r512_c512/20220929mouse7_OD_R_4_0_0000037_Structure_0001.png
1,/data/yue/pepple/data_2024/AC_imgs_r512_c512/20221013mouse3_OD_R_4_0_0000023_Structure_0001.png
1,/data/yue/pepple/data_2024/AC_imgs_r512_c512/20220929mouse7_OD_R_4_0_0000009_Structure_0003.png
2,/data/yue/pepple/data_2024/AC_imgs_r512_c512/20220816mouse1_OD_L_4_90_0000086_Structure_0001.png
0,/data/yue/pepple/data_2024/AC_imgs_r512_c512/20180514IVT_D14_m3_OD_L_4_90_0000023_Structure_0001 RA2.TIFF.png
2,/data/yue/pepple/data_2024/AC_imgs_r512_c512/20220706mouse2_OD_R_4_0_0000023_Structure_0001.png
0,/data/yue/pepple/data_2024/AC_imgs_r512_c512/20220929mouse9_OD_R_4_0_0000023_Structure_0001.png
1,/data/yue/pepple/data_2024/AC_imgs_r512_c512/20180315Rag2mouse1_OD_L_4_90_0000084_Structure_0001 RA2.TIFF.png
2,/data/yue/pepple/data_2024/AC_imgs_r512_c512/20221115mouse9_OD_R_4_0_0000009_Structure_0004.png
0,/data/yue/pepple/data_2024/AC_imgs_r512_c512/20221115mouse7_OD_R_4_0_0000030_Structure_0002.png
2,/data/yue/pepple/data_2024/AC_imgs_r512_c512/20220505mouse3_OD_R_4_0_0000009_Structure_0001.png
0.5,/data/yue/pepple/data_2024/AC_imgs_r512_c512/20221215mouse13_OD_R_4_0_0000002_Structure_0002.png
0.5,/data/yue/pepple/data_2024/AC_imgs_r512_c512/20180801mouse12_OD_L_4_90_0000066_Structure_0001 RA4.TIFF.png
3,/data/yue/pepple/data_2024/AC_imgs_r512_c512/20181114mouse1_OD_L_4_90_0000006_Structure_0001 RA1.TIFF.png
1,/data/yue/pepple/data_2024/AC_imgs_r512_c512/20180312IVI_mouse4_OD_L_4_90_0000023_Structure_0001 RA7.TIFF.png
0.5,/data/yue/pepple/data_2024/AC_imgs_r512_c512/20220505mouse8_OD_R_4_0_0000075_Structure_0001.png
0,/data/yue/pepple/data_2024/AC_imgs_r512_c512/20221215mouse5_OD_R_4_0_0000016_Structure_0004.png
0,/data/yue/pepple/data_2024/AC_imgs_r512_c512/20190130mouse1_OD_L_4_90_0000036_Structure_0001 RA-7.TIFF.png
0,/data/yue/pepple/data_2024/AC_imgs_r512_c512/20220505mouse4_OD_R_4_0_0000120_Structure_0001.png
2,/data/yue/pepple/data_2024/AC_imgs_r512_c512/20220825mouse9_OD_R_4_0_0000009_Structure_0004.png
0.5,/data/yue/pepple/data_2024/AC_imgs_r512_c512/20220809mouse9_OD_L_4_90_0000056_Structure_0001.png
1,/data/yue/pepple/data_2024/AC_imgs_r512_c512/20180131mouse2_OD_L_4_90_0000087_Structure_0001 RA1.TIFF.png
1,/data/yue/pepple/data_2024/AC_imgs_r512_c512/20221115mouse6_OD_R_4_0_0000016_Structure_0002.png
2,/data/yue/pepple/data_2024/AC_imgs_r512_c512/20220816mouse5_OD_L_4_90_0000026_Structure_0001.png
0,/data/yue/pepple/data_2024/AC_imgs_r512_c512/20221115mouse8_OD_R_4_0_0000002_Structure_0002.png
2,/data/yue/pepple/data_2024/AC_imgs_r512_c512/20180801mouse13_OD_L_4_90_0000016_Structure_0001 RA1.TIFF.png
2,/data/yue/pepple/data_2024/AC_imgs_r512_c512/20221215mouse12_OD_R_4_0_0000009_Structure_0004.png
0.5,/data/yue/pepple/data_2024/AC_imgs_r512_c512/20220706mouse8_OD_R_4_0_0000065_Structure_0002.png
4,/data/yue/pepple/data_2024/AC_imgs_r512_c512/20181026mouse2_OD_L_4_90_0000016_Structure_0001 RA1.TIFF.png
4,/data/yue/pepple/data_2024/AC_imgs_r512_c512/20181212mouse9_OD_L_4_90_0000016_Structure_0001 RA1.TIFF.png
0,/data/yue/pepple/data_2024/AC_imgs_r512_c512/20221115mouse8_OD_R_4_0_0000016_Structure_0002.png
2,/data/yue/pepple/data_2024/AC_imgs_r512_c512/20221115mouse6_OD_R_4_0_0000002_Structure_0002.png
4,/data/yue/pepple/data_2024/AC_imgs_r512_c512/20180516IVT_D21_m3_OD_L_4_90_0000050_Structure_0001 RA20.TIFF.png
2,/data/yue/pepple/data_2024/AC_imgs_r512_c512/20220816mouse4_OD_L_4_90_0000096_Structure_0001.png
4,/data/yue/pepple/data_2024/AC_imgs_r512_c512/20220809mouse11_OD_L_4_90_0000046_Structure_0001.png
0,/data/yue/pepple/data_2024/AC_imgs_r512_c512/20221215mouse1_OD_R_4_0_0000051_Structure_0004.png
2,/data/yue/pepple/data_2024/AC_imgs_r512_c512/20220505mouse8_OD_R_4_0_0000029_Structure_0001.png
2,/data/yue/pepple/data_2024/AC_imgs_r512_c512/20221013mouse1_OD_R_4_0_0000044_Structure_0004.png
4,/data/yue/pepple/data_2024/AC_imgs_r512_c512/20181212mouse12_OD_L_4_90_0000016_Structure_0001 RA1.TIFF.png
0,/data/yue/pepple/data_2024/AC_imgs_r512_c512/20180529mouse3_OD_L_4_90_0000083_Structure_0001 RA4.TIFF.png
3,/data/yue/pepple/data_2024/AC_imgs_r512_c512/20221013mouse7_OD_R_4_0_0000009_Structure_0004.png
0.5,/data/yue/pepple/data_2024/AC_imgs_r512_c512/20221215mouse5_OD_R_4_0_0000002_Structure_0004.png
0,/data/yue/pepple/data_2024/AC_imgs_r512_c512/20220706mouse8_OD_R_4_0_0000030_Structure_0002.png
3,/data/yue/pepple/data_2024/AC_imgs_r512_c512/20180801mouse17_OD_L_4_90_0000156_Structure_0001 RA28.TIFF.png
0,/data/yue/pepple/data_2024/AC_imgs_r512_c512/20221013mouse4_OD_R_4_0_0000037_Structure_0003.png
2,/data/yue/pepple/data_2024/AC_imgs_r512_c512/20221215mouse15_OD_R_4_0_0000009_Structure_0004 D2.png
3,/data/yue/pepple/data_2024/AC_imgs_r512_c512/20190409mouse5_OD_L_4_90_0000006_Structure_0001 RA1.TIFF.png
4,/data/yue/pepple/data_2024/AC_imgs_r512_c512/20180611IVT_D1_m2_OD_L_4_90_0000023_Structure_0001 RA1.TIFF.png
0,/data/yue/pepple/data_2024/AC_imgs_r512_c512/20221115mouse7_OD_R_4_0_0000009_Structure_0004.png
0,/data/yue/pepple/data_2024/AC_imgs_r512_c512/20221215mouse15_OD_R_4_0_0000023_Structure_0004.png
3,/data/yue/pepple/data_2024/AC_imgs_r512_c512/20180801mouse17_OD_L_4_90_0000086_Structure_0001 RA6.TIFF.png
0,/data/yue/pepple/data_2024/AC_imgs_r512_c512/20221115mouse9_OD_R_4_0_0000030_Structure_0002.png
2,/data/yue/pepple/data_2024/AC_imgs_r512_c512/20220706mouse4_OD_R_4_0_0000059_Structure_0003.png
2,/data/yue/pepple/data_2024/AC_imgs_r512_c512/20220816mouse2_OD_L_4_90_0000100_Structure_0001.png
0,/data/yue/pepple/data_2024/AC_imgs_r512_c512/20221013mouse8_OD_R_4_0_0000016_Structure_0002.png
0,/data/yue/pepple/data_2024/AC_imgs_r512_c512/20220825mouse3_OD_R_4_0_0000009_Structure_0003.png
0,/data/yue/pepple/data_2024/AC_imgs_r512_c512/20221215mouse9_OD_R_4_0_0000030_Structure_0001.png
0,/data/yue/pepple/data_2024/AC_imgs_r512_c512/20220505mouse3_OD_R_4_0_0000055_Structure_0001.png
0,/data/yue/pepple/data_2024/AC_imgs_r512_c512/20221215mouse4_OD_R_4_0_0000009_Structure_0002.png
1,/data/yue/pepple/data_2024/AC_imgs_r512_c512/20190409mouse15_OD_L_4_90_0000006_Structure_0001 RA1.TIFF.png
0,/data/yue/pepple/data_2024/AC_imgs_r512_c512/20220825mouse3_OD_R_4_0_0000037_Structure_0001.png
1,/data/yue/pepple/data_2024/AC_imgs_r512_c512/20221013mouse6_OD_R_4_0_0000002_Structure_0002.png
1,/data/yue/pepple/data_2024/AC_imgs_r512_c512/20220706mouse2_OD_R_4_0_0000037_Structure_0001.png
0,/data/yue/pepple/data_2024/AC_imgs_r512_c512/20220929mouse9_OD_R_4_0_0000037_Structure_0001.png
3,/data/yue/pepple/data_2024/AC_imgs_r512_c512/20221013mouse3_OD_R_4_0_0000009_Structure_0003.png
0.5,/data/yue/pepple/data_2024/AC_imgs_r512_c512/20220929mouse9_OD_R_4_0_0000009_Structure_0003.png
0,/data/yue/pepple/data_2024/AC_imgs_r512_c512/20220929mousse2_OD_R_4_0_0000030_Structure_0004.png
0.5,/data/yue/pepple/data_2024/AC_imgs_r512_c512/20220706mouse5_OD_R_4_0_0000031_Structure_0004.png
0.5,/data/yue/pepple/data_2024/AC_imgs_r512_c512/20220929mouse7_OD_R_4_0_0000023_Structure_0001.png
2,/data/yue/pepple/data_2024/AC_imgs_r512_c512/20220809mouse6_OD_L_4_90_0000006_Structure_0001.png
4,/data/yue/pepple/data_2024/AC_imgs_r512_c512/20180801mouse17_OD_L_4_90_0000026_Structure_0001 RA3.TIFF.png
4,/data/yue/pepple/data_2024/AC_imgs_r512_c512/20180516IVT_D21_m2_OD_L_4_90_0000023_Structure_0001 RA2.TIFF.png
0,/data/yue/pepple/data_2024/AC_imgs_r512_c512/20220825mouse2_OD_R_4_0_0000016_Structure_0001.png
1,/data/yue/pepple/data_2024/AC_imgs_r512_c512/20221013mouse7_OD_R_4_0_0000023_Structure_0002.png
3,/data/yue/pepple/data_2024/AC_imgs_r512_c512/20180801mouse8_OD_L_4_90_0000056_Structure_0001 RA3.TIFF.png
0,/data/yue/pepple/data_2024/AC_imgs_r512_c512/20220825mouse9_OD_R_4_0_0000037_Structure_0002.png
2,/data/yue/pepple/data_2024/AC_imgs_r512_c512/20220929mouse6_OD_R_4_0_0000002_Structure_0001.png
1,/data/yue/pepple/data_2024/AC_imgs_r512_c512/20221013mouse2_OD_R_4_0_0000016_Structure_0001.png
0.5,/data/yue/pepple/data_2024/AC_imgs_r512_c512/20180529mouse1_OD_L_4_90_0000033_Structure_0001 RA2.TIFF.png
3,/data/yue/pepple/data_2024/AC_imgs_r512_c512/20220816mouse3_OD_L_4_90_0000056_Structure_0001.png
0,/data/yue/pepple/data_2024/AC_imgs_r512_c512/20221215mouse12_OD_R_4_0_0000037_Structure_0002.png
0,/data/yue/pepple/data_2024/AC_imgs_r512_c512/20220706mouse9_OD_R_4_0_0000051_Structure_0001.png
1,/data/yue/pepple/data_2024/AC_imgs_r512_c512/20220505mouse2_OD_R_4_0_0000002_Structure_0003.png
2,/data/yue/pepple/data_2024/AC_imgs_r512_c512/20220823mouse6_OD_L_4_90_0000086_Structure_0001.png
0,/data/yue/pepple/data_2024/AC_imgs_r512_c512/20190207mouse28_OD_L_4_90_0000016_Structure_0001 RA-7.TIFF.png
2,/data/yue/pepple/data_2024/AC_imgs_r512_c512/20220823mouse6_OD_L_4_90_0000126_Structure_0001.png
0,/data/yue/pepple/data_2024/AC_imgs_r512_c512/20221215mouse4_OD_R_4_0_0000023_Structure_0004.png
0.5,/data/yue/pepple/data_2024/AC_imgs_r512_c512/20180529mouse3_OD_L_4_90_0000023_Structure_0001 RA1.TIFF.png
2,/data/yue/pepple/data_2024/AC_imgs_r512_c512/20220809mouse12_OD_L_4_90_0000026_Structure_0001.png
2,/data/yue/pepple/data_2024/AC_imgs_r512_c512/20221215mouse2_OD_R_4_0_0000016_Structure_0002.png
0,/data/yue/pepple/data_2024/AC_imgs_r512_c512/20220825mouse10_OD_R_4_0_0000016_Structure_0003.png
0,/data/yue/pepple/data_2024/AC_imgs_r512_c512/20221115mouose4_OD_R_4_0_0000016_Structure_0004.png
1,/data/yue/pepple/data_2024/AC_imgs_r512_c512/20221215mouse14_OD_R_4_0_0000051_Structure_0003.png
2,/data/yue/pepple/data_2024/AC_imgs_r512_c512/20180801mouse11_OD_L_4_90_0000036_Structure_0001 RA2.TIFF.png
0.5,/data/yue/pepple/data_2024/AC_imgs_r512_c512/20180801mouse12_OD_L_4_90_0000156_Structure_0001 RA14.TIFF.png
0.5,/data/yue/pepple/data_2024/AC_imgs_r512_c512/20220706mouse1_OD_R_4_0_0000030_Structure_0004.png
3,/data/yue/pepple/data_2024/AC_imgs_r512_c512/20220505mouse6_OD_R_4_0_0000002_Structure_0004.png
4,/data/yue/pepple/data_2024/AC_imgs_r512_c512/20180214_PMUmouse1_OD_L_4_90_0000023_Structure_0001 RA1.TIFF.png
0,/data/yue/pepple/data_2024/AC_imgs_r512_c512/20181106mouse3F_OD_L_4_90_0000036_Structure_0001 RA1.TIFF.png
0,/data/yue/pepple/data_2024/AC_imgs_r512_c512/20221115mouse7_OD_R_4_0_0000023_Structure_0002.png
0,/data/yue/pepple/data_2024/AC_imgs_r512_c512/20230508mouse20_OD_R_4_0_0000009_Structure_0004 D7.png
0,/data/yue/pepple/data_2024/AC_imgs_r512_c512/20220922mouse3_OD_R_4_0_0000023_Structure_0001.png
0,/data/yue/pepple/data_2024/AC_imgs_r512_c512/20180501mouse4_OD_L_4_90_0000033_Structure_0001 RA1.TIFF.png
0.5,/data/yue/pepple/data_2024/AC_imgs_r512_c512/20220706mouse1_OD_R_4_0_0000065_Structure_0004.png
2,/data/yue/pepple/data_2024/AC_imgs_r512_c512/20221115mouse1_OD_R_4_0_0000016_Structure_0004.png
0.5,/data/yue/pepple/data_2024/AC_imgs_r512_c512/20221215mouse7_OD_R_4_0_0000016_Structure_0001.png
0.5,/data/yue/pepple/data_2024/AC_imgs_r512_c512/20220929mouse1_OD_R_4_0_0000009_Structure_0001.png
1,/data/yue/pepple/data_2024/AC_imgs_r512_c512/20220706mouse9_OD_R_4_0_0000009_Structure_0004.png
3,/data/yue/pepple/data_2024/AC_imgs_r512_c512/20220706mouse4_OD_R_4_0_0000023_Structure_0003.png
0,/data/yue/pepple/data_2024/AC_imgs_r512_c512/20221013mouse5_OD_R_4_0_0000023_Structure_0003.png
2,/data/yue/pepple/data_2024/AC_imgs_r512_c512/20220929mouse1_OD_R_4_0_0000037_Structure_0003.png
1,/data/yue/pepple/data_2024/AC_imgs_r512_c512/20220505mouse8_OD_R_4_0_0000134_Structure_0004.png
0,/data/yue/pepple/data_2024/AC_imgs_r512_c512/20221215mouse9_OD_R_4_0_0000002_Structure_0001.png
0,/data/yue/pepple/data_2024/AC_imgs_r512_c512/20220929mousse2_OD_R_4_0_0000002_Structure_0004.png
0,/data/yue/pepple/data_2024/AC_imgs_r512_c512/20180529mouse1_OD_L_4_90_0000116_Structure_0001 RA6.TIFF.png
3,/data/yue/pepple/data_2024/AC_imgs_r512_c512/20220816mouse4_OD_L_4_90_0000046_Structure_0001.png
0,/data/yue/pepple/data_2024/AC_imgs_r512_c512/20220825mouse5_OD_R_4_0_0000023_Structure_0003.png
4,/data/yue/pepple/data_2024/AC_imgs_r512_c512/20180626IVT_D1_m2_OD_L_4_90_0000023_Structure_0001 RA1.TIFF.png
0.5,/data/yue/pepple/data_2024/AC_imgs_r512_c512/20220809mouse8_OD_L_4_90_0000036_Structure_0001.png
0,/data/yue/pepple/data_2024/AC_imgs_r512_c512/20220823mouse9_OD_L_4_90_0000118_Structure_0001.png
0,/data/yue/pepple/data_2024/AC_imgs_r512_c512/20190107mouse6_OD_L_4_90_0000006_Structure_0001 RA-7.TIFF.png
0,/data/yue/pepple/data_2024/AC_imgs_r512_c512/20220706mouse5_OD_R_4_0_0000066_Structure_0002.png
3,/data/yue/pepple/data_2024/AC_imgs_r512_c512/20220505mouse5_OD_R_4_0_0000009_Structure_0003.png
0,/data/yue/pepple/data_2024/AC_imgs_r512_c512/20221215mouse10_OD_R_4_0_0000037_Structure_0003.png
2,/data/yue/pepple/data_2024/AC_imgs_r512_c512/20220816mouse2_OD_L_4_90_0000070_Structure_0001.png
3,/data/yue/pepple/data_2024/AC_imgs_r512_c512/20180305IVI_mouse3_OD_L_4_90_0000050_Structure_0001 RA20.TIFF.png
2,/data/yue/pepple/data_2024/AC_imgs_r512_c512/20221215mouse10_OD_R_4_0_0000009_Structure_0001.png
0,/data/yue/pepple/data_2024/AC_imgs_r512_c512/20221215mouse5_OD_R_4_0_0000030_Structure_0004.png
4,/data/yue/pepple/data_2024/AC_imgs_r512_c512/20180516IVT_D21_m5_OD_L_4_90_0000023_Structure_0001 RA2.TIFF.png
0,/data/yue/pepple/data_2024/AC_imgs_r512_c512/20220706mouse8_OD_R_4_0_0000002_Structure_0002.png
0.5,/data/yue/pepple/data_2024/AC_imgs_r512_c512/20220825mouse1_OD_R_4_0_0000023_Structure_0004.png
0.5,/data/yue/pepple/data_2024/AC_imgs_r512_c512/20221013mouse1_OD_R_4_0_0000023_Structure_0004.png
0,/data/yue/pepple/data_2024/AC_imgs_r512_c512/20220929mouse5_OD_R_4_0_0000037_Structure_0004.png
2,/data/yue/pepple/data_2024/AC_imgs_r512_c512/20220823mouse8_OD_L_4_90_0000116_Structure_0001.png
0,/data/yue/pepple/data_2024/AC_imgs_r512_c512/20220809mouse6_OD_L_4_90_0000066_Structure_0001.png
2,/data/yue/pepple/data_2024/AC_imgs_r512_c512/20221215mouse14_OD_R_4_0_0000037_Structure_0004.png
0,/data/yue/pepple/data_2024/AC_imgs_r512_c512/20221115mouse5_OD_R_4_0_0000023_Structure_0003.png
0.5,/data/yue/pepple/data_2024/AC_imgs_r512_c512/20220706mouse9_OD_R_4_0_0000079_Structure_0001.png
0.5,/data/yue/pepple/data_2024/AC_imgs_r512_c512/20220706mouse2_OD_R_4_0_0000058_Structure_0002.png
0,/data/yue/pepple/data_2024/AC_imgs_r512_c512/20220706mouse5_OD_R_4_0_0000073_Structure_0001.png
0.5,/data/yue/pepple/data_2024/AC_imgs_r512_c512/20190130mouse1_OD_L_4_90_0000237_Structure_0001 RA42.TIFF.png
0.5,/data/yue/pepple/data_2024/AC_imgs_r512_c512/20221215mouse13_OD_R_4_0_0000023_Structure_0002.png
2,/data/yue/pepple/data_2024/AC_imgs_r512_c512/20180801mouse6_OD_L_4_90_0000036_Structure_0001 RA2.TIFF.png
4,/data/yue/pepple/data_2024/AC_imgs_r512_c512/20221115mouse1_OD_R_4_0_0000009_Structure_0002.png
1,/data/yue/pepple/data_2024/AC_imgs_r512_c512/20220706mouse4_OD_R_4_0_0000052_Structure_0001.png
1,/data/yue/pepple/data_2024/AC_imgs_r512_c512/20190409mouse12_OD_L_4_90_0000006_Structure_0001 RA1.TIFF.png
2,/data/yue/pepple/data_2024/AC_imgs_r512_c512/20220706mouse9_OD_R_4_0_0000023_Structure_0002.png
1,/data/yue/pepple/data_2024/AC_imgs_r512_c512/20221013mouse6_OD_R_4_0_0000037_Structure_0002.png
2,/data/yue/pepple/data_2024/AC_imgs_r512_c512/20221215mouse1_OD_R_4_0_0000037_Structure_0003.png
0.5,/data/yue/pepple/data_2024/AC_imgs_r512_c512/20221115mouose4_OD_R_4_0_0000009_Structure_0002.png
0.5,/data/yue/pepple/data_2024/AC_imgs_r512_c512/20220706mouse2_OD_R_4_0_0000002_Structure_0001.png
2,/data/yue/pepple/data_2024/AC_imgs_r512_c512/20220816mouse3_OD_L_4_90_0000086_Structure_0001.png
1,/data/yue/pepple/data_2024/AC_imgs_r512_c512/20221215mouse1_OD_R_4_0_0000009_Structure_0001.png
0,/data/yue/pepple/data_2024/AC_imgs_r512_c512/20220929mouse4_OD_R_4_0_0000016_Structure_0004.png
2,/data/yue/pepple/data_2024/AC_imgs_r512_c512/20221013mouse7_OD_R_4_0_0000044_Structure_0002.png
0,/data/yue/pepple/data_2024/AC_imgs_r512_c512/20180529mouse1_OD_L_4_90_0000099_Structure_0001 RA5.TIFF.png
0.5,/data/yue/pepple/data_2024/AC_imgs_r512_c512/20221215mouse14_OD_R_4_0_0000030_Structure_0004.png
2,/data/yue/pepple/data_2024/AC_imgs_r512_c512/20221115mouse6_OD_R_4_0_0000037_Structure_0002.png
0.5,/data/yue/pepple/data_2024/AC_imgs_r512_c512/20220706mouse1_OD_R_4_0_0000051_Structure_0003.png
0.5,/data/yue/pepple/data_2024/AC_imgs_r512_c512/20221215mouse11_OD_R_4_0_0000016_Structure_0003.png
0.5,/data/yue/pepple/data_2024/AC_imgs_r512_c512/20220706mouse1_OD_R_4_0_0000072_Structure_0001.png
0,/data/yue/pepple/data_2024/AC_imgs_r512_c512/20220505mouse2_OD_R_4_0_0000081_Structure_0004.png
2,/data/yue/pepple/data_2024/AC_imgs_r512_c512/20220706mouse5_OD_R_4_0_0000002_Structure_0003.png
0,/data/yue/pepple/data_2024/AC_imgs_r512_c512/20220825mouse1_OD_R_4_0_0000009_Structure_0002.png
3,/data/yue/pepple/data_2024/AC_imgs_r512_c512/20180611IVT_D1_m5_OD_L_4_90_0000023_Structure_0001 RA1.TIFF.png
4,/data/yue/pepple/data_2024/AC_imgs_r512_c512/20220809mouse11_OD_L_4_90_0000026_Structure_0001.png
0,/data/yue/pepple/data_2024/AC_imgs_r512_c512/20221215mouse8_OD_R_4_0_0000023_Structure_0001.png
3,/data/yue/pepple/data_2024/AC_imgs_r512_c512/20220823mouse8_OD_L_4_90_0000006_Structure_0001.png
0,/data/yue/pepple/data_2024/AC_imgs_r512_c512/20221013mouse4_OD_R_4_0_0000002_Structure_0003.png
0.5,/data/yue/pepple/data_2024/AC_imgs_r512_c512/20220929mouse6_OD_R_4_0_0000030_Structure_0001.png
0.5,/data/yue/pepple/data_2024/AC_imgs_r512_c512/20220505mouse8_OD_R_4_0_0000049_Structure_0001.png
0.5,/data/yue/pepple/data_2024/AC_imgs_r512_c512/20221013mouse1_OD_R_4_0_0000009_Structure_0002.png
0,/data/yue/pepple/data_2024/AC_imgs_r512_c512/20220505mouse2_OD_R_4_0_0000127_Structure_0003.png
0,/data/yue/pepple/data_2024/AC_imgs_r512_c512/20190207mouse6_OD_L_4_90_0000006_Structure_0001 RA-7.TIFF.png
0,/data/yue/pepple/data_2024/AC_imgs_r512_c512/20221013mouse4_OD_R_4_0_0000016_Structure_0003.png
0,/data/yue/pepple/data_2024/AC_imgs_r512_c512/20221215mouse8_OD_R_4_0_0000037_Structure_0001.png
0.5,/data/yue/pepple/data_2024/AC_imgs_r512_c512/20180312IVI_mouse3_OD_L_4_90_0000023_Structure_0001 RA7.TIFF.png
2,/data/yue/pepple/data_2024/AC_imgs_r512_c512/20221215mouse8_OD_R_4_0_0000009_Structure_0003.png
2,/data/yue/pepple/data_2024/AC_imgs_r512_c512/20220706mouse5_OD_R_4_0_0000016_Structure_0003.png
0.5,/data/yue/pepple/data_2024/AC_imgs_r512_c512/20180131mouse5_OD_L_4_90_0000087_Structure_0001 RA1.TIFF.png
0.5,/data/yue/pepple/data_2024/AC_imgs_r512_c512/20220929mouse5_OD_R_4_0_0000009_Structure_0002.png
3,/data/yue/pepple/data_2024/AC_imgs_r512_c512/20180801mouse14_OD_L_4_90_0000016_Structure_0001 RA1.TIFF.png
1,/data/yue/pepple/data_2024/AC_imgs_r512_c512/20180305IVI_mouse2_OD_L_4_90_0000050_Structure_0001 RA20.TIFF.png
1,/data/yue/pepple/data_2024/AC_imgs_r512_c512/20220505mouse4_OD_R_4_0_0000002_Structure_0001.png
0,/data/yue/pepple/data_2024/AC_imgs_r512_c512/20221115mouse8_OD_R_4_0_0000037_Structure_0002.png
0,/data/yue/pepple/data_2024/AC_imgs_r512_c512/20221013mouse10_OD_R_4_0_0000016_Structure_0004.png
1,/data/yue/pepple/data_2024/AC_imgs_r512_c512/20180523mouse7_OD_L_4_90_0000200_Structure_0001 RA14.TIFF.png
0.5,/data/yue/pepple/data_2024/AC_imgs_r512_c512/20221215mouse11_OD_R_4_0_0000002_Structure_0003.png
0.5,/data/yue/pepple/data_2024/AC_imgs_r512_c512/20220706mouse9_OD_R_4_0_0000037_Structure_0002.png
0,/data/yue/pepple/data_2024/AC_imgs_r512_c512/20221013mouse8_OD_R_4_0_0000037_Structure_0002.png
2,/data/yue/pepple/data_2024/AC_imgs_r512_c512/20180801mouse7_OD_L_4_90_0000056_Structure_0001 RA3.TIFF.png
4,/data/yue/pepple/data_2024/AC_imgs_r512_c512/20180402IVT_mouse5_OD_L_4_90_0000023_Structure_0001 RA2.TIFF.png
0,/data/yue/pepple/data_2024/AC_imgs_r512_c512/20220825mouse10_OD_R_4_0_0000030_Structure_0003.png
1,/data/yue/pepple/data_2024/AC_imgs_r512_c512/20221215mouse2_OD_R_4_0_0000030_Structure_0002.png
4,/data/yue/pepple/data_2024/AC_imgs_r512_c512/20220816mouse2_OD_L_4_90_0000036_Structure_0001.png
0.5,/data/yue/pepple/data_2024/AC_imgs_r512_c512/20220929mouse4_OD_R_4_0_0000002_Structure_0004.png
1,/data/yue/pepple/data_2024/AC_imgs_r512_c512/20180131mouse2_OD_L_4_90_0000276_Structure_0001 RA21.TIFF.png
4,/data/yue/pepple/data_2024/AC_imgs_r512_c512/20180514IVT_D14_m4_OD_L_4_90_0000023_Structure_0001 RA2.TIFF.png
3,/data/yue/pepple/data_2024/AC_imgs_r512_c512/20220706mouse1_OD_R_4_0_0000016_Structure_0004.png
0,/data/yue/pepple/data_2024/AC_imgs_r512_c512/20221115mouose4_OD_R_4_0_0000030_Structure_0004.png
0.5,/data/yue/pepple/data_2024/AC_imgs_r512_c512/20220706mouse8_OD_R_4_0_0000072_Structure_0003.png
4,/data/yue/pepple/data_2024/AC_imgs_r512_c512/20220809mouse7_OD_L_4_90_0000066_Structure_0001.png
0,/data/yue/pepple/data_2024/AC_imgs_r512_c512/20190114mouse10_OD_L_4_90_0000016_Structure_0001 RA1.TIFF.png
0.5,/data/yue/pepple/data_2024/AC_imgs_r512_c512/20220706mouse5_OD_R_4_0_0000045_Structure_0004.png
0.5,/data/yue/pepple/data_2024/AC_imgs_r512_c512/20220706mouse8_OD_R_4_0_0000051_Structure_0001.png
3,/data/yue/pepple/data_2024/AC_imgs_r512_c512/20180611IVT_D7_m4_OD_L_4_90_0000050_Structure_0001 RA7.TIFF.png
0,/data/yue/pepple/data_2024/AC_imgs_r512_c512/20221115mouse5_OD_R_4_0_0000037_Structure_0003.png
4,/data/yue/pepple/data_2024/AC_imgs_r512_c512/20220816mouse1_OD_L_4_90_0000056_Structure_0001.png
0,/data/yue/pepple/data_2024/AC_imgs_r512_c512/20190207mouse16_OD_L_4_90_0000016_Structure_0001 RA-7.TIFF.png
0,/data/yue/pepple/data_2024/AC_imgs_r512_c512/20221115mouse5_OD_R_4_0_0000009_Structure_0001.png
0.5,/data/yue/pepple/data_2024/AC_imgs_r512_c512/20221215mouse12_OD_R_4_0_0000016_Structure_0002.png
0.5,/data/yue/pepple/data_2024/AC_imgs_r512_c512/20220706mouse8_OD_R_4_0_0000016_Structure_0002.png
0,/data/yue/pepple/data_2024/AC_imgs_r512_c512/20220825mouse2_OD_R_4_0_0000037_Structure_0001.png
0,/data/yue/pepple/data_2024/AC_imgs_r512_c512/20221013mouse10_OD_R_4_0_0000044_Structure_0004.png
1,/data/yue/pepple/data_2024/AC_imgs_r512_c512/20180801mouse4_OD_L_4_90_0000016_Structure_0001 RA1.TIFF.png
2,/data/yue/pepple/data_2024/AC_imgs_r512_c512/20180306IVI_mouse3_OD_L_4_90_0000050_Structure_0001 RA2.TIFF.png
4,/data/yue/pepple/data_2024/AC_imgs_r512_c512/20220809mouse4_OD_L_4_90_0000006_Structure_0001.png
0,/data/yue/pepple/data_2024/AC_imgs_r512_c512/20220929mouse5_OD_R_4_0_0000023_Structure_0004.png
2,/data/yue/pepple/data_2024/AC_imgs_r512_c512/20220706mouse4_OD_R_4_0_0000031_Structure_0004.png
0.5,/data/yue/pepple/data_2024/AC_imgs_r512_c512/20220706mouse4_OD_R_4_0_0000080_Structure_0003.png
0.5,/data/yue/pepple/data_2024/AC_imgs_r512_c512/20221013mouse2_OD_R_4_0_0000037_Structure_0001.png
2,/data/yue/pepple/data_2024/AC_imgs_r512_c512/20180517IVT_D7_m2_OD_L_4_90_0000023_Structure_0001 RA1.TIFF.png
0,/data/yue/pepple/data_2024/AC_imgs_r512_c512/20221215mouse13_OD_R_4_0_0000030_Structure_0002.png
0.5,/data/yue/pepple/data_2024/AC_imgs_r512_c512/20220706mouse2_OD_R_4_0_0000044_Structure_0001.png
1,/data/yue/pepple/data_2024/AC_imgs_r512_c512/20221013mouse3_OD_R_4_0_0000044_Structure_0001.png
3,/data/yue/pepple/data_2024/AC_imgs_r512_c512/20181212mouse6_OD_L_4_90_0000016_Structure_0001 RA1.TIFF.png
0,/data/yue/pepple/data_2024/AC_imgs_r512_c512/20221215mouse10_OD_R_4_0_0000023_Structure_0003.png
0.5,/data/yue/pepple/data_2024/AC_imgs_r512_c512/20220706mouse4_OD_R_4_0_0000009_Structure_0001.png
0,/data/yue/pepple/data_2024/AC_imgs_r512_c512/20221215mouse9_OD_R_4_0_0000016_Structure_0001.png
1,/data/yue/pepple/data_2024/AC_imgs_r512_c512/20180131mouse4_OD_L_4_90_0000320_Structure_0001 RA28.TIFF.png
2,/data/yue/pepple/data_2024/AC_imgs_r512_c512/20220929mouse1_OD_R_4_0_0000023_Structure_0003.png
0,/data/yue/pepple/data_2024/AC_imgs_r512_c512/20221013mouse5_OD_R_4_0_0000037_Structure_0003.png
0.5,/data/yue/pepple/data_2024/AC_imgs_r512_c512/20221215mouse7_OD_R_4_0_0000002_Structure_0001.png
0,/data/yue/pepple/data_2024/AC_imgs_r512_c512/20221013mouse5_OD_R_4_0_0000009_Structure_0001.png
0,/data/yue/pepple/data_2024/AC_imgs_r512_c512/20220825mouse5_OD_R_4_0_0000037_Structure_0003.png
0,/data/yue/pepple/data_2024/AC_imgs_r512_c512/20220929mousse2_OD_R_4_0_0000016_Structure_0004.png
2,/data/yue/pepple/data_2024/AC_imgs_r512_c512/20220823mouse9_OD_L_4_90_0000006_Structure_0001.png
0,/data/yue/pepple/data_2024/AC_imgs_r512_c512/20220825mouse5_OD_R_4_0_0000009_Structure_0001.png
0.5,/data/yue/pepple/data_2024/AC_imgs_r512_c512/20220706mouse5_OD_R_4_0_0000031_Structure_0002.png
0,/data/yue/pepple/data_2024/AC_imgs_r512_c512/20220929mousse2_OD_R_4_0_0000030_Structure_0002.png
0.5,/data/yue/pepple/data_2024/AC_imgs_r512_c512/20220825mouse10_OD_R_4_0_0000002_Structure_0001.png
0,/data/yue/pepple/data_2024/AC_imgs_r512_c512/20221215mouse4_OD_R_4_0_0000009_Structure_0004.png
2,/data/yue/pepple/data_2024/AC_imgs_r512_c512/20221013mouse6_OD_R_4_0_0000002_Structure_0004.png
2,/data/yue/pepple/data_2024/AC_imgs_r512_c512/20220816mouse4_OD_L_4_90_0000106_Structure_0001.png
1,/data/yue/pepple/data_2024/AC_imgs_r512_c512/20180801mouse14_OD_L_4_90_0000056_Structure_0001 RA3.TIFF.png
0,/data/yue/pepple/data_2024/AC_imgs_r512_c512/20221013mouse8_OD_R_4_0_0000016_Structure_0004.png
4,/data/yue/pepple/data_2024/AC_imgs_r512_c512/20181114mouse5_OD_L_4_90_0000016_Structure_0001 RA1.TIFF.png
2,/data/yue/pepple/data_2024/AC_imgs_r512_c512/20220823mouse9_OD_L_4_90_0000058_Structure_0001.png
0.5,/data/yue/pepple/data_2024/AC_imgs_r512_c512/20220922mouse3_OD_R_4_0_0000009_Structure_0001.png
3,/data/yue/pepple/data_2024/AC_imgs_r512_c512/20221115mouse2_OD_R_4_0_0000002_Structure_0003.png
4,/data/yue/pepple/data_2024/AC_imgs_r512_c512/20180531mouse6_OD_L_4_90_0000036_Structure_0001 RA2.TIFF.png
0,/data/yue/pepple/data_2024/AC_imgs_r512_c512/20220922mouse3_OD_R_4_0_0000037_Structure_0003.png
1,/data/yue/pepple/data_2024/AC_imgs_r512_c512/20220823mouse6_OD_L_4_90_0000006_Structure_0001.png
0.5,/data/yue/pepple/data_2024/AC_imgs_r512_c512/20220825mouse1_OD_R_4_0_0000051_Structure_0001.png
0.5,/data/yue/pepple/data_2024/AC_imgs_r512_c512/20221115mouse9_OD_R_4_0_0000030_Structure_0004.png
0,/data/yue/pepple/data_2024/AC_imgs_r512_c512/20221115mouse7_OD_R_4_0_0000009_Structure_0002.png
0,/data/yue/pepple/data_2024/AC_imgs_r512_c512/20221215mouse15_OD_R_4_0_0000023_Structure_0002.png
4,/data/yue/pepple/data_2024/AC_imgs_r512_c512/20220809mouse5_OD_L_4_90_0000056_Structure_0001.png
0,/data/yue/pepple/data_2024/AC_imgs_r512_c512/20220929mouse6_OD_R_4_0_0000016_Structure_0003.png
0.5,/data/yue/pepple/data_2024/AC_imgs_r512_c512/20221013mouse2_OD_R_4_0_0000002_Structure_0003.png
0,/data/yue/pepple/data_2024/AC_imgs_r512_c512/20181106mouse1M_OD_L_4_90_0000006_Structure_0001 RA1.TIFF.png
0,/data/yue/pepple/data_2024/AC_imgs_r512_c512/20220825mouse2_OD_R_4_0_0000002_Structure_0003.png
0.5,/data/yue/pepple/data_2024/AC_imgs_r512_c512/20220706mouse8_OD_R_4_0_0000030_Structure_0004.png
1,/data/yue/pepple/data_2024/AC_imgs_r512_c512/20221013mouse7_OD_R_4_0_0000009_Structure_0002.png
0,/data/yue/pepple/data_2024/AC_imgs_r512_c512/20221215mouse5_OD_R_4_0_0000002_Structure_0002.png
2,/data/yue/pepple/data_2024/AC_imgs_r512_c512/20190409mouse19_OD_L_4_90_0000006_Structure_0001 RA1.TIFF.png
0.5,/data/yue/pepple/data_2024/AC_imgs_r512_c512/20221215mouse11_OD_R_4_0_0000030_Structure_0001.png
1,/data/yue/pepple/data_2024/AC_imgs_r512_c512/20180801mouse16_OD_L_4_90_0000076_Structure_0001 RA4.TIFF.png
0.5,/data/yue/pepple/data_2024/AC_imgs_r512_c512/20180315Rag2mouse7_OD_L_4_90_0000033_Structure_0001 RA1.TIFF.png
2,/data/yue/pepple/data_2024/AC_imgs_r512_c512/20221013mouse1_OD_R_4_0_0000044_Structure_0002.png
3,/data/yue/pepple/data_2024/AC_imgs_r512_c512/20220823mouse8_OD_L_4_90_0000056_Structure_0001.png
0,/data/yue/pepple/data_2024/AC_imgs_r512_c512/20220505mouse2_OD_R_4_0_0000016_Structure_0001.png
0,/data/yue/pepple/data_2024/AC_imgs_r512_c512/20221215mouse1_OD_R_4_0_0000051_Structure_0002.png
3,/data/yue/pepple/data_2024/AC_imgs_r512_c512/20180801mouse7_OD_L_4_90_0000016_Structure_0001 RA1.TIFF.png
0,/data/yue/pepple/data_2024/AC_imgs_r512_c512/20220706mouse9_OD_R_4_0_0000058_Structure_0003.png
3,/data/yue/pepple/data_2024/AC_imgs_r512_c512/20221115mouse6_OD_R_4_0_0000002_Structure_0004.png
0,/data/yue/pepple/data_2024/AC_imgs_r512_c512/20220505mouse4_OD_R_4_0_0000081_Structure_0004.png
0,/data/yue/pepple/data_2024/AC_imgs_r512_c512/20221115mouse8_OD_R_4_0_0000016_Structure_0004.png
0,/data/yue/pepple/data_2024/AC_imgs_r512_c512/20220706mouse1_OD_R_4_0_0000065_Structure_0002.png
0,/data/yue/pepple/data_2024/AC_imgs_r512_c512/20221215mouse15_OD_R_4_0_0000009_Structure_0003 D7.png
1,/data/yue/pepple/data_2024/AC_imgs_r512_c512/20221115mouse1_OD_R_4_0_0000016_Structure_0002.png
2,/data/yue/pepple/data_2024/AC_imgs_r512_c512/20220505mouse3_OD_R_4_0_0000009_Structure_0003.png
0.5,/data/yue/pepple/data_2024/AC_imgs_r512_c512/20230508mouse20_OD_R_4_0_0000009_Structure_0004 D1.png
0,/data/yue/pepple/data_2024/AC_imgs_r512_c512/20221115mouse7_OD_R_4_0_0000023_Structure_0004.png
2,/data/yue/pepple/data_2024/AC_imgs_r512_c512/20180416IVT_mouse3_OD_L_4_90_0000023_Structure_0001 RA1.TIFF.png
1,/data/yue/pepple/data_2024/AC_imgs_r512_c512/20180412IVT_mouse5_OD_L_4_90_0000023_Structure_0001 RA1.TIFF.png
0.5,/data/yue/pepple/data_2024/AC_imgs_r512_c512/20181114mouse7_OD_L_4_90_0000023_Structure_0001 RA1.TIFF.png
4,/data/yue/pepple/data_2024/AC_imgs_r512_c512/20180611IVT_D14_m4_OD_L_4_90_0000040_Structure_0001 RA14.TIFF.png
3,/data/yue/pepple/data_2024/AC_imgs_r512_c512/20220505mouse6_OD_R_4_0_0000002_Structure_0002.png
2,/data/yue/pepple/data_2024/AC_imgs_r512_c512/20221013mouse3_OD_R_4_0_0000023_Structure_0003.png
0.5,/data/yue/pepple/data_2024/AC_imgs_r512_c512/20220929mouse7_OD_R_4_0_0000037_Structure_0003.png
4,/data/yue/pepple/data_2024/AC_imgs_r512_c512/20180517IVT_D7_m1_OD_L_4_90_0000033_Structure_0001 RA1.TIFF.png
0.5,/data/yue/pepple/data_2024/AC_imgs_r512_c512/20220706mouse1_OD_R_4_0_0000030_Structure_0002.png
0,/data/yue/pepple/data_2024/AC_imgs_r512_c512/20221115mouose4_OD_R_4_0_0000016_Structure_0002.png
2,/data/yue/pepple/data_2024/AC_imgs_r512_c512/20221215mouse2_OD_R_4_0_0000016_Structure_0004.png
1,/data/yue/pepple/data_2024/AC_imgs_r512_c512/20220929mouse7_OD_R_4_0_0000009_Structure_0001.png
2,/data/yue/pepple/data_2024/AC_imgs_r512_c512/20220706mouse2_OD_R_4_0_0000023_Structure_0003.png
0,/data/yue/pepple/data_2024/AC_imgs_r512_c512/20220929mouse9_OD_R_4_0_0000023_Structure_0003.png
0,/data/yue/pepple/data_2024/AC_imgs_r512_c512/20220825mouse3_OD_R_4_0_0000023_Structure_0003.png
2,/data/yue/pepple/data_2024/AC_imgs_r512_c512/20220809mouse12_OD_L_4_90_0000016_Structure_0001.png
0.5,/data/yue/pepple/data_2024/AC_imgs_r512_c512/20221215mouse7_OD_R_4_0_0000030_Structure_0003.png
0,/data/yue/pepple/data_2024/AC_imgs_r512_c512/20221215mouse4_OD_R_4_0_0000023_Structure_0002.png
1,/data/yue/pepple/data_2024/AC_imgs_r512_c512/20220816mouse3_OD_L_4_90_0000066_Structure_0001.png
0.5,/data/yue/pepple/data_2024/AC_imgs_r512_c512/20221215mouse12_OD_R_4_0_0000037_Structure_0004.png
1,/data/yue/pepple/data_2024/AC_imgs_r512_c512/20220505mouse8_OD_R_4_0_0000114_Structure_0001.png
3,/data/yue/pepple/data_2024/AC_imgs_r512_c512/20190409mouse9_OD_L_4_90_0000016_Structure_0001 RA1.TIFF.png
0,/data/yue/pepple/data_2024/AC_imgs_r512_c512/20220825mouse9_OD_R_4_0_0000037_Structure_0004.png
1,/data/yue/pepple/data_2024/AC_imgs_r512_c512/20180514IVT_D21_m3_OD_L_4_90_0000050_Structure_0001 RA21.TIFF.png
1,/data/yue/pepple/data_2024/AC_imgs_r512_c512/20221013mouse7_OD_R_4_0_0000023_Structure_0004.png
0,/data/yue/pepple/data_2024/AC_imgs_r512_c512/20220505mouse4_OD_R_4_0_0000120_Structure_0003.png
0,/data/yue/pepple/data_2024/AC_imgs_r512_c512/20220825mouse9_OD_R_4_0_0000023_Structure_0004.png
2,/data/yue/pepple/data_2024/AC_imgs_r512_c512/20180306IVI_mouse3_OD_L_4_90_0000023_Structure_0001 RA1.TIFF.png
2,/data/yue/pepple/data_2024/AC_imgs_r512_c512/20181127mouse7_OD_L_4_90_0000016_Structure_0001 RA1.TIFF.png
1,/data/yue/pepple/data_2024/AC_imgs_r512_c512/20181026mouse6_OD_L_4_90_0000016_Structure_0001 RA1.TIFF.png
3,/data/yue/pepple/data_2024/AC_imgs_r512_c512/20180829mouse10_OD_L_4_90_0000006_Structure_0001 RA1.TIFF.png
0,/data/yue/pepple/data_2024/AC_imgs_r512_c512/20221013mouse4_OD_R_4_0_0000037_Structure_0001.png
0.5,/data/yue/pepple/data_2024/AC_imgs_r512_c512/20220706mouse2_OD_R_4_0_0000079_Structure_0004.png
4,/data/yue/pepple/data_2024/AC_imgs_r512_c512/20180626IVT_D1_m1_OD_L_4_90_0000033_Structure_0001 RA1.TIFF.png
0,/data/yue/pepple/data_2024/AC_imgs_r512_c512/20221013mouse10_OD_R_4_0_0000009_Structure_0004.png
0.5,/data/yue/pepple/data_2024/AC_imgs_r512_c512/20220706mouse2_OD_R_4_0_0000037_Structure_0003.png
0,/data/yue/pepple/data_2024/AC_imgs_r512_c512/20220929mouse4_OD_R_4_0_0000030_Structure_0002.png
0,/data/yue/pepple/data_2024/AC_imgs_r512_c512/20220929mouse9_OD_R_4_0_0000037_Structure_0003.png
1,/data/yue/pepple/data_2024/AC_imgs_r512_c512/20221013mouse3_OD_R_4_0_0000009_Structure_0001.png
2,/data/yue/pepple/data_2024/AC_imgs_r512_c512/20221215mouse2_OD_R_4_0_0000002_Structure_0004.png
0,/data/yue/pepple/data_2024/AC_imgs_r512_c512/20220929mouse9_OD_R_4_0_0000009_Structure_0001.png
0,/data/yue/pepple/data_2024/AC_imgs_r512_c512/20230508mouse20_OD_R_4_0_0000009_Structure_0002 D7.png
2,/data/yue/pepple/data_2024/AC_imgs_r512_c512/20220706mouse1_OD_R_4_0_0000009_Structure_0004.png
0,/data/yue/pepple/data_2024/AC_imgs_r512_c512/20220929mouse7_OD_R_4_0_0000023_Structure_0003.png
0,/data/yue/pepple/data_2024/AC_imgs_r512_c512/20221215mouse4_OD_R_4_0_0000037_Structure_0002.png
0.5,/data/yue/pepple/data_2024/AC_imgs_r512_c512/20220825mouse3_OD_R_4_0_0000009_Structure_0001.png
0,/data/yue/pepple/data_2024/AC_imgs_r512_c512/20221215mouse9_OD_R_4_0_0000030_Structure_0003.png
0.5,/data/yue/pepple/data_2024/AC_imgs_r512_c512/20220825mouse3_OD_R_4_0_0000037_Structure_0003.png
0.5,/data/yue/pepple/data_2024/AC_imgs_r512_c512/20220706mouse4_OD_R_4_0_0000059_Structure_0001.png
3,/data/yue/pepple/data_2024/AC_imgs_r512_c512/20220505mouse6_OD_R_4_0_0000026_Structure_0004.png
0.5,/data/yue/pepple/data_2024/AC_imgs_r512_c512/20221115mouse9_OD_R_4_0_0000023_Structure_0004.png
1,/data/yue/pepple/data_2024/AC_imgs_r512_c512/20220809mouse3_OD_L_4_90_0000026_Structure_0001.png
2,/data/yue/pepple/data_2024/AC_imgs_r512_c512/20180412IVT_mouse2_OD_L_4_90_0000050_Structure_0001 RA14.TIFF.png
0,/data/yue/pepple/data_2024/AC_imgs_r512_c512/20220809mouse10_OD_L_4_90_0000076_Structure_0001.png
1,/data/yue/pepple/data_2024/AC_imgs_r512_c512/20220505mouse8_OD_R_4_0_0000002_Structure_0002.png
0,/data/yue/pepple/data_2024/AC_imgs_r512_c512/20190107mouse1_OD_L_4_90_0000016_Structure_0001 RA-7.TIFF.png
2,/data/yue/pepple/data_2024/AC_imgs_r512_c512/20220816mouse1_OD_L_4_90_0000116_Structure_0001.png
0,/data/yue/pepple/data_2024/AC_imgs_r512_c512/20220706mouse9_OD_R_4_0_0000051_Structure_0003.png
0.5,/data/yue/pepple/data_2024/AC_imgs_r512_c512/20220505mouse2_OD_R_4_0_0000002_Structure_0001.png
2,/data/yue/pepple/data_2024/AC_imgs_r512_c512/20221215mouse12_OD_R_4_0_0000009_Structure_0002.png
2,/data/yue/pepple/data_2024/AC_imgs_r512_c512/20220816mouse5_OD_L_4_90_0000016_Structure_0001.png
1,/data/yue/pepple/data_2024/AC_imgs_r512_c512/20221215mouse15_OD_R_4_0_0000009_Structure_0002 D2.png
0.5,/data/yue/pepple/data_2024/AC_imgs_r512_c512/20221115mouse8_OD_R_4_0_0000002_Structure_0004.png
3,/data/yue/pepple/data_2024/AC_imgs_r512_c512/20221115mouse6_OD_R_4_0_0000016_Structure_0004.png
0.5,/data/yue/pepple/data_2024/AC_imgs_r512_c512/20221013mouse2_OD_R_4_0_0000016_Structure_0003.png
2,/data/yue/pepple/data_2024/AC_imgs_r512_c512/20220929mouse6_OD_R_4_0_0000002_Structure_0003.png
2,/data/yue/pepple/data_2024/AC_imgs_r512_c512/20220825mouse9_OD_R_4_0_0000009_Structure_0002.png
0,/data/yue/pepple/data_2024/AC_imgs_r512_c512/20220809mouse9_OD_L_4_90_0000066_Structure_0001.png
0,/data/yue/pepple/data_2024/AC_imgs_r512_c512/20221215mouse5_OD_R_4_0_0000016_Structure_0002.png
1,/data/yue/pepple/data_2024/AC_imgs_r512_c512/20190409mouse11_OD_L_4_90_0000016_Structure_0001 RA1.TIFF.png
0,/data/yue/pepple/data_2024/AC_imgs_r512_c512/20220825mouse2_OD_R_4_0_0000016_Structure_0003.png
4,/data/yue/pepple/data_2024/AC_imgs_r512_c512/20180510IVT_mouse4_OD_L_4_90_0000023_Structure_0001 RA1.TIFF.png
0.5,/data/yue/pepple/data_2024/AC_imgs_r512_c512/20221215mouse13_OD_R_4_0_0000002_Structure_0004.png
0.5,/data/yue/pepple/data_2024/AC_imgs_r512_c512/20220922mouse3_OD_R_4_0_0000023_Structure_0003.png
1,/data/yue/pepple/data_2024/AC_imgs_r512_c512/20180131mouse2_OD_L_4_90_0000239_Structure_0001 RA14.TIFF.png
1,/data/yue/pepple/data_2024/AC_imgs_r512_c512/20180131mouse2_OD_L_4_90_0000435_Structure_0001 RA49.TIFF.png
3,/data/yue/pepple/data_2024/AC_imgs_r512_c512/20181127mouse9_OD_L_4_90_0000096_Structure_0001 RA5.TIFF.png
0,/data/yue/pepple/data_2024/AC_imgs_r512_c512/20221115mouse7_OD_R_4_0_0000030_Structure_0004.png
2,/data/yue/pepple/data_2024/AC_imgs_r512_c512/20221115mouse9_OD_R_4_0_0000009_Structure_0002.png
1,/data/yue/pepple/data_2024/AC_imgs_r512_c512/20180801mouse16_OD_L_4_90_0000176_Structure_0001 RA21.TIFF.png
0,/data/yue/pepple/data_2024/AC_imgs_r512_c512/20220825mouse10_OD_R_4_0_0000016_Structure_0001.png
0.5,/data/yue/pepple/data_2024/AC_imgs_r512_c512/20221013mouse8_OD_R_4_0_0000002_Structure_0004.png
0.5,/data/yue/pepple/data_2024/AC_imgs_r512_c512/20221013mouse6_OD_R_4_0_0000016_Structure_0004.png
0,/data/yue/pepple/data_2024/AC_imgs_r512_c512/20221215mouse10_OD_R_4_0_0000037_Structure_0001.png
2,/data/yue/pepple/data_2024/AC_imgs_r512_c512/20221115mouse1_OD_R_4_0_0000030_Structure_0002.png
2,/data/yue/pepple/data_2024/AC_imgs_r512_c512/20221215mouse10_OD_R_4_0_0000009_Structure_0003.png
0,/data/yue/pepple/data_2024/AC_imgs_r512_c512/20220706mouse5_OD_R_4_0_0000045_Structure_0002.png
3,/data/yue/pepple/data_2024/AC_imgs_r512_c512/20180801mouse12_OD_L_4_90_0000036_Structure_0001 RA2.TIFF.png
3,/data/yue/pepple/data_2024/AC_imgs_r512_c512/20180514IVT_mouse5_OD_L_4_90_0000023_Structure_0001 RA1.TIFF.png
4,/data/yue/pepple/data_2024/AC_imgs_r512_c512/20181026mouse1_OD_L_4_90_0000006_Structure_0001 RA1.TIFF.png
2,/data/yue/pepple/data_2024/AC_imgs_r512_c512/20180523mouse6_OD_L_4_90_0000170_Structure_0001 RA7.TIFF.png
3,/data/yue/pepple/data_2024/AC_imgs_r512_c512/20180521IVT_D1_m5_OD_L_4_90_0000023_Structure_0001 RA1.TIFF.png
3,/data/yue/pepple/data_2024/AC_imgs_r512_c512/20220505mouse5_OD_R_4_0_0000009_Structure_0001.png
0,/data/yue/pepple/data_2024/AC_imgs_r512_c512/20221115mouose4_OD_R_4_0_0000030_Structure_0002.png
0.5,/data/yue/pepple/data_2024/AC_imgs_r512_c512/20180131mouse3_OD_L_4_90_0000033_Structure_0001 RA-7.TIFF.png
2,/data/yue/pepple/data_2024/AC_imgs_r512_c512/20220706mouse1_OD_R_4_0_0000016_Structure_0002.png
0,/data/yue/pepple/data_2024/AC_imgs_r512_c512/20220929mouse4_OD_R_4_0_0000002_Structure_0002.png
0,/data/yue/pepple/data_2024/AC_imgs_r512_c512/20220825mouse5_OD_R_4_0_0000023_Structure_0001.png
2,/data/yue/pepple/data_2024/AC_imgs_r512_c512/20221215mouse2_OD_R_4_0_0000030_Structure_0004.png
0.5,/data/yue/pepple/data_2024/AC_imgs_r512_c512/20221215mouse7_OD_R_4_0_0000016_Structure_0003.png
4,/data/yue/pepple/data_2024/AC_imgs_r512_c512/20220816mouse2_OD_L_4_90_0000006_Structure_0001.png
2,/data/yue/pepple/data_2024/AC_imgs_r512_c512/20220929mouse1_OD_R_4_0_0000009_Structure_0003.png
2,/data/yue/pepple/data_2024/AC_imgs_r512_c512/20221013mouse8_OD_R_4_0_0000037_Structure_0004.png
1,/data/yue/pepple/data_2024/AC_imgs_r512_c512/20220706mouse4_OD_R_4_0_0000023_Structure_0001.png
3,/data/yue/pepple/data_2024/AC_imgs_r512_c512/20180611IVT_D1_m1_OD_L_4_90_0000033_Structure_0001 RA1.TIFF.png
0.5,/data/yue/pepple/data_2024/AC_imgs_r512_c512/20220706mouse9_OD_R_4_0_0000037_Structure_0004.png
0.5,/data/yue/pepple/data_2024/AC_imgs_r512_c512/20220929mouse1_OD_R_4_0_0000037_Structure_0001.png
0,/data/yue/pepple/data_2024/AC_imgs_r512_c512/20221013mouse5_OD_R_4_0_0000023_Structure_0001.png
2,/data/yue/pepple/data_2024/AC_imgs_r512_c512/20190409mouse6_OD_L_4_90_0000016_Structure_0001 RA1.TIFF.png
0.5,/data/yue/pepple/data_2024/AC_imgs_r512_c512/20221215mouse9_OD_R_4_0_0000002_Structure_0003.png
0,/data/yue/pepple/data_2024/AC_imgs_r512_c512/20181106mouse2M_OD_L_4_90_0000036_Structure_0001 RA1.TIFF.png
0,/data/yue/pepple/data_2024/AC_imgs_r512_c512/20220706mouse5_OD_R_4_0_0000073_Structure_0003.png
0,/data/yue/pepple/data_2024/AC_imgs_r512_c512/20221115mouse8_OD_R_4_0_0000037_Structure_0004.png
0,/data/yue/pepple/data_2024/AC_imgs_r512_c512/20221013mouse10_OD_R_4_0_0000016_Structure_0002.png
2,/data/yue/pepple/data_2024/AC_imgs_r512_c512/20220809mouse9_OD_L_4_90_0000006_Structure_0001.png
0,/data/yue/pepple/data_2024/AC_imgs_r512_c512/20221115mouse5_OD_R_4_0_0000023_Structure_0001.png
0.5,/data/yue/pepple/data_2024/AC_imgs_r512_c512/20220706mouse9_OD_R_4_0_0000079_Structure_0003.png
0.5,/data/yue/pepple/data_2024/AC_imgs_r512_c512/20220929mouse5_OD_R_4_0_0000009_Structure_0004.png
2,/data/yue/pepple/data_2024/AC_imgs_r512_c512/20220816mouse5_OD_L_4_90_0000076_Structure_0001.png
4,/data/yue/pepple/data_2024/AC_imgs_r512_c512/20181026mouse3_OD_L_4_90_0000053_Structure_0001 RA20.TIFF.png
1,/data/yue/pepple/data_2024/AC_imgs_r512_c512/20190409mouse16_OD_L_4_90_0000016_Structure_0001 RA1.TIFF.png
0,/data/yue/pepple/data_2024/AC_imgs_r512_c512/20220929mousse2_OD_R_4_0_0000016_Structure_0002.png
0,/data/yue/pepple/data_2024/AC_imgs_r512_c512/20221215mouse1_OD_R_4_0_0000037_Structure_0001.png
2,/data/yue/pepple/data_2024/AC_imgs_r512_c512/20180801mouse17_OD_L_4_90_0000142_Structure_0001 RA21.TIFF.png
0.5,/data/yue/pepple/data_2024/AC_imgs_r512_c512/20220706mouse2_OD_R_4_0_0000002_Structure_0003.png
2,/data/yue/pepple/data_2024/AC_imgs_r512_c512/20221215mouse1_OD_R_4_0_0000009_Structure_0003.png
0,/data/yue/pepple/data_2024/AC_imgs_r512_c512/20220505mouse4_OD_R_4_0_0000107_Structure_0004.png
3,/data/yue/pepple/data_2024/AC_imgs_r512_c512/20180516IVT_D21_m1_OD_L_4_90_0000033_Structure_0001 RA2.TIFF.png
0,/data/yue/pepple/data_2024/AC_imgs_r512_c512/20220809mouse10_OD_L_4_90_0000016_Structure_0001.png
0.5,/data/yue/pepple/data_2024/AC_imgs_r512_c512/20180801mouse16_OD_L_4_90_0000266_Structure_0001 RA49.TIFF.png
2,/data/yue/pepple/data_2024/AC_imgs_r512_c512/20220505mouse3_OD_R_4_0_0000016_Structure_0001.png
2,/data/yue/pepple/data_2024/AC_imgs_r512_c512/20180801mouse8_OD_L_4_90_0000016_Structure_0001 RA1.TIFF.png
1,/data/yue/pepple/data_2024/AC_imgs_r512_c512/20220706mouse4_OD_R_4_0_0000052_Structure_0003.png
2,/data/yue/pepple/data_2024/AC_imgs_r512_c512/20221215mouse13_OD_R_4_0_0000030_Structure_0004.png
0.5,/data/yue/pepple/data_2024/AC_imgs_r512_c512/20180315Rag2mouse8_OD_L_4_90_0000033_Structure_0001 RA1.TIFF.png
2,/data/yue/pepple/data_2024/AC_imgs_r512_c512/20220929mouse6_OD_R_4_0_0000030_Structure_0003.png
3,/data/yue/pepple/data_2024/AC_imgs_r512_c512/20220809mouse4_OD_L_4_90_0000036_Structure_0001.png
0,/data/yue/pepple/data_2024/AC_imgs_r512_c512/20220505mouse2_OD_R_4_0_0000127_Structure_0001.png
0.5,/data/yue/pepple/data_2024/AC_imgs_r512_c512/20220929mouse5_OD_R_4_0_0000023_Structure_0002.png
4,/data/yue/pepple/data_2024/AC_imgs_r512_c512/20180306IVI_mouse4_OD_L_4_90_0000023_Structure_0001 RA1.TIFF.png
0.5,/data/yue/pepple/data_2024/AC_imgs_r512_c512/20220706mouse4_OD_R_4_0_0000031_Structure_0002.png
0.5,/data/yue/pepple/data_2024/AC_imgs_r512_c512/20220706mouse5_OD_R_4_0_0000002_Structure_0001.png
1,/data/yue/pepple/data_2024/AC_imgs_r512_c512/20220823mouse7_OD_L_4_90_0000066_Structure_0001.png
0.5,/data/yue/pepple/data_2024/AC_imgs_r512_c512/20221215mouse8_OD_R_4_0_0000023_Structure_0003.png
2,/data/yue/pepple/data_2024/AC_imgs_r512_c512/20220706mouse8_OD_R_4_0_0000016_Structure_0004.png
0,/data/yue/pepple/data_2024/AC_imgs_r512_c512/20221013mouse4_OD_R_4_0_0000002_Structure_0001.png
0,/data/yue/pepple/data_2024/AC_imgs_r512_c512/20221013mouse10_OD_R_4_0_0000044_Structure_0002.png
2,/data/yue/pepple/data_2024/AC_imgs_r512_c512/20221215mouse12_OD_R_4_0_0000016_Structure_0004.png
0.5,/data/yue/pepple/data_2024/AC_imgs_r512_c512/20221215mouse11_OD_R_4_0_0000016_Structure_0001.png
0.5,/data/yue/pepple/data_2024/AC_imgs_r512_c512/20220706mouse1_OD_R_4_0_0000072_Structure_0003.png
1,/data/yue/pepple/data_2024/AC_imgs_r512_c512/20180801mouse16_OD_L_4_90_0000096_Structure_0001 RA5.TIFF.png
0,/data/yue/pepple/data_2024/AC_imgs_r512_c512/20180529mouse3_OD_L_4_90_0000063_Structure_0001 RA3.TIFF.png
0.5,/data/yue/pepple/data_2024/AC_imgs_r512_c512/20220706mouse1_OD_R_4_0_0000051_Structure_0001.png
4,/data/yue/pepple/data_2024/AC_imgs_r512_c512/20181026mouse9_OD_L_4_90_0000006_Structure_0001 RA1.TIFF.png
4,/data/yue/pepple/data_2024/AC_imgs_r512_c512/20181114mouse8_OD_L_4_90_0000013_Structure_0001 RA1.TIFF.png
0.5,/data/yue/pepple/data_2024/AC_imgs_r512_c512/20221215mouse11_OD_R_4_0_0000002_Structure_0001.png
0.5,/data/yue/pepple/data_2024/AC_imgs_r512_c512/20220706mouse2_OD_R_4_0_0000058_Structure_0004.png
1,/data/yue/pepple/data_2024/AC_imgs_r512_c512/20221215mouse14_OD_R_4_0_0000037_Structure_0002.png
2,/data/yue/pepple/data_2024/AC_imgs_r512_c512/20220505mouse4_OD_R_4_0_0000002_Structure_0003.png
0.5,/data/yue/pepple/data_2024/AC_imgs_r512_c512/20221013mouse1_OD_R_4_0_0000023_Structure_0002.png
0,/data/yue/pepple/data_2024/AC_imgs_r512_c512/20220929mouse5_OD_R_4_0_0000037_Structure_0002.png
1,/data/yue/pepple/data_2024/AC_imgs_r512_c512/20180801mouse16_OD_L_4_90_0000146_Structure_0001 RA7.TIFF.png
0,/data/yue/pepple/data_2024/AC_imgs_r512_c512/20220706mouse8_OD_R_4_0_0000002_Structure_0004.png
0,/data/yue/pepple/data_2024/AC_imgs_r512_c512/20221013mouse4_OD_R_4_0_0000016_Structure_0001.png
0,/data/yue/pepple/data_2024/AC_imgs_r512_c512/20180131mouse2_OD_L_4_90_0000033_Structure_0001 RA-7.TIFF.png
0,/data/yue/pepple/data_2024/AC_imgs_r512_c512/20220825mouse1_OD_R_4_0_0000023_Structure_0002.png
0,/data/yue/pepple/data_2024/AC_imgs_r512_c512/20221215mouse8_OD_R_4_0_0000037_Structure_0003.png
0,/data/yue/pepple/data_2024/AC_imgs_r512_c512/20221215mouse5_OD_R_4_0_0000030_Structure_0002.png
0,/data/yue/pepple/data_2024/AC_imgs_r512_c512/20221215mouse8_OD_R_4_0_0000009_Structure_0001.png
2,/data/yue/pepple/data_2024/AC_imgs_r512_c512/20220706mouse5_OD_R_4_0_0000016_Structure_0001.png
0,/data/yue/pepple/data_2024/AC_imgs_r512_c512/20190130mouse1_OD_L_4_90_0000147_Structure_0001 RA28.TIFF.png
0,/data/yue/pepple/data_2024/AC_imgs_r512_c512/20220706mouse8_OD_R_4_0_0000051_Structure_0003.png
3,/data/yue/pepple/data_2024/AC_imgs_r512_c512/20180402IVT_mouse1_OD_L_4_90_0000023_Structure_0001 RA2.TIFF.png
0.5,/data/yue/pepple/data_2024/AC_imgs_r512_c512/20220706mouse5_OD_R_4_0_0000066_Structure_0004.png
0,/data/yue/pepple/data_2024/AC_imgs_r512_c512/20220809mouse12_OD_L_4_90_0000076_Structure_0001.png
2,/data/yue/pepple/data_2024/AC_imgs_r512_c512/20180416IVT_mouse4_OD_L_4_90_0000023_Structure_0001 RA1.TIFF.png
3,/data/yue/pepple/data_2024/AC_imgs_r512_c512/20220809mouse1_OD_L_4_90_0000026_Structure_0001.png
3,/data/yue/pepple/data_2024/AC_imgs_r512_c512/20180412IVT_mouse2_OD_L_4_90_0000023_Structure_0001 RA1.TIFF.png
0.5,/data/yue/pepple/data_2024/AC_imgs_r512_c512/20220706mouse8_OD_R_4_0_0000072_Structure_0001.png
0,/data/yue/pepple/data_2024/AC_imgs_r512_c512/20220825mouse10_OD_R_4_0_0000030_Structure_0001.png
0,/data/yue/pepple/data_2024/AC_imgs_r512_c512/20220929mousse2_OD_R_4_0_0000002_Structure_0002.png
1,/data/yue/pepple/data_2024/AC_imgs_r512_c512/20180801mouse17_OD_L_4_90_0000116_Structure_0001 RA14.TIFF.png
0.5,/data/yue/pepple/data_2024/AC_imgs_r512_c512/20220505mouse8_OD_R_4_0_0000134_Structure_0002.png
0.5,/data/yue/pepple/data_2024/AC_imgs_r512_c512/20180801mouse16_OD_L_4_90_0000246_Structure_0001 RA42.TIFF.png
2,/data/yue/pepple/data_2024/AC_imgs_r512_c512/20220823mouse8_OD_L_4_90_0000086_Structure_0001.png
0.5,/data/yue/pepple/data_2024/AC_imgs_r512_c512/20220816mouse4_OD_L_4_90_0000076_Structure_0001.png
1,/data/yue/pepple/data_2024/AC_imgs_r512_c512/20220706mouse9_OD_R_4_0_0000009_Structure_0002.png
0.5,/data/yue/pepple/data_2024/AC_imgs_r512_c512/20220706mouse4_OD_R_4_0_0000080_Structure_0001.png
1,/data/yue/pepple/data_2024/AC_imgs_r512_c512/20221013mouse2_OD_R_4_0_0000037_Structure_0003.png
0.5,/data/yue/pepple/data_2024/AC_imgs_r512_c512/20221013mouse1_OD_R_4_0_0000009_Structure_0004.png
3,/data/yue/pepple/data_2024/AC_imgs_r512_c512/20220823mouse8_OD_L_4_90_0000036_Structure_0001.png
0,/data/yue/pepple/data_2024/AC_imgs_r512_c512/20220825mouse2_OD_R_4_0_0000037_Structure_0003.png
0,/data/yue/pepple/data_2024/AC_imgs_r512_c512/20220825mouse1_OD_R_4_0_0000009_Structure_0004.png
1,/data/yue/pepple/data_2024/AC_imgs_r512_c512/20220816mouse3_OD_L_4_90_0000116_Structure_0001.png
0,/data/yue/pepple/data_2024/AC_imgs_r512_c512/20221115mouse5_OD_R_4_0_0000037_Structure_0001.png
2,/data/yue/pepple/data_2024/AC_imgs_r512_c512/20221115mouse6_OD_R_4_0_0000037_Structure_0004.png
0.5,/data/yue/pepple/data_2024/AC_imgs_r512_c512/20221215mouse14_OD_R_4_0_0000030_Structure_0002.png
0.5,/data/yue/pepple/data_2024/AC_imgs_r512_c512/20180529mouse3_OD_L_4_90_0000040_Structure_0001 RA2.TIFF.png
0.5,/data/yue/pepple/data_2024/AC_imgs_r512_c512/20221115mouse5_OD_R_4_0_0000009_Structure_0003.png
2,/data/yue/pepple/data_2024/AC_imgs_r512_c512/20221013mouse7_OD_R_4_0_0000044_Structure_0004.png
0,/data/yue/pepple/data_2024/AC_imgs_r512_c512/20220929mouse4_OD_R_4_0_0000016_Structure_0002.png
0,/data/yue/pepple/data_2024/AC_imgs_r512_c512/20220825mouse5_OD_R_4_0_0000037_Structure_0001.png
0.5,/data/yue/pepple/data_2024/AC_imgs_r512_c512/20221115mouose4_OD_R_4_0_0000009_Structure_0004.png
0.5,/data/yue/pepple/data_2024/AC_imgs_r512_c512/20220825mouse5_OD_R_4_0_0000009_Structure_0003.png
3,/data/yue/pepple/data_2024/AC_imgs_r512_c512/20220823mouse6_OD_L_4_90_0000066_Structure_0001.png
2,/data/yue/pepple/data_2024/AC_imgs_r512_c512/20220706mouse4_OD_R_4_0_0000009_Structure_0003.png
0,/data/yue/pepple/data_2024/AC_imgs_r512_c512/20221215mouse9_OD_R_4_0_0000016_Structure_0003.png
2,/data/yue/pepple/data_2024/AC_imgs_r512_c512/20220706mouse9_OD_R_4_0_0000023_Structure_0004.png
0,/data/yue/pepple/data_2024/AC_imgs_r512_c512/20221013mouse5_OD_R_4_0_0000037_Structure_0001.png
0.5,/data/yue/pepple/data_2024/AC_imgs_r512_c512/20220929mouse1_OD_R_4_0_0000023_Structure_0001.png
2,/data/yue/pepple/data_2024/AC_imgs_r512_c512/20221013mouse6_OD_R_4_0_0000037_Structure_0004.png
2,/data/yue/pepple/data_2024/AC_imgs_r512_c512/20221215mouse7_OD_R_4_0_0000002_Structure_0003.png
0,/data/yue/pepple/data_2024/AC_imgs_r512_c512/20221013mouse5_OD_R_4_0_0000009_Structure_0003.png
0,/data/yue/pepple/data_2024/AC_imgs_r512_c512/20220706mouse2_OD_R_4_0_0000044_Structure_0003.png
3,/data/yue/pepple/data_2024/AC_imgs_r512_c512/20180305IVI_mouse3_OD_L_4_90_0000023_Structure_0001 RA1.TIFF.png
0.5,/data/yue/pepple/data_2024/AC_imgs_r512_c512/20221013mouse3_OD_R_4_0_0000044_Structure_0003.png
1,/data/yue/pepple/data_2024/AC_imgs_r512_c512/20221215mouse13_OD_R_4_0_0000023_Structure_0004.png
0,/data/yue/pepple/data_2024/AC_imgs_r512_c512/20221215mouse10_OD_R_4_0_0000023_Structure_0001.png
4,/data/yue/pepple/data_2024/AC_imgs_r512_c512/20221115mouse1_OD_R_4_0_0000009_Structure_0004.png
3,/data/yue/pepple/data_2024/AC_imgs_r512_c512/20180801mouse17_OD_L_4_90_0000066_Structure_0001 RA5.TIFF.png
0,/data/yue/pepple/data_2024/AC_imgs_r512_c512/20190207mouse13_OD_L_4_90_0000136_Structure_0001 RA14.TIFF.png
0,/data/yue/pepple/data_2024/AC_imgs_r512_c512/20220706mouse5_OD_R_4_0_0000066_Structure_0001.png
0.5,/data/yue/pepple/data_2024/AC_imgs_r512_c512/20220706mouse8_OD_R_4_0_0000072_Structure_0004.png
2,/data/yue/pepple/data_2024/AC_imgs_r512_c512/20221215mouse10_OD_R_4_0_0000009_Structure_0002.png
2,/data/yue/pepple/data_2024/AC_imgs_r512_c512/20220706mouse5_OD_R_4_0_0000045_Structure_0003.png
3,/data/yue/pepple/data_2024/AC_imgs_r512_c512/20221115mouse1_OD_R_4_0_0000030_Structure_0003.png
1,/data/yue/pepple/data_2024/AC_imgs_r512_c512/20180131mouse4_OD_L_4_90_0000398_Structure_0001 RA42.TIFF.png
0.5,/data/yue/pepple/data_2024/AC_imgs_r512_c512/20221215mouse9_OD_R_4_0_0000002_Structure_0002.png
0.5,/data/yue/pepple/data_2024/AC_imgs_r512_c512/20221215mouse7_OD_R_4_0_0000016_Structure_0002.png
1,/data/yue/pepple/data_2024/AC_imgs_r512_c512/20220929mouse1_OD_R_4_0_0000009_Structure_0002.png
0,/data/yue/pepple/data_2024/AC_imgs_r512_c512/20220929mouse4_OD_R_4_0_0000002_Structure_0003.png
0,/data/yue/pepple/data_2024/AC_imgs_r512_c512/20220825mouse10_OD_R_4_0_0000030_Structure_0004.png
0,/data/yue/pepple/data_2024/AC_imgs_r512_c512/20221115mouose4_OD_R_4_0_0000030_Structure_0003.png
2,/data/yue/pepple/data_2024/AC_imgs_r512_c512/20220809mouse6_OD_L_4_90_0000026_Structure_0001.png
2,/data/yue/pepple/data_2024/AC_imgs_r512_c512/20220706mouse1_OD_R_4_0_0000016_Structure_0003.png
0,/data/yue/pepple/data_2024/AC_imgs_r512_c512/20180131mouse5_OD_L_4_90_0000033_Structure_0001 RA-7.TIFF.png
0.5,/data/yue/pepple/data_2024/AC_imgs_r512_c512/20220706mouse9_OD_R_4_0_0000079_Structure_0002.png
3,/data/yue/pepple/data_2024/AC_imgs_r512_c512/20220816mouse4_OD_L_4_90_0000006_Structure_0001.png
3,/data/yue/pepple/data_2024/AC_imgs_r512_c512/20180306IVI_mouse2_OD_L_4_90_0000023_Structure_0001 RA1.TIFF.png
0,/data/yue/pepple/data_2024/AC_imgs_r512_c512/20221013mouse10_OD_R_4_0_0000016_Structure_0003.png
0,/data/yue/pepple/data_2024/AC_imgs_r512_c512/20220706mouse5_OD_R_4_0_0000073_Structure_0002.png
0,/data/yue/pepple/data_2024/AC_imgs_r512_c512/20220706mouse2_OD_R_4_0_0000058_Structure_0001.png
2,/data/yue/pepple/data_2024/AC_imgs_r512_c512/20221215mouse11_OD_R_4_0_0000002_Structure_0004.png
4,/data/yue/pepple/data_2024/AC_imgs_r512_c512/20220809mouse1_OD_L_4_90_0000056_Structure_0001.png
0.5,/data/yue/pepple/data_2024/AC_imgs_r512_c512/20220706mouse8_OD_R_4_0_0000002_Structure_0001.png
0,/data/yue/pepple/data_2024/AC_imgs_r512_c512/20221013mouse4_OD_R_4_0_0000016_Structure_0004.png
2,/data/yue/pepple/data_2024/AC_imgs_r512_c512/20220706mouse5_OD_R_4_0_0000016_Structure_0004.png
3,/data/yue/pepple/data_2024/AC_imgs_r512_c512/20180801mouse17_OD_L_4_90_0000046_Structure_0001 RA4.TIFF.png
0.5,/data/yue/pepple/data_2024/AC_imgs_r512_c512/20220809mouse8_OD_L_4_90_0000076_Structure_0001.png
0.5,/data/yue/pepple/data_2024/AC_imgs_r512_c512/20220706mouse9_OD_R_4_0_0000023_Structure_0001.png
1,/data/yue/pepple/data_2024/AC_imgs_r512_c512/20220929mouse1_OD_R_4_0_0000023_Structure_0004.png
0,/data/yue/pepple/data_2024/AC_imgs_r512_c512/20221013mouse5_OD_R_4_0_0000037_Structure_0004.png
1,/data/yue/pepple/data_2024/AC_imgs_r512_c512/20221013mouse6_OD_R_4_0_0000037_Structure_0001.png
2,/data/yue/pepple/data_2024/AC_imgs_r512_c512/20180529mouse6_OD_L_4_90_0000023_Structure_0001 RA1.TIFF.png
3,/data/yue/pepple/data_2024/AC_imgs_r512_c512/20181127mouse6_OD_L_4_90_0000006_Structure_0001 RA1.TIFF.png
2,/data/yue/pepple/data_2024/AC_imgs_r512_c512/20180801mouse14_OD_L_4_90_0000036_Structure_0001 RA2.TIFF.png
4,/data/yue/pepple/data_2024/AC_imgs_r512_c512/20180510IVT_mouse5_OD_L_4_90_0000023_Structure_0001 RA1.TIFF.png
1,/data/yue/pepple/data_2024/AC_imgs_r512_c512/20221215mouse1_OD_R_4_0_0000009_Structure_0002.png
0,/data/yue/pepple/data_2024/AC_imgs_r512_c512/20220825mouse5_OD_R_4_0_0000037_Structure_0004.png
3,/data/yue/pepple/data_2024/AC_imgs_r512_c512/20180829mouse11_OD_L_4_90_0000016_Structure_0001 RA1.TIFF.png
4,/data/yue/pepple/data_2024/AC_imgs_r512_c512/20181026mouse7_OD_L_4_90_0000006_Structure_0001 RA1.TIFF.png
0,/data/yue/pepple/data_2024/AC_imgs_r512_c512/20220929mousse2_OD_R_4_0_0000016_Structure_0003.png
1,/data/yue/pepple/data_2024/AC_imgs_r512_c512/20180131mouse4_OD_L_4_90_0000192_Structure_0001 RA7.TIFF.png
0,/data/yue/pepple/data_2024/AC_imgs_r512_c512/20220706mouse2_OD_R_4_0_0000002_Structure_0002.png
0.5,/data/yue/pepple/data_2024/AC_imgs_r512_c512/20221115mouose4_OD_R_4_0_0000009_Structure_0001.png
2,/data/yue/pepple/data_2024/AC_imgs_r512_c512/20220809mouse11_OD_L_4_90_0000066_Structure_0001.png
1,/data/yue/pepple/data_2024/AC_imgs_r512_c512/20220706mouse4_OD_R_4_0_0000052_Structure_0002.png
3,/data/yue/pepple/data_2024/AC_imgs_r512_c512/20180214_PMUmouse4_OD_L_4_90_0000023_Structure_0001 RA1.TIFF.png
1,/data/yue/pepple/data_2024/AC_imgs_r512_c512/20221215mouse13_OD_R_4_0_0000023_Structure_0001.png
4,/data/yue/pepple/data_2024/AC_imgs_r512_c512/20221115mouse1_OD_R_4_0_0000009_Structure_0001.png
0,/data/yue/pepple/data_2024/AC_imgs_r512_c512/20221215mouse10_OD_R_4_0_0000023_Structure_0004.png
0,/data/yue/pepple/data_2024/AC_imgs_r512_c512/20221215mouse8_OD_R_4_0_0000023_Structure_0002.png
0,/data/yue/pepple/data_2024/AC_imgs_r512_c512/20221013mouse10_OD_R_4_0_0000044_Structure_0003.png
3,/data/yue/pepple/data_2024/AC_imgs_r512_c512/20180611IVT_D7_m1_OD_L_4_90_0000087_Structure_0001 RA7.TIFF.png
0,/data/yue/pepple/data_2024/AC_imgs_r512_c512/20220825mouse1_OD_R_4_0_0000009_Structure_0001.png
0,/data/yue/pepple/data_2024/AC_imgs_r512_c512/20220929mouse5_OD_R_4_0_0000023_Structure_0003.png
0.5,/data/yue/pepple/data_2024/AC_imgs_r512_c512/20220706mouse4_OD_R_4_0_0000031_Structure_0003.png
1,/data/yue/pepple/data_2024/AC_imgs_r512_c512/20181127mouse7_OD_L_4_90_0000076_Structure_0001 RA4.TIFF.png
1,/data/yue/pepple/data_2024/AC_imgs_r512_c512/20220706mouse4_OD_R_4_0_0000080_Structure_0004.png
0,/data/yue/pepple/data_2024/AC_imgs_r512_c512/20220929mouse6_OD_R_4_0_0000030_Structure_0002.png
0.5,/data/yue/pepple/data_2024/AC_imgs_r512_c512/20221013mouse1_OD_R_4_0_0000009_Structure_0001.png
0,/data/yue/pepple/data_2024/AC_imgs_r512_c512/20221115mouse5_OD_R_4_0_0000037_Structure_0004.png
1,/data/yue/pepple/data_2024/AC_imgs_r512_c512/20221115mouse6_OD_R_4_0_0000037_Structure_0001.png
1,/data/yue/pepple/data_2024/AC_imgs_r512_c512/20221013mouse7_OD_R_4_0_0000044_Structure_0001.png
2,/data/yue/pepple/data_2024/AC_imgs_r512_c512/20220505mouse4_OD_R_4_0_0000026_Structure_0004.png
0.5,/data/yue/pepple/data_2024/AC_imgs_r512_c512/20220706mouse1_OD_R_4_0_0000072_Structure_0002.png
0,/data/yue/pepple/data_2024/AC_imgs_r512_c512/20190207mouse4_OD_L_4_90_0000016_Structure_0001 RA-7.TIFF.png
3,/data/yue/pepple/data_2024/AC_imgs_r512_c512/20180214_PMUmouse2_OD_L_4_90_0000020_Structure_0001 RA1.TIFF.png
2,/data/yue/pepple/data_2024/AC_imgs_r512_c512/20220823mouse9_OD_L_4_90_0000048_Structure_0001.png
3,/data/yue/pepple/data_2024/AC_imgs_r512_c512/20190409mouse10_OD_L_4_90_0000016_Structure_0001 RA1.TIFF.png
0.5,/data/yue/pepple/data_2024/AC_imgs_r512_c512/20221215mouse14_OD_R_4_0_0000037_Structure_0003.png
2,/data/yue/pepple/data_2024/AC_imgs_r512_c512/20220505mouse4_OD_R_4_0_0000002_Structure_0002.png
0,/data/yue/pepple/data_2024/AC_imgs_r512_c512/20221115mouse8_OD_R_4_0_0000037_Structure_0001.png
0,/data/yue/pepple/data_2024/AC_imgs_r512_c512/20221115mouse5_OD_R_4_0_0000023_Structure_0004.png
0.5,/data/yue/pepple/data_2024/AC_imgs_r512_c512/20220809mouse14_OD_L_4_90_0000076_Structure_0001.png
0,/data/yue/pepple/data_2024/AC_imgs_r512_c512/20220825mouse1_OD_R_4_0_0000023_Structure_0003.png
1,/data/yue/pepple/data_2024/AC_imgs_r512_c512/20180131mouse2_OD_L_4_90_0000195_Structure_0001 RA7.TIFF.png
0,/data/yue/pepple/data_2024/AC_imgs_r512_c512/20221215mouse8_OD_R_4_0_0000037_Structure_0002.png
0,/data/yue/pepple/data_2024/AC_imgs_r512_c512/20221215mouse5_OD_R_4_0_0000030_Structure_0003.png
0.5,/data/yue/pepple/data_2024/AC_imgs_r512_c512/20220929mouse5_OD_R_4_0_0000009_Structure_0001.png
4,/data/yue/pepple/data_2024/AC_imgs_r512_c512/20180306IVI_mouse1_OD_L_4_90_0000050_Structure_0001 RA2.TIFF.png
0.5,/data/yue/pepple/data_2024/AC_imgs_r512_c512/20221013mouse1_OD_R_4_0_0000023_Structure_0003.png
0,/data/yue/pepple/data_2024/AC_imgs_r512_c512/20220929mouse5_OD_R_4_0_0000037_Structure_0003.png
0,/data/yue/pepple/data_2024/AC_imgs_r512_c512/20190107mouse5_OD_L_4_90_0000016_Structure_0001 RA-7.TIFF.png
0.5,/data/yue/pepple/data_2024/AC_imgs_r512_c512/20180611IVT_D7_m1_OD_L_4_90_0000033_Structure_0001 RA2.TIFF.png
2,/data/yue/pepple/data_2024/AC_imgs_r512_c512/20180801mouse6_OD_L_4_90_0000016_Structure_0001 RA1.TIFF.png
0,/data/yue/pepple/data_2024/AC_imgs_r512_c512/20180529mouse3_OD_L_4_90_0000103_Structure_0001 RA5.TIFF.png
4,/data/yue/pepple/data_2024/AC_imgs_r512_c512/20220505mouse5_OD_R_4_0_0000009_Structure_0004.png
0.5,/data/yue/pepple/data_2024/AC_imgs_r512_c512/20190107mouse16_OD_L_4_90_0000006_Structure_0001 RA-7.TIFF.png
1,/data/yue/pepple/data_2024/AC_imgs_r512_c512/20220706mouse8_OD_R_4_0_0000051_Structure_0002.png
0,/data/yue/pepple/data_2024/AC_imgs_r512_c512/20221215mouse10_OD_R_4_0_0000037_Structure_0004.png
0,/data/yue/pepple/data_2024/AC_imgs_r512_c512/20180131mouse4_OD_L_4_90_0000033_Structure_0001 RA-7.TIFF.png
0,/data/yue/pepple/data_2024/AC_imgs_r512_c512/20221013mouse8_OD_R_4_0_0000037_Structure_0001.png
2,/data/yue/pepple/data_2024/AC_imgs_r512_c512/20180305IVI_mouse5_OD_L_4_90_0000023_Structure_0001 RA1.TIFF.png
2,/data/yue/pepple/data_2024/AC_imgs_r512_c512/20220706mouse4_OD_R_4_0_0000023_Structure_0004.png
2,/data/yue/pepple/data_2024/AC_imgs_r512_c512/20220706mouse9_OD_R_4_0_0000009_Structure_0003.png
3,/data/yue/pepple/data_2024/AC_imgs_r512_c512/20180801mouse17_OD_L_4_90_0000106_Structure_0001 RA7.TIFF.png
0.5,/data/yue/pepple/data_2024/AC_imgs_r512_c512/20220505mouse8_OD_R_4_0_0000134_Structure_0003.png
1,/data/yue/pepple/data_2024/AC_imgs_r512_c512/20220823mouse7_OD_L_4_90_0000106_Structure_0001.png
0.5,/data/yue/pepple/data_2024/AC_imgs_r512_c512/20220706mouse9_OD_R_4_0_0000037_Structure_0001.png
3,/data/yue/pepple/data_2024/AC_imgs_r512_c512/20190409mouse8_OD_L_4_90_0000006_Structure_0001 RA1.TIFF.png
0,/data/yue/pepple/data_2024/AC_imgs_r512_c512/20221013mouse5_OD_R_4_0_0000023_Structure_0004.png
0.5,/data/yue/pepple/data_2024/AC_imgs_r512_c512/20220929mouse1_OD_R_4_0_0000037_Structure_0004.png
0,/data/yue/pepple/data_2024/AC_imgs_r512_c512/20220929mousse2_OD_R_4_0_0000002_Structure_0003.png
1,/data/yue/pepple/data_2024/AC_imgs_r512_c512/20221215mouse2_OD_R_4_0_0000030_Structure_0001.png
3,/data/yue/pepple/data_2024/AC_imgs_r512_c512/20180305PMU_mouse1_OD_L_4_90_0000023_Structure_0001 RA1.TIFF.png
0,/data/yue/pepple/data_2024/AC_imgs_r512_c512/20220825mouse5_OD_R_4_0_0000023_Structure_0004.png
2,/data/yue/pepple/data_2024/AC_imgs_r512_c512/20220809mouse13_OD_L_4_90_0000006_Structure_0001.png
3,/data/yue/pepple/data_2024/AC_imgs_r512_c512/20220706mouse5_OD_R_4_0_0000002_Structure_0004.png
1,/data/yue/pepple/data_2024/AC_imgs_r512_c512/20220706mouse8_OD_R_4_0_0000016_Structure_0001.png
0,/data/yue/pepple/data_2024/AC_imgs_r512_c512/20221013mouse4_OD_R_4_0_0000002_Structure_0004.png
0,/data/yue/pepple/data_2024/AC_imgs_r512_c512/20220825mouse2_OD_R_4_0_0000037_Structure_0002.png
1,/data/yue/pepple/data_2024/AC_imgs_r512_c512/20221013mouse2_OD_R_4_0_0000037_Structure_0002.png
0,/data/yue/pepple/data_2024/AC_imgs_r512_c512/20220505mouse2_OD_R_4_0_0000127_Structure_0004.png
0.5,/data/yue/pepple/data_2024/AC_imgs_r512_c512/20221115mouse5_OD_R_4_0_0000009_Structure_0002.png
0.5,/data/yue/pepple/data_2024/AC_imgs_r512_c512/20220706mouse1_OD_R_4_0_0000051_Structure_0004.png
0.5,/data/yue/pepple/data_2024/AC_imgs_r512_c512/20221215mouse14_OD_R_4_0_0000030_Structure_0003.png
0.5,/data/yue/pepple/data_2024/AC_imgs_r512_c512/20221215mouse12_OD_R_4_0_0000016_Structure_0001.png
0.5,/data/yue/pepple/data_2024/AC_imgs_r512_c512/20221215mouse11_OD_R_4_0_0000016_Structure_0004.png
3,/data/yue/pepple/data_2024/AC_imgs_r512_c512/20180801mouse16_OD_L_4_90_0000016_Structure_0001 RA1.TIFF.png
0.5,/data/yue/pepple/data_2024/AC_imgs_r512_c512/20221215mouse7_OD_R_4_0_0000002_Structure_0002.png
0.5,/data/yue/pepple/data_2024/AC_imgs_r512_c512/20221013mouse5_OD_R_4_0_0000009_Structure_0002.png
1,/data/yue/pepple/data_2024/AC_imgs_r512_c512/20220706mouse4_OD_R_4_0_0000009_Structure_0002.png
0,/data/yue/pepple/data_2024/AC_imgs_r512_c512/20221215mouse9_OD_R_4_0_0000016_Structure_0002.png
3,/data/yue/pepple/data_2024/AC_imgs_r512_c512/20180829mouse1_OD_L_4_90_0000016_Structure_0001 RA1.TIFF.png
0.5,/data/yue/pepple/data_2024/AC_imgs_r512_c512/20220825mouse5_OD_R_4_0_0000009_Structure_0002.png
3,/data/yue/pepple/data_2024/AC_imgs_r512_c512/20220816mouse1_OD_L_4_90_0000016_Structure_0001.png
2,/data/yue/pepple/data_2024/AC_imgs_r512_c512/20221215mouse1_OD_R_4_0_0000037_Structure_0004.png
0,/data/yue/pepple/data_2024/AC_imgs_r512_c512/20220505mouse4_OD_R_4_0_0000107_Structure_0001.png
3,/data/yue/pepple/data_2024/AC_imgs_r512_c512/20220816mouse5_OD_L_4_90_0000116_Structure_0001.png
0,/data/yue/pepple/data_2024/AC_imgs_r512_c512/20220929mouse4_OD_R_4_0_0000016_Structure_0003.png
4,/data/yue/pepple/data_2024/AC_imgs_r512_c512/20220823mouse7_OD_L_4_90_0000016_Structure_0001.png
1,/data/yue/pepple/data_2024/AC_imgs_r512_c512/20180321mouse6_OD_L_4_90_0000023_Structure_0001 RA2.TIFF.png
0,/data/yue/pepple/data_2024/AC_imgs_r512_c512/20190130mouse1_OD_L_4_90_0000177_Structure_0001 RA35.TIFF.png
0,/data/yue/pepple/data_2024/AC_imgs_r512_c512/20190207mouse5_OD_L_4_90_0000016_Structure_0001 RA-7.TIFF.png
3,/data/yue/pepple/data_2024/AC_imgs_r512_c512/20190409mouse18_OD_L_4_90_0000016_Structure_0001 RA1.TIFF.png
2,/data/yue/pepple/data_2024/AC_imgs_r512_c512/20181026mouse10_OD_L_4_90_0000016_Structure_0001 RA1.TIFF.png
2,/data/yue/pepple/data_2024/AC_imgs_r512_c512/20221013mouse3_OD_R_4_0_0000044_Structure_0002.png
3,/data/yue/pepple/data_2024/AC_imgs_r512_c512/20220809mouse4_OD_L_4_90_0000046_Structure_0001.png
0.5,/data/yue/pepple/data_2024/AC_imgs_r512_c512/20180315Rag2mouse4_OD_L_4_90_0000084_Structure_0001 RA2.TIFF.png
2,/data/yue/pepple/data_2024/AC_imgs_r512_c512/20220505mouse3_OD_R_4_0_0000016_Structure_0004.png
0,/data/yue/pepple/data_2024/AC_imgs_r512_c512/20221215mouse13_OD_R_4_0_0000030_Structure_0001.png
0.5,/data/yue/pepple/data_2024/AC_imgs_r512_c512/20220706mouse2_OD_R_4_0_0000044_Structure_0002.png
0,/data/yue/pepple/data_2024/AC_imgs_r512_c512/20220825mouse3_OD_R_4_0_0000009_Structure_0004.png
1,/data/yue/pepple/data_2024/AC_imgs_r512_c512/20221215mouse2_OD_R_4_0_0000002_Structure_0001.png
2,/data/yue/pepple/data_2024/AC_imgs_r512_c512/20221013mouse3_OD_R_4_0_0000009_Structure_0004.png
4,/data/yue/pepple/data_2024/AC_imgs_r512_c512/20180416IVT_mouse5_OD_L_4_90_0000023_Structure_0001 RA1.TIFF.png
0.5,/data/yue/pepple/data_2024/AC_imgs_r512_c512/20220706mouse5_OD_R_4_0_0000031_Structure_0003.png
0,/data/yue/pepple/data_2024/AC_imgs_r512_c512/20220929mouse9_OD_R_4_0_0000009_Structure_0004.png
2,/data/yue/pepple/data_2024/AC_imgs_r512_c512/20220706mouse1_OD_R_4_0_0000009_Structure_0001.png
0,/data/yue/pepple/data_2024/AC_imgs_r512_c512/20220929mousse2_OD_R_4_0_0000030_Structure_0003.png
0,/data/yue/pepple/data_2024/AC_imgs_r512_c512/20221115mouse7_OD_R_4_0_0000009_Structure_0003.png
0,/data/yue/pepple/data_2024/AC_imgs_r512_c512/20221215mouse15_OD_R_4_0_0000023_Structure_0003.png
1,/data/yue/pepple/data_2024/AC_imgs_r512_c512/20221115mouse9_OD_R_4_0_0000023_Structure_0001.png
0,/data/yue/pepple/data_2024/AC_imgs_r512_c512/20220922mouse3_OD_R_4_0_0000037_Structure_0002.png
2,/data/yue/pepple/data_2024/AC_imgs_r512_c512/20220816mouse1_OD_L_4_90_0000076_Structure_0001.png
2,/data/yue/pepple/data_2024/AC_imgs_r512_c512/20220706mouse4_OD_R_4_0_0000059_Structure_0004.png
3,/data/yue/pepple/data_2024/AC_imgs_r512_c512/20221115mouse2_OD_R_4_0_0000002_Structure_0002.png
4,/data/yue/pepple/data_2024/AC_imgs_r512_c512/20220505mouse6_OD_R_4_0_0000026_Structure_0001.png
3,/data/yue/pepple/data_2024/AC_imgs_r512_c512/20221013mouse7_OD_R_4_0_0000009_Structure_0003.png
0,/data/yue/pepple/data_2024/AC_imgs_r512_c512/20221215mouse5_OD_R_4_0_0000002_Structure_0003.png
0.5,/data/yue/pepple/data_2024/AC_imgs_r512_c512/20220809mouse3_OD_L_4_90_0000056_Structure_0001.png
2,/data/yue/pepple/data_2024/AC_imgs_r512_c512/20221013mouse4_OD_R_4_0_0000037_Structure_0004.png
0.5,/data/yue/pepple/data_2024/AC_imgs_r512_c512/20220825mouse2_OD_R_4_0_0000002_Structure_0002.png
1,/data/yue/pepple/data_2024/AC_imgs_r512_c512/20220825mouse9_OD_R_4_0_0000023_Structure_0001.png
0.5,/data/yue/pepple/data_2024/AC_imgs_r512_c512/20181127mouse7_OD_L_4_90_0000096_Structure_0001 RA5.TIFF.png
0.5,/data/yue/pepple/data_2024/AC_imgs_r512_c512/20220929mouse6_OD_R_4_0_0000016_Structure_0002.png
0,/data/yue/pepple/data_2024/AC_imgs_r512_c512/20221013mouse2_OD_R_4_0_0000002_Structure_0002.png
0.5,/data/yue/pepple/data_2024/AC_imgs_r512_c512/20221013mouse10_OD_R_4_0_0000009_Structure_0001.png
0,/data/yue/pepple/data_2024/AC_imgs_r512_c512/20221215mouse1_OD_R_4_0_0000051_Structure_0003.png
0.5,/data/yue/pepple/data_2024/AC_imgs_r512_c512/20220706mouse9_OD_R_4_0_0000058_Structure_0002.png
0.5,/data/yue/pepple/data_2024/AC_imgs_r512_c512/20221013mouse1_OD_R_4_0_0000044_Structure_0003.png
0,/data/yue/pepple/data_2024/AC_imgs_r512_c512/20220706mouse2_OD_R_4_0_0000079_Structure_0001.png
1,/data/yue/pepple/data_2024/AC_imgs_r512_c512/20180801mouse11_OD_L_4_90_0000016_Structure_0001 RA1.TIFF.png
2,/data/yue/pepple/data_2024/AC_imgs_r512_c512/20220505mouse6_OD_R_4_0_0000002_Structure_0003.png
0,/data/yue/pepple/data_2024/AC_imgs_r512_c512/20221115mouse7_OD_R_4_0_0000030_Structure_0001.png
4,/data/yue/pepple/data_2024/AC_imgs_r512_c512/20181026mouse8_OD_L_4_90_0000016_Structure_0001 RA1.TIFF.png
0.5,/data/yue/pepple/data_2024/AC_imgs_r512_c512/20221215mouse13_OD_R_4_0_0000002_Structure_0001.png
0,/data/yue/pepple/data_2024/AC_imgs_r512_c512/20220706mouse1_OD_R_4_0_0000065_Structure_0003.png
0,/data/yue/pepple/data_2024/AC_imgs_r512_c512/20220809mouse13_OD_L_4_90_0000066_Structure_0001.png
2,/data/yue/pepple/data_2024/AC_imgs_r512_c512/20221115mouse1_OD_R_4_0_0000016_Structure_0003.png
2,/data/yue/pepple/data_2024/AC_imgs_r512_c512/20220505mouse3_OD_R_4_0_0000009_Structure_0002.png
2,/data/yue/pepple/data_2024/AC_imgs_r512_c512/20180321mouse3_OD_L_4_90_0000023_Structure_0001 RA1.TIFF.png
1,/data/yue/pepple/data_2024/AC_imgs_r512_c512/20180801mouse12_OD_L_4_90_0000056_Structure_0001 RA3.TIFF.png
3,/data/yue/pepple/data_2024/AC_imgs_r512_c512/20181127mouse9_OD_L_4_90_0000016_Structure_0001 RA1.TIFF.png
0,/data/yue/pepple/data_2024/AC_imgs_r512_c512/20221215mouse4_OD_R_4_0_0000023_Structure_0003.png
0.5,/data/yue/pepple/data_2024/AC_imgs_r512_c512/20221013mouse8_OD_R_4_0_0000002_Structure_0001.png
0,/data/yue/pepple/data_2024/AC_imgs_r512_c512/20220825mouse3_OD_R_4_0_0000023_Structure_0002.png
4,/data/yue/pepple/data_2024/AC_imgs_r512_c512/20180305IVI_mouse2_OD_L_4_90_0000023_Structure_0001 RA1.TIFF.png
0.5,/data/yue/pepple/data_2024/AC_imgs_r512_c512/20221013mouse6_OD_R_4_0_0000016_Structure_0001.png
0.5,/data/yue/pepple/data_2024/AC_imgs_r512_c512/20221215mouse7_OD_R_4_0_0000030_Structure_0002.png
0,/data/yue/pepple/data_2024/AC_imgs_r512_c512/20220825mouse10_OD_R_4_0_0000016_Structure_0004.png
2,/data/yue/pepple/data_2024/AC_imgs_r512_c512/20220706mouse2_OD_R_4_0_0000023_Structure_0002.png
0,/data/yue/pepple/data_2024/AC_imgs_r512_c512/20220929mouse9_OD_R_4_0_0000023_Structure_0002.png
1,/data/yue/pepple/data_2024/AC_imgs_r512_c512/20221013mouse3_OD_R_4_0_0000023_Structure_0002.png
0.5,/data/yue/pepple/data_2024/AC_imgs_r512_c512/20220929mouse7_OD_R_4_0_0000037_Structure_0002.png
0.5,/data/yue/pepple/data_2024/AC_imgs_r512_c512/20220706mouse1_OD_R_4_0_0000030_Structure_0003.png
0,/data/yue/pepple/data_2024/AC_imgs_r512_c512/20221115mouose4_OD_R_4_0_0000016_Structure_0003.png
0.5,/data/yue/pepple/data_2024/AC_imgs_r512_c512/20221115mouse8_OD_R_4_0_0000002_Structure_0001.png
2,/data/yue/pepple/data_2024/AC_imgs_r512_c512/20220809mouse14_OD_L_4_90_0000016_Structure_0001.png
0.5,/data/yue/pepple/data_2024/AC_imgs_r512_c512/20221215mouse15_OD_R_4_0_0000009_Structure_0002 D7.png
1,/data/yue/pepple/data_2024/AC_imgs_r512_c512/20221115mouse6_OD_R_4_0_0000016_Structure_0001.png
1,/data/yue/pepple/data_2024/AC_imgs_r512_c512/20220505mouse2_OD_R_4_0_0000002_Structure_0004.png
3,/data/yue/pepple/data_2024/AC_imgs_r512_c512/20180829mouse6_OD_L_4_90_0000006_Structure_0001 RA1.TIFF.png
3,/data/yue/pepple/data_2024/AC_imgs_r512_c512/20180315Rag2mouse1_OD_L_4_90_0000033_Structure_0001 RA1.TIFF.png
0,/data/yue/pepple/data_2024/AC_imgs_r512_c512/20220505mouse4_OD_R_4_0_0000120_Structure_0002.png
0.5,/data/yue/pepple/data_2024/AC_imgs_r512_c512/20230508mouse20_OD_R_4_0_0000009_Structure_0001 D1.png
4,/data/yue/pepple/data_2024/AC_imgs_r512_c512/20220809mouse5_OD_L_4_90_0000026_Structure_0001.png
0,/data/yue/pepple/data_2024/AC_imgs_r512_c512/20230508mouse20_OD_R_4_0_0000009_Structure_0003 D7.png
0.5,/data/yue/pepple/data_2024/AC_imgs_r512_c512/20220706mouse8_OD_R_4_0_0000030_Structure_0001.png
3,/data/yue/pepple/data_2024/AC_imgs_r512_c512/20181114mouse9_OD_L_4_90_0000023_Structure_0001 RA1.TIFF.png
0,/data/yue/pepple/data_2024/AC_imgs_r512_c512/20190107mouse7_OD_L_4_90_0000016_Structure_0001 RA-7.TIFF.png
1,/data/yue/pepple/data_2024/AC_imgs_r512_c512/20221115mouse6_OD_R_4_0_0000002_Structure_0001.png
0,/data/yue/pepple/data_2024/AC_imgs_r512_c512/20220505mouse4_OD_R_4_0_0000081_Structure_0001.png
0.5,/data/yue/pepple/data_2024/AC_imgs_r512_c512/20220706mouse8_OD_R_4_0_0000065_Structure_0001.png
0,/data/yue/pepple/data_2024/AC_imgs_r512_c512/20221115mouse8_OD_R_4_0_0000016_Structure_0001.png
0,/data/yue/pepple/data_2024/AC_imgs_r512_c512/20221215mouse11_OD_R_4_0_0000030_Structure_0004.png
0.5,/data/yue/pepple/data_2024/AC_imgs_r512_c512/20220505mouse2_OD_R_4_0_0000016_Structure_0004.png
0,/data/yue/pepple/data_2024/AC_imgs_r512_c512/20220825mouse3_OD_R_4_0_0000037_Structure_0002.png
3,/data/yue/pepple/data_2024/AC_imgs_r512_c512/20180510IVT_mouse2_OD_L_4_90_0000023_Structure_0001 RA1.TIFF.png
1,/data/yue/pepple/data_2024/AC_imgs_r512_c512/20221215mouse4_OD_R_4_0_0000009_Structure_0001.png
2,/data/yue/pepple/data_2024/AC_imgs_r512_c512/20221013mouse6_OD_R_4_0_0000002_Structure_0001.png
1,/data/yue/pepple/data_2024/AC_imgs_r512_c512/20180529mouse1_OD_L_4_90_0000023_Structure_0001 RA1.TIFF.png
0,/data/yue/pepple/data_2024/AC_imgs_r512_c512/20221013mouse8_OD_R_4_0_0000016_Structure_0001.png
0,/data/yue/pepple/data_2024/AC_imgs_r512_c512/20221215mouse4_OD_R_4_0_0000037_Structure_0003.png
0,/data/yue/pepple/data_2024/AC_imgs_r512_c512/20221215mouse9_OD_R_4_0_0000030_Structure_0002.png
3,/data/yue/pepple/data_2024/AC_imgs_r512_c512/20220809mouse11_OD_L_4_90_0000006_Structure_0001.png
0.5,/data/yue/pepple/data_2024/AC_imgs_r512_c512/20220929mouse7_OD_R_4_0_0000023_Structure_0002.png
3,/data/yue/pepple/data_2024/AC_imgs_r512_c512/20180521IVT_D1_m4_OD_L_4_90_0000023_Structure_0001 RA1.TIFF.png
0.5,/data/yue/pepple/data_2024/AC_imgs_r512_c512/20220706mouse2_OD_R_4_0_0000037_Structure_0002.png
0,/data/yue/pepple/data_2024/AC_imgs_r512_c512/20220929mouse4_OD_R_4_0_0000030_Structure_0003.png
0,/data/yue/pepple/data_2024/AC_imgs_r512_c512/20220929mouse9_OD_R_4_0_0000037_Structure_0002.png
0.5,/data/yue/pepple/data_2024/AC_imgs_r512_c512/20220825mouse10_OD_R_4_0_0000002_Structure_0004.png
1,/data/yue/pepple/data_2024/AC_imgs_r512_c512/20181114mouse6_OD_L_4_90_0000046_Structure_0001 RA6.TIFF.png
0.5,/data/yue/pepple/data_2024/AC_imgs_r512_c512/20221115mouse9_OD_R_4_0_0000030_Structure_0001.png
1,/data/yue/pepple/data_2024/AC_imgs_r512_c512/20220505mouse8_OD_R_4_0_0000002_Structure_0003.png
2,/data/yue/pepple/data_2024/AC_imgs_r512_c512/20180611IVT_D7_m3_OD_L_4_90_0000039_Structure_0001 RA7.TIFF.png
1,/data/yue/pepple/data_2024/AC_imgs_r512_c512/20220922mouse3_OD_R_4_0_0000009_Structure_0004.png
0,/data/yue/pepple/data_2024/AC_imgs_r512_c512/20220825mouse1_OD_R_4_0_0000051_Structure_0004.png
0,/data/yue/pepple/data_2024/AC_imgs_r512_c512/20180523mouse3_OD_L_4_90_0000020_Structure_0001 RA-7.TIFF.png
4,/data/yue/pepple/data_2024/AC_imgs_r512_c512/20180306IVI_mouse5_OD_L_4_90_0000023_Structure_0001 RA1.TIFF.png
2,/data/yue/pepple/data_2024/AC_imgs_r512_c512/20181212mouse10_OD_L_4_90_0000016_Structure_0001 RA1.TIFF.png
0,/data/yue/pepple/data_2024/AC_imgs_r512_c512/20190130mouse3_OD_L_4_90_0000016_Structure_0001 RA-7.TIFF.png
2,/data/yue/pepple/data_2024/AC_imgs_r512_c512/20181127mouse1_OD_L_4_90_0000016_Structure_0001 RA1.TIFF.png
2,/data/yue/pepple/data_2024/AC_imgs_r512_c512/20221215mouse12_OD_R_4_0_0000009_Structure_0003.png
0,/data/yue/pepple/data_2024/AC_imgs_r512_c512/20221215mouse12_OD_R_4_0_0000037_Structure_0001.png
2,/data/yue/pepple/data_2024/AC_imgs_r512_c512/20220809mouse8_OD_L_4_90_0000016_Structure_0001.png
0,/data/yue/pepple/data_2024/AC_imgs_r512_c512/20220706mouse9_OD_R_4_0_0000051_Structure_0002.png
0,/data/yue/pepple/data_2024/AC_imgs_r512_c512/20220825mouse2_OD_R_4_0_0000016_Structure_0002.png
1,/data/yue/pepple/data_2024/AC_imgs_r512_c512/20180131mouse4_OD_L_4_90_0000239_Structure_0001 RA14.TIFF.png
1,/data/yue/pepple/data_2024/AC_imgs_r512_c512/20221013mouse7_OD_R_4_0_0000023_Structure_0001.png
0,/data/yue/pepple/data_2024/AC_imgs_r512_c512/20221215mouse5_OD_R_4_0_0000016_Structure_0003.png
0.5,/data/yue/pepple/data_2024/AC_imgs_r512_c512/20221013mouse2_OD_R_4_0_0000016_Structure_0002.png
2,/data/yue/pepple/data_2024/AC_imgs_r512_c512/20220929mouse6_OD_R_4_0_0000002_Structure_0002.png
0.5,/data/yue/pepple/data_2024/AC_imgs_r512_c512/20220505mouse8_OD_R_4_0_0000114_Structure_0004.png
2,/data/yue/pepple/data_2024/AC_imgs_r512_c512/20190409mouse7_OD_L_4_90_0000006_Structure_0001 RA1.TIFF.png
2,/data/yue/pepple/data_2024/AC_imgs_r512_c512/20220825mouse9_OD_R_4_0_0000009_Structure_0003.png
1,/data/yue/pepple/data_2024/AC_imgs_r512_c512/20180529mouse9_OD_L_4_90_0000059_Structure_0001 RA3.TIFF.png
1,/data/yue/pepple/data_2024/AC_imgs_r512_c512/20180801mouse16_OD_L_4_90_0000126_Structure_0001 RA6.TIFF.png
0,/data/yue/pepple/data_2024/AC_imgs_r512_c512/20220825mouse9_OD_R_4_0_0000037_Structure_0001.png
2,/data/yue/pepple/data_2024/AC_imgs_r512_c512/20221115mouse9_OD_R_4_0_0000009_Structure_0003.png
0,/data/yue/pepple/data_2024/AC_imgs_r512_c512/20221115mouse7_OD_R_4_0_0000023_Structure_0001.png
0,/data/yue/pepple/data_2024/AC_imgs_r512_c512/20190207mouse7_OD_L_4_90_0000016_Structure_0001 RA-7.TIFF.png
1,/data/yue/pepple/data_2024/AC_imgs_r512_c512/20190409mouse20_OD_L_4_90_0000016_Structure_0001 RA1.TIFF.png
2,/data/yue/pepple/data_2024/AC_imgs_r512_c512/20180523mouse5_OD_L_4_90_0000228_Structure_0001 RA28.TIFF.png
1,/data/yue/pepple/data_2024/AC_imgs_r512_c512/20221215mouse15_OD_R_4_0_0000009_Structure_0003 D2.png
0,/data/yue/pepple/data_2024/AC_imgs_r512_c512/20190130mouse2_OD_L_4_90_0000026_Structure_0001 RA-7.TIFF.png
1,/data/yue/pepple/data_2024/AC_imgs_r512_c512/20220809mouse6_OD_L_4_90_0000046_Structure_0001.png
0,/data/yue/pepple/data_2024/AC_imgs_r512_c512/20220922mouse3_OD_R_4_0_0000023_Structure_0002.png
3,/data/yue/pepple/data_2024/AC_imgs_r512_c512/20180801mouse17_OD_L_4_90_0000186_Structure_0001 RA35.TIFF.png
3,/data/yue/pepple/data_2024/AC_imgs_r512_c512/20180611IVT_D14_m3_OD_L_4_90_0000040_Structure_0001 RA14.TIFF.png
0.5,/data/yue/pepple/data_2024/AC_imgs_r512_c512/20190409mouse17_OD_L_4_90_0000006_Structure_0001 RA1.TIFF.png
2,/data/yue/pepple/data_2024/AC_imgs_r512_c512/20220816mouse3_OD_L_4_90_0000016_Structure_0001.png
1,/data/yue/pepple/data_2024/AC_imgs_r512_c512/20220929mouse7_OD_R_4_0_0000009_Structure_0004.png
1,/data/yue/pepple/data_2024/AC_imgs_r512_c512/20221215mouse2_OD_R_4_0_0000016_Structure_0001.png
